ApplicationID,ReqID,SourceID,AppliedDate,AppliedDateKey,FurthestStageID,FurthestStageOrder,FinalStatus,RejectReasonID,IsHired
APP00001,REQ0001,SRC01,2025-09-08,20250908,S1,1,Withdrew,R05,0
APP00002,REQ0001,SRC01,2025-09-24,20250924,S1,1,Rejected,R01,0
APP00003,REQ0001,SRC06,2025-10-17,20251017,S1,1,Rejected,R08,0
APP00004,REQ0001,SRC02,2025-08-22,20250822,S3,3,Rejected,R02,0
APP00005,REQ0001,SRC02,2025-11-05,20251105,S1,1,Withdrew,R05,0
APP00006,REQ0001,SRC06,2025-09-07,20250907,S1,1,Rejected,R08,0
APP00007,REQ0001,SRC02,2025-09-06,20250906,S3,3,Rejected,R07,0
APP00008,REQ0001,SRC01,2025-08-26,20250826,S1,1,Withdrew,R05,0
APP00009,REQ0001,SRC01,2025-09-13,20250913,S3,3,Withdrew,R05,0
APP00010,REQ0001,SRC07,2025-09-09,20250909,S1,1,Rejected,R01,0
APP00011,REQ0001,SRC03,2025-08-21,20250821,S1,1,Withdrew,R05,0
APP00012,REQ0001,SRC01,2025-09-05,20250905,S1,1,Rejected,R08,0
APP00013,REQ0001,SRC01,2025-10-05,20251005,S1,1,Rejected,R01,0
APP00014,REQ0001,SRC03,2025-09-17,20250917,S1,1,Rejected,R01,0
APP00015,REQ0001,SRC07,2025-08-16,20250816,S1,1,Rejected,R01,0
APP00016,REQ0001,SRC06,2025-09-02,20250902,S2,2,Withdrew,R05,0
APP00017,REQ0001,SRC01,2025-09-18,20250918,S3,3,Rejected,R01,0
APP00018,REQ0001,SRC03,2025-09-06,20250906,S2,2,Rejected,R03,0
APP00019,REQ0001,SRC01,2025-10-20,20251020,S1,1,Rejected,R01,0
APP00020,REQ0001,SRC06,2025-11-02,20251102,S1,1,Rejected,R01,0
APP00021,REQ0001,SRC06,2025-10-17,20251017,S8,8,Hired,R99,1
APP00022,REQ0001,SRC06,2025-09-21,20250921,S1,1,Withdrew,R05,0
APP00023,REQ0001,SRC06,2025-10-31,20251031,S1,1,Rejected,R01,0
APP00024,REQ0001,SRC06,2025-10-29,20251029,S2,2,Withdrew,R05,0
APP00025,REQ0001,SRC01,2025-09-30,20250930,S2,2,Withdrew,R04,0
APP00026,REQ0001,SRC02,2025-10-11,20251011,S1,1,Rejected,R01,0
APP00027,REQ0001,SRC03,2025-08-22,20250822,S3,3,Withdrew,R04,0
APP00028,REQ0001,SRC08,2025-08-16,20250816,S1,1,Rejected,R01,0
APP00029,REQ0002,SRC05,2026-04-30,20260430,S1,1,Rejected,R01,0
APP00030,REQ0002,SRC07,2026-04-16,20260416,S1,1,Rejected,R01,0
APP00031,REQ0002,SRC03,2026-04-15,20260415,S2,2,Withdrew,R05,0
APP00032,REQ0002,SRC02,2026-04-14,20260414,S2,2,Rejected,R08,0
APP00033,REQ0002,SRC07,2026-05-07,20260507,S1,1,Withdrew,R05,0
APP00034,REQ0002,SRC06,2026-05-07,20260507,S1,1,Rejected,R08,0
APP00035,REQ0002,SRC06,2026-04-12,20260412,S1,1,Rejected,R08,0
APP00036,REQ0002,SRC05,2026-04-25,20260425,S1,1,Rejected,R08,0
APP00037,REQ0002,SRC01,2026-04-18,20260418,S1,1,Rejected,R01,0
APP00038,REQ0002,SRC06,2026-04-20,20260420,S1,1,Rejected,R08,0
APP00039,REQ0002,SRC02,2026-04-26,20260426,S2,2,Rejected,R01,0
APP00040,REQ0002,SRC02,2026-04-23,20260423,S8,8,Hired,R99,1
APP00041,REQ0002,SRC01,2026-05-02,20260502,S2,2,Rejected,R08,0
APP00042,REQ0002,SRC06,2026-05-06,20260506,S1,1,Rejected,R08,0
APP00043,REQ0002,SRC02,2026-05-05,20260505,S2,2,Withdrew,R04,0
APP00044,REQ0002,SRC05,2026-04-16,20260416,S1,1,Rejected,R08,0
APP00045,REQ0002,SRC01,2026-04-23,20260423,S1,1,Withdrew,R05,0
APP00046,REQ0002,SRC01,2026-05-07,20260507,S1,1,Rejected,R01,0
APP00047,REQ0002,SRC07,2026-04-19,20260419,S3,3,Withdrew,R04,0
APP00048,REQ0003,SRC03,2024-03-04,20240304,S1,1,Rejected,R01,0
APP00049,REQ0003,SRC06,2024-02-09,20240209,S1,1,Rejected,R01,0
APP00050,REQ0003,SRC01,2024-03-07,20240307,S3,3,Rejected,R07,0
APP00051,REQ0003,SRC08,2024-02-03,20240203,S3,3,Rejected,R02,0
APP00052,REQ0003,SRC01,2024-02-01,20240201,S1,1,Rejected,R01,0
APP00053,REQ0003,SRC01,2024-03-08,20240308,S1,1,Rejected,R01,0
APP00054,REQ0003,SRC06,2024-02-07,20240207,S1,1,Rejected,R01,0
APP00055,REQ0003,SRC08,2024-03-09,20240309,S2,2,Rejected,R03,0
APP00056,REQ0003,SRC06,2024-02-26,20240226,S2,2,Withdrew,R05,0
APP00057,REQ0003,SRC08,2024-02-05,20240205,S1,1,Rejected,R01,0
APP00058,REQ0003,SRC01,2024-02-26,20240226,S1,1,Rejected,R01,0
APP00059,REQ0003,SRC01,2024-02-28,20240228,S1,1,Rejected,R08,0
APP00060,REQ0003,SRC07,2024-02-06,20240206,S1,1,Rejected,R08,0
APP00061,REQ0003,SRC06,2024-01-18,20240118,S2,2,Withdrew,R04,0
APP00062,REQ0003,SRC01,2024-01-17,20240117,S6,6,Rejected,R07,0
APP00063,REQ0003,SRC08,2024-02-15,20240215,S3,3,Withdrew,R04,0
APP00064,REQ0003,SRC01,2024-02-06,20240206,S1,1,Rejected,R01,0
APP00065,REQ0003,SRC07,2024-02-13,20240213,S1,1,Rejected,R01,0
APP00066,REQ0003,SRC01,2024-01-29,20240129,S3,3,Rejected,R07,0
APP00067,REQ0003,SRC05,2024-02-06,20240206,S1,1,Withdrew,R05,0
APP00068,REQ0003,SRC04,2024-02-23,20240223,S1,1,Rejected,R01,0
APP00069,REQ0003,SRC04,2024-03-09,20240309,S1,1,Rejected,R01,0
APP00070,REQ0003,SRC05,2024-02-01,20240201,S1,1,Rejected,R01,0
APP00071,REQ0003,SRC01,2024-03-08,20240308,S6,6,Rejected,R07,0
APP00072,REQ0003,SRC01,2024-01-29,20240129,S1,1,Rejected,R01,0
APP00073,REQ0003,SRC06,2024-02-24,20240224,S1,1,Rejected,R01,0
APP00074,REQ0003,SRC08,2024-02-04,20240204,S1,1,Rejected,R01,0
APP00075,REQ0003,SRC06,2024-01-19,20240119,S1,1,Rejected,R01,0
APP00076,REQ0003,SRC01,2024-02-13,20240213,S2,2,Withdrew,R04,0
APP00077,REQ0003,SRC07,2024-02-08,20240208,S3,3,Rejected,R01,0
APP00078,REQ0003,SRC05,2024-02-09,20240209,S6,6,Withdrew,R04,0
APP00079,REQ0003,SRC05,2024-03-10,20240310,S3,3,Rejected,R07,0
APP00080,REQ0003,SRC06,2024-02-16,20240216,S1,1,Rejected,R08,0
APP00081,REQ0003,SRC04,2024-02-24,20240224,S1,1,Rejected,R08,0
APP00082,REQ0003,SRC06,2024-03-01,20240301,S6,6,Rejected,R03,0
APP00083,REQ0003,SRC01,2024-03-10,20240310,S1,1,Rejected,R01,0
APP00084,REQ0003,SRC03,2024-02-11,20240211,S1,1,Rejected,R01,0
APP00085,REQ0003,SRC06,2024-02-08,20240208,S1,1,Rejected,R08,0
APP00086,REQ0003,SRC03,2024-02-25,20240225,S1,1,Withdrew,R05,0
APP00087,REQ0003,SRC04,2024-01-17,20240117,S1,1,Rejected,R01,0
APP00088,REQ0003,SRC08,2024-02-17,20240217,S1,1,Rejected,R01,0
APP00089,REQ0003,SRC06,2024-02-01,20240201,S1,1,Rejected,R01,0
APP00090,REQ0003,SRC02,2024-01-24,20240124,S1,1,Rejected,R01,0
APP00091,REQ0003,SRC01,2024-02-16,20240216,S1,1,Rejected,R01,0
APP00092,REQ0003,SRC02,2024-03-03,20240303,S1,1,Rejected,R01,0
APP00093,REQ0003,SRC02,2024-02-29,20240229,S1,1,Withdrew,R05,0
APP00094,REQ0003,SRC07,2024-02-14,20240214,S1,1,Withdrew,R05,0
APP00095,REQ0003,SRC08,2024-02-05,20240205,S1,1,Rejected,R01,0
APP00096,REQ0003,SRC07,2024-01-23,20240123,S6,6,Rejected,R02,0
APP00097,REQ0003,SRC02,2024-01-17,20240117,S1,1,Withdrew,R05,0
APP00098,REQ0003,SRC06,2024-02-17,20240217,S1,1,Rejected,R01,0
APP00099,REQ0003,SRC01,2024-02-23,20240223,S1,1,Rejected,R01,0
APP00100,REQ0003,SRC03,2024-02-18,20240218,S2,2,Withdrew,R05,0
APP00101,REQ0003,SRC08,2024-02-04,20240204,S2,2,Withdrew,R04,0
APP00102,REQ0003,SRC01,2024-01-20,20240120,S1,1,Rejected,R01,0
APP00103,REQ0003,SRC01,2024-01-22,20240122,S2,2,Rejected,R01,0
APP00104,REQ0003,SRC01,2024-02-23,20240223,S3,3,Withdrew,R04,0
APP00105,REQ0003,SRC01,2024-03-10,20240310,S2,2,Withdrew,R05,0
APP00106,REQ0003,SRC01,2024-01-23,20240123,S2,2,Rejected,R08,0
APP00107,REQ0003,SRC03,2024-01-23,20240123,S1,1,Rejected,R01,0
APP00108,REQ0004,SRC06,2026-04-23,20260423,S4,4,Rejected,R02,0
APP00109,REQ0004,SRC01,2026-06-08,20260608,S1,1,Rejected,R01,0
APP00110,REQ0004,SRC02,2026-06-04,20260604,S2,2,Rejected,R03,0
APP00111,REQ0004,SRC03,2026-04-20,20260420,S3,3,Withdrew,R04,0
APP00112,REQ0004,SRC04,2026-06-16,20260616,S1,1,Rejected,R01,0
APP00113,REQ0004,SRC01,2026-03-18,20260318,S1,1,Rejected,R01,0
APP00114,REQ0004,SRC07,2026-03-05,20260305,S1,1,Rejected,R01,0
APP00115,REQ0004,SRC01,2026-03-14,20260314,S1,1,Withdrew,R05,0
APP00116,REQ0004,SRC01,2026-04-08,20260408,S1,1,Rejected,R01,0
APP00117,REQ0004,SRC01,2026-05-26,20260526,S1,1,Rejected,R01,0
APP00118,REQ0004,SRC01,2026-03-15,20260315,S1,1,Rejected,R01,0
APP00119,REQ0004,SRC01,2026-05-15,20260515,S2,2,Withdrew,R04,0
APP00120,REQ0004,SRC03,2026-03-21,20260321,S1,1,Rejected,R08,0
APP00121,REQ0004,SRC05,2026-03-05,20260305,S1,1,Withdrew,R05,0
APP00122,REQ0004,SRC01,2026-03-20,20260320,S1,1,Rejected,R01,0
APP00123,REQ0004,SRC02,2026-03-04,20260304,S2,2,Rejected,R01,0
APP00124,REQ0004,SRC06,2026-04-04,20260404,S1,1,Rejected,R01,0
APP00125,REQ0004,SRC01,2026-05-04,20260504,S1,1,Rejected,R08,0
APP00126,REQ0004,SRC02,2026-03-31,20260331,S1,1,Withdrew,R05,0
APP00127,REQ0004,SRC01,2026-05-22,20260522,S2,2,Withdrew,R05,0
APP00128,REQ0004,SRC03,2026-03-23,20260323,S6,6,Rejected,R02,0
APP00129,REQ0004,SRC07,2026-06-12,20260612,S1,1,Rejected,R08,0
APP00130,REQ0004,SRC07,2026-03-13,20260313,S5,5,Rejected,R02,0
APP00131,REQ0004,SRC01,2026-03-07,20260307,S2,2,Withdrew,R04,0
APP00132,REQ0004,SRC01,2026-06-10,20260610,S3,3,Withdrew,R04,0
APP00133,REQ0004,SRC01,2026-04-20,20260420,S1,1,Rejected,R01,0
APP00134,REQ0004,SRC04,2026-03-06,20260306,S1,1,Rejected,R01,0
APP00135,REQ0004,SRC01,2026-06-04,20260604,S2,2,Rejected,R03,0
APP00136,REQ0004,SRC02,2026-05-08,20260508,S3,3,Rejected,R01,0
APP00137,REQ0004,SRC03,2026-05-21,20260521,S5,5,Rejected,R03,0
APP00138,REQ0004,SRC03,2026-04-26,20260426,S1,1,Withdrew,R05,0
APP00139,REQ0004,SRC02,2026-04-06,20260406,S1,1,Rejected,R01,0
APP00140,REQ0004,SRC08,2026-04-24,20260424,S1,1,Rejected,R01,0
APP00141,REQ0004,SRC06,2026-03-21,20260321,S1,1,Rejected,R01,0
APP00142,REQ0004,SRC02,2026-05-14,20260514,S2,2,Withdrew,R04,0
APP00143,REQ0004,SRC04,2026-05-19,20260519,S2,2,Rejected,R03,0
APP00144,REQ0004,SRC01,2026-05-27,20260527,S1,1,Withdrew,R05,0
APP00145,REQ0004,SRC08,2026-03-23,20260323,S2,2,Withdrew,R04,0
APP00146,REQ0004,SRC08,2026-05-02,20260502,S2,2,Withdrew,R04,0
APP00147,REQ0004,SRC07,2026-06-05,20260605,S1,1,Rejected,R01,0
APP00148,REQ0004,SRC03,2026-04-06,20260406,S1,1,Rejected,R01,0
APP00149,REQ0004,SRC02,2026-03-31,20260331,S3,3,Rejected,R07,0
APP00150,REQ0004,SRC06,2026-04-05,20260405,S1,1,Rejected,R08,0
APP00151,REQ0004,SRC06,2026-03-21,20260321,S1,1,Withdrew,R05,0
APP00152,REQ0004,SRC01,2026-04-21,20260421,S1,1,Rejected,R01,0
APP00153,REQ0004,SRC01,2026-06-05,20260605,S2,2,Withdrew,R05,0
APP00154,REQ0004,SRC02,2026-03-18,20260318,S1,1,Rejected,R08,0
APP00155,REQ0004,SRC01,2026-04-13,20260413,S3,3,Withdrew,R05,0
APP00156,REQ0004,SRC06,2026-04-20,20260420,S1,1,Rejected,R08,0
APP00157,REQ0004,SRC08,2026-06-04,20260604,S1,1,Rejected,R01,0
APP00158,REQ0004,SRC02,2026-05-21,20260521,S1,1,Rejected,R01,0
APP00159,REQ0004,SRC06,2026-04-27,20260427,S2,2,Withdrew,R04,0
APP00160,REQ0004,SRC02,2026-06-19,20260619,S1,1,Rejected,R01,0
APP00161,REQ0004,SRC06,2026-05-07,20260507,S2,2,Withdrew,R05,0
APP00162,REQ0005,SRC02,2025-12-23,20251223,S1,1,Rejected,R01,0
APP00163,REQ0005,SRC08,2026-01-04,20260104,S1,1,Rejected,R01,0
APP00164,REQ0005,SRC07,2025-12-13,20251213,S1,1,Rejected,R08,0
APP00165,REQ0005,SRC01,2025-12-11,20251211,S2,2,Rejected,R08,0
APP00166,REQ0005,SRC05,2026-01-19,20260119,S1,1,Rejected,R01,0
APP00167,REQ0005,SRC06,2026-01-22,20260122,S2,2,Rejected,R01,0
APP00168,REQ0005,SRC01,2025-12-31,20251231,S2,2,Rejected,R01,0
APP00169,REQ0005,SRC08,2026-01-01,20260101,S1,1,Rejected,R08,0
APP00170,REQ0005,SRC08,2025-12-19,20251219,S2,2,Rejected,R08,0
APP00171,REQ0005,SRC02,2026-01-27,20260127,S3,3,Rejected,R01,0
APP00172,REQ0005,SRC05,2026-01-28,20260128,S1,1,Withdrew,R05,0
APP00173,REQ0005,SRC02,2025-12-27,20251227,S1,1,Withdrew,R05,0
APP00174,REQ0005,SRC01,2026-01-03,20260103,S1,1,Rejected,R08,0
APP00175,REQ0005,SRC01,2026-01-01,20260101,S1,1,Withdrew,R05,0
APP00176,REQ0005,SRC02,2025-12-08,20251208,S2,2,Rejected,R01,0
APP00177,REQ0005,SRC06,2025-12-18,20251218,S1,1,Rejected,R01,0
APP00178,REQ0005,SRC02,2026-01-14,20260114,S1,1,Rejected,R01,0
APP00179,REQ0005,SRC02,2026-01-11,20260111,S1,1,Rejected,R01,0
APP00180,REQ0005,SRC05,2026-01-08,20260108,S1,1,Rejected,R01,0
APP00181,REQ0005,SRC07,2025-12-17,20251217,S2,2,Withdrew,R04,0
APP00182,REQ0005,SRC01,2025-12-19,20251219,S1,1,Withdrew,R05,0
APP00183,REQ0005,SRC01,2025-12-06,20251206,S1,1,Rejected,R08,0
APP00184,REQ0005,SRC01,2026-01-10,20260110,S1,1,Rejected,R01,0
APP00185,REQ0005,SRC05,2026-01-12,20260112,S1,1,Withdrew,R05,0
APP00186,REQ0005,SRC01,2026-01-18,20260118,S1,1,Rejected,R08,0
APP00187,REQ0005,SRC08,2025-12-09,20251209,S1,1,Rejected,R01,0
APP00188,REQ0005,SRC01,2025-12-11,20251211,S4,4,Rejected,R02,0
APP00189,REQ0005,SRC06,2025-12-28,20251228,S1,1,Rejected,R01,0
APP00190,REQ0005,SRC03,2025-12-10,20251210,S2,2,Rejected,R08,0
APP00191,REQ0005,SRC06,2026-01-02,20260102,S1,1,Rejected,R01,0
APP00192,REQ0005,SRC06,2026-01-10,20260110,S6,6,Withdrew,R04,0
APP00193,REQ0005,SRC01,2025-12-09,20251209,S1,1,Withdrew,R05,0
APP00194,REQ0005,SRC05,2025-12-10,20251210,S1,1,Rejected,R08,0
APP00195,REQ0005,SRC01,2025-12-08,20251208,S1,1,Withdrew,R05,0
APP00196,REQ0005,SRC08,2025-12-17,20251217,S2,2,Withdrew,R04,0
APP00197,REQ0005,SRC01,2025-12-12,20251212,S2,2,Withdrew,R04,0
APP00198,REQ0005,SRC07,2025-12-16,20251216,S1,1,Rejected,R01,0
APP00199,REQ0005,SRC08,2025-12-12,20251212,S1,1,Withdrew,R05,0
APP00200,REQ0005,SRC01,2026-01-12,20260112,S1,1,Rejected,R01,0
APP00201,REQ0005,SRC07,2025-12-29,20251229,S2,2,Rejected,R03,0
APP00202,REQ0005,SRC02,2025-12-06,20251206,S6,6,Rejected,R07,0
APP00203,REQ0005,SRC07,2026-01-21,20260121,S1,1,Withdrew,R05,0
APP00204,REQ0005,SRC02,2026-01-14,20260114,S3,3,Rejected,R01,0
APP00205,REQ0005,SRC05,2026-01-11,20260111,S1,1,Withdrew,R05,0
APP00206,REQ0005,SRC06,2026-01-11,20260111,S1,1,Withdrew,R05,0
APP00207,REQ0005,SRC02,2025-12-14,20251214,S1,1,Rejected,R01,0
APP00208,REQ0005,SRC08,2025-12-17,20251217,S1,1,Rejected,R01,0
APP00209,REQ0005,SRC02,2025-12-18,20251218,S3,3,Rejected,R07,0
APP00210,REQ0005,SRC06,2025-12-19,20251219,S1,1,Rejected,R08,0
APP00211,REQ0005,SRC01,2026-01-09,20260109,S1,1,Rejected,R01,0
APP00212,REQ0005,SRC08,2026-01-12,20260112,S1,1,Rejected,R08,0
APP00213,REQ0005,SRC04,2025-12-06,20251206,S1,1,Rejected,R01,0
APP00214,REQ0005,SRC07,2026-01-28,20260128,S1,1,Rejected,R01,0
APP00215,REQ0005,SRC08,2026-01-05,20260105,S5,5,Rejected,R02,0
APP00216,REQ0005,SRC06,2025-12-18,20251218,S1,1,Rejected,R01,0
APP00217,REQ0005,SRC04,2026-01-14,20260114,S1,1,Withdrew,R05,0
APP00218,REQ0005,SRC06,2026-01-17,20260117,S3,3,Rejected,R02,0
APP00219,REQ0005,SRC02,2026-01-17,20260117,S1,1,Withdrew,R05,0
APP00220,REQ0005,SRC01,2026-01-22,20260122,S1,1,Withdrew,R05,0
APP00221,REQ0005,SRC02,2026-01-10,20260110,S7,7,Rejected,R03,0
APP00222,REQ0005,SRC06,2025-12-06,20251206,S2,2,Rejected,R01,0
APP00223,REQ0005,SRC07,2026-01-05,20260105,S4,4,Rejected,R02,0
APP00224,REQ0005,SRC07,2025-12-14,20251214,S5,5,Rejected,R02,0
APP00225,REQ0005,SRC01,2026-01-13,20260113,S2,2,Rejected,R08,0
APP00226,REQ0005,SRC06,2026-01-23,20260123,S1,1,Rejected,R01,0
APP00227,REQ0005,SRC03,2026-01-02,20260102,S1,1,Rejected,R01,0
APP00228,REQ0005,SRC06,2025-12-21,20251221,S2,2,Rejected,R08,0
APP00229,REQ0005,SRC06,2026-01-11,20260111,S3,3,Rejected,R02,0
APP00230,REQ0005,SRC01,2026-01-26,20260126,S1,1,Rejected,R01,0
APP00231,REQ0005,SRC02,2025-12-12,20251212,S1,1,Rejected,R01,0
APP00232,REQ0006,SRC06,2024-01-14,20240114,S2,2,Rejected,R03,0
APP00233,REQ0006,SRC07,2024-02-19,20240219,S3,3,Rejected,R02,0
APP00234,REQ0006,SRC02,2024-01-19,20240119,S1,1,Rejected,R01,0
APP00235,REQ0006,SRC07,2024-01-30,20240130,S1,1,Rejected,R01,0
APP00236,REQ0006,SRC01,2024-01-04,20240104,S1,1,Rejected,R01,0
APP00237,REQ0006,SRC07,2024-01-06,20240106,S2,2,Withdrew,R05,0
APP00238,REQ0006,SRC04,2024-01-30,20240130,S1,1,Withdrew,R05,0
APP00239,REQ0006,SRC03,2024-02-09,20240209,S6,6,Withdrew,R04,0
APP00240,REQ0006,SRC01,2024-01-21,20240121,S7,7,Rejected,R07,0
APP00241,REQ0006,SRC08,2024-01-25,20240125,S3,3,Withdrew,R04,0
APP00242,REQ0006,SRC06,2024-01-16,20240116,S1,1,Rejected,R08,0
APP00243,REQ0006,SRC03,2024-02-09,20240209,S2,2,Rejected,R03,0
APP00244,REQ0006,SRC03,2024-01-26,20240126,S1,1,Rejected,R01,0
APP00245,REQ0006,SRC01,2024-02-13,20240213,S3,3,Rejected,R02,0
APP00246,REQ0006,SRC02,2024-01-06,20240106,S1,1,Rejected,R01,0
APP00247,REQ0006,SRC01,2024-02-03,20240203,S4,4,Rejected,R02,0
APP00248,REQ0006,SRC02,2024-01-25,20240125,S2,2,Withdrew,R04,0
APP00249,REQ0006,SRC01,2024-02-02,20240202,S3,3,Withdrew,R05,0
APP00250,REQ0006,SRC06,2024-02-03,20240203,S1,1,Rejected,R01,0
APP00251,REQ0006,SRC08,2024-02-14,20240214,S1,1,Rejected,R08,0
APP00252,REQ0006,SRC08,2024-01-25,20240125,S1,1,Rejected,R01,0
APP00253,REQ0006,SRC01,2024-01-12,20240112,S2,2,Withdrew,R05,0
APP00254,REQ0006,SRC02,2024-01-26,20240126,S2,2,Rejected,R08,0
APP00255,REQ0006,SRC08,2024-01-31,20240131,S1,1,Rejected,R01,0
APP00256,REQ0006,SRC08,2024-01-03,20240103,S2,2,Withdrew,R04,0
APP00257,REQ0006,SRC01,2024-01-25,20240125,S2,2,Rejected,R03,0
APP00258,REQ0006,SRC01,2024-01-29,20240129,S1,1,Rejected,R01,0
APP00259,REQ0006,SRC06,2024-01-23,20240123,S1,1,Rejected,R08,0
APP00260,REQ0006,SRC01,2024-01-21,20240121,S3,3,Withdrew,R04,0
APP00261,REQ0006,SRC01,2024-01-29,20240129,S2,2,Withdrew,R04,0
APP00262,REQ0006,SRC08,2024-02-11,20240211,S1,1,Rejected,R01,0
APP00263,REQ0006,SRC01,2024-01-12,20240112,S1,1,Rejected,R01,0
APP00264,REQ0006,SRC02,2024-01-15,20240115,S1,1,Rejected,R01,0
APP00265,REQ0006,SRC08,2024-01-03,20240103,S2,2,Rejected,R03,0
APP00266,REQ0007,SRC02,2025-04-12,20250412,S3,3,Withdrew,R05,0
APP00267,REQ0007,SRC01,2025-03-22,20250322,S3,3,Rejected,R02,0
APP00268,REQ0007,SRC02,2025-04-27,20250427,S8,8,Hired,R99,1
APP00269,REQ0007,SRC01,2025-04-03,20250403,S5,5,Withdrew,R04,0
APP00270,REQ0007,SRC08,2025-04-30,20250430,S1,1,Rejected,R08,0
APP00271,REQ0007,SRC01,2025-04-27,20250427,S2,2,Rejected,R01,0
APP00272,REQ0007,SRC06,2025-04-06,20250406,S8,8,Hired,R99,1
APP00273,REQ0007,SRC01,2025-03-29,20250329,S1,1,Rejected,R01,0
APP00274,REQ0007,SRC05,2025-04-17,20250417,S3,3,Withdrew,R04,0
APP00275,REQ0007,SRC01,2025-04-04,20250404,S2,2,Rejected,R03,0
APP00276,REQ0007,SRC02,2025-04-08,20250408,S1,1,Withdrew,R05,0
APP00277,REQ0007,SRC04,2025-03-19,20250319,S3,3,Withdrew,R05,0
APP00278,REQ0007,SRC05,2025-03-25,20250325,S8,8,Hired,R99,1
APP00279,REQ0007,SRC06,2025-05-01,20250501,S5,5,Rejected,R02,0
APP00280,REQ0007,SRC04,2025-04-09,20250409,S1,1,Rejected,R08,0
APP00281,REQ0007,SRC08,2025-04-29,20250429,S5,5,Withdrew,R04,0
APP00282,REQ0007,SRC01,2025-03-31,20250331,S1,1,Rejected,R01,0
APP00283,REQ0007,SRC07,2025-03-18,20250318,S1,1,Rejected,R01,0
APP00284,REQ0007,SRC02,2025-04-08,20250408,S2,2,Rejected,R03,0
APP00285,REQ0007,SRC02,2025-04-04,20250404,S1,1,Rejected,R01,0
APP00286,REQ0007,SRC06,2025-03-28,20250328,S1,1,Rejected,R08,0
APP00287,REQ0007,SRC08,2025-03-20,20250320,S2,2,Withdrew,R05,0
APP00288,REQ0007,SRC06,2025-04-28,20250428,S1,1,Rejected,R01,0
APP00289,REQ0008,SRC04,2025-04-08,20250408,S1,1,Rejected,R01,0
APP00290,REQ0008,SRC05,2025-04-13,20250413,S3,3,Withdrew,R04,0
APP00291,REQ0008,SRC08,2025-04-14,20250414,S1,1,Rejected,R01,0
APP00292,REQ0008,SRC04,2025-03-21,20250321,S3,3,Withdrew,R04,0
APP00293,REQ0008,SRC08,2025-03-27,20250327,S1,1,Rejected,R08,0
APP00294,REQ0008,SRC02,2025-04-04,20250404,S1,1,Withdrew,R05,0
APP00295,REQ0008,SRC07,2025-04-15,20250415,S1,1,Rejected,R01,0
APP00296,REQ0008,SRC01,2025-03-12,20250312,S1,1,Withdrew,R05,0
APP00297,REQ0008,SRC08,2025-03-24,20250324,S1,1,Rejected,R01,0
APP00298,REQ0008,SRC02,2025-03-13,20250313,S3,3,Withdrew,R05,0
APP00299,REQ0008,SRC06,2025-04-16,20250416,S3,3,Rejected,R01,0
APP00300,REQ0008,SRC03,2025-03-21,20250321,S1,1,Rejected,R08,0
APP00301,REQ0008,SRC02,2025-03-06,20250306,S1,1,Rejected,R01,0
APP00302,REQ0008,SRC03,2025-04-05,20250405,S1,1,Rejected,R01,0
APP00303,REQ0008,SRC06,2025-03-20,20250320,S1,1,Withdrew,R05,0
APP00304,REQ0008,SRC01,2025-04-01,20250401,S1,1,Rejected,R01,0
APP00305,REQ0008,SRC01,2025-03-26,20250326,S2,2,Rejected,R01,0
APP00306,REQ0008,SRC06,2025-04-11,20250411,S5,5,Rejected,R02,0
APP00307,REQ0008,SRC01,2025-03-31,20250331,S2,2,Withdrew,R04,0
APP00308,REQ0008,SRC04,2025-03-18,20250318,S2,2,Rejected,R03,0
APP00309,REQ0008,SRC06,2025-03-30,20250330,S3,3,Withdrew,R04,0
APP00310,REQ0008,SRC08,2025-03-31,20250331,S8,8,Hired,R99,1
APP00311,REQ0008,SRC08,2025-03-19,20250319,S2,2,Rejected,R03,0
APP00312,REQ0008,SRC06,2025-03-20,20250320,S1,1,Rejected,R01,0
APP00313,REQ0008,SRC05,2025-03-29,20250329,S1,1,Rejected,R01,0
APP00314,REQ0008,SRC01,2025-04-04,20250404,S1,1,Rejected,R08,0
APP00315,REQ0008,SRC08,2025-03-15,20250315,S6,6,Rejected,R03,0
APP00316,REQ0008,SRC02,2025-03-05,20250305,S1,1,Rejected,R01,0
APP00317,REQ0008,SRC08,2025-04-16,20250416,S1,1,Rejected,R08,0
APP00318,REQ0008,SRC01,2025-04-11,20250411,S8,8,Hired,R99,1
APP00319,REQ0008,SRC08,2025-03-11,20250311,S1,1,Rejected,R01,0
APP00320,REQ0008,SRC06,2025-04-15,20250415,S1,1,Rejected,R08,0
APP00321,REQ0008,SRC01,2025-03-20,20250320,S1,1,Rejected,R01,0
APP00322,REQ0008,SRC01,2025-04-09,20250409,S1,1,Rejected,R08,0
APP00323,REQ0008,SRC07,2025-03-16,20250316,S1,1,Rejected,R01,0
APP00324,REQ0008,SRC07,2025-03-05,20250305,S1,1,Rejected,R08,0
APP00325,REQ0008,SRC06,2025-03-23,20250323,S2,2,Rejected,R01,0
APP00326,REQ0008,SRC05,2025-03-08,20250308,S1,1,Rejected,R01,0
APP00327,REQ0008,SRC02,2025-04-13,20250413,S1,1,Rejected,R01,0
APP00328,REQ0008,SRC04,2025-03-27,20250327,S1,1,Rejected,R01,0
APP00329,REQ0008,SRC01,2025-04-11,20250411,S1,1,Rejected,R01,0
APP00330,REQ0008,SRC06,2025-04-01,20250401,S1,1,Rejected,R01,0
APP00331,REQ0008,SRC03,2025-04-16,20250416,S3,3,Withdrew,R05,0
APP00332,REQ0008,SRC01,2025-04-01,20250401,S1,1,Rejected,R01,0
APP00333,REQ0009,SRC01,2024-10-24,20241024,S1,1,Rejected,R01,0
APP00334,REQ0009,SRC01,2024-11-08,20241108,S2,2,Rejected,R01,0
APP00335,REQ0009,SRC06,2024-11-10,20241110,S1,1,Rejected,R01,0
APP00336,REQ0009,SRC01,2024-11-06,20241106,S3,3,Rejected,R02,0
APP00337,REQ0009,SRC08,2024-10-18,20241018,S6,6,Withdrew,R04,0
APP00338,REQ0009,SRC06,2024-11-13,20241113,S1,1,Rejected,R08,0
APP00339,REQ0009,SRC02,2024-10-08,20241008,S3,3,Withdrew,R05,0
APP00340,REQ0009,SRC08,2024-11-11,20241111,S3,3,Rejected,R07,0
APP00341,REQ0009,SRC08,2024-11-05,20241105,S1,1,Withdrew,R05,0
APP00342,REQ0009,SRC02,2024-11-09,20241109,S1,1,Rejected,R08,0
APP00343,REQ0009,SRC07,2024-11-07,20241107,S1,1,Withdrew,R05,0
APP00344,REQ0009,SRC07,2024-10-27,20241027,S1,1,Rejected,R08,0
APP00345,REQ0009,SRC01,2024-10-22,20241022,S5,5,Rejected,R03,0
APP00346,REQ0009,SRC01,2024-11-03,20241103,S3,3,Rejected,R01,0
APP00347,REQ0009,SRC06,2024-10-25,20241025,S3,3,Rejected,R07,0
APP00348,REQ0009,SRC07,2024-11-05,20241105,S2,2,Rejected,R01,0
APP00349,REQ0009,SRC06,2024-11-14,20241114,S1,1,Withdrew,R05,0
APP00350,REQ0009,SRC05,2024-10-23,20241023,S1,1,Rejected,R01,0
APP00351,REQ0009,SRC02,2024-10-25,20241025,S2,2,Withdrew,R05,0
APP00352,REQ0009,SRC01,2024-10-10,20241010,S1,1,Withdrew,R05,0
APP00353,REQ0009,SRC02,2024-11-02,20241102,S1,1,Rejected,R01,0
APP00354,REQ0009,SRC01,2024-11-07,20241107,S1,1,Rejected,R01,0
APP00355,REQ0009,SRC03,2024-11-06,20241106,S3,3,Withdrew,R04,0
APP00356,REQ0009,SRC08,2024-10-22,20241022,S3,3,Rejected,R07,0
APP00357,REQ0009,SRC01,2024-11-13,20241113,S1,1,Rejected,R01,0
APP00358,REQ0009,SRC05,2024-11-12,20241112,S3,3,Rejected,R01,0
APP00359,REQ0009,SRC03,2024-10-15,20241015,S3,3,Rejected,R02,0
APP00360,REQ0009,SRC03,2024-10-30,20241030,S1,1,Rejected,R08,0
APP00361,REQ0009,SRC01,2024-10-12,20241012,S1,1,Rejected,R01,0
APP00362,REQ0009,SRC07,2024-10-29,20241029,S3,3,Withdrew,R04,0
APP00363,REQ0009,SRC07,2024-10-16,20241016,S1,1,Rejected,R01,0
APP00364,REQ0009,SRC05,2024-10-31,20241031,S2,2,Rejected,R08,0
APP00365,REQ0009,SRC06,2024-11-02,20241102,S1,1,Withdrew,R05,0
APP00366,REQ0009,SRC01,2024-10-17,20241017,S1,1,Rejected,R01,0
APP00367,REQ0009,SRC01,2024-10-13,20241013,S1,1,Rejected,R01,0
APP00368,REQ0009,SRC07,2024-10-16,20241016,S6,6,Rejected,R07,0
APP00369,REQ0009,SRC07,2024-11-04,20241104,S2,2,Rejected,R08,0
APP00370,REQ0009,SRC08,2024-11-01,20241101,S1,1,Rejected,R01,0
APP00371,REQ0009,SRC05,2024-10-15,20241015,S1,1,Rejected,R08,0
APP00372,REQ0009,SRC02,2024-10-11,20241011,S2,2,Rejected,R08,0
APP00373,REQ0009,SRC03,2024-10-11,20241011,S1,1,Rejected,R01,0
APP00374,REQ0009,SRC02,2024-10-12,20241012,S1,1,Rejected,R01,0
APP00375,REQ0009,SRC01,2024-11-05,20241105,S3,3,Rejected,R07,0
APP00376,REQ0009,SRC08,2024-10-29,20241029,S1,1,Rejected,R01,0
APP00377,REQ0009,SRC01,2024-11-02,20241102,S8,8,Hired,R99,1
APP00378,REQ0009,SRC01,2024-10-14,20241014,S3,3,Withdrew,R05,0
APP00379,REQ0009,SRC02,2024-10-11,20241011,S1,1,Rejected,R08,0
APP00380,REQ0009,SRC01,2024-10-10,20241010,S1,1,Rejected,R01,0
APP00381,REQ0009,SRC06,2024-10-11,20241011,S1,1,Rejected,R08,0
APP00382,REQ0009,SRC04,2024-10-26,20241026,S1,1,Withdrew,R05,0
APP00383,REQ0009,SRC05,2024-10-25,20241025,S1,1,Rejected,R01,0
APP00384,REQ0009,SRC08,2024-10-16,20241016,S8,8,Hired,R99,1
APP00385,REQ0009,SRC05,2024-11-04,20241104,S1,1,Rejected,R01,0
APP00386,REQ0009,SRC05,2024-11-08,20241108,S1,1,Rejected,R01,0
APP00387,REQ0009,SRC06,2024-11-10,20241110,S2,2,Withdrew,R05,0
APP00388,REQ0010,SRC03,2025-09-02,20250902,S1,1,Rejected,R01,0
APP00389,REQ0010,SRC06,2025-09-06,20250906,S1,1,Rejected,R08,0
APP00390,REQ0010,SRC06,2025-09-01,20250901,S1,1,Rejected,R01,0
APP00391,REQ0010,SRC02,2025-09-03,20250903,S1,1,Rejected,R08,0
APP00392,REQ0010,SRC06,2025-09-03,20250903,S1,1,Withdrew,R05,0
APP00393,REQ0010,SRC03,2025-09-02,20250902,S1,1,Rejected,R01,0
APP00394,REQ0010,SRC05,2025-09-03,20250903,S1,1,Rejected,R01,0
APP00395,REQ0010,SRC01,2025-09-11,20250911,S1,1,Withdrew,R05,0
APP00396,REQ0010,SRC02,2025-08-27,20250827,S1,1,Withdrew,R05,0
APP00397,REQ0010,SRC04,2025-09-10,20250910,S1,1,Rejected,R08,0
APP00398,REQ0010,SRC02,2025-08-28,20250828,S3,3,Rejected,R02,0
APP00399,REQ0010,SRC01,2025-09-01,20250901,S1,1,Rejected,R08,0
APP00400,REQ0010,SRC08,2025-08-30,20250830,S1,1,Withdrew,R05,0
APP00401,REQ0010,SRC08,2025-08-27,20250827,S1,1,Rejected,R01,0
APP00402,REQ0010,SRC06,2025-08-27,20250827,S1,1,Rejected,R08,0
APP00403,REQ0010,SRC05,2025-09-06,20250906,S2,2,Rejected,R08,0
APP00404,REQ0010,SRC02,2025-09-05,20250905,S8,8,Hired,R99,1
APP00405,REQ0010,SRC01,2025-09-09,20250909,S4,4,Withdrew,R04,0
APP00406,REQ0010,SRC06,2025-09-01,20250901,S2,2,Withdrew,R05,0
APP00407,REQ0010,SRC01,2025-09-01,20250901,S1,1,Rejected,R01,0
APP00408,REQ0010,SRC06,2025-09-11,20250911,S1,1,Rejected,R01,0
APP00409,REQ0010,SRC02,2025-09-05,20250905,S1,1,Withdrew,R05,0
APP00410,REQ0010,SRC06,2025-08-28,20250828,S1,1,Rejected,R01,0
APP00411,REQ0010,SRC05,2025-08-29,20250829,S2,2,Withdrew,R05,0
APP00412,REQ0010,SRC02,2025-09-11,20250911,S1,1,Rejected,R08,0
APP00413,REQ0010,SRC03,2025-08-29,20250829,S1,1,Withdrew,R05,0
APP00414,REQ0010,SRC03,2025-09-05,20250905,S4,4,Rejected,R07,0
APP00415,REQ0010,SRC06,2025-09-09,20250909,S1,1,Rejected,R01,0
APP00416,REQ0010,SRC06,2025-08-30,20250830,S1,1,Rejected,R01,0
APP00417,REQ0010,SRC06,2025-09-06,20250906,S1,1,Rejected,R08,0
APP00418,REQ0010,SRC02,2025-09-02,20250902,S2,2,Rejected,R08,0
APP00419,REQ0010,SRC08,2025-08-31,20250831,S1,1,Rejected,R01,0
APP00420,REQ0010,SRC03,2025-09-07,20250907,S1,1,Rejected,R08,0
APP00421,REQ0010,SRC03,2025-09-06,20250906,S1,1,Rejected,R01,0
APP00422,REQ0010,SRC02,2025-08-28,20250828,S1,1,Rejected,R01,0
APP00423,REQ0010,SRC06,2025-09-06,20250906,S1,1,Rejected,R01,0
APP00424,REQ0010,SRC01,2025-09-02,20250902,S2,2,Rejected,R08,0
APP00425,REQ0010,SRC06,2025-08-28,20250828,S1,1,Rejected,R01,0
APP00426,REQ0010,SRC01,2025-08-29,20250829,S2,2,Rejected,R01,0
APP00427,REQ0010,SRC01,2025-09-03,20250903,S1,1,Rejected,R01,0
APP00428,REQ0010,SRC02,2025-08-27,20250827,S4,4,Rejected,R02,0
APP00429,REQ0010,SRC01,2025-09-07,20250907,S1,1,Withdrew,R05,0
APP00430,REQ0010,SRC01,2025-09-03,20250903,S1,1,Rejected,R01,0
APP00431,REQ0010,SRC07,2025-09-02,20250902,S1,1,Withdrew,R05,0
APP00432,REQ0010,SRC08,2025-09-01,20250901,S1,1,Rejected,R08,0
APP00433,REQ0010,SRC08,2025-09-03,20250903,S1,1,Rejected,R01,0
APP00434,REQ0010,SRC03,2025-09-11,20250911,S2,2,Withdrew,R04,0
APP00435,REQ0010,SRC06,2025-08-27,20250827,S1,1,Rejected,R01,0
APP00436,REQ0010,SRC02,2025-08-28,20250828,S1,1,Rejected,R01,0
APP00437,REQ0010,SRC06,2025-09-06,20250906,S2,2,Rejected,R08,0
APP00438,REQ0010,SRC06,2025-09-09,20250909,S1,1,Rejected,R08,0
APP00439,REQ0010,SRC06,2025-08-31,20250831,S1,1,Rejected,R01,0
APP00440,REQ0010,SRC02,2025-09-07,20250907,S1,1,Rejected,R01,0
APP00441,REQ0010,SRC05,2025-09-03,20250903,S2,2,Withdrew,R05,0
APP00442,REQ0010,SRC04,2025-09-03,20250903,S3,3,Withdrew,R04,0
APP00443,REQ0010,SRC03,2025-08-28,20250828,S1,1,Rejected,R01,0
APP00444,REQ0010,SRC06,2025-08-28,20250828,S1,1,Rejected,R01,0
APP00445,REQ0010,SRC04,2025-09-09,20250909,S3,3,Rejected,R07,0
APP00446,REQ0010,SRC04,2025-09-06,20250906,S1,1,Rejected,R01,0
APP00447,REQ0010,SRC01,2025-09-08,20250908,S1,1,Rejected,R08,0
APP00448,REQ0010,SRC01,2025-09-07,20250907,S1,1,Rejected,R01,0
APP00449,REQ0010,SRC01,2025-09-02,20250902,S8,8,Hired,R99,1
APP00450,REQ0010,SRC08,2025-08-27,20250827,S4,4,Rejected,R07,0
APP00451,REQ0010,SRC06,2025-09-10,20250910,S1,1,Rejected,R01,0
APP00452,REQ0010,SRC03,2025-08-31,20250831,S1,1,Rejected,R01,0
APP00453,REQ0010,SRC08,2025-09-10,20250910,S2,2,Withdrew,R05,0
APP00454,REQ0010,SRC01,2025-08-27,20250827,S1,1,Withdrew,R05,0
APP00455,REQ0010,SRC05,2025-09-08,20250908,S2,2,Withdrew,R04,0
APP00456,REQ0010,SRC05,2025-09-10,20250910,S1,1,Rejected,R01,0
APP00457,REQ0011,SRC01,2025-12-25,20251225,S1,1,Rejected,R08,0
APP00458,REQ0011,SRC06,2025-12-06,20251206,S1,1,Rejected,R08,0
APP00459,REQ0011,SRC08,2025-12-06,20251206,S1,1,Rejected,R01,0
APP00460,REQ0011,SRC06,2025-12-04,20251204,S6,6,Rejected,R03,0
APP00461,REQ0011,SRC02,2025-11-15,20251115,S1,1,Rejected,R01,0
APP00462,REQ0011,SRC01,2025-12-01,20251201,S5,5,Rejected,R07,0
APP00463,REQ0011,SRC06,2025-12-04,20251204,S2,2,Rejected,R01,0
APP00464,REQ0011,SRC01,2025-12-19,20251219,S1,1,Rejected,R08,0
APP00465,REQ0011,SRC02,2025-12-02,20251202,S1,1,Withdrew,R05,0
APP00466,REQ0011,SRC08,2025-11-23,20251123,S2,2,Withdrew,R04,0
APP00467,REQ0011,SRC07,2025-11-24,20251124,S3,3,Rejected,R02,0
APP00468,REQ0011,SRC06,2025-11-07,20251107,S1,1,Rejected,R01,0
APP00469,REQ0011,SRC06,2025-12-21,20251221,S2,2,Withdrew,R05,0
APP00470,REQ0011,SRC07,2025-10-31,20251031,S1,1,Withdrew,R05,0
APP00471,REQ0011,SRC02,2025-11-01,20251101,S1,1,Rejected,R08,0
APP00472,REQ0011,SRC07,2025-11-09,20251109,S1,1,Rejected,R01,0
APP00473,REQ0011,SRC06,2025-11-26,20251126,S4,4,Rejected,R07,0
APP00474,REQ0011,SRC08,2025-12-27,20251227,S3,3,Rejected,R07,0
APP00475,REQ0011,SRC07,2025-12-07,20251207,S3,3,Rejected,R01,0
APP00476,REQ0011,SRC01,2025-11-12,20251112,S1,1,Withdrew,R05,0
APP00477,REQ0011,SRC08,2025-12-02,20251202,S1,1,Rejected,R01,0
APP00478,REQ0011,SRC01,2025-12-16,20251216,S1,1,Rejected,R01,0
APP00479,REQ0011,SRC02,2025-11-10,20251110,S1,1,Rejected,R01,0
APP00480,REQ0011,SRC04,2025-11-29,20251129,S1,1,Rejected,R01,0
APP00481,REQ0011,SRC08,2025-12-26,20251226,S1,1,Withdrew,R05,0
APP00482,REQ0011,SRC08,2025-11-10,20251110,S1,1,Rejected,R08,0
APP00483,REQ0011,SRC06,2025-12-03,20251203,S3,3,Rejected,R07,0
APP00484,REQ0011,SRC01,2025-11-23,20251123,S1,1,Rejected,R01,0
APP00485,REQ0011,SRC01,2025-12-07,20251207,S1,1,Rejected,R01,0
APP00486,REQ0011,SRC06,2025-12-07,20251207,S4,4,Rejected,R02,0
APP00487,REQ0011,SRC01,2025-12-22,20251222,S1,1,Rejected,R01,0
APP00488,REQ0012,SRC03,2026-05-30,20260530,S1,1,Rejected,R01,0
APP00489,REQ0012,SRC06,2026-05-03,20260503,S1,1,Rejected,R01,0
APP00490,REQ0012,SRC08,2026-05-01,20260501,S1,1,Rejected,R01,0
APP00491,REQ0012,SRC01,2026-05-23,20260523,S1,1,Withdrew,R05,0
APP00492,REQ0012,SRC04,2026-05-27,20260527,S3,3,Rejected,R02,0
APP00493,REQ0012,SRC06,2026-05-19,20260519,S1,1,Withdrew,R05,0
APP00494,REQ0012,SRC04,2026-05-30,20260530,S3,3,Withdrew,R05,0
APP00495,REQ0012,SRC08,2026-06-14,20260614,S1,1,Rejected,R01,0
APP00496,REQ0012,SRC06,2026-05-11,20260511,S1,1,Withdrew,R05,0
APP00497,REQ0012,SRC08,2026-05-24,20260524,S3,3,Rejected,R01,0
APP00498,REQ0012,SRC01,2026-05-27,20260527,S2,2,Withdrew,R04,0
APP00499,REQ0012,SRC01,2026-04-29,20260429,S1,1,Rejected,R01,0
APP00500,REQ0012,SRC02,2026-06-02,20260602,S5,5,Rejected,R02,0
APP00501,REQ0012,SRC06,2026-06-13,20260613,S2,2,Rejected,R03,0
APP00502,REQ0012,SRC01,2026-06-07,20260607,S1,1,Rejected,R01,0
APP00503,REQ0012,SRC01,2026-06-22,20260622,S1,1,Rejected,R01,0
APP00504,REQ0012,SRC05,2026-06-22,20260622,S3,3,In Process,R99,0
APP00505,REQ0012,SRC01,2026-06-14,20260614,S1,1,Withdrew,R05,0
APP00506,REQ0012,SRC08,2026-06-18,20260618,S4,4,In Process,R99,0
APP00507,REQ0012,SRC01,2026-06-20,20260620,S4,4,In Process,R99,0
APP00508,REQ0012,SRC03,2026-05-02,20260502,S2,2,Rejected,R08,0
APP00509,REQ0012,SRC08,2026-05-03,20260503,S1,1,Rejected,R08,0
APP00510,REQ0012,SRC02,2026-06-03,20260603,S1,1,Rejected,R01,0
APP00511,REQ0012,SRC05,2026-04-30,20260430,S1,1,Rejected,R01,0
APP00512,REQ0012,SRC08,2026-06-22,20260622,S2,2,Withdrew,R04,0
APP00513,REQ0012,SRC06,2026-06-11,20260611,S2,2,Withdrew,R04,0
APP00514,REQ0012,SRC06,2026-05-19,20260519,S1,1,Withdrew,R05,0
APP00515,REQ0012,SRC02,2026-04-26,20260426,S2,2,Rejected,R03,0
APP00516,REQ0012,SRC02,2026-06-23,20260623,S1,1,Rejected,R08,0
APP00517,REQ0012,SRC01,2026-05-31,20260531,S1,1,Rejected,R01,0
APP00518,REQ0012,SRC06,2026-05-15,20260515,S3,3,Rejected,R02,0
APP00519,REQ0012,SRC05,2026-05-12,20260512,S6,6,Rejected,R07,0
APP00520,REQ0012,SRC01,2026-06-10,20260610,S5,5,Withdrew,R04,0
APP00521,REQ0012,SRC07,2026-05-22,20260522,S1,1,Rejected,R01,0
APP00522,REQ0012,SRC02,2026-05-23,20260523,S2,2,Withdrew,R05,0
APP00523,REQ0012,SRC03,2026-05-13,20260513,S2,2,Rejected,R03,0
APP00524,REQ0012,SRC01,2026-05-06,20260506,S2,2,Withdrew,R04,0
APP00525,REQ0012,SRC02,2026-05-26,20260526,S1,1,Withdrew,R05,0
APP00526,REQ0012,SRC06,2026-06-21,20260621,S2,2,Withdrew,R05,0
APP00527,REQ0012,SRC06,2026-05-25,20260525,S3,3,Rejected,R07,0
APP00528,REQ0012,SRC02,2026-05-12,20260512,S8,8,Hired,R99,1
APP00529,REQ0012,SRC07,2026-06-23,20260623,S2,2,In Process,R99,0
APP00530,REQ0012,SRC03,2026-06-26,20260626,S1,1,Rejected,R01,0
APP00531,REQ0012,SRC01,2026-05-11,20260511,S1,1,Rejected,R01,0
APP00532,REQ0012,SRC08,2026-06-21,20260621,S1,1,Rejected,R01,0
APP00533,REQ0012,SRC07,2026-06-20,20260620,S3,3,In Process,R99,0
APP00534,REQ0012,SRC03,2026-05-18,20260518,S1,1,Rejected,R08,0
APP00535,REQ0012,SRC08,2026-06-22,20260622,S2,2,Rejected,R03,0
APP00536,REQ0012,SRC08,2026-06-17,20260617,S1,1,Withdrew,R05,0
APP00537,REQ0012,SRC01,2026-06-24,20260624,S4,4,In Process,R99,0
APP00538,REQ0012,SRC08,2026-05-22,20260522,S1,1,Rejected,R01,0
APP00539,REQ0012,SRC03,2026-06-24,20260624,S3,3,In Process,R99,0
APP00540,REQ0012,SRC01,2026-04-30,20260430,S1,1,Withdrew,R05,0
APP00541,REQ0012,SRC01,2026-06-23,20260623,S3,3,In Process,R99,0
APP00542,REQ0012,SRC05,2026-06-07,20260607,S2,2,Rejected,R08,0
APP00543,REQ0012,SRC04,2026-05-05,20260505,S1,1,Rejected,R01,0
APP00544,REQ0012,SRC06,2026-06-22,20260622,S1,1,Rejected,R01,0
APP00545,REQ0013,SRC02,2026-03-30,20260330,S1,1,Rejected,R08,0
APP00546,REQ0013,SRC01,2026-03-29,20260329,S4,4,Rejected,R02,0
APP00547,REQ0013,SRC08,2026-04-14,20260414,S1,1,Rejected,R01,0
APP00548,REQ0013,SRC08,2026-04-02,20260402,S3,3,Withdrew,R05,0
APP00549,REQ0013,SRC07,2026-04-08,20260408,S1,1,Rejected,R01,0
APP00550,REQ0013,SRC06,2026-04-07,20260407,S1,1,Rejected,R01,0
APP00551,REQ0013,SRC01,2026-05-18,20260518,S1,1,Withdrew,R05,0
APP00552,REQ0013,SRC03,2026-03-26,20260326,S1,1,Rejected,R01,0
APP00553,REQ0013,SRC07,2026-05-14,20260514,S1,1,Rejected,R01,0
APP00554,REQ0013,SRC08,2026-05-03,20260503,S1,1,Rejected,R01,0
APP00555,REQ0013,SRC02,2026-03-06,20260306,S1,1,Withdrew,R05,0
APP00556,REQ0013,SRC03,2026-05-31,20260531,S1,1,Rejected,R01,0
APP00557,REQ0013,SRC03,2026-06-23,20260623,S1,1,Rejected,R01,0
APP00558,REQ0013,SRC07,2026-03-05,20260305,S7,7,Rejected,R03,0
APP00559,REQ0013,SRC03,2026-05-18,20260518,S1,1,Rejected,R01,0
APP00560,REQ0013,SRC08,2026-04-19,20260419,S1,1,Rejected,R01,0
APP00561,REQ0013,SRC06,2026-06-11,20260611,S2,2,Rejected,R01,0
APP00562,REQ0013,SRC06,2026-05-12,20260512,S2,2,Rejected,R08,0
APP00563,REQ0013,SRC07,2026-03-07,20260307,S7,7,Withdrew,R10,0
APP00564,REQ0013,SRC03,2026-03-02,20260302,S1,1,Rejected,R01,0
APP00565,REQ0013,SRC01,2026-03-09,20260309,S1,1,Rejected,R08,0
APP00566,REQ0013,SRC01,2026-04-21,20260421,S2,2,Rejected,R03,0
APP00567,REQ0013,SRC03,2026-05-31,20260531,S1,1,Rejected,R01,0
APP00568,REQ0013,SRC02,2026-04-22,20260422,S2,2,Withdrew,R04,0
APP00569,REQ0013,SRC02,2026-05-30,20260530,S2,2,Rejected,R03,0
APP00570,REQ0013,SRC08,2026-04-06,20260406,S2,2,Rejected,R03,0
APP00571,REQ0013,SRC01,2026-04-12,20260412,S1,1,Rejected,R01,0
APP00572,REQ0013,SRC01,2026-03-07,20260307,S2,2,Rejected,R03,0
APP00573,REQ0013,SRC08,2026-03-05,20260305,S2,2,Withdrew,R04,0
APP00574,REQ0013,SRC08,2026-05-28,20260528,S1,1,Rejected,R08,0
APP00575,REQ0013,SRC03,2026-03-04,20260304,S1,1,Rejected,R01,0
APP00576,REQ0013,SRC08,2026-05-13,20260513,S2,2,Rejected,R01,0
APP00577,REQ0013,SRC01,2026-04-16,20260416,S2,2,Rejected,R01,0
APP00578,REQ0013,SRC01,2026-03-30,20260330,S1,1,Rejected,R08,0
APP00579,REQ0013,SRC08,2026-05-11,20260511,S1,1,Rejected,R01,0
APP00580,REQ0013,SRC08,2026-05-16,20260516,S1,1,Rejected,R01,0
APP00581,REQ0013,SRC07,2026-03-12,20260312,S1,1,Rejected,R01,0
APP00582,REQ0013,SRC07,2026-06-13,20260613,S1,1,Rejected,R01,0
APP00583,REQ0013,SRC07,2026-04-21,20260421,S1,1,Withdrew,R05,0
APP00584,REQ0013,SRC08,2026-05-23,20260523,S2,2,Withdrew,R05,0
APP00585,REQ0013,SRC01,2026-04-05,20260405,S1,1,Withdrew,R05,0
APP00586,REQ0013,SRC05,2026-03-18,20260318,S2,2,Rejected,R01,0
APP00587,REQ0013,SRC02,2026-05-18,20260518,S1,1,Rejected,R08,0
APP00588,REQ0013,SRC02,2026-03-20,20260320,S1,1,Withdrew,R05,0
APP00589,REQ0013,SRC02,2026-04-05,20260405,S1,1,Rejected,R01,0
APP00590,REQ0013,SRC08,2026-04-23,20260423,S2,2,Rejected,R08,0
APP00591,REQ0013,SRC06,2026-03-25,20260325,S4,4,Rejected,R07,0
APP00592,REQ0013,SRC02,2026-06-15,20260615,S1,1,Rejected,R08,0
APP00593,REQ0013,SRC02,2026-04-02,20260402,S5,5,Rejected,R02,0
APP00594,REQ0013,SRC03,2026-06-02,20260602,S1,1,Rejected,R01,0
APP00595,REQ0013,SRC06,2026-04-12,20260412,S1,1,Rejected,R01,0
APP00596,REQ0013,SRC01,2026-06-07,20260607,S1,1,Rejected,R01,0
APP00597,REQ0013,SRC01,2026-04-18,20260418,S4,4,Rejected,R07,0
APP00598,REQ0013,SRC02,2026-04-28,20260428,S1,1,Rejected,R01,0
APP00599,REQ0014,SRC03,2024-08-06,20240806,S2,2,Withdrew,R04,0
APP00600,REQ0014,SRC01,2024-07-22,20240722,S2,2,Withdrew,R04,0
APP00601,REQ0014,SRC02,2024-08-10,20240810,S1,1,Withdrew,R05,0
APP00602,REQ0014,SRC08,2024-08-12,20240812,S1,1,Rejected,R01,0
APP00603,REQ0014,SRC02,2024-08-12,20240812,S3,3,Rejected,R01,0
APP00604,REQ0014,SRC08,2024-08-07,20240807,S3,3,Rejected,R02,0
APP00605,REQ0014,SRC08,2024-07-20,20240720,S1,1,Rejected,R01,0
APP00606,REQ0014,SRC02,2024-07-22,20240722,S3,3,Rejected,R02,0
APP00607,REQ0014,SRC06,2024-08-04,20240804,S1,1,Rejected,R01,0
APP00608,REQ0014,SRC02,2024-08-11,20240811,S3,3,Withdrew,R04,0
APP00609,REQ0014,SRC03,2024-07-23,20240723,S4,4,Rejected,R07,0
APP00610,REQ0014,SRC04,2024-08-02,20240802,S1,1,Rejected,R01,0
APP00611,REQ0014,SRC08,2024-07-21,20240721,S1,1,Rejected,R01,0
APP00612,REQ0014,SRC06,2024-08-08,20240808,S2,2,Rejected,R08,0
APP00613,REQ0014,SRC01,2024-07-30,20240730,S1,1,Rejected,R01,0
APP00614,REQ0014,SRC04,2024-08-11,20240811,S3,3,Withdrew,R05,0
APP00615,REQ0014,SRC01,2024-07-20,20240720,S1,1,Rejected,R01,0
APP00616,REQ0014,SRC01,2024-07-27,20240727,S1,1,Rejected,R01,0
APP00617,REQ0014,SRC06,2024-08-01,20240801,S1,1,Rejected,R01,0
APP00618,REQ0014,SRC02,2024-07-28,20240728,S1,1,Rejected,R08,0
APP00619,REQ0014,SRC03,2024-08-12,20240812,S2,2,Withdrew,R04,0
APP00620,REQ0014,SRC03,2024-08-03,20240803,S2,2,Withdrew,R04,0
APP00621,REQ0014,SRC06,2024-07-31,20240731,S2,2,Withdrew,R05,0
APP00622,REQ0014,SRC05,2024-07-26,20240726,S2,2,Withdrew,R04,0
APP00623,REQ0014,SRC08,2024-07-28,20240728,S1,1,Rejected,R01,0
APP00624,REQ0014,SRC03,2024-08-04,20240804,S4,4,Rejected,R07,0
APP00625,REQ0014,SRC02,2024-07-25,20240725,S5,5,Rejected,R03,0
APP00626,REQ0014,SRC03,2024-08-03,20240803,S1,1,Rejected,R08,0
APP00627,REQ0014,SRC06,2024-08-13,20240813,S1,1,Withdrew,R05,0
APP00628,REQ0014,SRC01,2024-07-25,20240725,S1,1,Rejected,R01,0
APP00629,REQ0014,SRC07,2024-07-23,20240723,S6,6,Rejected,R03,0
APP00630,REQ0014,SRC03,2024-08-10,20240810,S2,2,Rejected,R08,0
APP00631,REQ0014,SRC01,2024-08-02,20240802,S1,1,Rejected,R01,0
APP00632,REQ0014,SRC02,2024-07-24,20240724,S1,1,Rejected,R01,0
APP00633,REQ0014,SRC01,2024-08-13,20240813,S1,1,Rejected,R08,0
APP00634,REQ0014,SRC05,2024-08-02,20240802,S3,3,Rejected,R07,0
APP00635,REQ0014,SRC02,2024-07-27,20240727,S1,1,Rejected,R01,0
APP00636,REQ0014,SRC05,2024-07-20,20240720,S2,2,Withdrew,R05,0
APP00637,REQ0014,SRC06,2024-08-09,20240809,S3,3,Rejected,R02,0
APP00638,REQ0014,SRC01,2024-07-24,20240724,S1,1,Rejected,R01,0
APP00639,REQ0014,SRC04,2024-08-09,20240809,S1,1,Withdrew,R05,0
APP00640,REQ0014,SRC08,2024-07-23,20240723,S2,2,Rejected,R03,0
APP00641,REQ0015,SRC03,2024-10-31,20241031,S2,2,Withdrew,R05,0
APP00642,REQ0015,SRC02,2024-12-14,20241214,S8,8,Hired,R99,1
APP00643,REQ0015,SRC07,2024-12-04,20241204,S1,1,Withdrew,R05,0
APP00644,REQ0015,SRC01,2024-11-02,20241102,S2,2,Rejected,R08,0
APP00645,REQ0015,SRC08,2024-11-16,20241116,S1,1,Rejected,R08,0
APP00646,REQ0015,SRC08,2024-12-16,20241216,S6,6,Rejected,R07,0
APP00647,REQ0015,SRC08,2024-11-28,20241128,S1,1,Rejected,R01,0
APP00648,REQ0015,SRC07,2024-12-06,20241206,S1,1,Rejected,R01,0
APP00649,REQ0015,SRC06,2024-11-13,20241113,S1,1,Rejected,R01,0
APP00650,REQ0015,SRC06,2024-11-27,20241127,S3,3,Rejected,R07,0
APP00651,REQ0015,SRC01,2024-10-14,20241014,S1,1,Rejected,R01,0
APP00652,REQ0015,SRC01,2024-10-09,20241009,S2,2,Withdrew,R04,0
APP00653,REQ0015,SRC07,2024-11-21,20241121,S8,8,Hired,R99,1
APP00654,REQ0015,SRC05,2024-12-08,20241208,S1,1,Rejected,R01,0
APP00655,REQ0015,SRC01,2024-12-10,20241210,S3,3,Rejected,R07,0
APP00656,REQ0015,SRC03,2024-12-12,20241212,S1,1,Rejected,R01,0
APP00657,REQ0015,SRC06,2024-11-04,20241104,S1,1,Rejected,R01,0
APP00658,REQ0015,SRC01,2024-11-04,20241104,S3,3,Rejected,R07,0
APP00659,REQ0015,SRC05,2024-11-15,20241115,S6,6,Rejected,R07,0
APP00660,REQ0015,SRC02,2024-11-20,20241120,S1,1,Rejected,R08,0
APP00661,REQ0015,SRC02,2024-11-19,20241119,S7,7,Withdrew,R04,0
APP00662,REQ0015,SRC03,2024-11-22,20241122,S1,1,Withdrew,R05,0
APP00663,REQ0015,SRC01,2024-12-12,20241212,S1,1,Rejected,R01,0
APP00664,REQ0015,SRC06,2024-10-21,20241021,S3,3,Withdrew,R04,0
APP00665,REQ0015,SRC06,2024-12-12,20241212,S1,1,Withdrew,R05,0
APP00666,REQ0015,SRC01,2024-11-11,20241111,S1,1,Rejected,R01,0
APP00667,REQ0015,SRC06,2024-11-07,20241107,S5,5,Rejected,R02,0
APP00668,REQ0015,SRC01,2024-11-28,20241128,S3,3,Withdrew,R05,0
APP00669,REQ0015,SRC08,2024-11-14,20241114,S2,2,Rejected,R01,0
APP00670,REQ0015,SRC01,2024-12-03,20241203,S1,1,Rejected,R01,0
APP00671,REQ0015,SRC04,2024-10-27,20241027,S1,1,Rejected,R01,0
APP00672,REQ0015,SRC02,2024-10-04,20241004,S2,2,Rejected,R03,0
APP00673,REQ0015,SRC04,2024-10-12,20241012,S1,1,Rejected,R01,0
APP00674,REQ0015,SRC04,2024-10-05,20241005,S1,1,Rejected,R01,0
APP00675,REQ0015,SRC01,2024-10-24,20241024,S3,3,Rejected,R07,0
APP00676,REQ0015,SRC06,2024-10-19,20241019,S1,1,Rejected,R08,0
APP00677,REQ0015,SRC02,2024-12-09,20241209,S2,2,Rejected,R03,0
APP00678,REQ0015,SRC02,2024-11-18,20241118,S1,1,Withdrew,R05,0
APP00679,REQ0015,SRC04,2024-11-09,20241109,S1,1,Rejected,R01,0
APP00680,REQ0015,SRC08,2024-11-04,20241104,S1,1,Rejected,R01,0
APP00681,REQ0015,SRC08,2024-10-17,20241017,S3,3,Withdrew,R05,0
APP00682,REQ0015,SRC04,2024-12-14,20241214,S4,4,Rejected,R02,0
APP00683,REQ0015,SRC06,2024-12-04,20241204,S1,1,Withdrew,R05,0
APP00684,REQ0015,SRC03,2024-11-01,20241101,S2,2,Rejected,R08,0
APP00685,REQ0015,SRC02,2024-12-16,20241216,S1,1,Withdrew,R05,0
APP00686,REQ0015,SRC08,2024-10-09,20241009,S2,2,Withdrew,R04,0
APP00687,REQ0015,SRC06,2024-11-19,20241119,S1,1,Rejected,R08,0
APP00688,REQ0015,SRC03,2024-11-11,20241111,S1,1,Rejected,R01,0
APP00689,REQ0015,SRC01,2024-10-23,20241023,S3,3,Withdrew,R05,0
APP00690,REQ0015,SRC01,2024-10-08,20241008,S1,1,Rejected,R01,0
APP00691,REQ0015,SRC01,2024-10-19,20241019,S1,1,Rejected,R08,0
APP00692,REQ0015,SRC04,2024-10-22,20241022,S1,1,Rejected,R01,0
APP00693,REQ0015,SRC01,2024-12-15,20241215,S1,1,Rejected,R01,0
APP00694,REQ0015,SRC06,2024-12-14,20241214,S1,1,Rejected,R01,0
APP00695,REQ0015,SRC02,2024-12-01,20241201,S1,1,Withdrew,R05,0
APP00696,REQ0015,SRC04,2024-10-13,20241013,S2,2,Withdrew,R04,0
APP00697,REQ0015,SRC01,2024-12-10,20241210,S5,5,Rejected,R03,0
APP00698,REQ0015,SRC03,2024-10-06,20241006,S1,1,Withdrew,R05,0
APP00699,REQ0015,SRC06,2024-11-24,20241124,S3,3,Rejected,R02,0
APP00700,REQ0015,SRC06,2024-12-10,20241210,S1,1,Rejected,R01,0
APP00701,REQ0015,SRC04,2024-10-27,20241027,S1,1,Withdrew,R05,0
APP00702,REQ0015,SRC01,2024-11-14,20241114,S3,3,Withdrew,R04,0
APP00703,REQ0015,SRC02,2024-10-24,20241024,S1,1,Rejected,R01,0
APP00704,REQ0015,SRC04,2024-10-31,20241031,S2,2,Rejected,R08,0
APP00705,REQ0015,SRC06,2024-10-06,20241006,S1,1,Rejected,R01,0
APP00706,REQ0015,SRC02,2024-11-22,20241122,S1,1,Rejected,R01,0
APP00707,REQ0015,SRC04,2024-12-06,20241206,S1,1,Rejected,R01,0
APP00708,REQ0015,SRC06,2024-12-12,20241212,S1,1,Rejected,R08,0
APP00709,REQ0016,SRC03,2025-01-26,20250126,S1,1,Rejected,R01,0
APP00710,REQ0016,SRC02,2025-01-27,20250127,S2,2,Withdrew,R04,0
APP00711,REQ0016,SRC01,2025-01-28,20250128,S4,4,Rejected,R02,0
APP00712,REQ0016,SRC02,2025-01-24,20250124,S3,3,Rejected,R02,0
APP00713,REQ0016,SRC06,2025-01-24,20250124,S1,1,Withdrew,R05,0
APP00714,REQ0016,SRC01,2025-01-28,20250128,S1,1,Rejected,R01,0
APP00715,REQ0016,SRC04,2025-01-20,20250120,S3,3,Rejected,R01,0
APP00716,REQ0016,SRC08,2025-01-22,20250122,S2,2,Rejected,R01,0
APP00717,REQ0016,SRC06,2025-01-22,20250122,S2,2,Withdrew,R05,0
APP00718,REQ0016,SRC07,2025-01-23,20250123,S2,2,Withdrew,R04,0
APP00719,REQ0016,SRC08,2025-01-20,20250120,S1,1,Rejected,R08,0
APP00720,REQ0016,SRC02,2025-01-24,20250124,S6,6,Rejected,R02,0
APP00721,REQ0016,SRC06,2025-01-21,20250121,S8,8,Hired,R99,1
APP00722,REQ0016,SRC08,2025-01-21,20250121,S2,2,Withdrew,R04,0
APP00723,REQ0016,SRC06,2025-01-19,20250119,S2,2,Withdrew,R05,0
APP00724,REQ0016,SRC01,2025-01-28,20250128,S1,1,Rejected,R01,0
APP00725,REQ0016,SRC01,2025-01-21,20250121,S1,1,Rejected,R08,0
APP00726,REQ0016,SRC07,2025-01-23,20250123,S5,5,Rejected,R03,0
APP00727,REQ0017,SRC06,2024-09-28,20240928,S7,7,Rejected,R07,0
APP00728,REQ0017,SRC01,2024-10-13,20241013,S4,4,Rejected,R02,0
APP00729,REQ0017,SRC06,2024-10-21,20241021,S5,5,Rejected,R02,0
APP00730,REQ0017,SRC08,2024-09-08,20240908,S2,2,Withdrew,R04,0
APP00731,REQ0017,SRC03,2024-10-26,20241026,S1,1,Rejected,R01,0
APP00732,REQ0017,SRC07,2024-10-23,20241023,S1,1,Withdrew,R05,0
APP00733,REQ0017,SRC01,2024-10-30,20241030,S1,1,Rejected,R01,0
APP00734,REQ0017,SRC02,2024-09-29,20240929,S3,3,Withdrew,R05,0
APP00735,REQ0017,SRC04,2024-10-13,20241013,S7,7,Withdrew,R06,0
APP00736,REQ0017,SRC01,2024-09-30,20240930,S1,1,Rejected,R01,0
APP00737,REQ0017,SRC06,2024-10-16,20241016,S2,2,Withdrew,R05,0
APP00738,REQ0017,SRC01,2024-10-31,20241031,S1,1,Rejected,R01,0
APP00739,REQ0017,SRC08,2024-09-22,20240922,S3,3,Withdrew,R04,0
APP00740,REQ0017,SRC07,2024-09-27,20240927,S3,3,Rejected,R02,0
APP00741,REQ0017,SRC06,2024-09-23,20240923,S1,1,Withdrew,R05,0
APP00742,REQ0017,SRC06,2024-10-14,20241014,S1,1,Withdrew,R05,0
APP00743,REQ0017,SRC07,2024-09-05,20240905,S1,1,Rejected,R08,0
APP00744,REQ0017,SRC01,2024-10-13,20241013,S1,1,Rejected,R01,0
APP00745,REQ0017,SRC06,2024-10-14,20241014,S1,1,Rejected,R01,0
APP00746,REQ0017,SRC04,2024-09-13,20240913,S1,1,Rejected,R01,0
APP00747,REQ0017,SRC03,2024-11-01,20241101,S2,2,Rejected,R08,0
APP00748,REQ0017,SRC08,2024-09-09,20240909,S1,1,Rejected,R01,0
APP00749,REQ0017,SRC08,2024-10-20,20241020,S1,1,Withdrew,R05,0
APP00750,REQ0017,SRC03,2024-09-18,20240918,S2,2,Withdrew,R04,0
APP00751,REQ0017,SRC02,2024-10-12,20241012,S3,3,Withdrew,R05,0
APP00752,REQ0017,SRC08,2024-10-03,20241003,S1,1,Withdrew,R05,0
APP00753,REQ0017,SRC08,2024-10-04,20241004,S8,8,Hired,R99,1
APP00754,REQ0017,SRC03,2024-10-04,20241004,S1,1,Rejected,R01,0
APP00755,REQ0017,SRC02,2024-09-05,20240905,S2,2,Withdrew,R04,0
APP00756,REQ0017,SRC08,2024-11-01,20241101,S4,4,Rejected,R07,0
APP00757,REQ0017,SRC07,2024-09-13,20240913,S1,1,Withdrew,R05,0
APP00758,REQ0017,SRC08,2024-10-28,20241028,S7,7,Withdrew,R04,0
APP00759,REQ0017,SRC07,2024-10-03,20241003,S1,1,Rejected,R01,0
APP00760,REQ0017,SRC01,2024-09-30,20240930,S1,1,Rejected,R01,0
APP00761,REQ0017,SRC01,2024-10-18,20241018,S1,1,Rejected,R01,0
APP00762,REQ0017,SRC02,2024-09-24,20240924,S3,3,Rejected,R02,0
APP00763,REQ0017,SRC01,2024-10-20,20241020,S3,3,Withdrew,R05,0
APP00764,REQ0017,SRC02,2024-10-05,20241005,S2,2,Rejected,R01,0
APP00765,REQ0017,SRC05,2024-10-19,20241019,S1,1,Rejected,R01,0
APP00766,REQ0017,SRC03,2024-09-25,20240925,S2,2,Rejected,R03,0
APP00767,REQ0017,SRC08,2024-10-17,20241017,S1,1,Rejected,R01,0
APP00768,REQ0017,SRC08,2024-09-07,20240907,S1,1,Rejected,R01,0
APP00769,REQ0017,SRC02,2024-09-14,20240914,S1,1,Rejected,R01,0
APP00770,REQ0017,SRC08,2024-09-20,20240920,S3,3,Withdrew,R05,0
APP00771,REQ0017,SRC06,2024-10-15,20241015,S1,1,Rejected,R01,0
APP00772,REQ0017,SRC01,2024-09-13,20240913,S3,3,Withdrew,R05,0
APP00773,REQ0017,SRC03,2024-09-06,20240906,S1,1,Rejected,R01,0
APP00774,REQ0017,SRC08,2024-09-19,20240919,S6,6,Withdrew,R04,0
APP00775,REQ0017,SRC06,2024-09-19,20240919,S1,1,Rejected,R08,0
APP00776,REQ0017,SRC04,2024-09-16,20240916,S1,1,Withdrew,R05,0
APP00777,REQ0017,SRC08,2024-10-03,20241003,S1,1,Withdrew,R05,0
APP00778,REQ0017,SRC01,2024-09-07,20240907,S2,2,Rejected,R01,0
APP00779,REQ0017,SRC01,2024-10-09,20241009,S1,1,Rejected,R08,0
APP00780,REQ0017,SRC01,2024-10-25,20241025,S1,1,Withdrew,R05,0
APP00781,REQ0017,SRC04,2024-09-04,20240904,S1,1,Rejected,R01,0
APP00782,REQ0017,SRC03,2024-09-29,20240929,S1,1,Rejected,R01,0
APP00783,REQ0017,SRC03,2024-09-14,20240914,S3,3,Rejected,R02,0
APP00784,REQ0017,SRC01,2024-09-25,20240925,S2,2,Withdrew,R04,0
APP00785,REQ0017,SRC06,2024-09-05,20240905,S1,1,Rejected,R01,0
APP00786,REQ0018,SRC06,2025-06-09,20250609,S1,1,Rejected,R01,0
APP00787,REQ0018,SRC01,2025-05-30,20250530,S1,1,Rejected,R01,0
APP00788,REQ0018,SRC02,2025-05-28,20250528,S1,1,Rejected,R01,0
APP00789,REQ0018,SRC03,2025-06-10,20250610,S1,1,Rejected,R01,0
APP00790,REQ0018,SRC08,2025-05-28,20250528,S1,1,Rejected,R01,0
APP00791,REQ0018,SRC01,2025-06-01,20250601,S1,1,Rejected,R08,0
APP00792,REQ0018,SRC02,2025-06-03,20250603,S1,1,Rejected,R01,0
APP00793,REQ0018,SRC01,2025-06-07,20250607,S1,1,Rejected,R01,0
APP00794,REQ0018,SRC06,2025-06-05,20250605,S1,1,Rejected,R01,0
APP00795,REQ0018,SRC01,2025-05-31,20250531,S1,1,Rejected,R01,0
APP00796,REQ0018,SRC06,2025-05-27,20250527,S3,3,Withdrew,R04,0
APP00797,REQ0018,SRC02,2025-06-01,20250601,S1,1,Withdrew,R05,0
APP00798,REQ0018,SRC01,2025-06-05,20250605,S2,2,Rejected,R01,0
APP00799,REQ0018,SRC06,2025-06-04,20250604,S2,2,Rejected,R08,0
APP00800,REQ0018,SRC07,2025-06-10,20250610,S1,1,Rejected,R08,0
APP00801,REQ0018,SRC08,2025-05-29,20250529,S2,2,Rejected,R03,0
APP00802,REQ0018,SRC01,2025-06-08,20250608,S2,2,Rejected,R08,0
APP00803,REQ0018,SRC05,2025-05-28,20250528,S8,8,Hired,R99,1
APP00804,REQ0018,SRC05,2025-06-03,20250603,S1,1,Rejected,R01,0
APP00805,REQ0018,SRC02,2025-05-27,20250527,S3,3,Rejected,R02,0
APP00806,REQ0018,SRC06,2025-06-08,20250608,S1,1,Rejected,R08,0
APP00807,REQ0018,SRC02,2025-06-10,20250610,S3,3,Withdrew,R05,0
APP00808,REQ0018,SRC01,2025-05-27,20250527,S1,1,Rejected,R01,0
APP00809,REQ0018,SRC03,2025-06-08,20250608,S1,1,Rejected,R01,0
APP00810,REQ0018,SRC03,2025-05-30,20250530,S2,2,Rejected,R08,0
APP00811,REQ0018,SRC08,2025-05-31,20250531,S1,1,Rejected,R01,0
APP00812,REQ0018,SRC01,2025-06-05,20250605,S1,1,Rejected,R01,0
APP00813,REQ0018,SRC01,2025-05-28,20250528,S1,1,Rejected,R01,0
APP00814,REQ0018,SRC08,2025-06-11,20250611,S1,1,Rejected,R01,0
APP00815,REQ0018,SRC02,2025-05-30,20250530,S1,1,Rejected,R01,0
APP00816,REQ0018,SRC02,2025-06-07,20250607,S1,1,Rejected,R01,0
APP00817,REQ0018,SRC03,2025-06-10,20250610,S3,3,Withdrew,R04,0
APP00818,REQ0018,SRC08,2025-05-29,20250529,S1,1,Withdrew,R05,0
APP00819,REQ0018,SRC05,2025-06-04,20250604,S1,1,Withdrew,R05,0
APP00820,REQ0018,SRC01,2025-06-04,20250604,S1,1,Rejected,R01,0
APP00821,REQ0018,SRC06,2025-06-07,20250607,S1,1,Rejected,R01,0
APP00822,REQ0018,SRC01,2025-05-31,20250531,S1,1,Rejected,R08,0
APP00823,REQ0019,SRC01,2024-11-04,20241104,S3,3,Withdrew,R05,0
APP00824,REQ0019,SRC02,2024-11-22,20241122,S1,1,Withdrew,R05,0
APP00825,REQ0019,SRC08,2024-10-19,20241019,S1,1,Rejected,R01,0
APP00826,REQ0019,SRC07,2024-11-09,20241109,S1,1,Withdrew,R05,0
APP00827,REQ0019,SRC02,2024-10-24,20241024,S2,2,Rejected,R08,0
APP00828,REQ0019,SRC05,2024-10-22,20241022,S1,1,Rejected,R01,0
APP00829,REQ0019,SRC01,2024-11-01,20241101,S2,2,Withdrew,R04,0
APP00830,REQ0019,SRC01,2024-11-12,20241112,S1,1,Rejected,R01,0
APP00831,REQ0019,SRC06,2024-11-10,20241110,S1,1,Rejected,R01,0
APP00832,REQ0019,SRC06,2024-10-30,20241030,S1,1,Rejected,R01,0
APP00833,REQ0019,SRC01,2024-11-24,20241124,S1,1,Rejected,R01,0
APP00834,REQ0019,SRC07,2024-10-20,20241020,S2,2,Withdrew,R04,0
APP00835,REQ0019,SRC03,2024-11-17,20241117,S3,3,Rejected,R01,0
APP00836,REQ0019,SRC08,2024-11-12,20241112,S1,1,Rejected,R01,0
APP00837,REQ0019,SRC08,2024-10-28,20241028,S1,1,Rejected,R01,0
APP00838,REQ0019,SRC01,2024-11-22,20241122,S1,1,Withdrew,R05,0
APP00839,REQ0019,SRC08,2024-10-26,20241026,S2,2,Withdrew,R04,0
APP00840,REQ0019,SRC05,2024-11-20,20241120,S3,3,Withdrew,R05,0
APP00841,REQ0019,SRC07,2024-10-28,20241028,S2,2,Rejected,R03,0
APP00842,REQ0019,SRC06,2024-10-24,20241024,S1,1,Rejected,R01,0
APP00843,REQ0019,SRC01,2024-11-02,20241102,S1,1,Rejected,R08,0
APP00844,REQ0019,SRC08,2024-11-11,20241111,S5,5,Withdrew,R04,0
APP00845,REQ0019,SRC01,2024-11-12,20241112,S2,2,Rejected,R03,0
APP00846,REQ0019,SRC06,2024-11-17,20241117,S1,1,Rejected,R01,0
APP00847,REQ0019,SRC06,2024-11-01,20241101,S2,2,Rejected,R03,0
APP00848,REQ0019,SRC01,2024-11-19,20241119,S8,8,Hired,R99,1
APP00849,REQ0019,SRC01,2024-10-24,20241024,S1,1,Withdrew,R05,0
APP00850,REQ0019,SRC02,2024-10-28,20241028,S1,1,Rejected,R01,0
APP00851,REQ0019,SRC02,2024-11-26,20241126,S1,1,Rejected,R01,0
APP00852,REQ0020,SRC01,2026-06-23,20260623,S1,1,Rejected,R01,0
APP00853,REQ0020,SRC07,2026-06-04,20260604,S3,3,Rejected,R02,0
APP00854,REQ0020,SRC02,2026-05-11,20260511,S2,2,Rejected,R08,0
APP00855,REQ0020,SRC07,2026-06-24,20260624,S1,1,Rejected,R01,0
APP00856,REQ0020,SRC02,2026-04-29,20260429,S3,3,Rejected,R01,0
APP00857,REQ0020,SRC02,2026-04-29,20260429,S2,2,Rejected,R08,0
APP00858,REQ0020,SRC04,2026-06-01,20260601,S1,1,Rejected,R01,0
APP00859,REQ0020,SRC06,2026-06-08,20260608,S1,1,Rejected,R08,0
APP00860,REQ0020,SRC03,2026-06-12,20260612,S1,1,Rejected,R08,0
APP00861,REQ0020,SRC03,2026-06-18,20260618,S3,3,In Process,R99,0
APP00862,REQ0020,SRC01,2026-05-22,20260522,S1,1,Rejected,R01,0
APP00863,REQ0020,SRC02,2026-05-29,20260529,S1,1,Rejected,R01,0
APP00864,REQ0020,SRC02,2026-06-22,20260622,S1,1,Rejected,R01,0
APP00865,REQ0020,SRC06,2026-05-02,20260502,S1,1,Rejected,R01,0
APP00866,REQ0020,SRC01,2026-05-09,20260509,S1,1,Withdrew,R05,0
APP00867,REQ0020,SRC06,2026-06-13,20260613,S1,1,Rejected,R01,0
APP00868,REQ0020,SRC02,2026-06-09,20260609,S1,1,Withdrew,R05,0
APP00869,REQ0020,SRC01,2026-06-23,20260623,S1,1,Withdrew,R05,0
APP00870,REQ0020,SRC01,2026-05-29,20260529,S1,1,Rejected,R01,0
APP00871,REQ0020,SRC04,2026-05-14,20260514,S3,3,Withdrew,R05,0
APP00872,REQ0020,SRC08,2026-06-18,20260618,S2,2,Rejected,R08,0
APP00873,REQ0020,SRC08,2026-05-18,20260518,S4,4,Rejected,R02,0
APP00874,REQ0020,SRC03,2026-06-25,20260625,S2,2,In Process,R99,0
APP00875,REQ0020,SRC01,2026-06-16,20260616,S1,1,Rejected,R01,0
APP00876,REQ0020,SRC03,2026-05-17,20260517,S1,1,Rejected,R08,0
APP00877,REQ0020,SRC06,2026-04-26,20260426,S4,4,Rejected,R02,0
APP00878,REQ0020,SRC02,2026-04-29,20260429,S3,3,Withdrew,R05,0
APP00879,REQ0020,SRC08,2026-06-19,20260619,S4,4,In Process,R99,0
APP00880,REQ0020,SRC08,2026-06-06,20260606,S4,4,Withdrew,R04,0
APP00881,REQ0020,SRC07,2026-04-25,20260425,S1,1,Rejected,R01,0
APP00882,REQ0020,SRC08,2026-05-28,20260528,S3,3,Withdrew,R05,0
APP00883,REQ0020,SRC06,2026-06-22,20260622,S1,1,Rejected,R01,0
APP00884,REQ0020,SRC06,2026-05-11,20260511,S1,1,Rejected,R08,0
APP00885,REQ0020,SRC06,2026-06-02,20260602,S2,2,Rejected,R03,0
APP00886,REQ0020,SRC08,2026-05-20,20260520,S2,2,Rejected,R03,0
APP00887,REQ0020,SRC01,2026-05-30,20260530,S1,1,Withdrew,R05,0
APP00888,REQ0020,SRC04,2026-04-24,20260424,S1,1,Rejected,R01,0
APP00889,REQ0020,SRC01,2026-06-03,20260603,S1,1,Rejected,R01,0
APP00890,REQ0020,SRC08,2026-04-27,20260427,S1,1,Rejected,R08,0
APP00891,REQ0021,SRC02,2025-10-27,20251027,S1,1,Rejected,R01,0
APP00892,REQ0021,SRC02,2025-11-10,20251110,S1,1,Rejected,R01,0
APP00893,REQ0021,SRC02,2025-10-15,20251015,S1,1,Rejected,R01,0
APP00894,REQ0021,SRC03,2025-12-04,20251204,S1,1,Withdrew,R05,0
APP00895,REQ0021,SRC02,2025-10-12,20251012,S1,1,Withdrew,R05,0
APP00896,REQ0021,SRC06,2025-11-05,20251105,S1,1,Rejected,R01,0
APP00897,REQ0021,SRC05,2025-11-14,20251114,S6,6,Rejected,R02,0
APP00898,REQ0021,SRC01,2025-10-29,20251029,S1,1,Rejected,R08,0
APP00899,REQ0021,SRC01,2025-11-05,20251105,S2,2,Withdrew,R05,0
APP00900,REQ0021,SRC08,2025-10-23,20251023,S5,5,Rejected,R07,0
APP00901,REQ0021,SRC07,2025-10-19,20251019,S6,6,Withdrew,R04,0
APP00902,REQ0021,SRC01,2025-12-17,20251217,S3,3,Withdrew,R04,0
APP00903,REQ0021,SRC03,2025-10-14,20251014,S5,5,Withdrew,R04,0
APP00904,REQ0021,SRC02,2025-12-23,20251223,S3,3,Rejected,R02,0
APP00905,REQ0021,SRC06,2025-12-20,20251220,S1,1,Rejected,R01,0
APP00906,REQ0021,SRC04,2025-12-12,20251212,S1,1,Rejected,R01,0
APP00907,REQ0021,SRC07,2025-10-30,20251030,S1,1,Rejected,R01,0
APP00908,REQ0021,SRC02,2025-10-21,20251021,S2,2,Withdrew,R04,0
APP00909,REQ0021,SRC02,2025-10-30,20251030,S1,1,Rejected,R08,0
APP00910,REQ0021,SRC01,2025-10-10,20251010,S1,1,Rejected,R01,0
APP00911,REQ0021,SRC03,2025-10-04,20251004,S2,2,Rejected,R03,0
APP00912,REQ0021,SRC06,2025-10-25,20251025,S1,1,Rejected,R01,0
APP00913,REQ0021,SRC05,2025-11-06,20251106,S3,3,Withdrew,R05,0
APP00914,REQ0021,SRC02,2025-11-07,20251107,S1,1,Rejected,R01,0
APP00915,REQ0021,SRC07,2025-12-06,20251206,S3,3,Rejected,R02,0
APP00916,REQ0021,SRC08,2025-12-22,20251222,S1,1,Rejected,R01,0
APP00917,REQ0021,SRC01,2025-12-13,20251213,S1,1,Rejected,R01,0
APP00918,REQ0021,SRC07,2025-10-19,20251019,S1,1,Rejected,R01,0
APP00919,REQ0021,SRC06,2025-11-21,20251121,S1,1,Rejected,R08,0
APP00920,REQ0021,SRC06,2025-12-17,20251217,S1,1,Rejected,R08,0
APP00921,REQ0021,SRC08,2025-10-24,20251024,S1,1,Rejected,R01,0
APP00922,REQ0021,SRC01,2025-10-10,20251010,S1,1,Rejected,R01,0
APP00923,REQ0021,SRC01,2025-12-17,20251217,S1,1,Rejected,R01,0
APP00924,REQ0021,SRC08,2025-12-18,20251218,S2,2,Rejected,R03,0
APP00925,REQ0021,SRC03,2025-11-13,20251113,S3,3,Withdrew,R04,0
APP00926,REQ0021,SRC04,2025-11-21,20251121,S1,1,Rejected,R01,0
APP00927,REQ0021,SRC05,2025-11-06,20251106,S2,2,Rejected,R08,0
APP00928,REQ0021,SRC07,2025-10-22,20251022,S3,3,Rejected,R02,0
APP00929,REQ0021,SRC01,2025-10-24,20251024,S8,8,Hired,R99,1
APP00930,REQ0021,SRC02,2025-11-23,20251123,S1,1,Rejected,R01,0
APP00931,REQ0021,SRC08,2025-12-26,20251226,S1,1,Rejected,R08,0
APP00932,REQ0021,SRC08,2025-10-28,20251028,S1,1,Rejected,R01,0
APP00933,REQ0021,SRC02,2025-12-21,20251221,S1,1,Withdrew,R05,0
APP00934,REQ0021,SRC05,2025-11-07,20251107,S1,1,Rejected,R01,0
APP00935,REQ0021,SRC06,2025-10-27,20251027,S3,3,Rejected,R01,0
APP00936,REQ0021,SRC01,2025-12-10,20251210,S3,3,Withdrew,R05,0
APP00937,REQ0021,SRC01,2025-12-12,20251212,S1,1,Withdrew,R05,0
APP00938,REQ0021,SRC02,2025-10-14,20251014,S1,1,Rejected,R01,0
APP00939,REQ0021,SRC01,2025-11-09,20251109,S1,1,Rejected,R01,0
APP00940,REQ0021,SRC01,2025-10-08,20251008,S1,1,Rejected,R08,0
APP00941,REQ0021,SRC06,2025-11-03,20251103,S1,1,Rejected,R08,0
APP00942,REQ0021,SRC01,2025-11-23,20251123,S8,8,Hired,R99,1
APP00943,REQ0022,SRC05,2024-04-10,20240410,S1,1,Rejected,R01,0
APP00944,REQ0022,SRC08,2024-04-05,20240405,S1,1,Rejected,R01,0
APP00945,REQ0022,SRC02,2024-04-13,20240413,S3,3,Rejected,R01,0
APP00946,REQ0022,SRC08,2024-04-02,20240402,S1,1,Rejected,R01,0
APP00947,REQ0022,SRC01,2024-04-08,20240408,S1,1,Rejected,R01,0
APP00948,REQ0022,SRC06,2024-04-04,20240404,S3,3,Withdrew,R05,0
APP00949,REQ0022,SRC01,2024-04-08,20240408,S3,3,Withdrew,R04,0
APP00950,REQ0022,SRC06,2024-04-09,20240409,S1,1,Rejected,R01,0
APP00951,REQ0022,SRC02,2024-04-04,20240404,S4,4,Rejected,R02,0
APP00952,REQ0022,SRC01,2024-04-04,20240404,S1,1,Withdrew,R05,0
APP00953,REQ0022,SRC02,2024-04-04,20240404,S2,2,Withdrew,R05,0
APP00954,REQ0022,SRC07,2024-04-13,20240413,S1,1,Withdrew,R05,0
APP00955,REQ0022,SRC06,2024-04-09,20240409,S1,1,Withdrew,R05,0
APP00956,REQ0022,SRC01,2024-04-05,20240405,S2,2,Rejected,R01,0
APP00957,REQ0022,SRC07,2024-04-08,20240408,S1,1,Rejected,R01,0
APP00958,REQ0022,SRC04,2024-04-03,20240403,S1,1,Rejected,R01,0
APP00959,REQ0022,SRC07,2024-04-02,20240402,S1,1,Rejected,R08,0
APP00960,REQ0022,SRC01,2024-04-07,20240407,S1,1,Withdrew,R05,0
APP00961,REQ0022,SRC02,2024-04-04,20240404,S1,1,Rejected,R01,0
APP00962,REQ0022,SRC07,2024-04-10,20240410,S1,1,Rejected,R01,0
APP00963,REQ0022,SRC01,2024-04-12,20240412,S1,1,Rejected,R01,0
APP00964,REQ0022,SRC06,2024-04-13,20240413,S4,4,Rejected,R07,0
APP00965,REQ0022,SRC04,2024-04-11,20240411,S7,7,Withdrew,R10,0
APP00966,REQ0022,SRC02,2024-04-10,20240410,S1,1,Withdrew,R05,0
APP00967,REQ0022,SRC01,2024-04-11,20240411,S1,1,Rejected,R01,0
APP00968,REQ0022,SRC04,2024-04-06,20240406,S1,1,Rejected,R01,0
APP00969,REQ0022,SRC01,2024-04-12,20240412,S8,8,Hired,R99,1
APP00970,REQ0022,SRC07,2024-04-05,20240405,S2,2,Rejected,R08,0
APP00971,REQ0022,SRC01,2024-04-08,20240408,S1,1,Withdrew,R05,0
APP00972,REQ0022,SRC06,2024-04-07,20240407,S1,1,Rejected,R01,0
APP00973,REQ0022,SRC05,2024-04-08,20240408,S4,4,Withdrew,R04,0
APP00974,REQ0022,SRC02,2024-04-03,20240403,S1,1,Rejected,R08,0
APP00975,REQ0022,SRC02,2024-04-13,20240413,S5,5,Rejected,R07,0
APP00976,REQ0022,SRC05,2024-04-04,20240404,S1,1,Withdrew,R05,0
APP00977,REQ0022,SRC01,2024-04-13,20240413,S1,1,Rejected,R01,0
APP00978,REQ0022,SRC08,2024-04-11,20240411,S1,1,Rejected,R01,0
APP00979,REQ0022,SRC03,2024-04-03,20240403,S1,1,Rejected,R01,0
APP00980,REQ0022,SRC02,2024-04-04,20240404,S1,1,Rejected,R01,0
APP00981,REQ0022,SRC01,2024-04-09,20240409,S3,3,Rejected,R07,0
APP00982,REQ0022,SRC08,2024-04-05,20240405,S3,3,Rejected,R01,0
APP00983,REQ0022,SRC06,2024-04-07,20240407,S1,1,Rejected,R01,0
APP00984,REQ0022,SRC03,2024-04-05,20240405,S1,1,Withdrew,R05,0
APP00985,REQ0023,SRC03,2025-08-19,20250819,S1,1,Rejected,R01,0
APP00986,REQ0023,SRC04,2025-10-15,20251015,S1,1,Rejected,R08,0
APP00987,REQ0023,SRC08,2025-09-20,20250920,S1,1,Withdrew,R05,0
APP00988,REQ0023,SRC06,2025-09-17,20250917,S2,2,Rejected,R08,0
APP00989,REQ0023,SRC02,2025-09-18,20250918,S1,1,Withdrew,R05,0
APP00990,REQ0023,SRC08,2025-07-31,20250731,S3,3,Rejected,R02,0
APP00991,REQ0023,SRC06,2025-09-27,20250927,S5,5,Withdrew,R04,0
APP00992,REQ0023,SRC06,2025-09-03,20250903,S1,1,Rejected,R01,0
APP00993,REQ0023,SRC08,2025-07-31,20250731,S1,1,Rejected,R01,0
APP00994,REQ0023,SRC02,2025-10-14,20251014,S1,1,Rejected,R01,0
APP00995,REQ0023,SRC03,2025-08-04,20250804,S1,1,Withdrew,R05,0
APP00996,REQ0023,SRC01,2025-09-15,20250915,S1,1,Rejected,R08,0
APP00997,REQ0023,SRC02,2025-08-16,20250816,S2,2,Rejected,R01,0
APP00998,REQ0023,SRC02,2025-09-12,20250912,S1,1,Withdrew,R05,0
APP00999,REQ0023,SRC02,2025-08-22,20250822,S1,1,Rejected,R01,0
APP01000,REQ0023,SRC01,2025-09-18,20250918,S3,3,Withdrew,R05,0
APP01001,REQ0023,SRC05,2025-07-31,20250731,S3,3,Rejected,R07,0
APP01002,REQ0023,SRC08,2025-10-16,20251016,S1,1,Rejected,R01,0
APP01003,REQ0023,SRC07,2025-08-26,20250826,S2,2,Rejected,R03,0
APP01004,REQ0023,SRC01,2025-08-10,20250810,S1,1,Rejected,R01,0
APP01005,REQ0023,SRC01,2025-08-24,20250824,S6,6,Withdrew,R04,0
APP01006,REQ0023,SRC01,2025-09-10,20250910,S1,1,Rejected,R01,0
APP01007,REQ0023,SRC01,2025-10-20,20251020,S1,1,Rejected,R01,0
APP01008,REQ0023,SRC01,2025-08-27,20250827,S2,2,Rejected,R03,0
APP01009,REQ0023,SRC02,2025-10-26,20251026,S5,5,Rejected,R03,0
APP01010,REQ0023,SRC01,2025-10-07,20251007,S1,1,Rejected,R08,0
APP01011,REQ0023,SRC07,2025-08-30,20250830,S3,3,Rejected,R07,0
APP01012,REQ0023,SRC02,2025-09-13,20250913,S1,1,Rejected,R01,0
APP01013,REQ0023,SRC08,2025-10-14,20251014,S1,1,Rejected,R01,0
APP01014,REQ0023,SRC08,2025-08-14,20250814,S1,1,Rejected,R01,0
APP01015,REQ0023,SRC02,2025-07-29,20250729,S1,1,Withdrew,R05,0
APP01016,REQ0023,SRC08,2025-09-12,20250912,S1,1,Rejected,R01,0
APP01017,REQ0023,SRC05,2025-08-15,20250815,S2,2,Rejected,R03,0
APP01018,REQ0023,SRC02,2025-09-04,20250904,S2,2,Withdrew,R04,0
APP01019,REQ0023,SRC01,2025-09-21,20250921,S1,1,Rejected,R01,0
APP01020,REQ0023,SRC06,2025-08-11,20250811,S1,1,Withdrew,R05,0
APP01021,REQ0023,SRC02,2025-08-08,20250808,S3,3,Withdrew,R05,0
APP01022,REQ0023,SRC07,2025-10-16,20251016,S8,8,Hired,R99,1
APP01023,REQ0023,SRC07,2025-10-20,20251020,S1,1,Rejected,R01,0
APP01024,REQ0023,SRC03,2025-08-11,20250811,S1,1,Withdrew,R05,0
APP01025,REQ0023,SRC08,2025-08-17,20250817,S2,2,Rejected,R01,0
APP01026,REQ0023,SRC05,2025-08-09,20250809,S1,1,Rejected,R01,0
APP01027,REQ0023,SRC07,2025-08-13,20250813,S1,1,Rejected,R01,0
APP01028,REQ0023,SRC07,2025-10-26,20251026,S5,5,Withdrew,R04,0
APP01029,REQ0023,SRC07,2025-10-08,20251008,S1,1,Rejected,R08,0
APP01030,REQ0023,SRC01,2025-09-02,20250902,S1,1,Rejected,R01,0
APP01031,REQ0023,SRC08,2025-08-09,20250809,S1,1,Rejected,R01,0
APP01032,REQ0023,SRC06,2025-10-17,20251017,S2,2,Rejected,R01,0
APP01033,REQ0023,SRC06,2025-08-17,20250817,S3,3,Rejected,R02,0
APP01034,REQ0023,SRC08,2025-10-04,20251004,S2,2,Rejected,R01,0
APP01035,REQ0023,SRC01,2025-08-10,20250810,S1,1,Rejected,R08,0
APP01036,REQ0023,SRC02,2025-08-18,20250818,S1,1,Rejected,R01,0
APP01037,REQ0023,SRC02,2025-09-08,20250908,S1,1,Rejected,R01,0
APP01038,REQ0023,SRC03,2025-08-29,20250829,S2,2,Withdrew,R05,0
APP01039,REQ0023,SRC02,2025-09-17,20250917,S1,1,Rejected,R01,0
APP01040,REQ0023,SRC01,2025-10-01,20251001,S2,2,Withdrew,R04,0
APP01041,REQ0023,SRC08,2025-08-24,20250824,S8,8,Hired,R99,1
APP01042,REQ0023,SRC03,2025-09-11,20250911,S2,2,Withdrew,R04,0
APP01043,REQ0023,SRC08,2025-10-07,20251007,S5,5,Rejected,R07,0
APP01044,REQ0023,SRC05,2025-10-12,20251012,S7,7,Rejected,R03,0
APP01045,REQ0023,SRC07,2025-09-22,20250922,S1,1,Withdrew,R05,0
APP01046,REQ0023,SRC06,2025-08-20,20250820,S1,1,Withdrew,R05,0
APP01047,REQ0023,SRC08,2025-08-03,20250803,S1,1,Rejected,R08,0
APP01048,REQ0023,SRC01,2025-09-10,20250910,S2,2,Rejected,R01,0
APP01049,REQ0023,SRC04,2025-09-02,20250902,S2,2,Rejected,R08,0
APP01050,REQ0024,SRC01,2026-03-02,20260302,S1,1,Rejected,R01,0
APP01051,REQ0024,SRC02,2026-02-25,20260225,S2,2,Rejected,R01,0
APP01052,REQ0024,SRC08,2026-02-26,20260226,S1,1,Rejected,R08,0
APP01053,REQ0024,SRC02,2026-02-24,20260224,S3,3,Rejected,R02,0
APP01054,REQ0024,SRC08,2026-02-26,20260226,S1,1,Rejected,R08,0
APP01055,REQ0024,SRC01,2026-02-25,20260225,S1,1,Rejected,R01,0
APP01056,REQ0024,SRC07,2026-02-23,20260223,S1,1,Withdrew,R05,0
APP01057,REQ0024,SRC01,2026-02-25,20260225,S1,1,Rejected,R01,0
APP01058,REQ0024,SRC08,2026-03-06,20260306,S1,1,Withdrew,R05,0
APP01059,REQ0024,SRC02,2026-02-22,20260222,S1,1,Rejected,R01,0
APP01060,REQ0024,SRC04,2026-03-02,20260302,S1,1,Rejected,R01,0
APP01061,REQ0024,SRC08,2026-02-28,20260228,S4,4,Withdrew,R04,0
APP01062,REQ0024,SRC03,2026-03-02,20260302,S1,1,Withdrew,R05,0
APP01063,REQ0024,SRC08,2026-02-20,20260220,S1,1,Withdrew,R05,0
APP01064,REQ0024,SRC01,2026-02-15,20260215,S1,1,Rejected,R01,0
APP01065,REQ0024,SRC01,2026-02-16,20260216,S1,1,Rejected,R01,0
APP01066,REQ0024,SRC06,2026-02-28,20260228,S1,1,Rejected,R01,0
APP01067,REQ0024,SRC02,2026-02-23,20260223,S1,1,Rejected,R01,0
APP01068,REQ0024,SRC07,2026-02-25,20260225,S1,1,Rejected,R01,0
APP01069,REQ0024,SRC01,2026-02-17,20260217,S2,2,Rejected,R08,0
APP01070,REQ0024,SRC08,2026-02-15,20260215,S8,8,Hired,R99,1
APP01071,REQ0024,SRC08,2026-03-03,20260303,S1,1,Rejected,R01,0
APP01072,REQ0024,SRC04,2026-03-01,20260301,S1,1,Rejected,R08,0
APP01073,REQ0024,SRC01,2026-02-24,20260224,S2,2,Rejected,R03,0
APP01074,REQ0024,SRC08,2026-03-04,20260304,S2,2,Withdrew,R05,0
APP01075,REQ0024,SRC01,2026-03-04,20260304,S1,1,Rejected,R01,0
APP01076,REQ0024,SRC04,2026-02-18,20260218,S1,1,Rejected,R01,0
APP01077,REQ0024,SRC08,2026-02-20,20260220,S1,1,Rejected,R01,0
APP01078,REQ0024,SRC01,2026-02-22,20260222,S1,1,Rejected,R01,0
APP01079,REQ0024,SRC08,2026-02-20,20260220,S5,5,Rejected,R07,0
APP01080,REQ0024,SRC01,2026-03-04,20260304,S1,1,Withdrew,R05,0
APP01081,REQ0024,SRC01,2026-03-02,20260302,S1,1,Rejected,R08,0
APP01082,REQ0024,SRC02,2026-03-06,20260306,S1,1,Rejected,R01,0
APP01083,REQ0024,SRC08,2026-02-22,20260222,S1,1,Rejected,R08,0
APP01084,REQ0024,SRC08,2026-02-18,20260218,S1,1,Rejected,R01,0
APP01085,REQ0024,SRC03,2026-02-20,20260220,S2,2,Withdrew,R04,0
APP01086,REQ0024,SRC02,2026-02-21,20260221,S1,1,Withdrew,R05,0
APP01087,REQ0024,SRC06,2026-02-14,20260214,S3,3,Withdrew,R04,0
APP01088,REQ0024,SRC01,2026-02-24,20260224,S1,1,Rejected,R01,0
APP01089,REQ0024,SRC06,2026-03-01,20260301,S2,2,Withdrew,R04,0
APP01090,REQ0025,SRC02,2024-12-04,20241204,S3,3,Rejected,R02,0
APP01091,REQ0025,SRC08,2024-11-28,20241128,S1,1,Rejected,R08,0
APP01092,REQ0025,SRC03,2024-11-20,20241120,S2,2,Rejected,R01,0
APP01093,REQ0025,SRC05,2024-11-29,20241129,S2,2,Rejected,R01,0
APP01094,REQ0025,SRC06,2024-11-08,20241108,S2,2,Rejected,R08,0
APP01095,REQ0025,SRC06,2024-12-08,20241208,S3,3,Rejected,R02,0
APP01096,REQ0025,SRC08,2024-12-08,20241208,S1,1,Rejected,R01,0
APP01097,REQ0025,SRC08,2024-12-11,20241211,S1,1,Rejected,R01,0
APP01098,REQ0025,SRC06,2024-11-28,20241128,S3,3,Withdrew,R05,0
APP01099,REQ0025,SRC03,2024-11-25,20241125,S1,1,Rejected,R01,0
APP01100,REQ0025,SRC02,2024-12-17,20241217,S1,1,Rejected,R01,0
APP01101,REQ0025,SRC01,2024-11-04,20241104,S1,1,Rejected,R08,0
APP01102,REQ0025,SRC01,2024-12-05,20241205,S3,3,Rejected,R02,0
APP01103,REQ0025,SRC02,2024-11-05,20241105,S1,1,Withdrew,R05,0
APP01104,REQ0025,SRC01,2024-12-11,20241211,S1,1,Rejected,R08,0
APP01105,REQ0025,SRC08,2024-11-29,20241129,S1,1,Withdrew,R05,0
APP01106,REQ0025,SRC07,2024-11-17,20241117,S2,2,Rejected,R01,0
APP01107,REQ0025,SRC02,2024-11-29,20241129,S1,1,Rejected,R08,0
APP01108,REQ0025,SRC04,2024-12-12,20241212,S5,5,Rejected,R03,0
APP01109,REQ0025,SRC02,2024-11-10,20241110,S2,2,Rejected,R08,0
APP01110,REQ0025,SRC04,2024-12-01,20241201,S1,1,Rejected,R08,0
APP01111,REQ0025,SRC04,2024-12-11,20241211,S2,2,Rejected,R03,0
APP01112,REQ0025,SRC02,2024-12-12,20241212,S1,1,Rejected,R01,0
APP01113,REQ0025,SRC01,2024-12-06,20241206,S1,1,Rejected,R01,0
APP01114,REQ0025,SRC01,2024-11-20,20241120,S2,2,Rejected,R08,0
APP01115,REQ0025,SRC03,2024-11-02,20241102,S1,1,Rejected,R01,0
APP01116,REQ0025,SRC03,2024-11-27,20241127,S1,1,Rejected,R01,0
APP01117,REQ0025,SRC08,2024-12-07,20241207,S8,8,Hired,R99,1
APP01118,REQ0025,SRC06,2024-11-09,20241109,S2,2,Withdrew,R05,0
APP01119,REQ0025,SRC01,2024-11-20,20241120,S1,1,Rejected,R01,0
APP01120,REQ0025,SRC07,2024-12-12,20241212,S1,1,Rejected,R01,0
APP01121,REQ0025,SRC08,2024-11-19,20241119,S2,2,Withdrew,R04,0
APP01122,REQ0025,SRC02,2024-12-03,20241203,S2,2,Withdrew,R05,0
APP01123,REQ0025,SRC07,2024-11-10,20241110,S6,6,Withdrew,R04,0
APP01124,REQ0025,SRC02,2024-11-09,20241109,S1,1,Withdrew,R05,0
APP01125,REQ0025,SRC02,2024-11-04,20241104,S1,1,Withdrew,R05,0
APP01126,REQ0025,SRC02,2024-11-13,20241113,S1,1,Rejected,R01,0
APP01127,REQ0025,SRC07,2024-11-11,20241111,S1,1,Rejected,R01,0
APP01128,REQ0025,SRC06,2024-12-02,20241202,S1,1,Rejected,R08,0
APP01129,REQ0025,SRC03,2024-11-25,20241125,S1,1,Withdrew,R05,0
APP01130,REQ0025,SRC01,2024-11-02,20241102,S1,1,Rejected,R01,0
APP01131,REQ0025,SRC05,2024-12-07,20241207,S1,1,Rejected,R01,0
APP01132,REQ0025,SRC01,2024-11-10,20241110,S1,1,Withdrew,R05,0
APP01133,REQ0025,SRC01,2024-11-12,20241112,S1,1,Rejected,R01,0
APP01134,REQ0025,SRC01,2024-11-04,20241104,S3,3,Rejected,R01,0
APP01135,REQ0025,SRC04,2024-11-20,20241120,S1,1,Rejected,R08,0
APP01136,REQ0025,SRC06,2024-11-30,20241130,S5,5,Withdrew,R04,0
APP01137,REQ0025,SRC07,2024-12-07,20241207,S1,1,Withdrew,R05,0
APP01138,REQ0026,SRC02,2025-02-13,20250213,S2,2,Rejected,R03,0
APP01139,REQ0026,SRC06,2025-02-17,20250217,S8,8,Hired,R99,1
APP01140,REQ0026,SRC01,2025-02-27,20250227,S2,2,Rejected,R01,0
APP01141,REQ0026,SRC06,2025-01-22,20250122,S2,2,Withdrew,R05,0
APP01142,REQ0026,SRC07,2025-01-29,20250129,S1,1,Withdrew,R05,0
APP01143,REQ0026,SRC02,2025-01-14,20250114,S3,3,Withdrew,R05,0
APP01144,REQ0026,SRC01,2025-01-28,20250128,S1,1,Rejected,R01,0
APP01145,REQ0026,SRC02,2025-02-07,20250207,S2,2,Withdrew,R04,0
APP01146,REQ0026,SRC06,2025-03-07,20250307,S2,2,Withdrew,R05,0
APP01147,REQ0026,SRC02,2025-01-17,20250117,S1,1,Rejected,R01,0
APP01148,REQ0026,SRC01,2025-02-19,20250219,S1,1,Rejected,R01,0
APP01149,REQ0026,SRC01,2025-03-15,20250315,S2,2,Rejected,R01,0
APP01150,REQ0026,SRC01,2025-02-14,20250214,S1,1,Rejected,R01,0
APP01151,REQ0026,SRC03,2025-03-04,20250304,S3,3,Rejected,R02,0
APP01152,REQ0026,SRC08,2025-02-02,20250202,S2,2,Withdrew,R04,0
APP01153,REQ0026,SRC05,2025-02-03,20250203,S4,4,Rejected,R02,0
APP01154,REQ0026,SRC08,2025-03-15,20250315,S3,3,Withdrew,R04,0
APP01155,REQ0026,SRC07,2025-02-08,20250208,S2,2,Rejected,R03,0
APP01156,REQ0026,SRC03,2025-02-13,20250213,S1,1,Rejected,R01,0
APP01157,REQ0026,SRC05,2025-02-26,20250226,S1,1,Rejected,R01,0
APP01158,REQ0026,SRC03,2025-03-11,20250311,S1,1,Withdrew,R05,0
APP01159,REQ0026,SRC03,2025-02-17,20250217,S3,3,Withdrew,R05,0
APP01160,REQ0026,SRC06,2025-01-15,20250115,S1,1,Rejected,R01,0
APP01161,REQ0026,SRC01,2025-01-24,20250124,S1,1,Rejected,R01,0
APP01162,REQ0026,SRC01,2025-02-06,20250206,S1,1,Rejected,R01,0
APP01163,REQ0026,SRC01,2025-03-10,20250310,S1,1,Rejected,R01,0
APP01164,REQ0026,SRC05,2025-03-17,20250317,S2,2,Withdrew,R05,0
APP01165,REQ0026,SRC07,2025-02-08,20250208,S1,1,Withdrew,R05,0
APP01166,REQ0026,SRC02,2025-01-22,20250122,S1,1,Rejected,R01,0
APP01167,REQ0026,SRC03,2025-03-02,20250302,S4,4,Rejected,R02,0
APP01168,REQ0027,SRC05,2024-10-07,20241007,S1,1,Rejected,R01,0
APP01169,REQ0027,SRC08,2024-10-09,20241009,S4,4,Rejected,R02,0
APP01170,REQ0027,SRC03,2024-09-28,20240928,S3,3,Rejected,R01,0
APP01171,REQ0027,SRC01,2024-10-20,20241020,S1,1,Rejected,R08,0
APP01172,REQ0027,SRC01,2024-10-14,20241014,S1,1,Rejected,R08,0
APP01173,REQ0027,SRC01,2024-10-24,20241024,S1,1,Rejected,R01,0
APP01174,REQ0027,SRC03,2024-10-10,20241010,S1,1,Rejected,R01,0
APP01175,REQ0027,SRC04,2024-10-10,20241010,S1,1,Rejected,R08,0
APP01176,REQ0027,SRC01,2024-10-03,20241003,S1,1,Rejected,R01,0
APP01177,REQ0027,SRC06,2024-10-10,20241010,S3,3,Rejected,R01,0
APP01178,REQ0027,SRC06,2024-09-19,20240919,S1,1,Rejected,R08,0
APP01179,REQ0027,SRC02,2024-10-18,20241018,S1,1,Rejected,R01,0
APP01180,REQ0027,SRC05,2024-09-21,20240921,S2,2,Withdrew,R04,0
APP01181,REQ0027,SRC04,2024-10-22,20241022,S1,1,Withdrew,R05,0
APP01182,REQ0027,SRC08,2024-09-22,20240922,S1,1,Rejected,R01,0
APP01183,REQ0027,SRC01,2024-10-18,20241018,S1,1,Rejected,R01,0
APP01184,REQ0027,SRC01,2024-09-30,20240930,S5,5,Rejected,R07,0
APP01185,REQ0027,SRC01,2024-10-02,20241002,S2,2,Rejected,R08,0
APP01186,REQ0027,SRC03,2024-09-18,20240918,S1,1,Rejected,R01,0
APP01187,REQ0027,SRC08,2024-10-22,20241022,S1,1,Rejected,R01,0
APP01188,REQ0027,SRC06,2024-09-26,20240926,S1,1,Rejected,R01,0
APP01189,REQ0027,SRC03,2024-10-08,20241008,S1,1,Rejected,R01,0
APP01190,REQ0027,SRC01,2024-09-27,20240927,S2,2,Withdrew,R04,0
APP01191,REQ0027,SRC05,2024-10-04,20241004,S1,1,Withdrew,R05,0
APP01192,REQ0027,SRC04,2024-10-11,20241011,S1,1,Rejected,R01,0
APP01193,REQ0027,SRC06,2024-09-30,20240930,S1,1,Withdrew,R05,0
APP01194,REQ0027,SRC08,2024-10-03,20241003,S2,2,Rejected,R08,0
APP01195,REQ0027,SRC06,2024-09-20,20240920,S3,3,Withdrew,R05,0
APP01196,REQ0027,SRC02,2024-10-10,20241010,S1,1,Rejected,R01,0
APP01197,REQ0027,SRC01,2024-10-02,20241002,S1,1,Rejected,R01,0
APP01198,REQ0027,SRC06,2024-09-18,20240918,S2,2,Withdrew,R05,0
APP01199,REQ0027,SRC06,2024-10-13,20241013,S1,1,Rejected,R01,0
APP01200,REQ0027,SRC07,2024-09-25,20240925,S3,3,Rejected,R07,0
APP01201,REQ0027,SRC08,2024-10-16,20241016,S1,1,Withdrew,R05,0
APP01202,REQ0027,SRC01,2024-10-09,20241009,S3,3,Withdrew,R04,0
APP01203,REQ0027,SRC02,2024-10-14,20241014,S3,3,Withdrew,R05,0
APP01204,REQ0027,SRC02,2024-10-07,20241007,S3,3,Rejected,R07,0
APP01205,REQ0027,SRC03,2024-09-22,20240922,S2,2,Rejected,R03,0
APP01206,REQ0027,SRC01,2024-09-28,20240928,S3,3,Rejected,R01,0
APP01207,REQ0027,SRC01,2024-10-03,20241003,S1,1,Rejected,R01,0
APP01208,REQ0027,SRC01,2024-10-14,20241014,S1,1,Withdrew,R05,0
APP01209,REQ0027,SRC06,2024-09-29,20240929,S2,2,Withdrew,R05,0
APP01210,REQ0027,SRC04,2024-10-02,20241002,S1,1,Rejected,R08,0
APP01211,REQ0027,SRC06,2024-10-13,20241013,S1,1,Rejected,R08,0
APP01212,REQ0027,SRC07,2024-10-15,20241015,S4,4,Rejected,R07,0
APP01213,REQ0027,SRC01,2024-09-26,20240926,S1,1,Withdrew,R05,0
APP01214,REQ0027,SRC08,2024-09-25,20240925,S1,1,Rejected,R08,0
APP01215,REQ0027,SRC03,2024-10-07,20241007,S3,3,Rejected,R02,0
APP01216,REQ0027,SRC07,2024-10-17,20241017,S1,1,Rejected,R01,0
APP01217,REQ0027,SRC06,2024-09-19,20240919,S3,3,Withdrew,R05,0
APP01218,REQ0027,SRC01,2024-10-19,20241019,S1,1,Withdrew,R05,0
APP01219,REQ0027,SRC08,2024-09-20,20240920,S1,1,Rejected,R01,0
APP01220,REQ0027,SRC02,2024-10-17,20241017,S1,1,Rejected,R01,0
APP01221,REQ0027,SRC01,2024-10-09,20241009,S3,3,Withdrew,R05,0
APP01222,REQ0027,SRC07,2024-10-05,20241005,S1,1,Withdrew,R05,0
APP01223,REQ0027,SRC01,2024-09-19,20240919,S3,3,Rejected,R02,0
APP01224,REQ0027,SRC03,2024-09-19,20240919,S1,1,Withdrew,R05,0
APP01225,REQ0027,SRC01,2024-10-19,20241019,S1,1,Rejected,R01,0
APP01226,REQ0027,SRC01,2024-10-20,20241020,S1,1,Rejected,R01,0
APP01227,REQ0027,SRC04,2024-10-05,20241005,S3,3,Withdrew,R05,0
APP01228,REQ0027,SRC01,2024-10-03,20241003,S8,8,Hired,R99,1
APP01229,REQ0027,SRC06,2024-09-30,20240930,S1,1,Rejected,R01,0
APP01230,REQ0027,SRC01,2024-10-02,20241002,S1,1,Rejected,R01,0
APP01231,REQ0028,SRC07,2025-05-30,20250530,S8,8,Hired,R99,1
APP01232,REQ0028,SRC01,2025-05-26,20250526,S2,2,Withdrew,R05,0
APP01233,REQ0028,SRC04,2025-05-28,20250528,S8,8,Hired,R99,1
APP01234,REQ0028,SRC06,2025-05-21,20250521,S1,1,Withdrew,R05,0
APP01235,REQ0028,SRC08,2025-06-04,20250604,S1,1,Rejected,R01,0
APP01236,REQ0028,SRC02,2025-05-31,20250531,S1,1,Rejected,R01,0
APP01237,REQ0028,SRC08,2025-05-29,20250529,S8,8,Hired,R99,1
APP01238,REQ0028,SRC07,2025-06-03,20250603,S8,8,Hired,R99,1
APP01239,REQ0028,SRC06,2025-05-24,20250524,S1,1,Withdrew,R05,0
APP01240,REQ0028,SRC02,2025-05-29,20250529,S2,2,Rejected,R08,0
APP01241,REQ0028,SRC01,2025-05-21,20250521,S1,1,Rejected,R08,0
APP01242,REQ0028,SRC08,2025-05-28,20250528,S2,2,Rejected,R01,0
APP01243,REQ0028,SRC08,2025-05-25,20250525,S1,1,Rejected,R01,0
APP01244,REQ0028,SRC01,2025-05-27,20250527,S5,5,Withdrew,R04,0
APP01245,REQ0028,SRC08,2025-06-05,20250605,S1,1,Rejected,R01,0
APP01246,REQ0028,SRC01,2025-05-30,20250530,S8,8,Hired,R99,1
APP01247,REQ0028,SRC03,2025-05-28,20250528,S3,3,Rejected,R01,0
APP01248,REQ0028,SRC08,2025-05-21,20250521,S1,1,Rejected,R01,0
APP01249,REQ0028,SRC03,2025-05-29,20250529,S1,1,Rejected,R08,0
APP01250,REQ0028,SRC07,2025-05-23,20250523,S2,2,Rejected,R03,0
APP01251,REQ0028,SRC06,2025-05-31,20250531,S1,1,Rejected,R01,0
APP01252,REQ0028,SRC03,2025-06-04,20250604,S1,1,Rejected,R01,0
APP01253,REQ0028,SRC06,2025-05-24,20250524,S1,1,Rejected,R08,0
APP01254,REQ0028,SRC02,2025-05-31,20250531,S2,2,Withdrew,R05,0
APP01255,REQ0028,SRC04,2025-05-22,20250522,S1,1,Withdrew,R05,0
APP01256,REQ0028,SRC01,2025-06-02,20250602,S1,1,Rejected,R01,0
APP01257,REQ0028,SRC04,2025-05-24,20250524,S1,1,Withdrew,R05,0
APP01258,REQ0028,SRC03,2025-05-24,20250524,S1,1,Rejected,R08,0
APP01259,REQ0028,SRC01,2025-05-30,20250530,S1,1,Withdrew,R05,0
APP01260,REQ0028,SRC08,2025-05-29,20250529,S1,1,Rejected,R01,0
APP01261,REQ0028,SRC01,2025-05-21,20250521,S2,2,Rejected,R08,0
APP01262,REQ0028,SRC01,2025-05-24,20250524,S2,2,Withdrew,R05,0
APP01263,REQ0028,SRC02,2025-06-01,20250601,S6,6,Rejected,R02,0
APP01264,REQ0029,SRC01,2026-05-25,20260525,S3,3,Rejected,R02,0
APP01265,REQ0029,SRC01,2026-06-22,20260622,S2,2,Withdrew,R04,0
APP01266,REQ0029,SRC06,2026-05-26,20260526,S1,1,Rejected,R01,0
APP01267,REQ0029,SRC08,2026-06-18,20260618,S3,3,Rejected,R02,0
APP01268,REQ0029,SRC01,2026-06-27,20260627,S1,1,Rejected,R01,0
APP01269,REQ0029,SRC01,2026-06-16,20260616,S4,4,In Process,R99,0
APP01270,REQ0029,SRC06,2026-05-26,20260526,S1,1,Rejected,R08,0
APP01271,REQ0029,SRC01,2026-06-07,20260607,S1,1,Rejected,R08,0
APP01272,REQ0029,SRC03,2026-06-01,20260601,S5,5,Withdrew,R04,0
APP01273,REQ0029,SRC03,2026-06-11,20260611,S1,1,Rejected,R08,0
APP01274,REQ0029,SRC06,2026-06-09,20260609,S1,1,Withdrew,R05,0
APP01275,REQ0029,SRC02,2026-05-30,20260530,S1,1,Rejected,R08,0
APP01276,REQ0029,SRC06,2026-06-03,20260603,S1,1,Withdrew,R05,0
APP01277,REQ0029,SRC03,2026-06-02,20260602,S5,5,In Process,R99,0
APP01278,REQ0029,SRC03,2026-06-16,20260616,S1,1,Rejected,R01,0
APP01279,REQ0029,SRC07,2026-06-07,20260607,S1,1,Withdrew,R05,0
APP01280,REQ0029,SRC01,2026-06-25,20260625,S2,2,Withdrew,R04,0
APP01281,REQ0029,SRC07,2026-06-25,20260625,S1,1,Rejected,R01,0
APP01282,REQ0029,SRC04,2026-06-17,20260617,S3,3,In Process,R99,0
APP01283,REQ0029,SRC07,2026-06-01,20260601,S2,2,Rejected,R01,0
APP01284,REQ0029,SRC01,2026-06-02,20260602,S2,2,Withdrew,R05,0
APP01285,REQ0029,SRC05,2026-06-20,20260620,S1,1,Rejected,R08,0
APP01286,REQ0029,SRC02,2026-06-15,20260615,S1,1,Rejected,R01,0
APP01287,REQ0029,SRC08,2026-06-09,20260609,S2,2,Rejected,R08,0
APP01288,REQ0029,SRC01,2026-06-27,20260627,S2,2,In Process,R99,0
APP01289,REQ0029,SRC05,2026-06-10,20260610,S1,1,Rejected,R08,0
APP01290,REQ0029,SRC08,2026-06-23,20260623,S1,1,Rejected,R01,0
APP01291,REQ0029,SRC02,2026-06-21,20260621,S1,1,Withdrew,R05,0
APP01292,REQ0029,SRC02,2026-05-24,20260524,S3,3,Withdrew,R05,0
APP01293,REQ0029,SRC08,2026-06-03,20260603,S2,2,Rejected,R01,0
APP01294,REQ0029,SRC07,2026-06-17,20260617,S1,1,Rejected,R08,0
APP01295,REQ0029,SRC05,2026-06-17,20260617,S3,3,Withdrew,R04,0
APP01296,REQ0029,SRC02,2026-06-05,20260605,S2,2,Withdrew,R05,0
APP01297,REQ0029,SRC02,2026-05-31,20260531,S1,1,Rejected,R08,0
APP01298,REQ0030,SRC05,2026-03-31,20260331,S2,2,Withdrew,R05,0
APP01299,REQ0030,SRC03,2026-03-03,20260303,S2,2,Rejected,R08,0
APP01300,REQ0030,SRC01,2026-03-12,20260312,S1,1,Rejected,R01,0
APP01301,REQ0030,SRC08,2026-03-01,20260301,S1,1,Rejected,R01,0
APP01302,REQ0030,SRC02,2026-03-16,20260316,S1,1,Withdrew,R05,0
APP01303,REQ0030,SRC01,2026-03-09,20260309,S5,5,Withdrew,R04,0
APP01304,REQ0030,SRC08,2026-03-12,20260312,S1,1,Rejected,R01,0
APP01305,REQ0030,SRC08,2026-03-09,20260309,S2,2,Withdrew,R05,0
APP01306,REQ0030,SRC07,2026-03-24,20260324,S1,1,Rejected,R01,0
APP01307,REQ0030,SRC02,2026-03-14,20260314,S1,1,Rejected,R01,0
APP01308,REQ0030,SRC02,2026-03-05,20260305,S2,2,Withdrew,R05,0
APP01309,REQ0030,SRC07,2026-03-19,20260319,S2,2,Withdrew,R05,0
APP01310,REQ0030,SRC03,2026-03-06,20260306,S1,1,Rejected,R01,0
APP01311,REQ0030,SRC01,2026-03-24,20260324,S2,2,Withdrew,R04,0
APP01312,REQ0030,SRC07,2026-03-19,20260319,S1,1,Rejected,R01,0
APP01313,REQ0030,SRC02,2026-03-21,20260321,S3,3,Withdrew,R04,0
APP01314,REQ0030,SRC08,2026-03-22,20260322,S2,2,Withdrew,R04,0
APP01315,REQ0030,SRC05,2026-03-03,20260303,S7,7,Withdrew,R10,0
APP01316,REQ0030,SRC01,2026-03-12,20260312,S3,3,Withdrew,R05,0
APP01317,REQ0030,SRC05,2026-04-02,20260402,S1,1,Rejected,R01,0
APP01318,REQ0030,SRC06,2026-03-30,20260330,S3,3,Withdrew,R04,0
APP01319,REQ0030,SRC01,2026-02-27,20260227,S1,1,Rejected,R01,0
APP01320,REQ0030,SRC01,2026-03-31,20260331,S1,1,Withdrew,R05,0
APP01321,REQ0030,SRC06,2026-03-06,20260306,S1,1,Rejected,R08,0
APP01322,REQ0030,SRC02,2026-04-05,20260405,S1,1,Rejected,R01,0
APP01323,REQ0030,SRC06,2026-02-26,20260226,S1,1,Rejected,R01,0
APP01324,REQ0030,SRC06,2026-04-06,20260406,S4,4,Rejected,R02,0
APP01325,REQ0030,SRC01,2026-03-11,20260311,S1,1,Rejected,R01,0
APP01326,REQ0030,SRC03,2026-03-27,20260327,S5,5,Rejected,R07,0
APP01327,REQ0030,SRC08,2026-04-06,20260406,S1,1,Rejected,R01,0
APP01328,REQ0031,SRC04,2024-03-23,20240323,S1,1,Rejected,R01,0
APP01329,REQ0031,SRC01,2024-04-19,20240419,S6,6,Rejected,R07,0
APP01330,REQ0031,SRC04,2024-03-28,20240328,S3,3,Withdrew,R05,0
APP01331,REQ0031,SRC08,2024-04-09,20240409,S2,2,Rejected,R03,0
APP01332,REQ0031,SRC01,2024-04-18,20240418,S1,1,Rejected,R08,0
APP01333,REQ0031,SRC06,2024-03-24,20240324,S1,1,Rejected,R01,0
APP01334,REQ0031,SRC06,2024-04-14,20240414,S1,1,Rejected,R01,0
APP01335,REQ0031,SRC08,2024-03-27,20240327,S1,1,Rejected,R01,0
APP01336,REQ0031,SRC02,2024-03-24,20240324,S2,2,Withdrew,R04,0
APP01337,REQ0031,SRC02,2024-04-05,20240405,S3,3,Rejected,R07,0
APP01338,REQ0031,SRC01,2024-04-05,20240405,S1,1,Withdrew,R05,0
APP01339,REQ0031,SRC08,2024-04-20,20240420,S1,1,Withdrew,R05,0
APP01340,REQ0031,SRC02,2024-03-30,20240330,S2,2,Rejected,R01,0
APP01341,REQ0031,SRC08,2024-04-06,20240406,S3,3,Withdrew,R04,0
APP01342,REQ0031,SRC02,2024-03-25,20240325,S6,6,Rejected,R07,0
APP01343,REQ0031,SRC07,2024-03-30,20240330,S1,1,Rejected,R01,0
APP01344,REQ0031,SRC01,2024-03-29,20240329,S1,1,Rejected,R01,0
APP01345,REQ0031,SRC08,2024-03-24,20240324,S1,1,Withdrew,R05,0
APP01346,REQ0031,SRC03,2024-04-02,20240402,S1,1,Withdrew,R05,0
APP01347,REQ0031,SRC02,2024-04-09,20240409,S1,1,Rejected,R01,0
APP01348,REQ0031,SRC06,2024-04-17,20240417,S1,1,Rejected,R01,0
APP01349,REQ0031,SRC06,2024-04-02,20240402,S1,1,Rejected,R08,0
APP01350,REQ0031,SRC01,2024-04-12,20240412,S4,4,Rejected,R07,0
APP01351,REQ0031,SRC03,2024-04-06,20240406,S1,1,Rejected,R01,0
APP01352,REQ0031,SRC03,2024-04-06,20240406,S1,1,Rejected,R01,0
APP01353,REQ0031,SRC03,2024-04-18,20240418,S1,1,Rejected,R01,0
APP01354,REQ0031,SRC01,2024-03-31,20240331,S1,1,Rejected,R01,0
APP01355,REQ0031,SRC01,2024-03-27,20240327,S1,1,Rejected,R01,0
APP01356,REQ0031,SRC06,2024-04-13,20240413,S1,1,Withdrew,R05,0
APP01357,REQ0031,SRC02,2024-04-05,20240405,S1,1,Rejected,R01,0
APP01358,REQ0031,SRC03,2024-04-21,20240421,S3,3,Withdrew,R04,0
APP01359,REQ0031,SRC06,2024-04-16,20240416,S2,2,Rejected,R01,0
APP01360,REQ0031,SRC06,2024-04-11,20240411,S2,2,Withdrew,R04,0
APP01361,REQ0031,SRC01,2024-04-19,20240419,S4,4,Withdrew,R04,0
APP01362,REQ0031,SRC01,2024-04-20,20240420,S1,1,Rejected,R01,0
APP01363,REQ0031,SRC08,2024-04-01,20240401,S6,6,Rejected,R03,0
APP01364,REQ0031,SRC01,2024-04-09,20240409,S1,1,Rejected,R01,0
APP01365,REQ0031,SRC02,2024-04-07,20240407,S2,2,Rejected,R08,0
APP01366,REQ0032,SRC06,2024-10-03,20241003,S5,5,Rejected,R03,0
APP01367,REQ0032,SRC01,2024-10-03,20241003,S1,1,Rejected,R01,0
APP01368,REQ0032,SRC02,2024-09-23,20240923,S1,1,Rejected,R01,0
APP01369,REQ0032,SRC01,2024-09-23,20240923,S1,1,Rejected,R01,0
APP01370,REQ0032,SRC05,2024-10-01,20241001,S1,1,Withdrew,R05,0
APP01371,REQ0032,SRC03,2024-09-23,20240923,S2,2,Rejected,R08,0
APP01372,REQ0032,SRC02,2024-10-11,20241011,S1,1,Withdrew,R05,0
APP01373,REQ0032,SRC07,2024-10-12,20241012,S1,1,Rejected,R08,0
APP01374,REQ0032,SRC05,2024-10-11,20241011,S2,2,Rejected,R03,0
APP01375,REQ0032,SRC08,2024-10-03,20241003,S3,3,Rejected,R02,0
APP01376,REQ0032,SRC01,2024-10-13,20241013,S1,1,Rejected,R01,0
APP01377,REQ0032,SRC02,2024-10-06,20241006,S6,6,Rejected,R03,0
APP01378,REQ0032,SRC01,2024-10-01,20241001,S3,3,Rejected,R07,0
APP01379,REQ0032,SRC06,2024-09-28,20240928,S1,1,Rejected,R01,0
APP01380,REQ0032,SRC08,2024-10-12,20241012,S1,1,Rejected,R01,0
APP01381,REQ0032,SRC07,2024-09-23,20240923,S8,8,Hired,R99,1
APP01382,REQ0032,SRC03,2024-10-13,20241013,S1,1,Rejected,R01,0
APP01383,REQ0032,SRC07,2024-10-13,20241013,S2,2,Withdrew,R05,0
APP01384,REQ0032,SRC07,2024-10-14,20241014,S4,4,Withdrew,R04,0
APP01385,REQ0032,SRC02,2024-10-02,20241002,S2,2,Rejected,R03,0
APP01386,REQ0032,SRC02,2024-09-26,20240926,S2,2,Rejected,R08,0
APP01387,REQ0032,SRC03,2024-09-24,20240924,S1,1,Rejected,R01,0
APP01388,REQ0032,SRC02,2024-10-02,20241002,S1,1,Withdrew,R05,0
APP01389,REQ0032,SRC01,2024-09-27,20240927,S1,1,Rejected,R01,0
APP01390,REQ0032,SRC06,2024-10-07,20241007,S1,1,Withdrew,R05,0
APP01391,REQ0032,SRC01,2024-10-05,20241005,S3,3,Withdrew,R05,0
APP01392,REQ0032,SRC02,2024-10-09,20241009,S2,2,Rejected,R01,0
APP01393,REQ0032,SRC05,2024-09-28,20240928,S1,1,Rejected,R01,0
APP01394,REQ0032,SRC06,2024-09-29,20240929,S1,1,Rejected,R08,0
APP01395,REQ0032,SRC06,2024-10-06,20241006,S6,6,Rejected,R03,0
APP01396,REQ0032,SRC08,2024-10-02,20241002,S8,8,Hired,R99,1
APP01397,REQ0032,SRC07,2024-10-11,20241011,S1,1,Withdrew,R05,0
APP01398,REQ0032,SRC01,2024-10-09,20241009,S3,3,Rejected,R01,0
APP01399,REQ0032,SRC02,2024-09-26,20240926,S1,1,Rejected,R08,0
APP01400,REQ0032,SRC02,2024-09-27,20240927,S1,1,Withdrew,R05,0
APP01401,REQ0032,SRC01,2024-09-30,20240930,S3,3,Rejected,R01,0
APP01402,REQ0032,SRC01,2024-09-30,20240930,S1,1,Withdrew,R05,0
APP01403,REQ0032,SRC01,2024-10-03,20241003,S1,1,Rejected,R08,0
APP01404,REQ0032,SRC08,2024-09-24,20240924,S1,1,Rejected,R01,0
APP01405,REQ0032,SRC05,2024-09-30,20240930,S3,3,Rejected,R07,0
APP01406,REQ0032,SRC07,2024-10-07,20241007,S1,1,Rejected,R01,0
APP01407,REQ0032,SRC07,2024-10-01,20241001,S1,1,Rejected,R01,0
APP01408,REQ0032,SRC07,2024-10-11,20241011,S1,1,Rejected,R01,0
APP01409,REQ0032,SRC08,2024-10-10,20241010,S1,1,Rejected,R01,0
APP01410,REQ0032,SRC08,2024-10-09,20241009,S1,1,Rejected,R01,0
APP01411,REQ0032,SRC08,2024-09-27,20240927,S1,1,Withdrew,R05,0
APP01412,REQ0032,SRC06,2024-10-13,20241013,S1,1,Rejected,R01,0
APP01413,REQ0032,SRC03,2024-09-27,20240927,S1,1,Rejected,R08,0
APP01414,REQ0032,SRC01,2024-09-30,20240930,S1,1,Rejected,R01,0
APP01415,REQ0032,SRC01,2024-10-03,20241003,S1,1,Rejected,R08,0
APP01416,REQ0032,SRC08,2024-10-11,20241011,S1,1,Rejected,R01,0
APP01417,REQ0032,SRC01,2024-10-13,20241013,S1,1,Rejected,R01,0
APP01418,REQ0032,SRC01,2024-10-10,20241010,S1,1,Rejected,R08,0
APP01419,REQ0032,SRC06,2024-10-13,20241013,S3,3,Withdrew,R04,0
APP01420,REQ0032,SRC01,2024-10-14,20241014,S2,2,Rejected,R03,0
APP01421,REQ0032,SRC01,2024-09-24,20240924,S1,1,Withdrew,R05,0
APP01422,REQ0032,SRC05,2024-09-24,20240924,S1,1,Rejected,R08,0
APP01423,REQ0032,SRC08,2024-10-11,20241011,S2,2,Rejected,R01,0
APP01424,REQ0032,SRC01,2024-10-09,20241009,S3,3,Rejected,R02,0
APP01425,REQ0032,SRC06,2024-10-06,20241006,S1,1,Withdrew,R05,0
APP01426,REQ0032,SRC01,2024-10-02,20241002,S2,2,Withdrew,R04,0
APP01427,REQ0032,SRC06,2024-09-30,20240930,S1,1,Withdrew,R05,0
APP01428,REQ0032,SRC07,2024-09-25,20240925,S1,1,Rejected,R01,0
APP01429,REQ0033,SRC07,2026-05-30,20260530,S3,3,Withdrew,R04,0
APP01430,REQ0033,SRC02,2026-06-07,20260607,S1,1,Withdrew,R05,0
APP01431,REQ0033,SRC01,2026-06-26,20260626,S1,1,Rejected,R01,0
APP01432,REQ0033,SRC05,2026-06-17,20260617,S1,1,Rejected,R01,0
APP01433,REQ0033,SRC02,2026-05-31,20260531,S4,4,Withdrew,R04,0
APP01434,REQ0033,SRC01,2026-05-14,20260514,S1,1,Rejected,R01,0
APP01435,REQ0033,SRC01,2026-06-07,20260607,S4,4,Rejected,R02,0
APP01436,REQ0033,SRC06,2026-05-25,20260525,S2,2,Rejected,R08,0
APP01437,REQ0033,SRC01,2026-06-07,20260607,S1,1,Rejected,R01,0
APP01438,REQ0033,SRC05,2026-05-23,20260523,S1,1,Withdrew,R05,0
APP01439,REQ0033,SRC01,2026-06-24,20260624,S1,1,Rejected,R01,0
APP01440,REQ0033,SRC01,2026-06-24,20260624,S2,2,Withdrew,R05,0
APP01441,REQ0033,SRC07,2026-06-06,20260606,S1,1,Rejected,R08,0
APP01442,REQ0033,SRC06,2026-05-26,20260526,S1,1,Withdrew,R05,0
APP01443,REQ0033,SRC01,2026-06-16,20260616,S1,1,Rejected,R08,0
APP01444,REQ0033,SRC06,2026-06-24,20260624,S1,1,Rejected,R08,0
APP01445,REQ0033,SRC06,2026-06-15,20260615,S1,1,Rejected,R01,0
APP01446,REQ0033,SRC01,2026-05-24,20260524,S1,1,Rejected,R01,0
APP01447,REQ0033,SRC08,2026-06-02,20260602,S2,2,Withdrew,R04,0
APP01448,REQ0033,SRC08,2026-05-20,20260520,S2,2,Rejected,R03,0
APP01449,REQ0033,SRC01,2026-05-15,20260515,S1,1,Withdrew,R05,0
APP01450,REQ0033,SRC03,2026-05-29,20260529,S1,1,Rejected,R01,0
APP01451,REQ0033,SRC07,2026-05-14,20260514,S5,5,Withdrew,R04,0
APP01452,REQ0033,SRC04,2026-06-03,20260603,S1,1,Rejected,R01,0
APP01453,REQ0033,SRC05,2026-06-20,20260620,S1,1,Rejected,R01,0
APP01454,REQ0033,SRC06,2026-06-21,20260621,S2,2,Rejected,R08,0
APP01455,REQ0033,SRC07,2026-05-28,20260528,S1,1,Withdrew,R05,0
APP01456,REQ0033,SRC06,2026-05-25,20260525,S2,2,Rejected,R03,0
APP01457,REQ0033,SRC01,2026-05-30,20260530,S1,1,Withdrew,R05,0
APP01458,REQ0033,SRC01,2026-05-28,20260528,S5,5,Rejected,R03,0
APP01459,REQ0033,SRC02,2026-05-26,20260526,S1,1,Rejected,R01,0
APP01460,REQ0033,SRC01,2026-06-09,20260609,S1,1,Withdrew,R05,0
APP01461,REQ0033,SRC01,2026-06-19,20260619,S3,3,Withdrew,R05,0
APP01462,REQ0033,SRC01,2026-06-21,20260621,S3,3,Rejected,R07,0
APP01463,REQ0033,SRC02,2026-06-07,20260607,S1,1,Withdrew,R05,0
APP01464,REQ0033,SRC01,2026-05-14,20260514,S1,1,Rejected,R01,0
APP01465,REQ0033,SRC07,2026-05-31,20260531,S3,3,Rejected,R07,0
APP01466,REQ0033,SRC08,2026-05-19,20260519,S1,1,Rejected,R01,0
APP01467,REQ0033,SRC01,2026-06-19,20260619,S1,1,Rejected,R01,0
APP01468,REQ0033,SRC07,2026-05-16,20260516,S3,3,Rejected,R07,0
APP01469,REQ0033,SRC03,2026-05-30,20260530,S1,1,Rejected,R08,0
APP01470,REQ0033,SRC06,2026-06-04,20260604,S1,1,Rejected,R08,0
APP01471,REQ0033,SRC06,2026-06-22,20260622,S3,3,In Process,R99,0
APP01472,REQ0034,SRC02,2024-11-18,20241118,S1,1,Rejected,R01,0
APP01473,REQ0034,SRC06,2024-11-22,20241122,S1,1,Rejected,R08,0
APP01474,REQ0034,SRC01,2024-11-25,20241125,S1,1,Withdrew,R05,0
APP01475,REQ0034,SRC06,2024-11-11,20241111,S2,2,Rejected,R08,0
APP01476,REQ0034,SRC04,2024-12-16,20241216,S1,1,Rejected,R01,0
APP01477,REQ0034,SRC06,2024-11-17,20241117,S2,2,Rejected,R08,0
APP01478,REQ0034,SRC04,2024-11-28,20241128,S1,1,Rejected,R01,0
APP01479,REQ0034,SRC01,2024-11-23,20241123,S1,1,Rejected,R08,0
APP01480,REQ0034,SRC03,2024-12-14,20241214,S2,2,Withdrew,R04,0
APP01481,REQ0034,SRC08,2024-11-13,20241113,S1,1,Rejected,R01,0
APP01482,REQ0034,SRC08,2024-11-24,20241124,S2,2,Rejected,R01,0
APP01483,REQ0034,SRC06,2024-11-14,20241114,S1,1,Rejected,R01,0
APP01484,REQ0034,SRC07,2024-12-04,20241204,S1,1,Rejected,R01,0
APP01485,REQ0034,SRC01,2024-12-10,20241210,S1,1,Rejected,R01,0
APP01486,REQ0034,SRC06,2024-12-03,20241203,S1,1,Rejected,R01,0
APP01487,REQ0034,SRC08,2024-12-18,20241218,S2,2,Rejected,R08,0
APP01488,REQ0034,SRC03,2024-12-06,20241206,S1,1,Rejected,R08,0
APP01489,REQ0034,SRC02,2024-12-01,20241201,S3,3,Withdrew,R04,0
APP01490,REQ0034,SRC02,2024-11-28,20241128,S1,1,Rejected,R08,0
APP01491,REQ0034,SRC08,2024-11-22,20241122,S1,1,Withdrew,R05,0
APP01492,REQ0034,SRC07,2024-11-16,20241116,S3,3,Withdrew,R04,0
APP01493,REQ0034,SRC03,2024-11-11,20241111,S2,2,Withdrew,R04,0
APP01494,REQ0034,SRC01,2024-11-09,20241109,S1,1,Rejected,R01,0
APP01495,REQ0034,SRC01,2024-11-07,20241107,S3,3,Rejected,R07,0
APP01496,REQ0034,SRC03,2024-11-22,20241122,S1,1,Withdrew,R05,0
APP01497,REQ0034,SRC08,2024-12-14,20241214,S1,1,Rejected,R01,0
APP01498,REQ0034,SRC03,2024-11-29,20241129,S1,1,Rejected,R01,0
APP01499,REQ0034,SRC01,2024-12-14,20241214,S2,2,Withdrew,R04,0
APP01500,REQ0034,SRC02,2024-11-13,20241113,S1,1,Rejected,R01,0
APP01501,REQ0034,SRC06,2024-11-29,20241129,S2,2,Rejected,R01,0
APP01502,REQ0034,SRC02,2024-12-05,20241205,S8,8,Hired,R99,1
APP01503,REQ0034,SRC01,2024-11-13,20241113,S3,3,Rejected,R02,0
APP01504,REQ0034,SRC06,2024-11-09,20241109,S1,1,Rejected,R01,0
APP01505,REQ0034,SRC01,2024-11-26,20241126,S1,1,Rejected,R08,0
APP01506,REQ0034,SRC06,2024-11-30,20241130,S1,1,Withdrew,R05,0
APP01507,REQ0034,SRC06,2024-12-09,20241209,S5,5,Rejected,R07,0
APP01508,REQ0034,SRC06,2024-11-08,20241108,S2,2,Withdrew,R05,0
APP01509,REQ0034,SRC05,2024-12-05,20241205,S1,1,Rejected,R08,0
APP01510,REQ0034,SRC02,2024-12-06,20241206,S3,3,Rejected,R07,0
APP01511,REQ0034,SRC01,2024-12-16,20241216,S1,1,Rejected,R01,0
APP01512,REQ0035,SRC07,2025-07-12,20250712,S5,5,Rejected,R02,0
APP01513,REQ0035,SRC05,2025-07-14,20250714,S1,1,Rejected,R01,0
APP01514,REQ0035,SRC01,2025-07-12,20250712,S3,3,Rejected,R02,0
APP01515,REQ0035,SRC08,2025-07-18,20250718,S1,1,Rejected,R01,0
APP01516,REQ0035,SRC02,2025-07-14,20250714,S3,3,Withdrew,R04,0
APP01517,REQ0035,SRC06,2025-07-10,20250710,S2,2,Rejected,R08,0
APP01518,REQ0035,SRC02,2025-07-03,20250703,S1,1,Rejected,R08,0
APP01519,REQ0035,SRC05,2025-07-13,20250713,S5,5,Rejected,R07,0
APP01520,REQ0035,SRC08,2025-07-07,20250707,S3,3,Rejected,R07,0
APP01521,REQ0035,SRC01,2025-07-11,20250711,S3,3,Withdrew,R04,0
APP01522,REQ0035,SRC01,2025-07-06,20250706,S2,2,Rejected,R01,0
APP01523,REQ0035,SRC08,2025-07-12,20250712,S1,1,Rejected,R01,0
APP01524,REQ0035,SRC08,2025-07-02,20250702,S1,1,Rejected,R08,0
APP01525,REQ0035,SRC08,2025-07-10,20250710,S1,1,Rejected,R01,0
APP01526,REQ0035,SRC04,2025-07-19,20250719,S1,1,Withdrew,R05,0
APP01527,REQ0035,SRC01,2025-07-07,20250707,S1,1,Rejected,R01,0
APP01528,REQ0035,SRC08,2025-07-04,20250704,S2,2,Withdrew,R04,0
APP01529,REQ0035,SRC03,2025-07-05,20250705,S1,1,Rejected,R01,0
APP01530,REQ0035,SRC06,2025-07-16,20250716,S1,1,Rejected,R08,0
APP01531,REQ0035,SRC01,2025-07-04,20250704,S1,1,Rejected,R01,0
APP01532,REQ0035,SRC06,2025-07-18,20250718,S1,1,Rejected,R01,0
APP01533,REQ0035,SRC01,2025-07-05,20250705,S2,2,Rejected,R08,0
APP01534,REQ0035,SRC06,2025-07-22,20250722,S1,1,Rejected,R01,0
APP01535,REQ0035,SRC04,2025-07-11,20250711,S2,2,Withdrew,R05,0
APP01536,REQ0035,SRC01,2025-07-13,20250713,S1,1,Rejected,R01,0
APP01537,REQ0035,SRC02,2025-07-07,20250707,S2,2,Withdrew,R05,0
APP01538,REQ0035,SRC02,2025-07-22,20250722,S1,1,Rejected,R01,0
APP01539,REQ0035,SRC02,2025-07-02,20250702,S3,3,Withdrew,R04,0
APP01540,REQ0035,SRC02,2025-07-19,20250719,S2,2,Rejected,R03,0
APP01541,REQ0035,SRC02,2025-07-19,20250719,S1,1,Withdrew,R05,0
APP01542,REQ0035,SRC01,2025-07-01,20250701,S1,1,Rejected,R01,0
APP01543,REQ0035,SRC08,2025-07-08,20250708,S1,1,Rejected,R08,0
APP01544,REQ0035,SRC06,2025-07-08,20250708,S1,1,Withdrew,R05,0
APP01545,REQ0035,SRC06,2025-07-11,20250711,S2,2,Withdrew,R04,0
APP01546,REQ0035,SRC03,2025-07-18,20250718,S1,1,Rejected,R01,0
APP01547,REQ0035,SRC06,2025-07-01,20250701,S3,3,Withdrew,R04,0
APP01548,REQ0035,SRC02,2025-07-19,20250719,S3,3,Rejected,R07,0
APP01549,REQ0035,SRC01,2025-07-01,20250701,S1,1,Rejected,R01,0
APP01550,REQ0035,SRC01,2025-07-07,20250707,S1,1,Withdrew,R05,0
APP01551,REQ0035,SRC08,2025-07-04,20250704,S2,2,Rejected,R08,0
APP01552,REQ0035,SRC03,2025-07-09,20250709,S2,2,Rejected,R08,0
APP01553,REQ0035,SRC02,2025-07-15,20250715,S2,2,Withdrew,R05,0
APP01554,REQ0035,SRC06,2025-07-22,20250722,S1,1,Rejected,R01,0
APP01555,REQ0035,SRC08,2025-07-14,20250714,S1,1,Withdrew,R05,0
APP01556,REQ0035,SRC01,2025-07-22,20250722,S1,1,Rejected,R01,0
APP01557,REQ0035,SRC06,2025-07-04,20250704,S2,2,Withdrew,R04,0
APP01558,REQ0035,SRC02,2025-07-03,20250703,S8,8,Hired,R99,1
APP01559,REQ0035,SRC03,2025-07-16,20250716,S2,2,Rejected,R03,0
APP01560,REQ0035,SRC01,2025-07-19,20250719,S1,1,Rejected,R01,0
APP01561,REQ0035,SRC06,2025-07-15,20250715,S2,2,Withdrew,R05,0
APP01562,REQ0035,SRC08,2025-07-08,20250708,S1,1,Rejected,R01,0
APP01563,REQ0035,SRC08,2025-07-17,20250717,S1,1,Rejected,R08,0
APP01564,REQ0035,SRC08,2025-07-08,20250708,S1,1,Rejected,R01,0
APP01565,REQ0035,SRC01,2025-07-10,20250710,S2,2,Rejected,R01,0
APP01566,REQ0035,SRC07,2025-07-01,20250701,S1,1,Rejected,R01,0
APP01567,REQ0035,SRC01,2025-07-06,20250706,S1,1,Withdrew,R05,0
APP01568,REQ0035,SRC02,2025-07-14,20250714,S1,1,Rejected,R01,0
APP01569,REQ0035,SRC04,2025-07-05,20250705,S5,5,Rejected,R03,0
APP01570,REQ0035,SRC08,2025-07-15,20250715,S1,1,Rejected,R01,0
APP01571,REQ0035,SRC07,2025-07-18,20250718,S1,1,Rejected,R01,0
APP01572,REQ0035,SRC02,2025-07-18,20250718,S1,1,Withdrew,R05,0
APP01573,REQ0035,SRC05,2025-07-20,20250720,S1,1,Rejected,R01,0
APP01574,REQ0035,SRC01,2025-07-06,20250706,S1,1,Rejected,R01,0
APP01575,REQ0035,SRC08,2025-07-21,20250721,S1,1,Rejected,R01,0
APP01576,REQ0035,SRC06,2025-07-20,20250720,S1,1,Rejected,R01,0
APP01577,REQ0035,SRC06,2025-07-06,20250706,S1,1,Withdrew,R05,0
APP01578,REQ0036,SRC01,2025-07-20,20250720,S1,1,Rejected,R01,0
APP01579,REQ0036,SRC04,2025-07-13,20250713,S2,2,Rejected,R01,0
APP01580,REQ0036,SRC02,2025-07-12,20250712,S1,1,Rejected,R08,0
APP01581,REQ0036,SRC03,2025-07-19,20250719,S1,1,Rejected,R01,0
APP01582,REQ0036,SRC02,2025-07-20,20250720,S1,1,Rejected,R08,0
APP01583,REQ0036,SRC04,2025-07-10,20250710,S2,2,Rejected,R08,0
APP01584,REQ0036,SRC01,2025-07-20,20250720,S2,2,Withdrew,R05,0
APP01585,REQ0036,SRC01,2025-07-23,20250723,S1,1,Rejected,R08,0
APP01586,REQ0036,SRC08,2025-07-09,20250709,S1,1,Rejected,R08,0
APP01587,REQ0036,SRC06,2025-07-03,20250703,S1,1,Rejected,R01,0
APP01588,REQ0036,SRC01,2025-07-01,20250701,S1,1,Rejected,R08,0
APP01589,REQ0036,SRC03,2025-07-21,20250721,S1,1,Rejected,R01,0
APP01590,REQ0036,SRC06,2025-07-16,20250716,S2,2,Withdrew,R05,0
APP01591,REQ0036,SRC06,2025-07-24,20250724,S4,4,Withdrew,R04,0
APP01592,REQ0036,SRC01,2025-06-29,20250629,S2,2,Rejected,R01,0
APP01593,REQ0036,SRC03,2025-07-10,20250710,S1,1,Rejected,R01,0
APP01594,REQ0036,SRC02,2025-07-14,20250714,S1,1,Rejected,R01,0
APP01595,REQ0036,SRC01,2025-07-23,20250723,S1,1,Rejected,R01,0
APP01596,REQ0036,SRC01,2025-06-28,20250628,S2,2,Rejected,R03,0
APP01597,REQ0036,SRC02,2025-07-06,20250706,S1,1,Rejected,R01,0
APP01598,REQ0036,SRC02,2025-07-12,20250712,S1,1,Withdrew,R05,0
APP01599,REQ0036,SRC01,2025-07-24,20250724,S1,1,Rejected,R01,0
APP01600,REQ0036,SRC01,2025-07-11,20250711,S1,1,Withdrew,R05,0
APP01601,REQ0036,SRC07,2025-07-23,20250723,S1,1,Withdrew,R05,0
APP01602,REQ0036,SRC06,2025-07-03,20250703,S2,2,Withdrew,R04,0
APP01603,REQ0036,SRC08,2025-07-24,20250724,S1,1,Rejected,R01,0
APP01604,REQ0036,SRC06,2025-07-06,20250706,S1,1,Rejected,R01,0
APP01605,REQ0036,SRC02,2025-07-17,20250717,S1,1,Rejected,R01,0
APP01606,REQ0036,SRC01,2025-07-13,20250713,S2,2,Rejected,R01,0
APP01607,REQ0036,SRC03,2025-07-12,20250712,S1,1,Withdrew,R05,0
APP01608,REQ0036,SRC04,2025-07-16,20250716,S1,1,Withdrew,R05,0
APP01609,REQ0036,SRC06,2025-07-23,20250723,S1,1,Rejected,R08,0
APP01610,REQ0036,SRC01,2025-07-21,20250721,S1,1,Rejected,R01,0
APP01611,REQ0036,SRC03,2025-07-06,20250706,S2,2,Rejected,R03,0
APP01612,REQ0036,SRC01,2025-07-01,20250701,S1,1,Rejected,R08,0
APP01613,REQ0036,SRC03,2025-07-15,20250715,S1,1,Rejected,R01,0
APP01614,REQ0036,SRC06,2025-06-29,20250629,S1,1,Rejected,R08,0
APP01615,REQ0036,SRC03,2025-07-11,20250711,S1,1,Rejected,R08,0
APP01616,REQ0036,SRC06,2025-07-09,20250709,S1,1,Rejected,R01,0
APP01617,REQ0036,SRC06,2025-06-30,20250630,S3,3,Withdrew,R05,0
APP01618,REQ0036,SRC08,2025-07-23,20250723,S1,1,Rejected,R01,0
APP01619,REQ0036,SRC01,2025-07-13,20250713,S2,2,Rejected,R03,0
APP01620,REQ0036,SRC03,2025-07-24,20250724,S2,2,Rejected,R03,0
APP01621,REQ0036,SRC06,2025-07-21,20250721,S3,3,Rejected,R07,0
APP01622,REQ0036,SRC06,2025-07-05,20250705,S1,1,Rejected,R01,0
APP01623,REQ0036,SRC02,2025-07-10,20250710,S1,1,Rejected,R01,0
APP01624,REQ0036,SRC08,2025-07-08,20250708,S2,2,Rejected,R01,0
APP01625,REQ0036,SRC04,2025-07-06,20250706,S6,6,Withdrew,R04,0
APP01626,REQ0036,SRC08,2025-07-10,20250710,S8,8,Hired,R99,1
APP01627,REQ0036,SRC01,2025-07-04,20250704,S3,3,Rejected,R07,0
APP01628,REQ0036,SRC08,2025-07-18,20250718,S2,2,Rejected,R01,0
APP01629,REQ0036,SRC03,2025-07-03,20250703,S2,2,Rejected,R08,0
APP01630,REQ0036,SRC03,2025-07-15,20250715,S1,1,Rejected,R08,0
APP01631,REQ0036,SRC03,2025-07-09,20250709,S1,1,Withdrew,R05,0
APP01632,REQ0036,SRC03,2025-07-09,20250709,S1,1,Rejected,R01,0
APP01633,REQ0036,SRC06,2025-07-22,20250722,S2,2,Rejected,R01,0
APP01634,REQ0036,SRC08,2025-07-05,20250705,S2,2,Rejected,R01,0
APP01635,REQ0036,SRC06,2025-07-02,20250702,S1,1,Rejected,R01,0
APP01636,REQ0036,SRC06,2025-07-13,20250713,S3,3,Withdrew,R04,0
APP01637,REQ0036,SRC06,2025-07-14,20250714,S3,3,Rejected,R07,0
APP01638,REQ0036,SRC01,2025-07-21,20250721,S2,2,Rejected,R01,0
APP01639,REQ0036,SRC06,2025-07-05,20250705,S1,1,Withdrew,R05,0
APP01640,REQ0036,SRC01,2025-07-21,20250721,S2,2,Rejected,R08,0
APP01641,REQ0036,SRC03,2025-07-21,20250721,S5,5,Rejected,R03,0
APP01642,REQ0036,SRC05,2025-07-08,20250708,S2,2,Rejected,R01,0
APP01643,REQ0036,SRC02,2025-07-19,20250719,S1,1,Withdrew,R05,0
APP01644,REQ0036,SRC02,2025-07-20,20250720,S6,6,Rejected,R07,0
APP01645,REQ0036,SRC06,2025-07-24,20250724,S1,1,Rejected,R08,0
APP01646,REQ0036,SRC01,2025-07-19,20250719,S7,7,Withdrew,R10,0
APP01647,REQ0037,SRC01,2024-06-25,20240625,S2,2,Rejected,R03,0
APP01648,REQ0037,SRC01,2024-05-30,20240530,S3,3,Rejected,R01,0
APP01649,REQ0037,SRC05,2024-06-22,20240622,S6,6,Rejected,R07,0
APP01650,REQ0037,SRC06,2024-05-24,20240524,S6,6,Withdrew,R04,0
APP01651,REQ0037,SRC02,2024-06-02,20240602,S1,1,Rejected,R08,0
APP01652,REQ0037,SRC08,2024-06-22,20240622,S1,1,Withdrew,R05,0
APP01653,REQ0037,SRC08,2024-06-25,20240625,S5,5,Rejected,R07,0
APP01654,REQ0037,SRC05,2024-05-25,20240525,S2,2,Rejected,R01,0
APP01655,REQ0037,SRC01,2024-06-06,20240606,S3,3,Rejected,R01,0
APP01656,REQ0037,SRC02,2024-06-28,20240628,S1,1,Withdrew,R05,0
APP01657,REQ0037,SRC01,2024-06-15,20240615,S1,1,Rejected,R01,0
APP01658,REQ0037,SRC03,2024-05-20,20240520,S7,7,Withdrew,R10,0
APP01659,REQ0037,SRC06,2024-05-20,20240520,S3,3,Rejected,R01,0
APP01660,REQ0037,SRC02,2024-06-04,20240604,S1,1,Rejected,R01,0
APP01661,REQ0037,SRC06,2024-06-09,20240609,S1,1,Rejected,R01,0
APP01662,REQ0037,SRC01,2024-06-24,20240624,S1,1,Rejected,R01,0
APP01663,REQ0037,SRC03,2024-06-24,20240624,S8,8,Hired,R99,1
APP01664,REQ0037,SRC01,2024-06-01,20240601,S1,1,Rejected,R01,0
APP01665,REQ0037,SRC02,2024-06-09,20240609,S1,1,Rejected,R08,0
APP01666,REQ0037,SRC06,2024-06-21,20240621,S1,1,Rejected,R08,0
APP01667,REQ0037,SRC08,2024-06-16,20240616,S3,3,Withdrew,R04,0
APP01668,REQ0037,SRC03,2024-06-08,20240608,S3,3,Withdrew,R05,0
APP01669,REQ0037,SRC02,2024-06-22,20240622,S1,1,Rejected,R01,0
APP01670,REQ0037,SRC05,2024-06-20,20240620,S2,2,Rejected,R01,0
APP01671,REQ0037,SRC01,2024-06-23,20240623,S1,1,Rejected,R01,0
APP01672,REQ0037,SRC02,2024-06-25,20240625,S4,4,Rejected,R02,0
APP01673,REQ0037,SRC01,2024-06-19,20240619,S1,1,Rejected,R01,0
APP01674,REQ0037,SRC01,2024-05-31,20240531,S1,1,Rejected,R01,0
APP01675,REQ0037,SRC06,2024-05-27,20240527,S1,1,Withdrew,R05,0
APP01676,REQ0037,SRC08,2024-06-26,20240626,S2,2,Rejected,R08,0
APP01677,REQ0037,SRC04,2024-06-05,20240605,S1,1,Rejected,R01,0
APP01678,REQ0037,SRC08,2024-06-20,20240620,S1,1,Rejected,R08,0
APP01679,REQ0037,SRC06,2024-06-23,20240623,S3,3,Withdrew,R04,0
APP01680,REQ0037,SRC06,2024-06-14,20240614,S1,1,Withdrew,R05,0
APP01681,REQ0037,SRC07,2024-05-31,20240531,S1,1,Withdrew,R05,0
APP01682,REQ0037,SRC03,2024-06-22,20240622,S2,2,Withdrew,R05,0
APP01683,REQ0037,SRC06,2024-06-14,20240614,S1,1,Withdrew,R05,0
APP01684,REQ0037,SRC01,2024-06-19,20240619,S2,2,Rejected,R03,0
APP01685,REQ0037,SRC08,2024-05-28,20240528,S1,1,Withdrew,R05,0
APP01686,REQ0037,SRC07,2024-06-27,20240627,S8,8,Hired,R99,1
APP01687,REQ0037,SRC01,2024-06-09,20240609,S2,2,Withdrew,R05,0
APP01688,REQ0037,SRC08,2024-05-22,20240522,S2,2,Rejected,R01,0
APP01689,REQ0037,SRC08,2024-06-01,20240601,S6,6,Rejected,R02,0
APP01690,REQ0037,SRC06,2024-06-13,20240613,S1,1,Rejected,R01,0
APP01691,REQ0037,SRC08,2024-05-24,20240524,S3,3,Rejected,R01,0
APP01692,REQ0037,SRC08,2024-06-08,20240608,S1,1,Rejected,R01,0
APP01693,REQ0037,SRC02,2024-05-28,20240528,S1,1,Rejected,R01,0
APP01694,REQ0037,SRC08,2024-06-20,20240620,S3,3,Withdrew,R05,0
APP01695,REQ0037,SRC07,2024-06-14,20240614,S1,1,Rejected,R08,0
APP01696,REQ0037,SRC01,2024-06-29,20240629,S3,3,Withdrew,R04,0
APP01697,REQ0037,SRC02,2024-05-21,20240521,S3,3,Rejected,R02,0
APP01698,REQ0037,SRC02,2024-05-31,20240531,S1,1,Rejected,R01,0
APP01699,REQ0037,SRC06,2024-06-24,20240624,S2,2,Withdrew,R04,0
APP01700,REQ0037,SRC03,2024-06-01,20240601,S1,1,Withdrew,R05,0
APP01701,REQ0037,SRC05,2024-05-22,20240522,S2,2,Rejected,R03,0
APP01702,REQ0037,SRC07,2024-06-14,20240614,S1,1,Rejected,R01,0
APP01703,REQ0037,SRC04,2024-06-03,20240603,S1,1,Withdrew,R05,0
APP01704,REQ0037,SRC06,2024-06-18,20240618,S2,2,Rejected,R03,0
APP01705,REQ0037,SRC03,2024-06-11,20240611,S1,1,Withdrew,R05,0
APP01706,REQ0037,SRC06,2024-06-15,20240615,S2,2,Rejected,R03,0
APP01707,REQ0038,SRC08,2025-10-11,20251011,S3,3,Withdrew,R04,0
APP01708,REQ0038,SRC01,2025-10-13,20251013,S3,3,Withdrew,R05,0
APP01709,REQ0038,SRC06,2025-10-23,20251023,S1,1,Rejected,R01,0
APP01710,REQ0038,SRC03,2025-11-08,20251108,S1,1,Rejected,R01,0
APP01711,REQ0038,SRC08,2025-10-04,20251004,S1,1,Rejected,R01,0
APP01712,REQ0038,SRC05,2025-10-05,20251005,S1,1,Rejected,R01,0
APP01713,REQ0038,SRC04,2025-12-05,20251205,S4,4,Rejected,R02,0
APP01714,REQ0038,SRC08,2025-10-08,20251008,S2,2,Rejected,R01,0
APP01715,REQ0038,SRC06,2025-11-16,20251116,S1,1,Withdrew,R05,0
APP01716,REQ0038,SRC02,2025-10-26,20251026,S1,1,Rejected,R01,0
APP01717,REQ0038,SRC08,2025-11-08,20251108,S8,8,Hired,R99,1
APP01718,REQ0038,SRC08,2025-12-03,20251203,S1,1,Rejected,R01,0
APP01719,REQ0038,SRC07,2025-10-07,20251007,S1,1,Withdrew,R05,0
APP01720,REQ0038,SRC08,2025-11-26,20251126,S1,1,Withdrew,R05,0
APP01721,REQ0038,SRC08,2025-10-28,20251028,S1,1,Rejected,R01,0
APP01722,REQ0038,SRC01,2025-10-19,20251019,S1,1,Rejected,R01,0
APP01723,REQ0038,SRC06,2025-10-04,20251004,S1,1,Rejected,R08,0
APP01724,REQ0038,SRC08,2025-10-12,20251012,S2,2,Rejected,R08,0
APP01725,REQ0038,SRC07,2025-12-03,20251203,S1,1,Withdrew,R05,0
APP01726,REQ0038,SRC01,2025-10-22,20251022,S1,1,Rejected,R08,0
APP01727,REQ0038,SRC06,2025-10-10,20251010,S5,5,Rejected,R03,0
APP01728,REQ0038,SRC01,2025-12-01,20251201,S2,2,Withdrew,R05,0
APP01729,REQ0038,SRC02,2025-10-30,20251030,S1,1,Rejected,R08,0
APP01730,REQ0038,SRC03,2025-11-10,20251110,S1,1,Rejected,R01,0
APP01731,REQ0038,SRC01,2025-10-29,20251029,S1,1,Rejected,R08,0
APP01732,REQ0038,SRC01,2025-10-07,20251007,S3,3,Withdrew,R04,0
APP01733,REQ0038,SRC01,2025-11-23,20251123,S2,2,Rejected,R08,0
APP01734,REQ0038,SRC07,2025-10-04,20251004,S1,1,Rejected,R01,0
APP01735,REQ0038,SRC06,2025-11-04,20251104,S1,1,Rejected,R08,0
APP01736,REQ0038,SRC01,2025-10-17,20251017,S2,2,Rejected,R01,0
APP01737,REQ0038,SRC08,2025-12-06,20251206,S2,2,Withdrew,R04,0
APP01738,REQ0038,SRC03,2025-10-16,20251016,S1,1,Rejected,R01,0
APP01739,REQ0038,SRC06,2025-10-08,20251008,S1,1,Rejected,R08,0
APP01740,REQ0038,SRC01,2025-11-21,20251121,S2,2,Withdrew,R04,0
APP01741,REQ0038,SRC01,2025-10-28,20251028,S1,1,Rejected,R01,0
APP01742,REQ0038,SRC03,2025-10-19,20251019,S1,1,Rejected,R01,0
APP01743,REQ0038,SRC01,2025-10-30,20251030,S2,2,Withdrew,R05,0
APP01744,REQ0038,SRC03,2025-11-16,20251116,S2,2,Withdrew,R04,0
APP01745,REQ0038,SRC01,2025-11-26,20251126,S8,8,Hired,R99,1
APP01746,REQ0038,SRC06,2025-10-31,20251031,S3,3,Withdrew,R05,0
APP01747,REQ0038,SRC01,2025-10-25,20251025,S3,3,Rejected,R01,0
APP01748,REQ0038,SRC02,2025-12-08,20251208,S1,1,Rejected,R01,0
APP01749,REQ0038,SRC02,2025-10-12,20251012,S1,1,Withdrew,R05,0
APP01750,REQ0038,SRC01,2025-11-29,20251129,S1,1,Rejected,R01,0
APP01751,REQ0038,SRC04,2025-12-02,20251202,S6,6,Rejected,R07,0
APP01752,REQ0038,SRC01,2025-11-23,20251123,S2,2,Withdrew,R04,0
APP01753,REQ0038,SRC08,2025-11-24,20251124,S1,1,Rejected,R01,0
APP01754,REQ0038,SRC01,2025-11-07,20251107,S4,4,Rejected,R02,0
APP01755,REQ0038,SRC07,2025-11-14,20251114,S1,1,Rejected,R08,0
APP01756,REQ0038,SRC02,2025-10-18,20251018,S3,3,Rejected,R07,0
APP01757,REQ0038,SRC03,2025-11-23,20251123,S2,2,Rejected,R08,0
APP01758,REQ0038,SRC03,2025-10-29,20251029,S1,1,Rejected,R01,0
APP01759,REQ0038,SRC02,2025-11-27,20251127,S2,2,Rejected,R01,0
APP01760,REQ0038,SRC06,2025-10-05,20251005,S1,1,Rejected,R01,0
APP01761,REQ0038,SRC08,2025-11-04,20251104,S5,5,Withdrew,R04,0
APP01762,REQ0038,SRC02,2025-11-21,20251121,S1,1,Rejected,R08,0
APP01763,REQ0038,SRC01,2025-11-14,20251114,S6,6,Withdrew,R04,0
APP01764,REQ0038,SRC02,2025-11-27,20251127,S2,2,Rejected,R08,0
APP01765,REQ0038,SRC01,2025-11-02,20251102,S2,2,Rejected,R01,0
APP01766,REQ0038,SRC06,2025-10-03,20251003,S1,1,Rejected,R01,0
APP01767,REQ0038,SRC03,2025-11-26,20251126,S1,1,Rejected,R01,0
APP01768,REQ0038,SRC02,2025-11-09,20251109,S1,1,Rejected,R08,0
APP01769,REQ0038,SRC01,2025-10-28,20251028,S3,3,Rejected,R02,0
APP01770,REQ0038,SRC01,2025-11-27,20251127,S3,3,Withdrew,R04,0
APP01771,REQ0038,SRC04,2025-11-22,20251122,S2,2,Withdrew,R04,0
APP01772,REQ0038,SRC05,2025-10-04,20251004,S1,1,Rejected,R01,0
APP01773,REQ0038,SRC08,2025-10-15,20251015,S3,3,Rejected,R02,0
APP01774,REQ0038,SRC02,2025-10-21,20251021,S1,1,Withdrew,R05,0
APP01775,REQ0039,SRC02,2024-05-19,20240519,S3,3,Rejected,R01,0
APP01776,REQ0039,SRC01,2024-05-17,20240517,S3,3,Withdrew,R04,0
APP01777,REQ0039,SRC01,2024-05-17,20240517,S2,2,Withdrew,R05,0
APP01778,REQ0039,SRC04,2024-05-15,20240515,S2,2,Rejected,R03,0
APP01779,REQ0039,SRC08,2024-05-13,20240513,S1,1,Rejected,R08,0
APP01780,REQ0039,SRC05,2024-05-04,20240504,S3,3,Rejected,R07,0
APP01781,REQ0039,SRC05,2024-05-02,20240502,S1,1,Rejected,R08,0
APP01782,REQ0039,SRC06,2024-05-28,20240528,S1,1,Withdrew,R05,0
APP01783,REQ0039,SRC08,2024-05-02,20240502,S1,1,Rejected,R01,0
APP01784,REQ0039,SRC01,2024-05-18,20240518,S1,1,Rejected,R08,0
APP01785,REQ0039,SRC01,2024-05-04,20240504,S1,1,Rejected,R08,0
APP01786,REQ0039,SRC02,2024-05-31,20240531,S4,4,Rejected,R07,0
APP01787,REQ0039,SRC01,2024-05-15,20240515,S1,1,Rejected,R01,0
APP01788,REQ0039,SRC03,2024-05-05,20240505,S1,1,Withdrew,R05,0
APP01789,REQ0039,SRC05,2024-05-06,20240506,S3,3,Withdrew,R05,0
APP01790,REQ0039,SRC01,2024-05-16,20240516,S1,1,Rejected,R01,0
APP01791,REQ0039,SRC06,2024-05-12,20240512,S1,1,Rejected,R01,0
APP01792,REQ0039,SRC06,2024-05-01,20240501,S1,1,Rejected,R01,0
APP01793,REQ0039,SRC07,2024-05-16,20240516,S2,2,Rejected,R03,0
APP01794,REQ0039,SRC03,2024-05-09,20240509,S1,1,Withdrew,R05,0
APP01795,REQ0039,SRC02,2024-05-21,20240521,S2,2,Withdrew,R05,0
APP01796,REQ0039,SRC02,2024-05-05,20240505,S1,1,Rejected,R01,0
APP01797,REQ0039,SRC08,2024-05-25,20240525,S5,5,Rejected,R03,0
APP01798,REQ0039,SRC08,2024-05-11,20240511,S1,1,Rejected,R08,0
APP01799,REQ0039,SRC02,2024-05-17,20240517,S1,1,Rejected,R01,0
APP01800,REQ0039,SRC01,2024-05-23,20240523,S1,1,Rejected,R08,0
APP01801,REQ0039,SRC02,2024-05-05,20240505,S1,1,Rejected,R01,0
APP01802,REQ0039,SRC06,2024-05-07,20240507,S1,1,Rejected,R01,0
APP01803,REQ0039,SRC07,2024-05-17,20240517,S1,1,Rejected,R08,0
APP01804,REQ0039,SRC03,2024-05-06,20240506,S1,1,Rejected,R01,0
APP01805,REQ0039,SRC02,2024-05-15,20240515,S1,1,Rejected,R08,0
APP01806,REQ0039,SRC02,2024-05-21,20240521,S1,1,Rejected,R01,0
APP01807,REQ0039,SRC08,2024-05-29,20240529,S1,1,Rejected,R01,0
APP01808,REQ0039,SRC01,2024-05-24,20240524,S3,3,Rejected,R01,0
APP01809,REQ0039,SRC08,2024-05-17,20240517,S5,5,Rejected,R03,0
APP01810,REQ0039,SRC06,2024-05-07,20240507,S1,1,Rejected,R01,0
APP01811,REQ0039,SRC01,2024-05-20,20240520,S1,1,Rejected,R08,0
APP01812,REQ0039,SRC03,2024-05-12,20240512,S3,3,Rejected,R07,0
APP01813,REQ0039,SRC02,2024-05-27,20240527,S2,2,Rejected,R01,0
APP01814,REQ0039,SRC06,2024-05-18,20240518,S8,8,Hired,R99,1
APP01815,REQ0039,SRC02,2024-05-12,20240512,S2,2,Rejected,R01,0
APP01816,REQ0039,SRC06,2024-05-19,20240519,S3,3,Withdrew,R05,0
APP01817,REQ0039,SRC01,2024-05-28,20240528,S1,1,Rejected,R01,0
APP01818,REQ0039,SRC04,2024-05-27,20240527,S4,4,Rejected,R02,0
APP01819,REQ0039,SRC01,2024-05-18,20240518,S1,1,Withdrew,R05,0
APP01820,REQ0039,SRC06,2024-05-16,20240516,S1,1,Withdrew,R05,0
APP01821,REQ0039,SRC03,2024-05-22,20240522,S1,1,Rejected,R08,0
APP01822,REQ0039,SRC05,2024-05-28,20240528,S3,3,Rejected,R07,0
APP01823,REQ0039,SRC05,2024-05-18,20240518,S1,1,Withdrew,R05,0
APP01824,REQ0039,SRC08,2024-05-16,20240516,S1,1,Rejected,R08,0
APP01825,REQ0039,SRC06,2024-05-30,20240530,S1,1,Withdrew,R05,0
APP01826,REQ0039,SRC06,2024-05-30,20240530,S1,1,Rejected,R01,0
APP01827,REQ0039,SRC06,2024-05-19,20240519,S3,3,Rejected,R07,0
APP01828,REQ0039,SRC01,2024-05-17,20240517,S1,1,Withdrew,R05,0
APP01829,REQ0039,SRC02,2024-05-24,20240524,S2,2,Rejected,R03,0
APP01830,REQ0039,SRC05,2024-05-26,20240526,S3,3,Rejected,R07,0
APP01831,REQ0039,SRC08,2024-05-21,20240521,S3,3,Rejected,R07,0
APP01832,REQ0039,SRC02,2024-05-27,20240527,S2,2,Withdrew,R04,0
APP01833,REQ0039,SRC05,2024-05-26,20240526,S3,3,Withdrew,R04,0
APP01834,REQ0039,SRC01,2024-05-01,20240501,S1,1,Rejected,R08,0
APP01835,REQ0040,SRC02,2025-10-16,20251016,S8,8,Hired,R99,1
APP01836,REQ0040,SRC08,2025-10-27,20251027,S1,1,Withdrew,R05,0
APP01837,REQ0040,SRC07,2025-11-21,20251121,S3,3,Withdrew,R04,0
APP01838,REQ0040,SRC06,2025-09-21,20250921,S1,1,Rejected,R01,0
APP01839,REQ0040,SRC08,2025-10-15,20251015,S3,3,Rejected,R02,0
APP01840,REQ0040,SRC08,2025-09-20,20250920,S1,1,Withdrew,R05,0
APP01841,REQ0040,SRC08,2025-11-12,20251112,S1,1,Withdrew,R05,0
APP01842,REQ0040,SRC01,2025-11-28,20251128,S1,1,Withdrew,R05,0
APP01843,REQ0040,SRC01,2025-10-16,20251016,S1,1,Rejected,R01,0
APP01844,REQ0040,SRC01,2025-10-17,20251017,S5,5,Rejected,R07,0
APP01845,REQ0040,SRC07,2025-11-26,20251126,S1,1,Withdrew,R05,0
APP01846,REQ0040,SRC02,2025-09-20,20250920,S3,3,Withdrew,R04,0
APP01847,REQ0040,SRC03,2025-09-17,20250917,S2,2,Rejected,R01,0
APP01848,REQ0040,SRC01,2025-11-04,20251104,S3,3,Rejected,R01,0
APP01849,REQ0040,SRC02,2025-12-07,20251207,S2,2,Withdrew,R05,0
APP01850,REQ0040,SRC01,2025-11-09,20251109,S3,3,Rejected,R02,0
APP01851,REQ0040,SRC01,2025-10-26,20251026,S1,1,Rejected,R08,0
APP01852,REQ0040,SRC01,2025-09-25,20250925,S1,1,Rejected,R01,0
APP01853,REQ0040,SRC06,2025-10-28,20251028,S3,3,Withdrew,R05,0
APP01854,REQ0040,SRC02,2025-12-05,20251205,S2,2,Withdrew,R05,0
APP01855,REQ0040,SRC01,2025-10-06,20251006,S1,1,Withdrew,R05,0
APP01856,REQ0040,SRC06,2025-11-19,20251119,S2,2,Withdrew,R05,0
APP01857,REQ0040,SRC01,2025-09-13,20250913,S1,1,Rejected,R08,0
APP01858,REQ0041,SRC07,2024-02-18,20240218,S3,3,Withdrew,R05,0
APP01859,REQ0041,SRC01,2024-02-26,20240226,S2,2,Rejected,R08,0
APP01860,REQ0041,SRC06,2024-02-25,20240225,S1,1,Rejected,R01,0
APP01861,REQ0041,SRC01,2024-02-17,20240217,S1,1,Rejected,R01,0
APP01862,REQ0041,SRC02,2024-02-26,20240226,S3,3,Rejected,R07,0
APP01863,REQ0041,SRC07,2024-02-28,20240228,S2,2,Withdrew,R04,0
APP01864,REQ0041,SRC01,2024-02-26,20240226,S1,1,Rejected,R01,0
APP01865,REQ0041,SRC01,2024-02-15,20240215,S1,1,Rejected,R01,0
APP01866,REQ0041,SRC04,2024-02-18,20240218,S1,1,Rejected,R01,0
APP01867,REQ0041,SRC06,2024-03-01,20240301,S1,1,Rejected,R01,0
APP01868,REQ0041,SRC06,2024-03-02,20240302,S1,1,Rejected,R01,0
APP01869,REQ0041,SRC07,2024-02-23,20240223,S3,3,Withdrew,R05,0
APP01870,REQ0041,SRC08,2024-02-20,20240220,S3,3,Rejected,R07,0
APP01871,REQ0041,SRC03,2024-02-28,20240228,S1,1,Rejected,R01,0
APP01872,REQ0041,SRC06,2024-02-13,20240213,S3,3,Withdrew,R04,0
APP01873,REQ0041,SRC06,2024-02-14,20240214,S1,1,Rejected,R01,0
APP01874,REQ0041,SRC02,2024-02-28,20240228,S3,3,Rejected,R01,0
APP01875,REQ0041,SRC06,2024-02-13,20240213,S1,1,Rejected,R01,0
APP01876,REQ0041,SRC07,2024-03-01,20240301,S2,2,Rejected,R01,0
APP01877,REQ0041,SRC02,2024-03-02,20240302,S1,1,Withdrew,R05,0
APP01878,REQ0041,SRC02,2024-03-01,20240301,S1,1,Rejected,R01,0
APP01879,REQ0041,SRC01,2024-02-22,20240222,S2,2,Withdrew,R04,0
APP01880,REQ0041,SRC07,2024-02-27,20240227,S1,1,Rejected,R08,0
APP01881,REQ0041,SRC01,2024-02-15,20240215,S1,1,Rejected,R01,0
APP01882,REQ0041,SRC06,2024-02-23,20240223,S2,2,Withdrew,R04,0
APP01883,REQ0041,SRC07,2024-02-26,20240226,S1,1,Rejected,R01,0
APP01884,REQ0041,SRC01,2024-02-15,20240215,S1,1,Withdrew,R05,0
APP01885,REQ0041,SRC06,2024-02-25,20240225,S1,1,Rejected,R01,0
APP01886,REQ0041,SRC01,2024-02-14,20240214,S4,4,Rejected,R07,0
APP01887,REQ0041,SRC06,2024-02-28,20240228,S1,1,Withdrew,R05,0
APP01888,REQ0041,SRC01,2024-02-14,20240214,S1,1,Rejected,R08,0
APP01889,REQ0041,SRC06,2024-03-03,20240303,S1,1,Rejected,R01,0
APP01890,REQ0041,SRC06,2024-02-15,20240215,S1,1,Rejected,R01,0
APP01891,REQ0041,SRC06,2024-02-19,20240219,S1,1,Rejected,R01,0
APP01892,REQ0041,SRC06,2024-02-16,20240216,S3,3,Withdrew,R04,0
APP01893,REQ0041,SRC06,2024-02-20,20240220,S1,1,Rejected,R01,0
APP01894,REQ0041,SRC02,2024-03-02,20240302,S1,1,Withdrew,R05,0
APP01895,REQ0041,SRC06,2024-02-22,20240222,S1,1,Rejected,R08,0
APP01896,REQ0041,SRC03,2024-02-21,20240221,S1,1,Rejected,R01,0
APP01897,REQ0041,SRC03,2024-03-03,20240303,S1,1,Rejected,R01,0
APP01898,REQ0041,SRC01,2024-02-15,20240215,S1,1,Rejected,R01,0
APP01899,REQ0041,SRC06,2024-02-22,20240222,S4,4,Rejected,R02,0
APP01900,REQ0041,SRC04,2024-02-14,20240214,S1,1,Rejected,R01,0
APP01901,REQ0041,SRC08,2024-02-23,20240223,S1,1,Withdrew,R05,0
APP01902,REQ0041,SRC01,2024-02-24,20240224,S2,2,Rejected,R08,0
APP01903,REQ0041,SRC06,2024-02-17,20240217,S4,4,Withdrew,R04,0
APP01904,REQ0041,SRC01,2024-03-02,20240302,S7,7,Withdrew,R04,0
APP01905,REQ0041,SRC02,2024-02-16,20240216,S4,4,Rejected,R02,0
APP01906,REQ0041,SRC03,2024-02-17,20240217,S7,7,Withdrew,R04,0
APP01907,REQ0042,SRC03,2025-12-04,20251204,S1,1,Withdrew,R05,0
APP01908,REQ0042,SRC06,2025-12-24,20251224,S2,2,Rejected,R03,0
APP01909,REQ0042,SRC02,2025-12-04,20251204,S1,1,Rejected,R08,0
APP01910,REQ0042,SRC02,2025-12-18,20251218,S1,1,Rejected,R08,0
APP01911,REQ0042,SRC08,2025-12-21,20251221,S1,1,Withdrew,R05,0
APP01912,REQ0042,SRC01,2025-12-25,20251225,S1,1,Rejected,R01,0
APP01913,REQ0042,SRC03,2025-12-25,20251225,S2,2,Rejected,R01,0
APP01914,REQ0042,SRC08,2025-12-29,20251229,S1,1,Rejected,R01,0
APP01915,REQ0042,SRC06,2025-12-15,20251215,S3,3,Withdrew,R04,0
APP01916,REQ0042,SRC01,2025-12-11,20251211,S1,1,Withdrew,R05,0
APP01917,REQ0042,SRC01,2025-12-10,20251210,S3,3,Withdrew,R04,0
APP01918,REQ0042,SRC03,2025-12-27,20251227,S2,2,Rejected,R08,0
APP01919,REQ0042,SRC06,2025-12-27,20251227,S8,8,Hired,R99,1
APP01920,REQ0042,SRC04,2025-12-08,20251208,S1,1,Rejected,R01,0
APP01921,REQ0042,SRC06,2025-12-17,20251217,S1,1,Rejected,R08,0
APP01922,REQ0042,SRC05,2025-12-06,20251206,S1,1,Withdrew,R05,0
APP01923,REQ0042,SRC08,2025-12-20,20251220,S3,3,Rejected,R01,0
APP01924,REQ0042,SRC02,2025-12-18,20251218,S2,2,Rejected,R08,0
APP01925,REQ0042,SRC01,2025-12-07,20251207,S1,1,Rejected,R01,0
APP01926,REQ0042,SRC06,2025-12-11,20251211,S1,1,Withdrew,R05,0
APP01927,REQ0042,SRC01,2025-12-20,20251220,S1,1,Rejected,R01,0
APP01928,REQ0042,SRC07,2025-12-26,20251226,S2,2,Rejected,R01,0
APP01929,REQ0042,SRC06,2025-12-09,20251209,S2,2,Rejected,R01,0
APP01930,REQ0042,SRC02,2025-12-24,20251224,S2,2,Rejected,R08,0
APP01931,REQ0042,SRC02,2025-12-20,20251220,S2,2,Rejected,R01,0
APP01932,REQ0042,SRC06,2025-12-15,20251215,S8,8,Hired,R99,1
APP01933,REQ0042,SRC06,2025-12-25,20251225,S2,2,Withdrew,R05,0
APP01934,REQ0042,SRC02,2025-12-19,20251219,S1,1,Withdrew,R05,0
APP01935,REQ0042,SRC02,2025-12-04,20251204,S1,1,Rejected,R01,0
APP01936,REQ0042,SRC01,2025-12-23,20251223,S1,1,Rejected,R01,0
APP01937,REQ0042,SRC03,2025-12-18,20251218,S1,1,Withdrew,R05,0
APP01938,REQ0042,SRC08,2025-12-27,20251227,S1,1,Rejected,R08,0
APP01939,REQ0042,SRC08,2025-12-15,20251215,S2,2,Rejected,R01,0
APP01940,REQ0042,SRC01,2025-12-05,20251205,S1,1,Rejected,R08,0
APP01941,REQ0042,SRC01,2025-12-20,20251220,S1,1,Withdrew,R05,0
APP01942,REQ0042,SRC03,2025-12-06,20251206,S4,4,Withdrew,R04,0
APP01943,REQ0042,SRC04,2025-12-09,20251209,S2,2,Rejected,R03,0
APP01944,REQ0042,SRC01,2025-12-07,20251207,S2,2,Withdrew,R04,0
APP01945,REQ0042,SRC07,2025-12-24,20251224,S1,1,Rejected,R01,0
APP01946,REQ0042,SRC07,2025-12-07,20251207,S2,2,Withdrew,R04,0
APP01947,REQ0042,SRC02,2025-12-26,20251226,S2,2,Rejected,R03,0
APP01948,REQ0042,SRC02,2025-12-25,20251225,S2,2,Rejected,R08,0
APP01949,REQ0042,SRC07,2025-12-25,20251225,S1,1,Rejected,R01,0
APP01950,REQ0042,SRC01,2025-12-10,20251210,S2,2,Rejected,R03,0
APP01951,REQ0042,SRC02,2025-12-15,20251215,S1,1,Rejected,R01,0
APP01952,REQ0042,SRC01,2025-12-07,20251207,S1,1,Rejected,R01,0
APP01953,REQ0042,SRC01,2025-12-20,20251220,S1,1,Rejected,R01,0
APP01954,REQ0042,SRC06,2025-12-29,20251229,S1,1,Rejected,R01,0
APP01955,REQ0042,SRC01,2025-12-28,20251228,S4,4,Rejected,R07,0
APP01956,REQ0042,SRC02,2025-12-25,20251225,S2,2,Withdrew,R05,0
APP01957,REQ0042,SRC02,2025-12-08,20251208,S3,3,Withdrew,R05,0
APP01958,REQ0042,SRC01,2025-12-04,20251204,S4,4,Rejected,R02,0
APP01959,REQ0042,SRC04,2025-12-06,20251206,S4,4,Withdrew,R04,0
APP01960,REQ0042,SRC02,2025-12-20,20251220,S3,3,Rejected,R01,0
APP01961,REQ0042,SRC08,2025-12-07,20251207,S2,2,Rejected,R03,0
APP01962,REQ0042,SRC01,2025-12-21,20251221,S1,1,Withdrew,R05,0
APP01963,REQ0042,SRC06,2025-12-27,20251227,S6,6,Rejected,R02,0
APP01964,REQ0042,SRC04,2025-12-27,20251227,S2,2,Withdrew,R05,0
APP01965,REQ0042,SRC01,2025-12-04,20251204,S1,1,Rejected,R08,0
APP01966,REQ0043,SRC06,2025-04-12,20250412,S6,6,Rejected,R07,0
APP01967,REQ0043,SRC01,2025-03-21,20250321,S1,1,Withdrew,R05,0
APP01968,REQ0043,SRC08,2025-04-22,20250422,S2,2,Rejected,R08,0
APP01969,REQ0043,SRC08,2025-04-20,20250420,S6,6,Rejected,R02,0
APP01970,REQ0043,SRC03,2025-04-09,20250409,S1,1,Rejected,R08,0
APP01971,REQ0043,SRC01,2025-04-14,20250414,S1,1,Withdrew,R05,0
APP01972,REQ0043,SRC06,2025-04-03,20250403,S4,4,Rejected,R02,0
APP01973,REQ0043,SRC02,2025-04-10,20250410,S2,2,Rejected,R08,0
APP01974,REQ0043,SRC07,2025-04-02,20250402,S2,2,Rejected,R01,0
APP01975,REQ0043,SRC01,2025-04-07,20250407,S1,1,Rejected,R01,0
APP01976,REQ0043,SRC02,2025-04-25,20250425,S1,1,Rejected,R01,0
APP01977,REQ0043,SRC01,2025-04-23,20250423,S1,1,Rejected,R08,0
APP01978,REQ0043,SRC01,2025-04-01,20250401,S1,1,Rejected,R01,0
APP01979,REQ0043,SRC05,2025-04-14,20250414,S1,1,Rejected,R01,0
APP01980,REQ0043,SRC03,2025-04-03,20250403,S1,1,Rejected,R01,0
APP01981,REQ0043,SRC02,2025-04-14,20250414,S1,1,Rejected,R01,0
APP01982,REQ0043,SRC03,2025-04-04,20250404,S1,1,Rejected,R01,0
APP01983,REQ0043,SRC02,2025-03-24,20250324,S3,3,Rejected,R02,0
APP01984,REQ0043,SRC03,2025-03-21,20250321,S1,1,Withdrew,R05,0
APP01985,REQ0043,SRC07,2025-03-25,20250325,S3,3,Withdrew,R04,0
APP01986,REQ0043,SRC01,2025-03-20,20250320,S3,3,Withdrew,R04,0
APP01987,REQ0043,SRC06,2025-04-17,20250417,S1,1,Withdrew,R05,0
APP01988,REQ0043,SRC07,2025-03-29,20250329,S3,3,Withdrew,R05,0
APP01989,REQ0043,SRC02,2025-04-08,20250408,S3,3,Rejected,R01,0
APP01990,REQ0043,SRC04,2025-04-13,20250413,S2,2,Rejected,R08,0
APP01991,REQ0043,SRC06,2025-04-13,20250413,S2,2,Rejected,R08,0
APP01992,REQ0043,SRC02,2025-04-24,20250424,S2,2,Withdrew,R05,0
APP01993,REQ0043,SRC01,2025-03-30,20250330,S2,2,Rejected,R08,0
APP01994,REQ0043,SRC01,2025-04-25,20250425,S1,1,Rejected,R01,0
APP01995,REQ0043,SRC02,2025-04-02,20250402,S1,1,Rejected,R08,0
APP01996,REQ0043,SRC01,2025-04-02,20250402,S1,1,Withdrew,R05,0
APP01997,REQ0043,SRC01,2025-04-19,20250419,S3,3,Withdrew,R05,0
APP01998,REQ0043,SRC03,2025-04-01,20250401,S2,2,Rejected,R01,0
APP01999,REQ0043,SRC02,2025-03-25,20250325,S1,1,Rejected,R08,0
APP02000,REQ0043,SRC03,2025-03-21,20250321,S1,1,Rejected,R08,0
APP02001,REQ0043,SRC03,2025-04-21,20250421,S1,1,Withdrew,R05,0
APP02002,REQ0043,SRC08,2025-04-12,20250412,S1,1,Rejected,R08,0
APP02003,REQ0043,SRC01,2025-03-21,20250321,S1,1,Rejected,R01,0
APP02004,REQ0043,SRC01,2025-04-05,20250405,S1,1,Rejected,R01,0
APP02005,REQ0043,SRC04,2025-05-03,20250503,S1,1,Rejected,R08,0
APP02006,REQ0043,SRC02,2025-04-25,20250425,S2,2,Rejected,R03,0
APP02007,REQ0043,SRC01,2025-04-14,20250414,S1,1,Withdrew,R05,0
APP02008,REQ0043,SRC05,2025-04-16,20250416,S1,1,Rejected,R01,0
APP02009,REQ0043,SRC06,2025-04-20,20250420,S1,1,Rejected,R01,0
APP02010,REQ0043,SRC01,2025-05-02,20250502,S1,1,Rejected,R01,0
APP02011,REQ0043,SRC06,2025-04-28,20250428,S1,1,Rejected,R01,0
APP02012,REQ0043,SRC04,2025-04-25,20250425,S1,1,Rejected,R01,0
APP02013,REQ0043,SRC04,2025-03-18,20250318,S1,1,Rejected,R08,0
APP02014,REQ0043,SRC04,2025-04-26,20250426,S2,2,Rejected,R01,0
APP02015,REQ0043,SRC01,2025-04-19,20250419,S3,3,Rejected,R07,0
APP02016,REQ0043,SRC02,2025-04-12,20250412,S3,3,Rejected,R02,0
APP02017,REQ0043,SRC06,2025-04-28,20250428,S1,1,Withdrew,R05,0
APP02018,REQ0043,SRC06,2025-04-12,20250412,S5,5,Rejected,R03,0
APP02019,REQ0043,SRC01,2025-03-19,20250319,S2,2,Withdrew,R04,0
APP02020,REQ0043,SRC06,2025-04-16,20250416,S2,2,Withdrew,R05,0
APP02021,REQ0043,SRC01,2025-05-01,20250501,S3,3,Withdrew,R04,0
APP02022,REQ0043,SRC06,2025-04-12,20250412,S3,3,Rejected,R07,0
APP02023,REQ0043,SRC06,2025-03-25,20250325,S1,1,Rejected,R08,0
APP02024,REQ0043,SRC01,2025-03-20,20250320,S3,3,Withdrew,R05,0
APP02025,REQ0043,SRC01,2025-04-28,20250428,S2,2,Rejected,R03,0
APP02026,REQ0043,SRC03,2025-04-25,20250425,S1,1,Rejected,R08,0
APP02027,REQ0043,SRC06,2025-04-21,20250421,S1,1,Rejected,R01,0
APP02028,REQ0043,SRC01,2025-05-01,20250501,S1,1,Rejected,R01,0
APP02029,REQ0043,SRC02,2025-03-30,20250330,S3,3,Rejected,R07,0
APP02030,REQ0043,SRC05,2025-04-27,20250427,S1,1,Rejected,R01,0
APP02031,REQ0043,SRC01,2025-03-31,20250331,S3,3,Rejected,R01,0
APP02032,REQ0043,SRC08,2025-04-26,20250426,S5,5,Rejected,R07,0
APP02033,REQ0043,SRC02,2025-04-18,20250418,S3,3,Withdrew,R04,0
APP02034,REQ0043,SRC03,2025-04-16,20250416,S3,3,Rejected,R02,0
APP02035,REQ0043,SRC08,2025-04-07,20250407,S2,2,Withdrew,R04,0
APP02036,REQ0044,SRC06,2026-05-30,20260530,S2,2,Rejected,R08,0
APP02037,REQ0044,SRC06,2026-05-24,20260524,S1,1,Rejected,R08,0
APP02038,REQ0044,SRC04,2026-06-17,20260617,S1,1,Rejected,R01,0
APP02039,REQ0044,SRC07,2026-05-30,20260530,S1,1,Withdrew,R05,0
APP02040,REQ0044,SRC08,2026-05-27,20260527,S2,2,Rejected,R01,0
APP02041,REQ0044,SRC03,2026-05-20,20260520,S1,1,Rejected,R08,0
APP02042,REQ0044,SRC03,2026-05-17,20260517,S1,1,Rejected,R08,0
APP02043,REQ0044,SRC07,2026-05-22,20260522,S1,1,Withdrew,R05,0
APP02044,REQ0044,SRC04,2026-05-23,20260523,S1,1,Rejected,R01,0
APP02045,REQ0044,SRC02,2026-05-22,20260522,S3,3,Rejected,R01,0
APP02046,REQ0044,SRC04,2026-05-30,20260530,S2,2,Rejected,R03,0
APP02047,REQ0044,SRC06,2026-05-10,20260510,S4,4,Rejected,R07,0
APP02048,REQ0044,SRC02,2026-06-17,20260617,S1,1,Rejected,R01,0
APP02049,REQ0044,SRC02,2026-05-29,20260529,S1,1,Rejected,R01,0
APP02050,REQ0044,SRC01,2026-06-27,20260627,S1,1,Rejected,R01,0
APP02051,REQ0044,SRC01,2026-06-01,20260601,S1,1,Rejected,R01,0
APP02052,REQ0044,SRC01,2026-06-02,20260602,S1,1,Withdrew,R05,0
APP02053,REQ0044,SRC01,2026-06-22,20260622,S2,2,Rejected,R01,0
APP02054,REQ0044,SRC06,2026-05-21,20260521,S1,1,Rejected,R01,0
APP02055,REQ0044,SRC06,2026-05-13,20260513,S1,1,Rejected,R01,0
APP02056,REQ0044,SRC02,2026-06-17,20260617,S1,1,Withdrew,R05,0
APP02057,REQ0044,SRC06,2026-06-08,20260608,S1,1,Withdrew,R05,0
APP02058,REQ0044,SRC06,2026-05-28,20260528,S1,1,Rejected,R01,0
APP02059,REQ0044,SRC03,2026-05-20,20260520,S1,1,Rejected,R08,0
APP02060,REQ0044,SRC06,2026-06-06,20260606,S1,1,Rejected,R08,0
APP02061,REQ0044,SRC02,2026-05-18,20260518,S2,2,Rejected,R03,0
APP02062,REQ0044,SRC06,2026-05-29,20260529,S1,1,Rejected,R01,0
APP02063,REQ0044,SRC08,2026-05-26,20260526,S1,1,Rejected,R01,0
APP02064,REQ0044,SRC04,2026-05-15,20260515,S1,1,Withdrew,R05,0
APP02065,REQ0044,SRC02,2026-05-30,20260530,S1,1,Rejected,R01,0
APP02066,REQ0044,SRC06,2026-06-08,20260608,S2,2,Rejected,R03,0
APP02067,REQ0044,SRC02,2026-06-17,20260617,S1,1,Rejected,R01,0
APP02068,REQ0044,SRC02,2026-05-18,20260518,S1,1,Rejected,R08,0
APP02069,REQ0044,SRC06,2026-06-27,20260627,S2,2,In Process,R99,0
APP02070,REQ0044,SRC01,2026-05-29,20260529,S1,1,Rejected,R01,0
APP02071,REQ0044,SRC08,2026-06-24,20260624,S1,1,Rejected,R01,0
APP02072,REQ0044,SRC01,2026-06-03,20260603,S3,3,Withdrew,R05,0
APP02073,REQ0044,SRC03,2026-05-20,20260520,S1,1,Rejected,R08,0
APP02074,REQ0044,SRC02,2026-06-06,20260606,S1,1,Withdrew,R05,0
APP02075,REQ0044,SRC06,2026-06-09,20260609,S3,3,Withdrew,R05,0
APP02076,REQ0044,SRC01,2026-05-15,20260515,S1,1,Rejected,R01,0
APP02077,REQ0044,SRC08,2026-06-25,20260625,S1,1,Withdrew,R05,0
APP02078,REQ0044,SRC04,2026-06-11,20260611,S1,1,Rejected,R01,0
APP02079,REQ0044,SRC01,2026-06-16,20260616,S1,1,Rejected,R08,0
APP02080,REQ0044,SRC06,2026-05-10,20260510,S1,1,Rejected,R01,0
APP02081,REQ0044,SRC01,2026-06-19,20260619,S1,1,Withdrew,R05,0
APP02082,REQ0044,SRC08,2026-06-23,20260623,S2,2,Rejected,R08,0
APP02083,REQ0044,SRC02,2026-05-22,20260522,S3,3,Withdrew,R05,0
APP02084,REQ0044,SRC02,2026-06-25,20260625,S3,3,In Process,R99,0
APP02085,REQ0044,SRC01,2026-05-20,20260520,S1,1,Rejected,R01,0
APP02086,REQ0044,SRC02,2026-05-21,20260521,S3,3,Withdrew,R04,0
APP02087,REQ0044,SRC02,2026-06-09,20260609,S3,3,Withdrew,R05,0
APP02088,REQ0044,SRC08,2026-05-12,20260512,S1,1,Rejected,R01,0
APP02089,REQ0044,SRC03,2026-06-23,20260623,S3,3,In Process,R99,0
APP02090,REQ0044,SRC01,2026-06-12,20260612,S4,4,Rejected,R02,0
APP02091,REQ0044,SRC08,2026-05-27,20260527,S2,2,Withdrew,R04,0
APP02092,REQ0044,SRC06,2026-05-10,20260510,S1,1,Rejected,R01,0
APP02093,REQ0045,SRC06,2025-03-22,20250322,S3,3,Rejected,R02,0
APP02094,REQ0045,SRC07,2025-03-31,20250331,S3,3,Rejected,R07,0
APP02095,REQ0045,SRC02,2025-03-08,20250308,S2,2,Rejected,R01,0
APP02096,REQ0045,SRC05,2025-03-26,20250326,S2,2,Rejected,R08,0
APP02097,REQ0045,SRC03,2025-03-17,20250317,S5,5,Withdrew,R04,0
APP02098,REQ0045,SRC07,2025-03-14,20250314,S1,1,Rejected,R08,0
APP02099,REQ0045,SRC02,2025-03-26,20250326,S2,2,Withdrew,R05,0
APP02100,REQ0045,SRC06,2025-03-15,20250315,S2,2,Withdrew,R05,0
APP02101,REQ0045,SRC01,2025-03-15,20250315,S1,1,Rejected,R01,0
APP02102,REQ0045,SRC01,2025-03-30,20250330,S1,1,Rejected,R01,0
APP02103,REQ0045,SRC02,2025-03-21,20250321,S1,1,Rejected,R01,0
APP02104,REQ0045,SRC06,2025-03-20,20250320,S4,4,Rejected,R02,0
APP02105,REQ0045,SRC01,2025-03-29,20250329,S1,1,Withdrew,R05,0
APP02106,REQ0045,SRC08,2025-03-09,20250309,S1,1,Rejected,R01,0
APP02107,REQ0045,SRC08,2025-03-18,20250318,S1,1,Rejected,R08,0
APP02108,REQ0045,SRC01,2025-03-21,20250321,S1,1,Rejected,R01,0
APP02109,REQ0045,SRC07,2025-03-08,20250308,S1,1,Withdrew,R05,0
APP02110,REQ0045,SRC02,2025-03-23,20250323,S1,1,Rejected,R01,0
APP02111,REQ0045,SRC08,2025-03-30,20250330,S1,1,Rejected,R01,0
APP02112,REQ0045,SRC05,2025-03-23,20250323,S3,3,Rejected,R02,0
APP02113,REQ0045,SRC07,2025-03-08,20250308,S1,1,Rejected,R01,0
APP02114,REQ0045,SRC02,2025-04-03,20250403,S1,1,Rejected,R08,0
APP02115,REQ0045,SRC07,2025-03-29,20250329,S1,1,Rejected,R01,0
APP02116,REQ0045,SRC06,2025-03-24,20250324,S1,1,Withdrew,R05,0
APP02117,REQ0045,SRC01,2025-03-14,20250314,S1,1,Withdrew,R05,0
APP02118,REQ0045,SRC03,2025-03-31,20250331,S1,1,Rejected,R01,0
APP02119,REQ0045,SRC01,2025-03-30,20250330,S2,2,Withdrew,R04,0
APP02120,REQ0045,SRC07,2025-03-08,20250308,S3,3,Withdrew,R04,0
APP02121,REQ0045,SRC06,2025-03-27,20250327,S4,4,Withdrew,R04,0
APP02122,REQ0045,SRC01,2025-03-29,20250329,S1,1,Rejected,R01,0
APP02123,REQ0045,SRC06,2025-03-13,20250313,S1,1,Rejected,R01,0
APP02124,REQ0045,SRC01,2025-03-20,20250320,S3,3,Withdrew,R04,0
APP02125,REQ0045,SRC03,2025-03-07,20250307,S2,2,Rejected,R03,0
APP02126,REQ0045,SRC04,2025-03-18,20250318,S1,1,Rejected,R01,0
APP02127,REQ0045,SRC02,2025-03-31,20250331,S1,1,Rejected,R01,0
APP02128,REQ0045,SRC08,2025-03-07,20250307,S1,1,Rejected,R01,0
APP02129,REQ0045,SRC08,2025-04-03,20250403,S1,1,Rejected,R01,0
APP02130,REQ0045,SRC04,2025-03-11,20250311,S1,1,Withdrew,R05,0
APP02131,REQ0045,SRC06,2025-03-07,20250307,S4,4,Rejected,R07,0
APP02132,REQ0045,SRC04,2025-03-25,20250325,S1,1,Rejected,R01,0
APP02133,REQ0045,SRC05,2025-03-25,20250325,S6,6,Withdrew,R04,0
APP02134,REQ0045,SRC07,2025-03-24,20250324,S1,1,Rejected,R08,0
APP02135,REQ0045,SRC05,2025-03-08,20250308,S5,5,Rejected,R02,0
APP02136,REQ0045,SRC06,2025-03-13,20250313,S5,5,Rejected,R07,0
APP02137,REQ0045,SRC03,2025-03-19,20250319,S1,1,Rejected,R08,0
APP02138,REQ0045,SRC06,2025-03-18,20250318,S1,1,Rejected,R08,0
APP02139,REQ0045,SRC08,2025-03-16,20250316,S1,1,Rejected,R01,0
APP02140,REQ0045,SRC06,2025-04-03,20250403,S4,4,Rejected,R07,0
APP02141,REQ0045,SRC03,2025-04-01,20250401,S1,1,Rejected,R01,0
APP02142,REQ0045,SRC02,2025-03-19,20250319,S1,1,Rejected,R01,0
APP02143,REQ0045,SRC08,2025-03-23,20250323,S1,1,Withdrew,R05,0
APP02144,REQ0045,SRC02,2025-03-25,20250325,S1,1,Rejected,R01,0
APP02145,REQ0045,SRC06,2025-03-23,20250323,S4,4,Rejected,R02,0
APP02146,REQ0045,SRC01,2025-03-19,20250319,S1,1,Rejected,R01,0
APP02147,REQ0045,SRC08,2025-03-10,20250310,S1,1,Rejected,R08,0
APP02148,REQ0045,SRC05,2025-03-20,20250320,S1,1,Rejected,R01,0
APP02149,REQ0045,SRC07,2025-03-07,20250307,S3,3,Withdrew,R05,0
APP02150,REQ0045,SRC06,2025-03-18,20250318,S2,2,Withdrew,R05,0
APP02151,REQ0045,SRC02,2025-03-26,20250326,S1,1,Rejected,R01,0
APP02152,REQ0045,SRC03,2025-03-26,20250326,S8,8,Hired,R99,1
APP02153,REQ0045,SRC01,2025-03-13,20250313,S1,1,Rejected,R01,0
APP02154,REQ0045,SRC01,2025-03-22,20250322,S1,1,Withdrew,R05,0
APP02155,REQ0045,SRC07,2025-03-23,20250323,S2,2,Rejected,R08,0
APP02156,REQ0045,SRC01,2025-04-03,20250403,S1,1,Withdrew,R05,0
APP02157,REQ0045,SRC06,2025-03-08,20250308,S6,6,Withdrew,R04,0
APP02158,REQ0046,SRC01,2025-12-06,20251206,S2,2,Withdrew,R04,0
APP02159,REQ0046,SRC01,2025-09-22,20250922,S3,3,Rejected,R09,0
APP02160,REQ0046,SRC01,2026-02-06,20260206,S1,1,Rejected,R01,0
APP02161,REQ0046,SRC01,2025-12-05,20251205,S3,3,Rejected,R09,0
APP02162,REQ0046,SRC08,2025-09-12,20250912,S1,1,Rejected,R01,0
APP02163,REQ0046,SRC01,2025-11-25,20251125,S2,2,Withdrew,R04,0
APP02164,REQ0046,SRC02,2025-12-23,20251223,S1,1,Withdrew,R05,0
APP02165,REQ0046,SRC08,2025-11-25,20251125,S1,1,Withdrew,R05,0
APP02166,REQ0046,SRC02,2025-12-17,20251217,S2,2,Rejected,R01,0
APP02167,REQ0046,SRC07,2025-10-20,20251020,S3,3,Rejected,R09,0
APP02168,REQ0046,SRC08,2026-02-23,20260223,S2,2,Rejected,R01,0
APP02169,REQ0046,SRC06,2025-09-18,20250918,S1,1,Withdrew,R05,0
APP02170,REQ0046,SRC02,2025-09-24,20250924,S1,1,Rejected,R01,0
APP02171,REQ0046,SRC06,2025-09-04,20250904,S1,1,Rejected,R01,0
APP02172,REQ0046,SRC03,2026-02-09,20260209,S3,3,Rejected,R09,0
APP02173,REQ0046,SRC08,2026-01-21,20260121,S2,2,Rejected,R01,0
APP02174,REQ0046,SRC01,2025-11-02,20251102,S2,2,Withdrew,R04,0
APP02175,REQ0046,SRC01,2025-12-20,20251220,S2,2,Withdrew,R04,0
APP02176,REQ0047,SRC03,2024-07-20,20240720,S2,2,Withdrew,R05,0
APP02177,REQ0047,SRC07,2024-08-01,20240801,S2,2,Rejected,R01,0
APP02178,REQ0047,SRC08,2024-07-26,20240726,S1,1,Rejected,R01,0
APP02179,REQ0047,SRC08,2024-07-16,20240716,S3,3,Rejected,R07,0
APP02180,REQ0047,SRC06,2024-07-30,20240730,S5,5,Rejected,R03,0
APP02181,REQ0047,SRC03,2024-07-18,20240718,S3,3,Rejected,R07,0
APP02182,REQ0047,SRC04,2024-07-30,20240730,S8,8,Hired,R99,1
APP02183,REQ0047,SRC08,2024-07-27,20240727,S1,1,Rejected,R01,0
APP02184,REQ0047,SRC06,2024-07-20,20240720,S1,1,Rejected,R01,0
APP02185,REQ0047,SRC01,2024-08-02,20240802,S1,1,Rejected,R08,0
APP02186,REQ0047,SRC02,2024-07-17,20240717,S1,1,Rejected,R08,0
APP02187,REQ0047,SRC05,2024-07-23,20240723,S1,1,Rejected,R01,0
APP02188,REQ0047,SRC02,2024-07-24,20240724,S1,1,Rejected,R01,0
APP02189,REQ0047,SRC01,2024-07-19,20240719,S2,2,Withdrew,R05,0
APP02190,REQ0047,SRC08,2024-07-20,20240720,S1,1,Rejected,R01,0
APP02191,REQ0047,SRC07,2024-08-04,20240804,S3,3,Withdrew,R04,0
APP02192,REQ0047,SRC01,2024-08-05,20240805,S4,4,Withdrew,R04,0
APP02193,REQ0047,SRC05,2024-07-24,20240724,S6,6,Withdrew,R04,0
APP02194,REQ0047,SRC04,2024-07-29,20240729,S3,3,Withdrew,R04,0
APP02195,REQ0047,SRC02,2024-07-21,20240721,S1,1,Rejected,R01,0
APP02196,REQ0047,SRC08,2024-08-05,20240805,S1,1,Withdrew,R05,0
APP02197,REQ0047,SRC02,2024-07-18,20240718,S1,1,Rejected,R01,0
APP02198,REQ0047,SRC06,2024-08-05,20240805,S1,1,Rejected,R01,0
APP02199,REQ0047,SRC01,2024-07-16,20240716,S1,1,Rejected,R08,0
APP02200,REQ0047,SRC08,2024-07-18,20240718,S5,5,Withdrew,R04,0
APP02201,REQ0047,SRC03,2024-08-05,20240805,S1,1,Rejected,R08,0
APP02202,REQ0047,SRC01,2024-07-30,20240730,S3,3,Rejected,R02,0
APP02203,REQ0047,SRC07,2024-07-20,20240720,S1,1,Rejected,R01,0
APP02204,REQ0047,SRC01,2024-07-22,20240722,S2,2,Rejected,R03,0
APP02205,REQ0048,SRC01,2025-10-01,20251001,S1,1,Rejected,R01,0
APP02206,REQ0048,SRC02,2025-09-26,20250926,S3,3,Rejected,R02,0
APP02207,REQ0048,SRC03,2025-10-05,20251005,S1,1,Rejected,R01,0
APP02208,REQ0048,SRC01,2025-09-27,20250927,S3,3,Rejected,R02,0
APP02209,REQ0048,SRC03,2025-09-29,20250929,S2,2,Rejected,R01,0
APP02210,REQ0048,SRC02,2025-10-02,20251002,S1,1,Rejected,R01,0
APP02211,REQ0048,SRC02,2025-09-30,20250930,S1,1,Rejected,R01,0
APP02212,REQ0048,SRC03,2025-09-27,20250927,S1,1,Rejected,R01,0
APP02213,REQ0048,SRC01,2025-10-03,20251003,S1,1,Rejected,R01,0
APP02214,REQ0048,SRC03,2025-09-28,20250928,S1,1,Rejected,R08,0
APP02215,REQ0048,SRC08,2025-10-02,20251002,S1,1,Rejected,R01,0
APP02216,REQ0048,SRC08,2025-09-27,20250927,S1,1,Withdrew,R05,0
APP02217,REQ0048,SRC08,2025-10-01,20251001,S3,3,Rejected,R07,0
APP02218,REQ0048,SRC08,2025-09-28,20250928,S1,1,Rejected,R01,0
APP02219,REQ0048,SRC06,2025-09-30,20250930,S3,3,Withdrew,R04,0
APP02220,REQ0048,SRC01,2025-09-23,20250923,S1,1,Rejected,R01,0
APP02221,REQ0048,SRC02,2025-09-23,20250923,S1,1,Withdrew,R05,0
APP02222,REQ0048,SRC05,2025-10-02,20251002,S4,4,Withdrew,R04,0
APP02223,REQ0048,SRC02,2025-10-07,20251007,S2,2,Withdrew,R05,0
APP02224,REQ0048,SRC04,2025-09-26,20250926,S1,1,Rejected,R08,0
APP02225,REQ0048,SRC04,2025-10-05,20251005,S2,2,Withdrew,R05,0
APP02226,REQ0048,SRC03,2025-10-02,20251002,S1,1,Rejected,R01,0
APP02227,REQ0048,SRC08,2025-09-23,20250923,S3,3,Rejected,R02,0
APP02228,REQ0048,SRC08,2025-10-06,20251006,S1,1,Rejected,R08,0
APP02229,REQ0048,SRC01,2025-09-30,20250930,S1,1,Rejected,R01,0
APP02230,REQ0048,SRC03,2025-09-22,20250922,S3,3,Withdrew,R05,0
APP02231,REQ0048,SRC01,2025-09-26,20250926,S2,2,Rejected,R03,0
APP02232,REQ0048,SRC04,2025-09-25,20250925,S1,1,Rejected,R01,0
APP02233,REQ0048,SRC01,2025-09-23,20250923,S1,1,Rejected,R08,0
APP02234,REQ0048,SRC07,2025-09-25,20250925,S1,1,Withdrew,R05,0
APP02235,REQ0048,SRC01,2025-10-05,20251005,S2,2,Withdrew,R04,0
APP02236,REQ0048,SRC02,2025-09-30,20250930,S1,1,Rejected,R08,0
APP02237,REQ0048,SRC01,2025-10-03,20251003,S1,1,Rejected,R01,0
APP02238,REQ0048,SRC08,2025-09-27,20250927,S1,1,Withdrew,R05,0
APP02239,REQ0048,SRC06,2025-09-29,20250929,S2,2,Rejected,R08,0
APP02240,REQ0048,SRC05,2025-10-04,20251004,S1,1,Rejected,R01,0
APP02241,REQ0048,SRC01,2025-09-26,20250926,S1,1,Withdrew,R05,0
APP02242,REQ0048,SRC01,2025-10-07,20251007,S2,2,Rejected,R03,0
APP02243,REQ0048,SRC02,2025-09-27,20250927,S1,1,Rejected,R01,0
APP02244,REQ0048,SRC06,2025-10-04,20251004,S1,1,Rejected,R08,0
APP02245,REQ0048,SRC02,2025-09-25,20250925,S1,1,Rejected,R01,0
APP02246,REQ0048,SRC03,2025-09-27,20250927,S1,1,Rejected,R08,0
APP02247,REQ0048,SRC07,2025-10-01,20251001,S2,2,Rejected,R03,0
APP02248,REQ0048,SRC08,2025-10-04,20251004,S1,1,Withdrew,R05,0
APP02249,REQ0048,SRC06,2025-10-01,20251001,S1,1,Rejected,R01,0
APP02250,REQ0049,SRC04,2024-08-09,20240809,S3,3,Withdrew,R05,0
APP02251,REQ0049,SRC07,2024-08-28,20240828,S1,1,Rejected,R01,0
APP02252,REQ0049,SRC06,2024-08-28,20240828,S1,1,Rejected,R01,0
APP02253,REQ0049,SRC03,2024-08-12,20240812,S3,3,Withdrew,R05,0
APP02254,REQ0049,SRC04,2024-08-19,20240819,S1,1,Rejected,R01,0
APP02255,REQ0049,SRC02,2024-08-23,20240823,S1,1,Rejected,R01,0
APP02256,REQ0049,SRC01,2024-08-06,20240806,S2,2,Withdrew,R05,0
APP02257,REQ0049,SRC05,2024-08-26,20240826,S1,1,Rejected,R01,0
APP02258,REQ0049,SRC01,2024-08-06,20240806,S3,3,Withdrew,R05,0
APP02259,REQ0049,SRC02,2024-08-31,20240831,S1,1,Withdrew,R05,0
APP02260,REQ0049,SRC04,2024-08-14,20240814,S1,1,Rejected,R01,0
APP02261,REQ0049,SRC01,2024-08-13,20240813,S3,3,Rejected,R01,0
APP02262,REQ0049,SRC05,2024-08-27,20240827,S2,2,Withdrew,R04,0
APP02263,REQ0049,SRC06,2024-08-06,20240806,S1,1,Rejected,R01,0
APP02264,REQ0049,SRC04,2024-08-19,20240819,S1,1,Rejected,R01,0
APP02265,REQ0049,SRC02,2024-08-07,20240807,S1,1,Withdrew,R05,0
APP02266,REQ0049,SRC08,2024-08-07,20240807,S2,2,Withdrew,R04,0
APP02267,REQ0049,SRC05,2024-08-11,20240811,S1,1,Rejected,R01,0
APP02268,REQ0049,SRC01,2024-08-08,20240808,S1,1,Rejected,R01,0
APP02269,REQ0049,SRC07,2024-08-30,20240830,S2,2,Withdrew,R05,0
APP02270,REQ0049,SRC01,2024-08-26,20240826,S1,1,Withdrew,R05,0
APP02271,REQ0049,SRC01,2024-08-18,20240818,S3,3,Rejected,R01,0
APP02272,REQ0049,SRC04,2024-08-18,20240818,S5,5,Rejected,R03,0
APP02273,REQ0049,SRC04,2024-08-08,20240808,S7,7,Rejected,R03,0
APP02274,REQ0049,SRC02,2024-08-30,20240830,S2,2,Rejected,R08,0
APP02275,REQ0049,SRC01,2024-08-31,20240831,S2,2,Rejected,R08,0
APP02276,REQ0049,SRC06,2024-08-24,20240824,S3,3,Withdrew,R04,0
APP02277,REQ0049,SRC03,2024-08-29,20240829,S1,1,Withdrew,R05,0
APP02278,REQ0049,SRC04,2024-08-13,20240813,S1,1,Rejected,R01,0
APP02279,REQ0049,SRC05,2024-08-17,20240817,S4,4,Rejected,R02,0
APP02280,REQ0049,SRC06,2024-08-13,20240813,S1,1,Rejected,R01,0
APP02281,REQ0049,SRC06,2024-08-28,20240828,S1,1,Rejected,R01,0
APP02282,REQ0049,SRC05,2024-08-16,20240816,S1,1,Rejected,R01,0
APP02283,REQ0049,SRC01,2024-08-11,20240811,S1,1,Withdrew,R05,0
APP02284,REQ0049,SRC02,2024-08-27,20240827,S1,1,Rejected,R08,0
APP02285,REQ0049,SRC08,2024-08-25,20240825,S1,1,Rejected,R01,0
APP02286,REQ0049,SRC01,2024-08-08,20240808,S1,1,Rejected,R01,0
APP02287,REQ0049,SRC01,2024-08-21,20240821,S5,5,Withdrew,R04,0
APP02288,REQ0049,SRC04,2024-08-23,20240823,S1,1,Rejected,R01,0
APP02289,REQ0049,SRC08,2024-08-10,20240810,S1,1,Rejected,R01,0
APP02290,REQ0049,SRC08,2024-08-06,20240806,S3,3,Rejected,R02,0
APP02291,REQ0049,SRC08,2024-08-30,20240830,S2,2,Rejected,R08,0
APP02292,REQ0049,SRC01,2024-08-06,20240806,S2,2,Rejected,R01,0
APP02293,REQ0049,SRC06,2024-08-29,20240829,S1,1,Rejected,R08,0
APP02294,REQ0049,SRC01,2024-08-28,20240828,S2,2,Rejected,R03,0
APP02295,REQ0049,SRC08,2024-08-08,20240808,S2,2,Rejected,R01,0
APP02296,REQ0049,SRC01,2024-08-24,20240824,S1,1,Rejected,R01,0
APP02297,REQ0049,SRC06,2024-08-19,20240819,S2,2,Rejected,R03,0
APP02298,REQ0049,SRC06,2024-08-13,20240813,S2,2,Rejected,R01,0
APP02299,REQ0049,SRC01,2024-08-17,20240817,S1,1,Rejected,R01,0
APP02300,REQ0049,SRC06,2024-08-15,20240815,S2,2,Withdrew,R05,0
APP02301,REQ0049,SRC01,2024-08-20,20240820,S2,2,Rejected,R01,0
APP02302,REQ0049,SRC08,2024-08-13,20240813,S6,6,Withdrew,R04,0
APP02303,REQ0049,SRC03,2024-08-30,20240830,S1,1,Rejected,R01,0
APP02304,REQ0049,SRC03,2024-08-25,20240825,S1,1,Withdrew,R05,0
APP02305,REQ0049,SRC06,2024-08-14,20240814,S1,1,Withdrew,R05,0
APP02306,REQ0049,SRC03,2024-08-19,20240819,S1,1,Rejected,R01,0
APP02307,REQ0049,SRC01,2024-08-28,20240828,S2,2,Withdrew,R05,0
APP02308,REQ0049,SRC02,2024-08-29,20240829,S1,1,Withdrew,R05,0
APP02309,REQ0049,SRC06,2024-08-30,20240830,S1,1,Rejected,R01,0
APP02310,REQ0049,SRC05,2024-08-30,20240830,S2,2,Rejected,R08,0
APP02311,REQ0049,SRC08,2024-08-18,20240818,S5,5,Rejected,R02,0
APP02312,REQ0049,SRC03,2024-08-25,20240825,S1,1,Rejected,R01,0
APP02313,REQ0049,SRC03,2024-08-25,20240825,S1,1,Rejected,R01,0
APP02314,REQ0049,SRC05,2024-08-23,20240823,S2,2,Rejected,R03,0
APP02315,REQ0050,SRC01,2025-10-03,20251003,S3,3,Rejected,R02,0
APP02316,REQ0050,SRC01,2025-09-01,20250901,S1,1,Rejected,R01,0
APP02317,REQ0050,SRC02,2025-09-25,20250925,S1,1,Rejected,R01,0
APP02318,REQ0050,SRC08,2025-08-28,20250828,S1,1,Rejected,R08,0
APP02319,REQ0050,SRC02,2025-10-03,20251003,S1,1,Withdrew,R05,0
APP02320,REQ0050,SRC07,2025-09-18,20250918,S3,3,Rejected,R01,0
APP02321,REQ0050,SRC06,2025-10-27,20251027,S1,1,Rejected,R08,0
APP02322,REQ0050,SRC02,2025-08-27,20250827,S1,1,Withdrew,R05,0
APP02323,REQ0050,SRC06,2025-10-12,20251012,S1,1,Rejected,R01,0
APP02324,REQ0050,SRC02,2025-10-18,20251018,S1,1,Rejected,R01,0
APP02325,REQ0050,SRC08,2025-08-31,20250831,S1,1,Rejected,R08,0
APP02326,REQ0050,SRC07,2025-09-10,20250910,S3,3,Rejected,R07,0
APP02327,REQ0050,SRC06,2025-09-12,20250912,S3,3,Rejected,R02,0
APP02328,REQ0050,SRC06,2025-09-01,20250901,S1,1,Rejected,R01,0
APP02329,REQ0050,SRC06,2025-09-03,20250903,S1,1,Rejected,R01,0
APP02330,REQ0050,SRC07,2025-10-26,20251026,S1,1,Rejected,R08,0
APP02331,REQ0050,SRC06,2025-10-07,20251007,S2,2,Withdrew,R04,0
APP02332,REQ0050,SRC08,2025-09-08,20250908,S1,1,Rejected,R01,0
APP02333,REQ0050,SRC02,2025-10-29,20251029,S1,1,Rejected,R01,0
APP02334,REQ0050,SRC01,2025-08-27,20250827,S1,1,Withdrew,R05,0
APP02335,REQ0050,SRC05,2025-09-10,20250910,S1,1,Rejected,R01,0
APP02336,REQ0050,SRC01,2025-09-18,20250918,S1,1,Rejected,R01,0
APP02337,REQ0050,SRC08,2025-09-11,20250911,S1,1,Rejected,R08,0
APP02338,REQ0050,SRC02,2025-10-02,20251002,S1,1,Withdrew,R05,0
APP02339,REQ0050,SRC03,2025-09-29,20250929,S1,1,Rejected,R01,0
APP02340,REQ0050,SRC01,2025-10-30,20251030,S1,1,Rejected,R08,0
APP02341,REQ0050,SRC06,2025-10-14,20251014,S1,1,Rejected,R01,0
APP02342,REQ0050,SRC01,2025-10-17,20251017,S2,2,Rejected,R08,0
APP02343,REQ0050,SRC07,2025-10-30,20251030,S1,1,Rejected,R01,0
APP02344,REQ0050,SRC08,2025-08-31,20250831,S1,1,Rejected,R01,0
APP02345,REQ0050,SRC08,2025-10-15,20251015,S4,4,Withdrew,R04,0
APP02346,REQ0050,SRC03,2025-09-04,20250904,S1,1,Rejected,R01,0
APP02347,REQ0050,SRC05,2025-09-09,20250909,S1,1,Rejected,R08,0
APP02348,REQ0050,SRC06,2025-10-20,20251020,S2,2,Withdrew,R04,0
APP02349,REQ0050,SRC01,2025-09-26,20250926,S8,8,Hired,R99,1
APP02350,REQ0050,SRC06,2025-10-27,20251027,S2,2,Rejected,R08,0
APP02351,REQ0050,SRC05,2025-10-02,20251002,S1,1,Rejected,R01,0
APP02352,REQ0050,SRC06,2025-09-07,20250907,S3,3,Withdrew,R05,0
APP02353,REQ0050,SRC06,2025-10-28,20251028,S6,6,Withdrew,R04,0
APP02354,REQ0050,SRC01,2025-10-11,20251011,S1,1,Rejected,R01,0
APP02355,REQ0050,SRC08,2025-10-02,20251002,S1,1,Rejected,R01,0
APP02356,REQ0050,SRC03,2025-10-03,20251003,S2,2,Rejected,R01,0
APP02357,REQ0050,SRC06,2025-09-29,20250929,S2,2,Rejected,R08,0
APP02358,REQ0050,SRC04,2025-10-29,20251029,S3,3,Withdrew,R04,0
APP02359,REQ0050,SRC05,2025-09-04,20250904,S2,2,Rejected,R03,0
APP02360,REQ0051,SRC08,2024-08-17,20240817,S3,3,Rejected,R01,0
APP02361,REQ0051,SRC01,2024-06-09,20240609,S1,1,Withdrew,R05,0
APP02362,REQ0051,SRC02,2024-06-10,20240610,S1,1,Rejected,R01,0
APP02363,REQ0051,SRC03,2024-07-12,20240712,S1,1,Rejected,R01,0
APP02364,REQ0051,SRC06,2024-07-29,20240729,S1,1,Rejected,R08,0
APP02365,REQ0051,SRC02,2024-07-20,20240720,S3,3,Withdrew,R05,0
APP02366,REQ0051,SRC07,2024-07-28,20240728,S1,1,Rejected,R08,0
APP02367,REQ0051,SRC03,2024-06-22,20240622,S1,1,Rejected,R08,0
APP02368,REQ0051,SRC07,2024-06-24,20240624,S1,1,Rejected,R01,0
APP02369,REQ0051,SRC04,2024-08-07,20240807,S5,5,Rejected,R03,0
APP02370,REQ0051,SRC01,2024-07-29,20240729,S3,3,Rejected,R01,0
APP02371,REQ0051,SRC01,2024-06-24,20240624,S3,3,Rejected,R01,0
APP02372,REQ0051,SRC06,2024-08-20,20240820,S1,1,Rejected,R08,0
APP02373,REQ0051,SRC08,2024-07-26,20240726,S1,1,Rejected,R01,0
APP02374,REQ0051,SRC04,2024-07-04,20240704,S1,1,Rejected,R01,0
APP02375,REQ0051,SRC08,2024-08-02,20240802,S2,2,Rejected,R08,0
APP02376,REQ0051,SRC08,2024-08-28,20240828,S2,2,Withdrew,R04,0
APP02377,REQ0051,SRC01,2024-07-10,20240710,S2,2,Rejected,R03,0
APP02378,REQ0051,SRC07,2024-06-13,20240613,S2,2,Withdrew,R05,0
APP02379,REQ0051,SRC06,2024-06-18,20240618,S3,3,Withdrew,R05,0
APP02380,REQ0051,SRC04,2024-08-17,20240817,S1,1,Rejected,R01,0
APP02381,REQ0051,SRC07,2024-07-24,20240724,S1,1,Rejected,R01,0
APP02382,REQ0051,SRC08,2024-06-22,20240622,S4,4,Rejected,R07,0
APP02383,REQ0051,SRC02,2024-08-27,20240827,S2,2,Rejected,R03,0
APP02384,REQ0051,SRC06,2024-08-27,20240827,S1,1,Rejected,R08,0
APP02385,REQ0051,SRC04,2024-08-27,20240827,S1,1,Withdrew,R05,0
APP02386,REQ0051,SRC08,2024-06-14,20240614,S5,5,Rejected,R02,0
APP02387,REQ0051,SRC01,2024-07-10,20240710,S1,1,Rejected,R01,0
APP02388,REQ0051,SRC07,2024-08-06,20240806,S1,1,Withdrew,R05,0
APP02389,REQ0051,SRC01,2024-08-10,20240810,S1,1,Rejected,R08,0
APP02390,REQ0051,SRC08,2024-07-10,20240710,S1,1,Rejected,R01,0
APP02391,REQ0051,SRC06,2024-06-24,20240624,S3,3,Withdrew,R05,0
APP02392,REQ0051,SRC06,2024-06-22,20240622,S2,2,Rejected,R03,0
APP02393,REQ0051,SRC02,2024-06-14,20240614,S3,3,Rejected,R01,0
APP02394,REQ0051,SRC03,2024-08-07,20240807,S1,1,Rejected,R01,0
APP02395,REQ0051,SRC02,2024-06-08,20240608,S1,1,Rejected,R01,0
APP02396,REQ0051,SRC02,2024-06-11,20240611,S1,1,Withdrew,R05,0
APP02397,REQ0052,SRC02,2026-02-26,20260226,S6,6,Rejected,R07,0
APP02398,REQ0052,SRC06,2026-03-04,20260304,S1,1,Withdrew,R05,0
APP02399,REQ0052,SRC01,2026-03-14,20260314,S2,2,Withdrew,R04,0
APP02400,REQ0052,SRC02,2026-02-21,20260221,S1,1,Rejected,R01,0
APP02401,REQ0052,SRC08,2026-02-22,20260222,S1,1,Rejected,R01,0
APP02402,REQ0052,SRC04,2026-02-21,20260221,S1,1,Rejected,R01,0
APP02403,REQ0052,SRC01,2026-02-22,20260222,S2,2,Withdrew,R04,0
APP02404,REQ0052,SRC08,2026-02-22,20260222,S1,1,Withdrew,R05,0
APP02405,REQ0052,SRC01,2026-02-25,20260225,S2,2,Rejected,R03,0
APP02406,REQ0052,SRC01,2026-03-14,20260314,S2,2,Rejected,R08,0
APP02407,REQ0052,SRC01,2026-02-25,20260225,S1,1,Rejected,R01,0
APP02408,REQ0052,SRC02,2026-03-02,20260302,S1,1,Withdrew,R05,0
APP02409,REQ0052,SRC06,2026-03-11,20260311,S2,2,Rejected,R08,0
APP02410,REQ0052,SRC02,2026-02-21,20260221,S2,2,Rejected,R03,0
APP02411,REQ0052,SRC08,2026-03-12,20260312,S1,1,Rejected,R08,0
APP02412,REQ0052,SRC01,2026-02-25,20260225,S1,1,Rejected,R01,0
APP02413,REQ0052,SRC08,2026-02-19,20260219,S2,2,Withdrew,R05,0
APP02414,REQ0052,SRC02,2026-03-09,20260309,S1,1,Rejected,R01,0
APP02415,REQ0052,SRC08,2026-03-10,20260310,S1,1,Rejected,R01,0
APP02416,REQ0052,SRC04,2026-02-21,20260221,S1,1,Rejected,R01,0
APP02417,REQ0052,SRC03,2026-03-11,20260311,S3,3,Rejected,R07,0
APP02418,REQ0052,SRC08,2026-03-09,20260309,S1,1,Rejected,R01,0
APP02419,REQ0052,SRC06,2026-02-19,20260219,S4,4,Rejected,R02,0
APP02420,REQ0052,SRC01,2026-03-14,20260314,S4,4,Rejected,R02,0
APP02421,REQ0052,SRC07,2026-02-22,20260222,S2,2,Rejected,R03,0
APP02422,REQ0053,SRC08,2024-11-30,20241130,S2,2,Rejected,R08,0
APP02423,REQ0053,SRC02,2025-01-06,20250106,S1,1,Rejected,R08,0
APP02424,REQ0053,SRC08,2025-01-13,20250113,S1,1,Withdrew,R05,0
APP02425,REQ0053,SRC01,2024-12-22,20241222,S1,1,Rejected,R08,0
APP02426,REQ0053,SRC05,2025-01-19,20250119,S1,1,Rejected,R08,0
APP02427,REQ0053,SRC01,2024-12-06,20241206,S1,1,Rejected,R01,0
APP02428,REQ0053,SRC02,2024-12-28,20241228,S2,2,Withdrew,R05,0
APP02429,REQ0053,SRC07,2024-12-17,20241217,S2,2,Rejected,R01,0
APP02430,REQ0053,SRC03,2025-01-09,20250109,S1,1,Rejected,R01,0
APP02431,REQ0053,SRC05,2024-11-26,20241126,S4,4,Rejected,R02,0
APP02432,REQ0053,SRC04,2025-01-13,20250113,S1,1,Rejected,R01,0
APP02433,REQ0053,SRC06,2025-01-19,20250119,S1,1,Rejected,R01,0
APP02434,REQ0053,SRC06,2024-11-27,20241127,S1,1,Rejected,R08,0
APP02435,REQ0053,SRC04,2025-01-23,20250123,S1,1,Rejected,R08,0
APP02436,REQ0053,SRC06,2024-11-28,20241128,S1,1,Rejected,R01,0
APP02437,REQ0053,SRC05,2024-12-09,20241209,S1,1,Withdrew,R05,0
APP02438,REQ0053,SRC07,2025-01-11,20250111,S3,3,Rejected,R07,0
APP02439,REQ0053,SRC02,2024-12-17,20241217,S1,1,Rejected,R01,0
APP02440,REQ0053,SRC01,2024-11-28,20241128,S1,1,Rejected,R08,0
APP02441,REQ0053,SRC06,2025-01-01,20250101,S1,1,Rejected,R01,0
APP02442,REQ0053,SRC01,2024-11-20,20241120,S1,1,Rejected,R01,0
APP02443,REQ0053,SRC07,2024-12-14,20241214,S1,1,Rejected,R01,0
APP02444,REQ0053,SRC01,2025-01-25,20250125,S1,1,Rejected,R01,0
APP02445,REQ0053,SRC06,2024-12-20,20241220,S6,6,Rejected,R03,0
APP02446,REQ0053,SRC06,2025-01-05,20250105,S1,1,Rejected,R08,0
APP02447,REQ0053,SRC04,2024-11-19,20241119,S1,1,Rejected,R01,0
APP02448,REQ0053,SRC01,2024-12-30,20241230,S1,1,Rejected,R08,0
APP02449,REQ0053,SRC05,2025-01-19,20250119,S1,1,Rejected,R08,0
APP02450,REQ0053,SRC01,2024-12-23,20241223,S2,2,Rejected,R03,0
APP02451,REQ0053,SRC01,2024-12-03,20241203,S5,5,Rejected,R02,0
APP02452,REQ0053,SRC01,2024-11-25,20241125,S2,2,Rejected,R08,0
APP02453,REQ0053,SRC04,2025-01-08,20250108,S1,1,Rejected,R01,0
APP02454,REQ0053,SRC07,2025-01-07,20250107,S3,3,Rejected,R02,0
APP02455,REQ0053,SRC01,2024-12-13,20241213,S1,1,Rejected,R08,0
APP02456,REQ0053,SRC02,2025-01-21,20250121,S2,2,Withdrew,R04,0
APP02457,REQ0053,SRC02,2025-01-11,20250111,S1,1,Rejected,R01,0
APP02458,REQ0053,SRC01,2024-12-28,20241228,S1,1,Rejected,R01,0
APP02459,REQ0053,SRC02,2025-01-03,20250103,S6,6,Withdrew,R04,0
APP02460,REQ0053,SRC08,2025-01-17,20250117,S3,3,Rejected,R07,0
APP02461,REQ0053,SRC03,2025-01-12,20250112,S1,1,Rejected,R01,0
APP02462,REQ0053,SRC02,2024-12-26,20241226,S3,3,Rejected,R07,0
APP02463,REQ0053,SRC01,2024-12-18,20241218,S1,1,Rejected,R01,0
APP02464,REQ0053,SRC03,2025-01-18,20250118,S1,1,Rejected,R08,0
APP02465,REQ0053,SRC07,2024-12-17,20241217,S3,3,Withdrew,R04,0
APP02466,REQ0053,SRC04,2025-01-16,20250116,S3,3,Rejected,R02,0
APP02467,REQ0053,SRC06,2024-12-17,20241217,S1,1,Rejected,R01,0
APP02468,REQ0053,SRC05,2025-01-10,20250110,S1,1,Rejected,R01,0
APP02469,REQ0053,SRC02,2024-11-28,20241128,S1,1,Rejected,R08,0
APP02470,REQ0053,SRC07,2025-01-03,20250103,S2,2,Withdrew,R05,0
APP02471,REQ0053,SRC02,2025-01-04,20250104,S1,1,Withdrew,R05,0
APP02472,REQ0053,SRC04,2024-12-28,20241228,S2,2,Rejected,R01,0
APP02473,REQ0053,SRC06,2024-12-17,20241217,S1,1,Rejected,R01,0
APP02474,REQ0053,SRC03,2024-12-22,20241222,S3,3,Rejected,R02,0
APP02475,REQ0053,SRC05,2024-12-26,20241226,S1,1,Rejected,R01,0
APP02476,REQ0053,SRC01,2025-01-24,20250124,S1,1,Rejected,R01,0
APP02477,REQ0053,SRC07,2024-12-20,20241220,S1,1,Rejected,R01,0
APP02478,REQ0053,SRC07,2024-12-11,20241211,S1,1,Rejected,R01,0
APP02479,REQ0054,SRC08,2026-05-03,20260503,S2,2,Rejected,R01,0
APP02480,REQ0054,SRC04,2026-04-23,20260423,S1,1,Withdrew,R05,0
APP02481,REQ0054,SRC07,2026-04-14,20260414,S2,2,Withdrew,R04,0
APP02482,REQ0054,SRC06,2026-04-18,20260418,S1,1,Rejected,R01,0
APP02483,REQ0054,SRC06,2026-04-27,20260427,S1,1,Rejected,R08,0
APP02484,REQ0054,SRC08,2026-04-27,20260427,S1,1,Rejected,R01,0
APP02485,REQ0054,SRC01,2026-04-14,20260414,S4,4,Withdrew,R04,0
APP02486,REQ0054,SRC01,2026-04-19,20260419,S1,1,Rejected,R01,0
APP02487,REQ0054,SRC02,2026-05-04,20260504,S1,1,Rejected,R01,0
APP02488,REQ0054,SRC02,2026-04-27,20260427,S1,1,Rejected,R01,0
APP02489,REQ0054,SRC05,2026-04-13,20260413,S1,1,Rejected,R01,0
APP02490,REQ0054,SRC01,2026-05-02,20260502,S2,2,Rejected,R01,0
APP02491,REQ0054,SRC02,2026-04-26,20260426,S1,1,Rejected,R08,0
APP02492,REQ0054,SRC08,2026-04-27,20260427,S1,1,Rejected,R01,0
APP02493,REQ0054,SRC01,2026-04-24,20260424,S3,3,Withdrew,R05,0
APP02494,REQ0054,SRC08,2026-04-23,20260423,S1,1,Rejected,R01,0
APP02495,REQ0054,SRC08,2026-05-03,20260503,S2,2,Withdrew,R04,0
APP02496,REQ0054,SRC02,2026-04-23,20260423,S1,1,Rejected,R01,0
APP02497,REQ0054,SRC01,2026-05-02,20260502,S4,4,Rejected,R07,0
APP02498,REQ0054,SRC02,2026-04-27,20260427,S1,1,Withdrew,R05,0
APP02499,REQ0054,SRC07,2026-05-02,20260502,S4,4,Withdrew,R04,0
APP02500,REQ0054,SRC04,2026-04-30,20260430,S5,5,Rejected,R02,0
APP02501,REQ0054,SRC02,2026-04-13,20260413,S2,2,Rejected,R03,0
APP02502,REQ0054,SRC01,2026-04-28,20260428,S3,3,Rejected,R02,0
APP02503,REQ0054,SRC08,2026-04-28,20260428,S1,1,Rejected,R08,0
APP02504,REQ0054,SRC01,2026-04-17,20260417,S8,8,Hired,R99,1
APP02505,REQ0054,SRC02,2026-04-26,20260426,S2,2,Rejected,R03,0
APP02506,REQ0054,SRC06,2026-04-23,20260423,S1,1,Withdrew,R05,0
APP02507,REQ0054,SRC08,2026-04-25,20260425,S4,4,Withdrew,R04,0
APP02508,REQ0054,SRC08,2026-05-01,20260501,S2,2,Withdrew,R04,0
APP02509,REQ0054,SRC03,2026-04-13,20260413,S1,1,Rejected,R08,0
APP02510,REQ0054,SRC01,2026-04-13,20260413,S1,1,Rejected,R01,0
APP02511,REQ0054,SRC02,2026-04-28,20260428,S2,2,Rejected,R03,0
APP02512,REQ0055,SRC01,2025-02-11,20250211,S2,2,Withdrew,R04,0
APP02513,REQ0055,SRC01,2025-01-28,20250128,S2,2,Rejected,R08,0
APP02514,REQ0055,SRC01,2025-01-23,20250123,S1,1,Withdrew,R05,0
APP02515,REQ0055,SRC02,2025-01-30,20250130,S1,1,Rejected,R01,0
APP02516,REQ0055,SRC02,2025-01-25,20250125,S2,2,Rejected,R03,0
APP02517,REQ0055,SRC05,2025-02-08,20250208,S1,1,Rejected,R08,0
APP02518,REQ0055,SRC08,2025-02-03,20250203,S2,2,Rejected,R08,0
APP02519,REQ0055,SRC06,2025-01-28,20250128,S2,2,Withdrew,R04,0
APP02520,REQ0055,SRC08,2025-01-22,20250122,S1,1,Rejected,R08,0
APP02521,REQ0055,SRC03,2025-02-03,20250203,S2,2,Rejected,R01,0
APP02522,REQ0055,SRC07,2025-02-06,20250206,S1,1,Withdrew,R05,0
APP02523,REQ0055,SRC01,2025-01-23,20250123,S2,2,Rejected,R01,0
APP02524,REQ0055,SRC03,2025-01-31,20250131,S2,2,Rejected,R03,0
APP02525,REQ0055,SRC03,2025-02-03,20250203,S2,2,Rejected,R01,0
APP02526,REQ0055,SRC03,2025-02-08,20250208,S1,1,Rejected,R01,0
APP02527,REQ0055,SRC08,2025-02-08,20250208,S2,2,Rejected,R03,0
APP02528,REQ0055,SRC03,2025-02-10,20250210,S2,2,Withdrew,R04,0
APP02529,REQ0055,SRC04,2025-01-19,20250119,S1,1,Rejected,R01,0
APP02530,REQ0055,SRC08,2025-01-30,20250130,S4,4,Rejected,R02,0
APP02531,REQ0055,SRC06,2025-01-25,20250125,S1,1,Rejected,R01,0
APP02532,REQ0056,SRC05,2024-07-02,20240702,S1,1,Rejected,R01,0
APP02533,REQ0056,SRC05,2024-06-29,20240629,S3,3,Rejected,R02,0
APP02534,REQ0056,SRC03,2024-07-07,20240707,S3,3,Rejected,R02,0
APP02535,REQ0056,SRC01,2024-07-02,20240702,S2,2,Rejected,R01,0
APP02536,REQ0056,SRC07,2024-07-07,20240707,S1,1,Rejected,R01,0
APP02537,REQ0056,SRC06,2024-07-17,20240717,S1,1,Rejected,R01,0
APP02538,REQ0056,SRC06,2024-07-23,20240723,S1,1,Withdrew,R05,0
APP02539,REQ0056,SRC01,2024-07-07,20240707,S1,1,Withdrew,R05,0
APP02540,REQ0056,SRC02,2024-06-24,20240624,S3,3,Rejected,R02,0
APP02541,REQ0056,SRC08,2024-07-17,20240717,S1,1,Rejected,R08,0
APP02542,REQ0056,SRC02,2024-07-25,20240725,S1,1,Rejected,R08,0
APP02543,REQ0056,SRC04,2024-06-08,20240608,S2,2,Rejected,R08,0
APP02544,REQ0056,SRC06,2024-06-13,20240613,S1,1,Rejected,R01,0
APP02545,REQ0056,SRC08,2024-07-22,20240722,S1,1,Rejected,R01,0
APP02546,REQ0056,SRC01,2024-07-20,20240720,S2,2,Rejected,R01,0
APP02547,REQ0056,SRC02,2024-07-25,20240725,S1,1,Rejected,R01,0
APP02548,REQ0056,SRC04,2024-06-25,20240625,S4,4,Rejected,R07,0
APP02549,REQ0056,SRC06,2024-06-24,20240624,S3,3,Withdrew,R05,0
APP02550,REQ0056,SRC01,2024-06-22,20240622,S1,1,Withdrew,R05,0
APP02551,REQ0056,SRC07,2024-07-11,20240711,S1,1,Rejected,R01,0
APP02552,REQ0056,SRC06,2024-07-06,20240706,S1,1,Rejected,R01,0
APP02553,REQ0056,SRC01,2024-07-16,20240716,S1,1,Withdrew,R05,0
APP02554,REQ0056,SRC06,2024-07-13,20240713,S1,1,Rejected,R01,0
APP02555,REQ0056,SRC06,2024-07-12,20240712,S2,2,Withdrew,R05,0
APP02556,REQ0056,SRC01,2024-07-10,20240710,S2,2,Withdrew,R05,0
APP02557,REQ0056,SRC04,2024-07-13,20240713,S2,2,Rejected,R01,0
APP02558,REQ0056,SRC02,2024-06-18,20240618,S1,1,Withdrew,R05,0
APP02559,REQ0056,SRC06,2024-07-19,20240719,S1,1,Rejected,R01,0
APP02560,REQ0056,SRC01,2024-06-06,20240606,S1,1,Rejected,R01,0
APP02561,REQ0056,SRC01,2024-06-11,20240611,S2,2,Rejected,R03,0
APP02562,REQ0056,SRC05,2024-06-12,20240612,S1,1,Rejected,R01,0
APP02563,REQ0056,SRC08,2024-07-06,20240706,S3,3,Withdrew,R04,0
APP02564,REQ0056,SRC01,2024-07-02,20240702,S1,1,Withdrew,R05,0
APP02565,REQ0056,SRC08,2024-06-17,20240617,S7,7,Rejected,R07,0
APP02566,REQ0056,SRC08,2024-06-11,20240611,S1,1,Rejected,R01,0
APP02567,REQ0056,SRC05,2024-06-23,20240623,S1,1,Rejected,R08,0
APP02568,REQ0056,SRC02,2024-07-04,20240704,S1,1,Rejected,R01,0
APP02569,REQ0056,SRC01,2024-07-12,20240712,S1,1,Withdrew,R05,0
APP02570,REQ0056,SRC01,2024-07-08,20240708,S2,2,Withdrew,R05,0
APP02571,REQ0056,SRC01,2024-06-25,20240625,S1,1,Rejected,R01,0
APP02572,REQ0056,SRC07,2024-06-07,20240607,S3,3,Withdrew,R04,0
APP02573,REQ0056,SRC03,2024-06-15,20240615,S4,4,Rejected,R02,0
APP02574,REQ0056,SRC01,2024-07-11,20240711,S1,1,Rejected,R01,0
APP02575,REQ0056,SRC05,2024-06-08,20240608,S1,1,Rejected,R08,0
APP02576,REQ0056,SRC06,2024-07-19,20240719,S2,2,Withdrew,R04,0
APP02577,REQ0056,SRC06,2024-06-12,20240612,S2,2,Rejected,R01,0
APP02578,REQ0056,SRC05,2024-06-15,20240615,S1,1,Rejected,R01,0
APP02579,REQ0056,SRC01,2024-06-07,20240607,S2,2,Rejected,R03,0
APP02580,REQ0056,SRC06,2024-07-01,20240701,S1,1,Rejected,R01,0
APP02581,REQ0056,SRC02,2024-06-21,20240621,S1,1,Withdrew,R05,0
APP02582,REQ0056,SRC07,2024-07-06,20240706,S1,1,Rejected,R01,0
APP02583,REQ0056,SRC05,2024-06-18,20240618,S1,1,Rejected,R01,0
APP02584,REQ0056,SRC04,2024-06-18,20240618,S2,2,Withdrew,R05,0
APP02585,REQ0056,SRC02,2024-06-11,20240611,S3,3,Withdrew,R05,0
APP02586,REQ0056,SRC01,2024-07-22,20240722,S2,2,Rejected,R08,0
APP02587,REQ0056,SRC08,2024-07-06,20240706,S1,1,Rejected,R08,0
APP02588,REQ0056,SRC06,2024-07-13,20240713,S3,3,Withdrew,R05,0
APP02589,REQ0057,SRC04,2026-01-13,20260113,S3,3,Rejected,R07,0
APP02590,REQ0057,SRC04,2025-12-10,20251210,S1,1,Rejected,R08,0
APP02591,REQ0057,SRC02,2026-01-13,20260113,S1,1,Rejected,R01,0
APP02592,REQ0057,SRC01,2025-11-29,20251129,S3,3,Rejected,R01,0
APP02593,REQ0057,SRC02,2026-01-12,20260112,S2,2,Rejected,R01,0
APP02594,REQ0057,SRC06,2025-11-21,20251121,S2,2,Withdrew,R05,0
APP02595,REQ0057,SRC01,2025-11-23,20251123,S1,1,Rejected,R01,0
APP02596,REQ0057,SRC02,2026-01-18,20260118,S3,3,Rejected,R01,0
APP02597,REQ0057,SRC01,2025-12-15,20251215,S1,1,Rejected,R08,0
APP02598,REQ0057,SRC07,2025-12-07,20251207,S1,1,Withdrew,R05,0
APP02599,REQ0057,SRC06,2026-01-01,20260101,S1,1,Rejected,R01,0
APP02600,REQ0057,SRC03,2026-01-10,20260110,S1,1,Rejected,R01,0
APP02601,REQ0057,SRC01,2025-12-14,20251214,S1,1,Rejected,R01,0
APP02602,REQ0057,SRC07,2025-12-31,20251231,S1,1,Rejected,R08,0
APP02603,REQ0057,SRC08,2025-12-02,20251202,S5,5,Rejected,R02,0
APP02604,REQ0057,SRC03,2025-12-04,20251204,S1,1,Rejected,R01,0
APP02605,REQ0057,SRC08,2026-01-05,20260105,S6,6,Rejected,R03,0
APP02606,REQ0057,SRC01,2025-12-19,20251219,S1,1,Rejected,R08,0
APP02607,REQ0057,SRC01,2025-12-16,20251216,S1,1,Rejected,R01,0
APP02608,REQ0057,SRC01,2026-01-12,20260112,S1,1,Rejected,R01,0
APP02609,REQ0057,SRC07,2025-11-30,20251130,S1,1,Rejected,R01,0
APP02610,REQ0057,SRC05,2025-12-11,20251211,S1,1,Rejected,R01,0
APP02611,REQ0057,SRC03,2026-01-02,20260102,S1,1,Rejected,R08,0
APP02612,REQ0057,SRC07,2025-12-27,20251227,S1,1,Withdrew,R05,0
APP02613,REQ0057,SRC07,2025-11-25,20251125,S1,1,Rejected,R08,0
APP02614,REQ0057,SRC01,2026-01-19,20260119,S1,1,Rejected,R01,0
APP02615,REQ0057,SRC07,2026-01-17,20260117,S1,1,Rejected,R01,0
APP02616,REQ0058,SRC01,2025-01-31,20250131,S1,1,Rejected,R01,0
APP02617,REQ0058,SRC08,2025-02-01,20250201,S1,1,Withdrew,R05,0
APP02618,REQ0058,SRC08,2025-01-19,20250119,S2,2,Rejected,R01,0
APP02619,REQ0058,SRC07,2025-01-17,20250117,S2,2,Withdrew,R05,0
APP02620,REQ0058,SRC07,2025-01-15,20250115,S1,1,Withdrew,R05,0
APP02621,REQ0058,SRC01,2025-01-15,20250115,S3,3,Withdrew,R05,0
APP02622,REQ0058,SRC04,2025-01-29,20250129,S2,2,Rejected,R03,0
APP02623,REQ0058,SRC06,2025-01-30,20250130,S2,2,Withdrew,R04,0
APP02624,REQ0058,SRC02,2025-01-08,20250108,S1,1,Rejected,R01,0
APP02625,REQ0058,SRC05,2025-02-02,20250202,S1,1,Rejected,R01,0
APP02626,REQ0058,SRC01,2025-01-31,20250131,S1,1,Withdrew,R05,0
APP02627,REQ0058,SRC01,2025-01-05,20250105,S3,3,Rejected,R07,0
APP02628,REQ0058,SRC06,2025-01-28,20250128,S4,4,Rejected,R02,0
APP02629,REQ0058,SRC01,2025-01-18,20250118,S2,2,Withdrew,R04,0
APP02630,REQ0058,SRC03,2025-01-17,20250117,S5,5,Withdrew,R04,0
APP02631,REQ0058,SRC06,2025-01-15,20250115,S3,3,Rejected,R02,0
APP02632,REQ0058,SRC01,2025-01-17,20250117,S1,1,Rejected,R08,0
APP02633,REQ0058,SRC01,2025-01-09,20250109,S1,1,Rejected,R08,0
APP02634,REQ0058,SRC08,2025-01-08,20250108,S1,1,Rejected,R01,0
APP02635,REQ0058,SRC01,2025-01-11,20250111,S1,1,Rejected,R01,0
APP02636,REQ0058,SRC01,2025-01-22,20250122,S1,1,Rejected,R01,0
APP02637,REQ0058,SRC01,2025-01-29,20250129,S5,5,Withdrew,R04,0
APP02638,REQ0058,SRC06,2025-01-21,20250121,S2,2,Withdrew,R04,0
APP02639,REQ0058,SRC06,2025-01-17,20250117,S1,1,Rejected,R01,0
APP02640,REQ0058,SRC08,2025-01-12,20250112,S1,1,Rejected,R01,0
APP02641,REQ0058,SRC05,2025-01-04,20250104,S2,2,Withdrew,R04,0
APP02642,REQ0058,SRC01,2025-01-22,20250122,S1,1,Rejected,R01,0
APP02643,REQ0058,SRC04,2025-01-27,20250127,S1,1,Rejected,R01,0
APP02644,REQ0058,SRC03,2025-01-28,20250128,S1,1,Withdrew,R05,0
APP02645,REQ0058,SRC01,2025-01-07,20250107,S3,3,Rejected,R01,0
APP02646,REQ0058,SRC02,2025-01-24,20250124,S2,2,Rejected,R03,0
APP02647,REQ0058,SRC03,2025-01-17,20250117,S2,2,Withdrew,R04,0
APP02648,REQ0058,SRC01,2025-01-10,20250110,S2,2,Rejected,R03,0
APP02649,REQ0058,SRC02,2025-01-08,20250108,S2,2,Rejected,R01,0
APP02650,REQ0058,SRC08,2025-01-06,20250106,S3,3,Rejected,R02,0
APP02651,REQ0058,SRC03,2025-01-08,20250108,S1,1,Rejected,R01,0
APP02652,REQ0058,SRC03,2025-01-29,20250129,S2,2,Withdrew,R04,0
APP02653,REQ0058,SRC08,2025-01-05,20250105,S1,1,Rejected,R01,0
APP02654,REQ0059,SRC04,2026-05-17,20260517,S6,6,Withdrew,R04,0
APP02655,REQ0059,SRC07,2026-05-17,20260517,S1,1,Rejected,R01,0
APP02656,REQ0059,SRC02,2026-05-09,20260509,S1,1,Rejected,R01,0
APP02657,REQ0059,SRC01,2026-06-14,20260614,S1,1,Rejected,R01,0
APP02658,REQ0059,SRC02,2026-04-30,20260430,S2,2,Rejected,R03,0
APP02659,REQ0059,SRC01,2026-04-28,20260428,S1,1,Rejected,R01,0
APP02660,REQ0059,SRC08,2026-06-21,20260621,S1,1,Rejected,R01,0
APP02661,REQ0059,SRC02,2026-05-15,20260515,S1,1,Rejected,R01,0
APP02662,REQ0059,SRC01,2026-06-23,20260623,S1,1,Rejected,R01,0
APP02663,REQ0059,SRC01,2026-05-26,20260526,S6,6,Withdrew,R04,0
APP02664,REQ0059,SRC01,2026-06-16,20260616,S5,5,In Process,R99,0
APP02665,REQ0059,SRC08,2026-06-22,20260622,S2,2,Rejected,R03,0
APP02666,REQ0059,SRC08,2026-06-23,20260623,S3,3,In Process,R99,0
APP02667,REQ0059,SRC06,2026-05-09,20260509,S2,2,Rejected,R08,0
APP02668,REQ0059,SRC06,2026-06-04,20260604,S1,1,Rejected,R01,0
APP02669,REQ0059,SRC06,2026-06-22,20260622,S1,1,Rejected,R01,0
APP02670,REQ0059,SRC02,2026-06-24,20260624,S1,1,Rejected,R01,0
APP02671,REQ0059,SRC01,2026-05-02,20260502,S1,1,Rejected,R01,0
APP02672,REQ0059,SRC04,2026-06-26,20260626,S1,1,Withdrew,R05,0
APP02673,REQ0059,SRC01,2026-05-26,20260526,S5,5,Rejected,R03,0
APP02674,REQ0059,SRC04,2026-05-07,20260507,S4,4,Rejected,R02,0
APP02675,REQ0059,SRC02,2026-06-26,20260626,S1,1,Rejected,R08,0
APP02676,REQ0059,SRC08,2026-06-05,20260605,S1,1,Withdrew,R05,0
APP02677,REQ0059,SRC07,2026-06-15,20260615,S1,1,Rejected,R08,0
APP02678,REQ0059,SRC06,2026-05-13,20260513,S1,1,Withdrew,R05,0
APP02679,REQ0059,SRC06,2026-06-07,20260607,S2,2,Rejected,R01,0
APP02680,REQ0059,SRC01,2026-05-04,20260504,S3,3,Rejected,R01,0
APP02681,REQ0059,SRC01,2026-05-20,20260520,S1,1,Rejected,R01,0
APP02682,REQ0059,SRC04,2026-06-24,20260624,S1,1,Rejected,R01,0
APP02683,REQ0059,SRC03,2026-05-10,20260510,S1,1,Rejected,R08,0
APP02684,REQ0060,SRC06,2026-06-26,20260626,S1,1,Rejected,R01,0
APP02685,REQ0060,SRC07,2026-06-21,20260621,S1,1,Withdrew,R05,0
APP02686,REQ0060,SRC02,2026-06-16,20260616,S2,2,Rejected,R01,0
APP02687,REQ0060,SRC01,2026-06-18,20260618,S4,4,In Process,R99,0
APP02688,REQ0060,SRC05,2026-06-13,20260613,S2,2,Withdrew,R04,0
APP02689,REQ0060,SRC08,2026-06-16,20260616,S1,1,Withdrew,R05,0
APP02690,REQ0060,SRC01,2026-06-18,20260618,S1,1,Rejected,R01,0
APP02691,REQ0060,SRC03,2026-06-09,20260609,S4,4,In Process,R99,0
APP02692,REQ0060,SRC07,2026-06-22,20260622,S1,1,Rejected,R01,0
APP02693,REQ0060,SRC01,2026-06-10,20260610,S1,1,Rejected,R08,0
APP02694,REQ0060,SRC03,2026-06-24,20260624,S1,1,Rejected,R01,0
APP02695,REQ0060,SRC02,2026-06-08,20260608,S1,1,Rejected,R01,0
APP02696,REQ0060,SRC01,2026-06-24,20260624,S1,1,Rejected,R01,0
APP02697,REQ0060,SRC03,2026-06-28,20260628,S1,1,In Process,R99,0
APP02698,REQ0060,SRC01,2026-06-20,20260620,S2,2,Rejected,R08,0
APP02699,REQ0060,SRC07,2026-06-14,20260614,S2,2,Withdrew,R04,0
APP02700,REQ0060,SRC01,2026-06-16,20260616,S1,1,Rejected,R01,0
APP02701,REQ0060,SRC01,2026-06-26,20260626,S3,3,In Process,R99,0
APP02702,REQ0060,SRC05,2026-06-25,20260625,S1,1,Rejected,R08,0
APP02703,REQ0060,SRC06,2026-06-17,20260617,S1,1,Rejected,R08,0
APP02704,REQ0060,SRC01,2026-06-16,20260616,S1,1,Rejected,R01,0
APP02705,REQ0060,SRC02,2026-06-24,20260624,S1,1,Rejected,R01,0
APP02706,REQ0060,SRC08,2026-06-12,20260612,S1,1,Rejected,R08,0
APP02707,REQ0060,SRC08,2026-06-12,20260612,S1,1,Rejected,R01,0
APP02708,REQ0061,SRC01,2024-06-24,20240624,S1,1,Rejected,R01,0
APP02709,REQ0061,SRC07,2024-06-15,20240615,S1,1,Rejected,R01,0
APP02710,REQ0061,SRC01,2024-06-09,20240609,S1,1,Rejected,R08,0
APP02711,REQ0061,SRC01,2024-08-24,20240824,S1,1,Rejected,R01,0
APP02712,REQ0061,SRC08,2024-06-18,20240618,S2,2,Withdrew,R04,0
APP02713,REQ0061,SRC01,2024-08-14,20240814,S1,1,Rejected,R08,0
APP02714,REQ0061,SRC08,2024-07-12,20240712,S1,1,Withdrew,R05,0
APP02715,REQ0061,SRC05,2024-08-27,20240827,S1,1,Rejected,R01,0
APP02716,REQ0061,SRC01,2024-06-28,20240628,S1,1,Rejected,R08,0
APP02717,REQ0061,SRC01,2024-06-09,20240609,S2,2,Rejected,R01,0
APP02718,REQ0061,SRC01,2024-06-09,20240609,S3,3,Rejected,R01,0
APP02719,REQ0061,SRC01,2024-08-12,20240812,S1,1,Rejected,R01,0
APP02720,REQ0061,SRC06,2024-06-22,20240622,S1,1,Rejected,R08,0
APP02721,REQ0061,SRC06,2024-07-12,20240712,S1,1,Rejected,R01,0
APP02722,REQ0061,SRC06,2024-06-15,20240615,S1,1,Withdrew,R05,0
APP02723,REQ0061,SRC06,2024-08-25,20240825,S1,1,Rejected,R01,0
APP02724,REQ0061,SRC03,2024-08-26,20240826,S4,4,Rejected,R07,0
APP02725,REQ0061,SRC01,2024-06-25,20240625,S3,3,Rejected,R02,0
APP02726,REQ0061,SRC06,2024-06-05,20240605,S1,1,Withdrew,R05,0
APP02727,REQ0061,SRC06,2024-08-15,20240815,S2,2,Rejected,R03,0
APP02728,REQ0061,SRC04,2024-07-10,20240710,S1,1,Rejected,R01,0
APP02729,REQ0061,SRC04,2024-07-13,20240713,S3,3,Rejected,R02,0
APP02730,REQ0061,SRC04,2024-07-14,20240714,S4,4,Rejected,R02,0
APP02731,REQ0061,SRC08,2024-07-11,20240711,S1,1,Rejected,R08,0
APP02732,REQ0061,SRC06,2024-06-10,20240610,S1,1,Rejected,R08,0
APP02733,REQ0061,SRC04,2024-08-10,20240810,S1,1,Rejected,R01,0
APP02734,REQ0061,SRC02,2024-08-20,20240820,S3,3,Rejected,R07,0
APP02735,REQ0061,SRC05,2024-07-06,20240706,S1,1,Rejected,R01,0
APP02736,REQ0061,SRC02,2024-08-14,20240814,S1,1,Rejected,R01,0
APP02737,REQ0061,SRC01,2024-06-11,20240611,S1,1,Rejected,R01,0
APP02738,REQ0061,SRC02,2024-06-06,20240606,S2,2,Withdrew,R05,0
APP02739,REQ0061,SRC04,2024-06-08,20240608,S1,1,Rejected,R01,0
APP02740,REQ0061,SRC05,2024-06-05,20240605,S1,1,Withdrew,R05,0
APP02741,REQ0062,SRC08,2024-09-11,20240911,S1,1,Rejected,R08,0
APP02742,REQ0062,SRC06,2024-10-13,20241013,S1,1,Rejected,R08,0
APP02743,REQ0062,SRC04,2024-10-05,20241005,S1,1,Withdrew,R05,0
APP02744,REQ0062,SRC04,2024-09-16,20240916,S1,1,Withdrew,R05,0
APP02745,REQ0062,SRC03,2024-10-10,20241010,S3,3,Withdrew,R04,0
APP02746,REQ0062,SRC01,2024-09-25,20240925,S1,1,Rejected,R01,0
APP02747,REQ0062,SRC05,2024-10-05,20241005,S2,2,Rejected,R01,0
APP02748,REQ0062,SRC01,2024-09-30,20240930,S2,2,Withdrew,R04,0
APP02749,REQ0062,SRC01,2024-09-23,20240923,S1,1,Rejected,R01,0
APP02750,REQ0062,SRC07,2024-09-19,20240919,S1,1,Withdrew,R05,0
APP02751,REQ0062,SRC07,2024-09-13,20240913,S1,1,Rejected,R01,0
APP02752,REQ0062,SRC01,2024-09-22,20240922,S1,1,Rejected,R08,0
APP02753,REQ0062,SRC03,2024-09-18,20240918,S1,1,Withdrew,R05,0
APP02754,REQ0062,SRC02,2024-10-07,20241007,S1,1,Rejected,R01,0
APP02755,REQ0062,SRC04,2024-10-05,20241005,S1,1,Rejected,R01,0
APP02756,REQ0062,SRC02,2024-09-17,20240917,S1,1,Rejected,R01,0
APP02757,REQ0062,SRC01,2024-10-06,20241006,S2,2,Withdrew,R04,0
APP02758,REQ0062,SRC02,2024-09-21,20240921,S4,4,Rejected,R07,0
APP02759,REQ0062,SRC02,2024-10-08,20241008,S1,1,Rejected,R01,0
APP02760,REQ0062,SRC08,2024-09-29,20240929,S2,2,Withdrew,R05,0
APP02761,REQ0062,SRC06,2024-10-01,20241001,S2,2,Rejected,R08,0
APP02762,REQ0062,SRC01,2024-09-29,20240929,S8,8,Hired,R99,1
APP02763,REQ0062,SRC06,2024-09-25,20240925,S2,2,Rejected,R08,0
APP02764,REQ0062,SRC08,2024-10-08,20241008,S1,1,Rejected,R01,0
APP02765,REQ0062,SRC01,2024-09-14,20240914,S3,3,Rejected,R07,0
APP02766,REQ0062,SRC08,2024-09-19,20240919,S1,1,Rejected,R01,0
APP02767,REQ0062,SRC02,2024-09-21,20240921,S1,1,Rejected,R01,0
APP02768,REQ0062,SRC01,2024-10-13,20241013,S1,1,Withdrew,R05,0
APP02769,REQ0062,SRC01,2024-09-30,20240930,S1,1,Rejected,R01,0
APP02770,REQ0062,SRC07,2024-10-13,20241013,S8,8,Hired,R99,1
APP02771,REQ0062,SRC08,2024-09-26,20240926,S1,1,Rejected,R01,0
APP02772,REQ0062,SRC06,2024-10-13,20241013,S1,1,Rejected,R01,0
APP02773,REQ0062,SRC05,2024-09-24,20240924,S5,5,Rejected,R02,0
APP02774,REQ0062,SRC01,2024-09-26,20240926,S1,1,Rejected,R01,0
APP02775,REQ0062,SRC01,2024-09-22,20240922,S2,2,Withdrew,R04,0
APP02776,REQ0062,SRC02,2024-09-22,20240922,S1,1,Rejected,R01,0
APP02777,REQ0062,SRC08,2024-10-05,20241005,S1,1,Rejected,R01,0
APP02778,REQ0062,SRC02,2024-09-21,20240921,S2,2,Rejected,R03,0
APP02779,REQ0062,SRC01,2024-10-04,20241004,S1,1,Rejected,R08,0
APP02780,REQ0062,SRC07,2024-09-30,20240930,S1,1,Rejected,R01,0
APP02781,REQ0062,SRC02,2024-09-25,20240925,S2,2,Withdrew,R04,0
APP02782,REQ0062,SRC07,2024-10-11,20241011,S1,1,Rejected,R01,0
APP02783,REQ0062,SRC02,2024-09-11,20240911,S1,1,Rejected,R08,0
APP02784,REQ0062,SRC08,2024-10-12,20241012,S1,1,Withdrew,R05,0
APP02785,REQ0062,SRC07,2024-09-10,20240910,S3,3,Rejected,R01,0
APP02786,REQ0062,SRC01,2024-10-05,20241005,S1,1,Rejected,R01,0
APP02787,REQ0062,SRC01,2024-10-10,20241010,S2,2,Rejected,R03,0
APP02788,REQ0062,SRC01,2024-10-01,20241001,S1,1,Withdrew,R05,0
APP02789,REQ0062,SRC01,2024-10-12,20241012,S8,8,Hired,R99,1
APP02790,REQ0062,SRC08,2024-09-23,20240923,S1,1,Rejected,R08,0
APP02791,REQ0062,SRC03,2024-09-28,20240928,S1,1,Rejected,R01,0
APP02792,REQ0062,SRC06,2024-09-12,20240912,S1,1,Rejected,R01,0
APP02793,REQ0062,SRC01,2024-09-16,20240916,S1,1,Withdrew,R05,0
APP02794,REQ0062,SRC02,2024-09-12,20240912,S1,1,Rejected,R01,0
APP02795,REQ0062,SRC01,2024-09-23,20240923,S1,1,Rejected,R01,0
APP02796,REQ0062,SRC01,2024-10-08,20241008,S1,1,Rejected,R01,0
APP02797,REQ0062,SRC06,2024-09-29,20240929,S1,1,Withdrew,R05,0
APP02798,REQ0062,SRC01,2024-09-27,20240927,S1,1,Rejected,R01,0
APP02799,REQ0062,SRC03,2024-09-19,20240919,S1,1,Rejected,R08,0
APP02800,REQ0062,SRC04,2024-10-02,20241002,S1,1,Rejected,R01,0
APP02801,REQ0062,SRC06,2024-09-24,20240924,S1,1,Rejected,R01,0
APP02802,REQ0062,SRC01,2024-09-14,20240914,S1,1,Rejected,R01,0
APP02803,REQ0062,SRC08,2024-09-25,20240925,S1,1,Rejected,R01,0
APP02804,REQ0063,SRC02,2025-08-19,20250819,S3,3,Rejected,R07,0
APP02805,REQ0063,SRC04,2025-08-13,20250813,S1,1,Withdrew,R05,0
APP02806,REQ0063,SRC08,2025-09-07,20250907,S2,2,Rejected,R03,0
APP02807,REQ0063,SRC02,2025-08-28,20250828,S2,2,Rejected,R08,0
APP02808,REQ0063,SRC01,2025-08-27,20250827,S5,5,Rejected,R02,0
APP02809,REQ0063,SRC03,2025-08-18,20250818,S1,1,Withdrew,R05,0
APP02810,REQ0063,SRC08,2025-08-20,20250820,S3,3,Rejected,R01,0
APP02811,REQ0063,SRC05,2025-08-24,20250824,S1,1,Withdrew,R05,0
APP02812,REQ0063,SRC07,2025-09-02,20250902,S8,8,Hired,R99,1
APP02813,REQ0063,SRC04,2025-08-13,20250813,S2,2,Rejected,R08,0
APP02814,REQ0063,SRC01,2025-08-17,20250817,S1,1,Rejected,R01,0
APP02815,REQ0063,SRC06,2025-08-29,20250829,S1,1,Rejected,R01,0
APP02816,REQ0063,SRC03,2025-08-15,20250815,S1,1,Rejected,R01,0
APP02817,REQ0063,SRC01,2025-08-21,20250821,S1,1,Rejected,R01,0
APP02818,REQ0063,SRC01,2025-08-26,20250826,S1,1,Withdrew,R05,0
APP02819,REQ0063,SRC06,2025-08-19,20250819,S1,1,Rejected,R08,0
APP02820,REQ0063,SRC06,2025-09-04,20250904,S1,1,Rejected,R08,0
APP02821,REQ0063,SRC06,2025-09-08,20250908,S2,2,Rejected,R03,0
APP02822,REQ0063,SRC02,2025-08-24,20250824,S3,3,Rejected,R01,0
APP02823,REQ0063,SRC03,2025-08-15,20250815,S1,1,Rejected,R01,0
APP02824,REQ0063,SRC06,2025-08-22,20250822,S1,1,Rejected,R01,0
APP02825,REQ0063,SRC08,2025-08-23,20250823,S2,2,Withdrew,R05,0
APP02826,REQ0063,SRC07,2025-08-15,20250815,S2,2,Withdrew,R05,0
APP02827,REQ0063,SRC07,2025-08-14,20250814,S2,2,Rejected,R08,0
APP02828,REQ0063,SRC01,2025-08-28,20250828,S1,1,Rejected,R08,0
APP02829,REQ0063,SRC02,2025-09-08,20250908,S1,1,Rejected,R01,0
APP02830,REQ0063,SRC01,2025-09-04,20250904,S3,3,Rejected,R02,0
APP02831,REQ0063,SRC08,2025-08-27,20250827,S1,1,Rejected,R01,0
APP02832,REQ0063,SRC01,2025-08-13,20250813,S1,1,Rejected,R01,0
APP02833,REQ0063,SRC06,2025-08-26,20250826,S1,1,Rejected,R01,0
APP02834,REQ0063,SRC05,2025-09-08,20250908,S3,3,Withdrew,R04,0
APP02835,REQ0063,SRC02,2025-08-26,20250826,S2,2,Rejected,R08,0
APP02836,REQ0063,SRC06,2025-08-19,20250819,S1,1,Rejected,R01,0
APP02837,REQ0063,SRC01,2025-09-06,20250906,S3,3,Rejected,R01,0
APP02838,REQ0063,SRC05,2025-08-15,20250815,S1,1,Rejected,R01,0
APP02839,REQ0063,SRC06,2025-08-15,20250815,S1,1,Rejected,R01,0
APP02840,REQ0063,SRC04,2025-08-30,20250830,S1,1,Withdrew,R05,0
APP02841,REQ0063,SRC05,2025-08-15,20250815,S1,1,Rejected,R01,0
APP02842,REQ0064,SRC01,2025-02-27,20250227,S1,1,Rejected,R01,0
APP02843,REQ0064,SRC01,2025-01-19,20250119,S1,1,Rejected,R01,0
APP02844,REQ0064,SRC04,2025-02-03,20250203,S3,3,Rejected,R02,0
APP02845,REQ0064,SRC02,2025-03-01,20250301,S1,1,Rejected,R01,0
APP02846,REQ0064,SRC03,2025-01-20,20250120,S2,2,Withdrew,R05,0
APP02847,REQ0064,SRC07,2025-03-20,20250320,S2,2,Withdrew,R04,0
APP02848,REQ0064,SRC01,2024-12-21,20241221,S3,3,Withdrew,R05,0
APP02849,REQ0064,SRC01,2025-02-19,20250219,S1,1,Rejected,R01,0
APP02850,REQ0064,SRC08,2025-03-08,20250308,S7,7,Withdrew,R04,0
APP02851,REQ0064,SRC08,2024-12-31,20241231,S1,1,Rejected,R01,0
APP02852,REQ0064,SRC06,2024-11-13,20241113,S1,1,Rejected,R01,0
APP02853,REQ0064,SRC07,2024-11-19,20241119,S1,1,Withdrew,R05,0
APP02854,REQ0064,SRC06,2025-03-14,20250314,S1,1,Rejected,R01,0
APP02855,REQ0064,SRC07,2025-01-23,20250123,S2,2,Withdrew,R04,0
APP02856,REQ0064,SRC02,2025-01-20,20250120,S2,2,Rejected,R03,0
APP02857,REQ0064,SRC03,2025-02-20,20250220,S2,2,Rejected,R08,0
APP02858,REQ0064,SRC08,2025-01-21,20250121,S1,1,Withdrew,R05,0
APP02859,REQ0064,SRC06,2024-12-07,20241207,S1,1,Rejected,R01,0
APP02860,REQ0064,SRC04,2024-11-19,20241119,S8,8,Hired,R99,1
APP02861,REQ0064,SRC04,2024-11-28,20241128,S2,2,Rejected,R03,0
APP02862,REQ0064,SRC01,2025-01-27,20250127,S1,1,Rejected,R08,0
APP02863,REQ0064,SRC07,2025-02-11,20250211,S2,2,Withdrew,R05,0
APP02864,REQ0064,SRC01,2024-12-31,20241231,S1,1,Rejected,R01,0
APP02865,REQ0064,SRC06,2024-11-15,20241115,S1,1,Rejected,R01,0
APP02866,REQ0064,SRC02,2025-02-16,20250216,S1,1,Rejected,R01,0
APP02867,REQ0064,SRC08,2025-02-06,20250206,S1,1,Rejected,R01,0
APP02868,REQ0064,SRC06,2024-11-27,20241127,S1,1,Rejected,R01,0
APP02869,REQ0064,SRC05,2025-01-06,20250106,S5,5,Rejected,R07,0
APP02870,REQ0064,SRC05,2025-03-21,20250321,S1,1,Rejected,R01,0
APP02871,REQ0064,SRC05,2024-12-31,20241231,S2,2,Withdrew,R04,0
APP02872,REQ0064,SRC01,2025-03-19,20250319,S1,1,Rejected,R08,0
APP02873,REQ0064,SRC05,2025-01-11,20250111,S1,1,Rejected,R01,0
APP02874,REQ0064,SRC08,2024-11-30,20241130,S1,1,Rejected,R01,0
APP02875,REQ0064,SRC06,2025-01-29,20250129,S1,1,Withdrew,R05,0
APP02876,REQ0064,SRC08,2024-11-19,20241119,S2,2,Withdrew,R04,0
APP02877,REQ0064,SRC06,2025-01-24,20250124,S1,1,Withdrew,R05,0
APP02878,REQ0064,SRC01,2024-11-16,20241116,S3,3,Rejected,R07,0
APP02879,REQ0064,SRC06,2025-01-03,20250103,S2,2,Rejected,R01,0
APP02880,REQ0064,SRC06,2025-02-01,20250201,S2,2,Rejected,R03,0
APP02881,REQ0064,SRC01,2025-01-24,20250124,S1,1,Withdrew,R05,0
APP02882,REQ0064,SRC02,2024-12-17,20241217,S2,2,Rejected,R08,0
APP02883,REQ0064,SRC06,2024-12-31,20241231,S2,2,Rejected,R08,0
APP02884,REQ0064,SRC05,2024-12-25,20241225,S8,8,Hired,R99,1
APP02885,REQ0064,SRC05,2025-03-02,20250302,S4,4,Rejected,R07,0
APP02886,REQ0064,SRC06,2025-03-04,20250304,S2,2,Rejected,R03,0
APP02887,REQ0064,SRC07,2025-01-08,20250108,S2,2,Rejected,R03,0
APP02888,REQ0064,SRC02,2025-03-15,20250315,S1,1,Rejected,R01,0
APP02889,REQ0064,SRC03,2024-12-30,20241230,S6,6,Rejected,R07,0
APP02890,REQ0064,SRC02,2025-01-12,20250112,S1,1,Rejected,R01,0
APP02891,REQ0064,SRC07,2025-01-04,20250104,S3,3,Rejected,R01,0
APP02892,REQ0064,SRC02,2024-12-28,20241228,S1,1,Rejected,R01,0
APP02893,REQ0064,SRC07,2025-02-12,20250212,S5,5,Withdrew,R04,0
APP02894,REQ0064,SRC02,2025-02-03,20250203,S1,1,Rejected,R01,0
APP02895,REQ0064,SRC06,2025-02-23,20250223,S1,1,Rejected,R01,0
APP02896,REQ0064,SRC06,2025-01-09,20250109,S2,2,Rejected,R01,0
APP02897,REQ0064,SRC06,2024-12-19,20241219,S1,1,Rejected,R01,0
APP02898,REQ0064,SRC06,2024-12-26,20241226,S2,2,Rejected,R03,0
APP02899,REQ0065,SRC02,2026-03-12,20260312,S1,1,Rejected,R08,0
APP02900,REQ0065,SRC01,2026-03-17,20260317,S1,1,Rejected,R01,0
APP02901,REQ0065,SRC01,2026-03-01,20260301,S1,1,Withdrew,R05,0
APP02902,REQ0065,SRC02,2026-03-20,20260320,S2,2,Withdrew,R05,0
APP02903,REQ0065,SRC07,2026-02-26,20260226,S1,1,Rejected,R01,0
APP02904,REQ0065,SRC06,2026-03-02,20260302,S1,1,Rejected,R01,0
APP02905,REQ0065,SRC01,2026-03-26,20260326,S1,1,Rejected,R01,0
APP02906,REQ0065,SRC05,2026-02-23,20260223,S1,1,Withdrew,R05,0
APP02907,REQ0065,SRC08,2026-03-10,20260310,S1,1,Withdrew,R05,0
APP02908,REQ0065,SRC05,2026-03-13,20260313,S1,1,Withdrew,R05,0
APP02909,REQ0065,SRC07,2026-03-05,20260305,S1,1,Rejected,R01,0
APP02910,REQ0065,SRC01,2026-03-07,20260307,S8,8,Hired,R99,1
APP02911,REQ0065,SRC07,2026-02-19,20260219,S1,1,Withdrew,R05,0
APP02912,REQ0065,SRC06,2026-03-25,20260325,S2,2,Rejected,R03,0
APP02913,REQ0065,SRC08,2026-03-15,20260315,S3,3,Withdrew,R04,0
APP02914,REQ0065,SRC06,2026-02-28,20260228,S1,1,Rejected,R01,0
APP02915,REQ0065,SRC08,2026-03-10,20260310,S8,8,Hired,R99,1
APP02916,REQ0065,SRC04,2026-02-21,20260221,S1,1,Withdrew,R05,0
APP02917,REQ0065,SRC06,2026-03-04,20260304,S2,2,Rejected,R08,0
APP02918,REQ0065,SRC08,2026-03-14,20260314,S1,1,Rejected,R01,0
APP02919,REQ0065,SRC04,2026-03-26,20260326,S1,1,Rejected,R01,0
APP02920,REQ0065,SRC06,2026-02-13,20260213,S1,1,Rejected,R01,0
APP02921,REQ0065,SRC01,2026-02-20,20260220,S1,1,Withdrew,R05,0
APP02922,REQ0065,SRC01,2026-02-17,20260217,S1,1,Withdrew,R05,0
APP02923,REQ0065,SRC03,2026-02-24,20260224,S1,1,Withdrew,R05,0
APP02924,REQ0065,SRC03,2026-02-13,20260213,S1,1,Withdrew,R05,0
APP02925,REQ0065,SRC03,2026-03-13,20260313,S3,3,Withdrew,R04,0
APP02926,REQ0065,SRC08,2026-03-14,20260314,S2,2,Withdrew,R04,0
APP02927,REQ0065,SRC03,2026-02-25,20260225,S1,1,Rejected,R01,0
APP02928,REQ0065,SRC06,2026-03-12,20260312,S1,1,Rejected,R01,0
APP02929,REQ0065,SRC05,2026-02-24,20260224,S1,1,Rejected,R01,0
APP02930,REQ0065,SRC01,2026-02-21,20260221,S1,1,Rejected,R01,0
APP02931,REQ0065,SRC04,2026-02-21,20260221,S2,2,Withdrew,R04,0
APP02932,REQ0065,SRC06,2026-02-23,20260223,S1,1,Rejected,R08,0
APP02933,REQ0065,SRC01,2026-02-24,20260224,S6,6,Rejected,R03,0
APP02934,REQ0065,SRC08,2026-03-09,20260309,S3,3,Rejected,R07,0
APP02935,REQ0065,SRC02,2026-02-26,20260226,S2,2,Rejected,R08,0
APP02936,REQ0065,SRC01,2026-03-01,20260301,S1,1,Rejected,R01,0
APP02937,REQ0065,SRC01,2026-03-13,20260313,S1,1,Rejected,R01,0
APP02938,REQ0065,SRC01,2026-03-24,20260324,S2,2,Rejected,R01,0
APP02939,REQ0065,SRC02,2026-03-21,20260321,S2,2,Rejected,R01,0
APP02940,REQ0065,SRC08,2026-02-23,20260223,S5,5,Withdrew,R04,0
APP02941,REQ0065,SRC02,2026-02-26,20260226,S4,4,Withdrew,R04,0
APP02942,REQ0065,SRC03,2026-02-27,20260227,S1,1,Rejected,R01,0
APP02943,REQ0065,SRC01,2026-03-06,20260306,S2,2,Rejected,R03,0
APP02944,REQ0065,SRC01,2026-02-15,20260215,S2,2,Rejected,R03,0
APP02945,REQ0065,SRC06,2026-03-21,20260321,S1,1,Rejected,R01,0
APP02946,REQ0065,SRC02,2026-03-02,20260302,S3,3,Withdrew,R05,0
APP02947,REQ0065,SRC01,2026-03-18,20260318,S2,2,Rejected,R03,0
APP02948,REQ0066,SRC08,2026-04-10,20260410,S2,2,Rejected,R01,0
APP02949,REQ0066,SRC06,2026-06-20,20260620,S3,3,In Process,R99,0
APP02950,REQ0066,SRC06,2026-05-06,20260506,S1,1,Rejected,R01,0
APP02951,REQ0066,SRC03,2026-03-29,20260329,S1,1,Rejected,R08,0
APP02952,REQ0066,SRC07,2026-06-03,20260603,S1,1,Rejected,R01,0
APP02953,REQ0066,SRC06,2026-06-16,20260616,S2,2,Rejected,R01,0
APP02954,REQ0066,SRC02,2026-05-02,20260502,S1,1,Rejected,R08,0
APP02955,REQ0066,SRC02,2026-04-03,20260403,S3,3,Withdrew,R04,0
APP02956,REQ0066,SRC06,2026-03-19,20260319,S1,1,Rejected,R08,0
APP02957,REQ0066,SRC06,2026-06-12,20260612,S2,2,Withdrew,R04,0
APP02958,REQ0066,SRC02,2026-03-20,20260320,S8,8,Hired,R99,1
APP02959,REQ0066,SRC02,2026-04-21,20260421,S8,8,Hired,R99,1
APP02960,REQ0066,SRC02,2026-04-26,20260426,S2,2,Rejected,R03,0
APP02961,REQ0066,SRC05,2026-04-30,20260430,S1,1,Withdrew,R05,0
APP02962,REQ0066,SRC04,2026-03-23,20260323,S3,3,Withdrew,R05,0
APP02963,REQ0066,SRC01,2026-05-25,20260525,S1,1,Withdrew,R05,0
APP02964,REQ0066,SRC08,2026-06-01,20260601,S1,1,Rejected,R08,0
APP02965,REQ0066,SRC01,2026-04-03,20260403,S1,1,Rejected,R01,0
APP02966,REQ0066,SRC01,2026-03-31,20260331,S4,4,Withdrew,R04,0
APP02967,REQ0066,SRC06,2026-04-05,20260405,S1,1,Rejected,R01,0
APP02968,REQ0066,SRC02,2026-05-03,20260503,S1,1,Rejected,R01,0
APP02969,REQ0066,SRC03,2026-04-06,20260406,S1,1,Rejected,R01,0
APP02970,REQ0066,SRC01,2026-05-20,20260520,S3,3,Withdrew,R05,0
APP02971,REQ0067,SRC01,2025-01-01,20250101,S8,8,Hired,R99,1
APP02972,REQ0067,SRC01,2025-01-10,20250110,S1,1,Rejected,R01,0
APP02973,REQ0067,SRC02,2024-12-05,20241205,S5,5,Rejected,R07,0
APP02974,REQ0067,SRC03,2024-11-23,20241123,S2,2,Rejected,R08,0
APP02975,REQ0067,SRC01,2024-11-28,20241128,S1,1,Rejected,R01,0
APP02976,REQ0067,SRC02,2024-11-29,20241129,S1,1,Rejected,R01,0
APP02977,REQ0067,SRC06,2024-12-03,20241203,S5,5,Withdrew,R04,0
APP02978,REQ0067,SRC04,2025-01-16,20250116,S1,1,Rejected,R01,0
APP02979,REQ0067,SRC02,2025-01-04,20250104,S4,4,Rejected,R07,0
APP02980,REQ0067,SRC05,2025-01-07,20250107,S1,1,Rejected,R01,0
APP02981,REQ0067,SRC04,2024-12-31,20241231,S3,3,Rejected,R01,0
APP02982,REQ0067,SRC04,2025-01-17,20250117,S4,4,Rejected,R02,0
APP02983,REQ0067,SRC01,2025-01-05,20250105,S2,2,Rejected,R03,0
APP02984,REQ0067,SRC01,2024-12-14,20241214,S1,1,Rejected,R08,0
APP02985,REQ0067,SRC01,2024-11-25,20241125,S3,3,Withdrew,R04,0
APP02986,REQ0067,SRC01,2024-11-30,20241130,S1,1,Rejected,R01,0
APP02987,REQ0067,SRC06,2025-01-22,20250122,S1,1,Withdrew,R05,0
APP02988,REQ0067,SRC01,2024-12-04,20241204,S2,2,Withdrew,R04,0
APP02989,REQ0067,SRC02,2025-01-02,20250102,S2,2,Rejected,R08,0
APP02990,REQ0067,SRC08,2025-01-09,20250109,S2,2,Withdrew,R04,0
APP02991,REQ0067,SRC03,2025-01-06,20250106,S1,1,Rejected,R08,0
APP02992,REQ0067,SRC01,2024-12-28,20241228,S2,2,Rejected,R01,0
APP02993,REQ0067,SRC01,2024-12-20,20241220,S1,1,Rejected,R01,0
APP02994,REQ0067,SRC01,2025-01-13,20250113,S1,1,Rejected,R01,0
APP02995,REQ0067,SRC03,2024-12-07,20241207,S1,1,Rejected,R01,0
APP02996,REQ0067,SRC07,2025-01-14,20250114,S3,3,Rejected,R02,0
APP02997,REQ0067,SRC02,2025-01-05,20250105,S2,2,Rejected,R01,0
APP02998,REQ0067,SRC06,2024-12-11,20241211,S1,1,Withdrew,R05,0
APP02999,REQ0067,SRC03,2024-11-30,20241130,S1,1,Rejected,R01,0
APP03000,REQ0067,SRC06,2025-01-14,20250114,S3,3,Withdrew,R05,0
APP03001,REQ0067,SRC05,2024-11-25,20241125,S3,3,Withdrew,R04,0
APP03002,REQ0067,SRC02,2024-12-11,20241211,S6,6,Rejected,R03,0
APP03003,REQ0067,SRC02,2024-11-25,20241125,S1,1,Rejected,R01,0
APP03004,REQ0067,SRC02,2025-01-14,20250114,S1,1,Rejected,R01,0
APP03005,REQ0067,SRC07,2024-12-29,20241229,S1,1,Rejected,R01,0
APP03006,REQ0067,SRC05,2024-11-29,20241129,S5,5,Rejected,R02,0
APP03007,REQ0067,SRC01,2025-01-17,20250117,S1,1,Rejected,R01,0
APP03008,REQ0067,SRC06,2024-12-24,20241224,S1,1,Rejected,R08,0
APP03009,REQ0067,SRC03,2025-01-20,20250120,S2,2,Withdrew,R05,0
APP03010,REQ0067,SRC08,2024-12-30,20241230,S1,1,Rejected,R01,0
APP03011,REQ0067,SRC06,2025-01-11,20250111,S2,2,Rejected,R01,0
APP03012,REQ0067,SRC02,2025-01-02,20250102,S1,1,Withdrew,R05,0
APP03013,REQ0067,SRC05,2025-01-08,20250108,S2,2,Rejected,R03,0
APP03014,REQ0067,SRC05,2024-12-08,20241208,S1,1,Rejected,R01,0
APP03015,REQ0067,SRC02,2025-01-02,20250102,S1,1,Rejected,R01,0
APP03016,REQ0067,SRC06,2024-12-31,20241231,S1,1,Withdrew,R05,0
APP03017,REQ0067,SRC04,2024-12-12,20241212,S1,1,Rejected,R01,0
APP03018,REQ0067,SRC03,2025-01-18,20250118,S1,1,Rejected,R08,0
APP03019,REQ0067,SRC02,2024-12-25,20241225,S1,1,Rejected,R01,0
APP03020,REQ0067,SRC01,2024-12-01,20241201,S1,1,Rejected,R01,0
APP03021,REQ0067,SRC01,2024-12-14,20241214,S1,1,Withdrew,R05,0
APP03022,REQ0067,SRC05,2025-01-17,20250117,S1,1,Rejected,R01,0
APP03023,REQ0067,SRC01,2025-01-18,20250118,S1,1,Rejected,R01,0
APP03024,REQ0067,SRC08,2024-11-27,20241127,S1,1,Rejected,R08,0
APP03025,REQ0067,SRC01,2024-11-26,20241126,S1,1,Rejected,R01,0
APP03026,REQ0067,SRC08,2024-11-27,20241127,S4,4,Rejected,R07,0
APP03027,REQ0067,SRC02,2024-12-19,20241219,S2,2,Withdrew,R04,0
APP03028,REQ0067,SRC04,2024-12-06,20241206,S6,6,Rejected,R07,0
APP03029,REQ0067,SRC01,2025-01-12,20250112,S2,2,Rejected,R03,0
APP03030,REQ0067,SRC03,2024-12-23,20241223,S2,2,Withdrew,R04,0
APP03031,REQ0067,SRC08,2025-01-15,20250115,S1,1,Rejected,R01,0
APP03032,REQ0068,SRC06,2025-01-20,20250120,S2,2,Rejected,R08,0
APP03033,REQ0068,SRC03,2025-01-05,20250105,S1,1,Rejected,R01,0
APP03034,REQ0068,SRC01,2025-01-11,20250111,S1,1,Rejected,R01,0
APP03035,REQ0068,SRC03,2025-01-15,20250115,S2,2,Rejected,R01,0
APP03036,REQ0068,SRC02,2025-01-17,20250117,S1,1,Withdrew,R05,0
APP03037,REQ0068,SRC03,2025-01-04,20250104,S3,3,Rejected,R01,0
APP03038,REQ0068,SRC06,2025-01-07,20250107,S1,1,Rejected,R01,0
APP03039,REQ0068,SRC06,2025-01-10,20250110,S1,1,Rejected,R08,0
APP03040,REQ0068,SRC03,2025-01-12,20250112,S1,1,Rejected,R01,0
APP03041,REQ0068,SRC02,2025-01-07,20250107,S1,1,Rejected,R01,0
APP03042,REQ0068,SRC01,2025-01-09,20250109,S3,3,Rejected,R02,0
APP03043,REQ0068,SRC02,2025-01-19,20250119,S1,1,Rejected,R01,0
APP03044,REQ0068,SRC01,2025-01-04,20250104,S1,1,Rejected,R01,0
APP03045,REQ0068,SRC01,2025-01-21,20250121,S7,7,Rejected,R03,0
APP03046,REQ0068,SRC02,2025-01-11,20250111,S1,1,Withdrew,R05,0
APP03047,REQ0068,SRC06,2025-01-21,20250121,S1,1,Rejected,R01,0
APP03048,REQ0068,SRC01,2025-01-07,20250107,S5,5,Rejected,R07,0
APP03049,REQ0068,SRC06,2025-01-08,20250108,S3,3,Withdrew,R04,0
APP03050,REQ0068,SRC07,2025-01-03,20250103,S1,1,Rejected,R01,0
APP03051,REQ0068,SRC08,2025-01-08,20250108,S1,1,Rejected,R08,0
APP03052,REQ0068,SRC01,2025-01-10,20250110,S3,3,Withdrew,R05,0
APP03053,REQ0068,SRC05,2025-01-10,20250110,S1,1,Rejected,R01,0
APP03054,REQ0068,SRC08,2025-01-09,20250109,S2,2,Rejected,R01,0
APP03055,REQ0068,SRC01,2025-01-03,20250103,S1,1,Rejected,R01,0
APP03056,REQ0068,SRC02,2025-01-19,20250119,S2,2,Rejected,R01,0
APP03057,REQ0068,SRC01,2025-01-15,20250115,S3,3,Withdrew,R04,0
APP03058,REQ0068,SRC06,2025-01-18,20250118,S2,2,Rejected,R08,0
APP03059,REQ0068,SRC07,2025-01-03,20250103,S2,2,Rejected,R03,0
APP03060,REQ0068,SRC07,2025-01-19,20250119,S2,2,Withdrew,R05,0
APP03061,REQ0068,SRC01,2025-01-11,20250111,S1,1,Withdrew,R05,0
APP03062,REQ0068,SRC06,2025-01-09,20250109,S1,1,Withdrew,R05,0
APP03063,REQ0068,SRC01,2025-01-03,20250103,S6,6,Withdrew,R04,0
APP03064,REQ0068,SRC01,2025-01-14,20250114,S2,2,Rejected,R03,0
APP03065,REQ0068,SRC08,2025-01-03,20250103,S2,2,Rejected,R01,0
APP03066,REQ0068,SRC08,2025-01-14,20250114,S1,1,Withdrew,R05,0
APP03067,REQ0068,SRC03,2025-01-15,20250115,S1,1,Withdrew,R05,0
APP03068,REQ0068,SRC06,2025-01-04,20250104,S2,2,Rejected,R03,0
APP03069,REQ0068,SRC04,2025-01-20,20250120,S1,1,Rejected,R08,0
APP03070,REQ0068,SRC06,2025-01-16,20250116,S1,1,Rejected,R08,0
APP03071,REQ0068,SRC01,2025-01-08,20250108,S1,1,Rejected,R01,0
APP03072,REQ0068,SRC08,2025-01-14,20250114,S2,2,Rejected,R03,0
APP03073,REQ0068,SRC01,2025-01-14,20250114,S1,1,Rejected,R01,0
APP03074,REQ0068,SRC06,2025-01-11,20250111,S1,1,Rejected,R08,0
APP03075,REQ0068,SRC06,2025-01-10,20250110,S1,1,Rejected,R01,0
APP03076,REQ0068,SRC04,2025-01-13,20250113,S1,1,Rejected,R01,0
APP03077,REQ0068,SRC01,2025-01-03,20250103,S1,1,Withdrew,R05,0
APP03078,REQ0068,SRC06,2025-01-08,20250108,S1,1,Rejected,R01,0
APP03079,REQ0068,SRC01,2025-01-11,20250111,S2,2,Withdrew,R05,0
APP03080,REQ0068,SRC06,2025-01-12,20250112,S1,1,Withdrew,R05,0
APP03081,REQ0068,SRC02,2025-01-04,20250104,S2,2,Rejected,R08,0
APP03082,REQ0068,SRC01,2025-01-10,20250110,S1,1,Rejected,R01,0
APP03083,REQ0068,SRC06,2025-01-21,20250121,S1,1,Rejected,R01,0
APP03084,REQ0068,SRC08,2025-01-16,20250116,S5,5,Withdrew,R04,0
APP03085,REQ0068,SRC01,2025-01-17,20250117,S2,2,Rejected,R03,0
APP03086,REQ0068,SRC01,2025-01-17,20250117,S1,1,Rejected,R01,0
APP03087,REQ0068,SRC02,2025-01-07,20250107,S3,3,Rejected,R01,0
APP03088,REQ0068,SRC06,2025-01-06,20250106,S1,1,Rejected,R01,0
APP03089,REQ0068,SRC06,2025-01-03,20250103,S1,1,Rejected,R01,0
APP03090,REQ0068,SRC06,2025-01-16,20250116,S1,1,Rejected,R08,0
APP03091,REQ0068,SRC01,2025-01-19,20250119,S1,1,Withdrew,R05,0
APP03092,REQ0068,SRC01,2025-01-16,20250116,S1,1,Withdrew,R05,0
APP03093,REQ0068,SRC08,2025-01-06,20250106,S1,1,Rejected,R08,0
APP03094,REQ0068,SRC03,2025-01-16,20250116,S8,8,Hired,R99,1
APP03095,REQ0068,SRC01,2025-01-18,20250118,S1,1,Withdrew,R05,0
APP03096,REQ0068,SRC08,2025-01-07,20250107,S3,3,Rejected,R01,0
APP03097,REQ0068,SRC05,2025-01-20,20250120,S1,1,Withdrew,R05,0
APP03098,REQ0068,SRC03,2025-01-09,20250109,S6,6,Rejected,R07,0
APP03099,REQ0069,SRC01,2026-04-28,20260428,S3,3,Withdrew,R05,0
APP03100,REQ0069,SRC03,2026-04-21,20260421,S1,1,Rejected,R08,0
APP03101,REQ0069,SRC08,2026-04-27,20260427,S1,1,Rejected,R01,0
APP03102,REQ0069,SRC01,2026-04-26,20260426,S1,1,Rejected,R01,0
APP03103,REQ0069,SRC07,2026-04-23,20260423,S8,8,Hired,R99,1
APP03104,REQ0069,SRC06,2026-04-22,20260422,S3,3,Withdrew,R04,0
APP03105,REQ0069,SRC01,2026-04-27,20260427,S1,1,Rejected,R01,0
APP03106,REQ0069,SRC07,2026-04-27,20260427,S5,5,Rejected,R02,0
APP03107,REQ0069,SRC06,2026-04-25,20260425,S1,1,Rejected,R01,0
APP03108,REQ0069,SRC04,2026-04-21,20260421,S3,3,Withdrew,R05,0
APP03109,REQ0069,SRC02,2026-04-23,20260423,S1,1,Rejected,R01,0
APP03110,REQ0069,SRC06,2026-04-27,20260427,S1,1,Rejected,R08,0
APP03111,REQ0069,SRC01,2026-04-23,20260423,S1,1,Rejected,R08,0
APP03112,REQ0069,SRC08,2026-04-25,20260425,S3,3,Rejected,R07,0
APP03113,REQ0069,SRC02,2026-04-22,20260422,S1,1,Rejected,R01,0
APP03114,REQ0069,SRC02,2026-04-20,20260420,S4,4,Rejected,R02,0
APP03115,REQ0069,SRC03,2026-04-26,20260426,S3,3,Rejected,R07,0
APP03116,REQ0069,SRC06,2026-04-26,20260426,S1,1,Rejected,R01,0
APP03117,REQ0069,SRC01,2026-04-20,20260420,S1,1,Rejected,R01,0
APP03118,REQ0069,SRC08,2026-04-27,20260427,S1,1,Rejected,R01,0
APP03119,REQ0069,SRC03,2026-04-29,20260429,S3,3,Rejected,R01,0
APP03120,REQ0069,SRC08,2026-04-26,20260426,S1,1,Rejected,R08,0
APP03121,REQ0069,SRC03,2026-04-21,20260421,S1,1,Rejected,R01,0
APP03122,REQ0069,SRC01,2026-04-25,20260425,S1,1,Rejected,R01,0
APP03123,REQ0069,SRC08,2026-04-26,20260426,S2,2,Rejected,R01,0
APP03124,REQ0069,SRC02,2026-04-25,20260425,S2,2,Rejected,R08,0
APP03125,REQ0069,SRC04,2026-04-29,20260429,S1,1,Rejected,R08,0
APP03126,REQ0069,SRC02,2026-04-29,20260429,S1,1,Rejected,R08,0
APP03127,REQ0069,SRC06,2026-04-26,20260426,S1,1,Rejected,R01,0
APP03128,REQ0070,SRC06,2024-01-16,20240116,S2,2,Rejected,R03,0
APP03129,REQ0070,SRC06,2024-01-09,20240109,S5,5,Rejected,R03,0
APP03130,REQ0070,SRC02,2024-01-21,20240121,S5,5,Rejected,R02,0
APP03131,REQ0070,SRC03,2024-01-18,20240118,S1,1,Rejected,R01,0
APP03132,REQ0070,SRC02,2024-01-10,20240110,S1,1,Rejected,R01,0
APP03133,REQ0070,SRC01,2024-01-21,20240121,S1,1,Rejected,R08,0
APP03134,REQ0070,SRC01,2024-01-17,20240117,S3,3,Rejected,R01,0
APP03135,REQ0070,SRC01,2024-01-19,20240119,S2,2,Rejected,R08,0
APP03136,REQ0070,SRC06,2024-01-21,20240121,S1,1,Rejected,R01,0
APP03137,REQ0070,SRC02,2024-01-13,20240113,S5,5,Rejected,R02,0
APP03138,REQ0070,SRC08,2024-01-11,20240111,S3,3,Rejected,R01,0
APP03139,REQ0070,SRC01,2024-01-16,20240116,S1,1,Rejected,R01,0
APP03140,REQ0070,SRC05,2024-01-16,20240116,S2,2,Withdrew,R05,0
APP03141,REQ0070,SRC05,2024-01-10,20240110,S8,8,Hired,R99,1
APP03142,REQ0070,SRC05,2024-01-17,20240117,S1,1,Rejected,R01,0
APP03143,REQ0070,SRC07,2024-01-17,20240117,S1,1,Withdrew,R05,0
APP03144,REQ0070,SRC01,2024-01-14,20240114,S2,2,Withdrew,R05,0
APP03145,REQ0070,SRC03,2024-01-22,20240122,S5,5,Rejected,R03,0
APP03146,REQ0070,SRC07,2024-01-15,20240115,S1,1,Rejected,R01,0
APP03147,REQ0070,SRC02,2024-01-12,20240112,S1,1,Rejected,R01,0
APP03148,REQ0070,SRC07,2024-01-09,20240109,S3,3,Withdrew,R05,0
APP03149,REQ0070,SRC05,2024-01-16,20240116,S1,1,Rejected,R01,0
APP03150,REQ0070,SRC06,2024-01-08,20240108,S1,1,Rejected,R01,0
APP03151,REQ0070,SRC02,2024-01-21,20240121,S1,1,Rejected,R01,0
APP03152,REQ0070,SRC01,2024-01-17,20240117,S1,1,Rejected,R08,0
APP03153,REQ0070,SRC05,2024-01-14,20240114,S1,1,Rejected,R01,0
APP03154,REQ0070,SRC01,2024-01-16,20240116,S2,2,Rejected,R08,0
APP03155,REQ0070,SRC07,2024-01-22,20240122,S1,1,Withdrew,R05,0
APP03156,REQ0070,SRC01,2024-01-11,20240111,S1,1,Rejected,R01,0
APP03157,REQ0070,SRC06,2024-01-14,20240114,S1,1,Rejected,R01,0
APP03158,REQ0070,SRC08,2024-01-22,20240122,S3,3,Rejected,R07,0
APP03159,REQ0070,SRC08,2024-01-16,20240116,S1,1,Rejected,R01,0
APP03160,REQ0070,SRC01,2024-01-14,20240114,S3,3,Withdrew,R05,0
APP03161,REQ0070,SRC01,2024-01-17,20240117,S4,4,Rejected,R07,0
APP03162,REQ0070,SRC04,2024-01-10,20240110,S1,1,Withdrew,R05,0
APP03163,REQ0070,SRC08,2024-01-13,20240113,S3,3,Rejected,R02,0
APP03164,REQ0070,SRC04,2024-01-15,20240115,S1,1,Withdrew,R05,0
APP03165,REQ0070,SRC03,2024-01-09,20240109,S3,3,Withdrew,R04,0
APP03166,REQ0070,SRC07,2024-01-14,20240114,S2,2,Rejected,R03,0
APP03167,REQ0070,SRC06,2024-01-07,20240107,S1,1,Rejected,R01,0
APP03168,REQ0070,SRC07,2024-01-11,20240111,S1,1,Rejected,R01,0
APP03169,REQ0070,SRC07,2024-01-11,20240111,S1,1,Rejected,R01,0
APP03170,REQ0070,SRC06,2024-01-21,20240121,S2,2,Withdrew,R05,0
APP03171,REQ0070,SRC06,2024-01-13,20240113,S6,6,Rejected,R07,0
APP03172,REQ0070,SRC01,2024-01-15,20240115,S2,2,Rejected,R03,0
APP03173,REQ0070,SRC01,2024-01-17,20240117,S2,2,Withdrew,R04,0
APP03174,REQ0070,SRC05,2024-01-11,20240111,S1,1,Rejected,R01,0
APP03175,REQ0070,SRC01,2024-01-20,20240120,S1,1,Rejected,R01,0
APP03176,REQ0070,SRC06,2024-01-22,20240122,S1,1,Rejected,R01,0
APP03177,REQ0070,SRC01,2024-01-17,20240117,S2,2,Withdrew,R05,0
APP03178,REQ0070,SRC06,2024-01-20,20240120,S2,2,Rejected,R01,0
APP03179,REQ0070,SRC01,2024-01-07,20240107,S1,1,Rejected,R01,0
APP03180,REQ0070,SRC07,2024-01-20,20240120,S2,2,Withdrew,R05,0
APP03181,REQ0070,SRC01,2024-01-18,20240118,S1,1,Rejected,R08,0
APP03182,REQ0070,SRC08,2024-01-07,20240107,S1,1,Rejected,R08,0
APP03183,REQ0070,SRC03,2024-01-20,20240120,S2,2,Withdrew,R04,0
APP03184,REQ0070,SRC06,2024-01-16,20240116,S1,1,Rejected,R01,0
APP03185,REQ0071,SRC08,2026-06-09,20260609,S1,1,Rejected,R01,0
APP03186,REQ0071,SRC08,2026-05-29,20260529,S3,3,Rejected,R02,0
APP03187,REQ0071,SRC08,2026-05-31,20260531,S1,1,Withdrew,R05,0
APP03188,REQ0071,SRC08,2026-06-21,20260621,S3,3,Withdrew,R04,0
APP03189,REQ0071,SRC04,2026-06-20,20260620,S3,3,In Process,R99,0
APP03190,REQ0071,SRC01,2026-06-07,20260607,S1,1,Rejected,R01,0
APP03191,REQ0071,SRC06,2026-06-20,20260620,S2,2,Rejected,R03,0
APP03192,REQ0071,SRC06,2026-05-19,20260519,S1,1,Rejected,R01,0
APP03193,REQ0071,SRC01,2026-05-29,20260529,S1,1,Withdrew,R05,0
APP03194,REQ0071,SRC04,2026-05-22,20260522,S1,1,Rejected,R08,0
APP03195,REQ0071,SRC02,2026-06-02,20260602,S1,1,Rejected,R01,0
APP03196,REQ0071,SRC02,2026-05-28,20260528,S1,1,Rejected,R01,0
APP03197,REQ0071,SRC02,2026-05-20,20260520,S1,1,Rejected,R08,0
APP03198,REQ0071,SRC02,2026-05-22,20260522,S3,3,Rejected,R01,0
APP03199,REQ0071,SRC05,2026-05-24,20260524,S2,2,Withdrew,R04,0
APP03200,REQ0071,SRC05,2026-06-19,20260619,S1,1,Rejected,R01,0
APP03201,REQ0071,SRC01,2026-05-23,20260523,S1,1,Withdrew,R05,0
APP03202,REQ0071,SRC04,2026-06-04,20260604,S2,2,Withdrew,R04,0
APP03203,REQ0071,SRC02,2026-06-16,20260616,S1,1,Rejected,R01,0
APP03204,REQ0071,SRC02,2026-05-19,20260519,S1,1,Rejected,R08,0
APP03205,REQ0071,SRC04,2026-05-17,20260517,S1,1,Rejected,R08,0
APP03206,REQ0071,SRC07,2026-05-24,20260524,S1,1,Rejected,R01,0
APP03207,REQ0071,SRC06,2026-06-06,20260606,S2,2,Rejected,R01,0
APP03208,REQ0071,SRC03,2026-05-16,20260516,S4,4,Rejected,R07,0
APP03209,REQ0071,SRC06,2026-05-31,20260531,S1,1,Rejected,R08,0
APP03210,REQ0071,SRC06,2026-06-15,20260615,S2,2,Rejected,R08,0
APP03211,REQ0071,SRC07,2026-06-23,20260623,S1,1,Rejected,R01,0
APP03212,REQ0071,SRC05,2026-05-27,20260527,S1,1,Withdrew,R05,0
APP03213,REQ0071,SRC06,2026-06-18,20260618,S1,1,Rejected,R01,0
APP03214,REQ0071,SRC06,2026-06-25,20260625,S1,1,Rejected,R01,0
APP03215,REQ0071,SRC04,2026-06-19,20260619,S3,3,In Process,R99,0
APP03216,REQ0071,SRC06,2026-06-16,20260616,S3,3,In Process,R99,0
APP03217,REQ0071,SRC07,2026-06-04,20260604,S1,1,Withdrew,R05,0
APP03218,REQ0071,SRC02,2026-05-21,20260521,S1,1,Rejected,R01,0
APP03219,REQ0071,SRC01,2026-05-16,20260516,S1,1,Rejected,R01,0
APP03220,REQ0071,SRC08,2026-06-10,20260610,S1,1,Rejected,R08,0
APP03221,REQ0071,SRC03,2026-06-23,20260623,S1,1,Rejected,R01,0
APP03222,REQ0071,SRC01,2026-06-19,20260619,S2,2,Rejected,R03,0
APP03223,REQ0071,SRC01,2026-06-11,20260611,S2,2,Withdrew,R05,0
APP03224,REQ0071,SRC01,2026-05-25,20260525,S1,1,Rejected,R01,0
APP03225,REQ0071,SRC02,2026-05-17,20260517,S3,3,Withdrew,R04,0
APP03226,REQ0071,SRC02,2026-05-27,20260527,S1,1,Withdrew,R05,0
APP03227,REQ0071,SRC01,2026-06-14,20260614,S2,2,Rejected,R01,0
APP03228,REQ0071,SRC06,2026-06-21,20260621,S3,3,In Process,R99,0
APP03229,REQ0071,SRC06,2026-06-11,20260611,S2,2,Rejected,R01,0
APP03230,REQ0071,SRC06,2026-05-21,20260521,S2,2,Rejected,R08,0
APP03231,REQ0071,SRC08,2026-06-15,20260615,S4,4,In Process,R99,0
APP03232,REQ0071,SRC03,2026-06-27,20260627,S2,2,In Process,R99,0
APP03233,REQ0071,SRC05,2026-06-12,20260612,S3,3,In Process,R99,0
APP03234,REQ0071,SRC06,2026-05-31,20260531,S1,1,Withdrew,R05,0
APP03235,REQ0071,SRC01,2026-06-22,20260622,S1,1,Rejected,R08,0
APP03236,REQ0071,SRC02,2026-06-11,20260611,S3,3,Rejected,R01,0
APP03237,REQ0071,SRC08,2026-05-22,20260522,S1,1,Rejected,R01,0
APP03238,REQ0071,SRC02,2026-05-24,20260524,S4,4,Withdrew,R04,0
APP03239,REQ0071,SRC08,2026-05-22,20260522,S3,3,Withdrew,R05,0
APP03240,REQ0071,SRC01,2026-05-23,20260523,S2,2,Rejected,R03,0
APP03241,REQ0071,SRC03,2026-06-24,20260624,S1,1,Rejected,R01,0
APP03242,REQ0072,SRC02,2025-11-01,20251101,S1,1,Rejected,R01,0
APP03243,REQ0072,SRC08,2025-11-09,20251109,S1,1,Rejected,R01,0
APP03244,REQ0072,SRC01,2025-11-07,20251107,S1,1,Rejected,R08,0
APP03245,REQ0072,SRC05,2025-10-20,20251020,S1,1,Rejected,R01,0
APP03246,REQ0072,SRC06,2025-10-20,20251020,S2,2,Rejected,R03,0
APP03247,REQ0072,SRC07,2025-10-27,20251027,S3,3,Rejected,R07,0
APP03248,REQ0072,SRC01,2025-11-08,20251108,S1,1,Withdrew,R05,0
APP03249,REQ0072,SRC06,2025-10-28,20251028,S2,2,Withdrew,R05,0
APP03250,REQ0072,SRC02,2025-11-04,20251104,S1,1,Rejected,R01,0
APP03251,REQ0072,SRC03,2025-11-06,20251106,S2,2,Withdrew,R05,0
APP03252,REQ0072,SRC06,2025-11-04,20251104,S3,3,Rejected,R01,0
APP03253,REQ0072,SRC03,2025-10-28,20251028,S2,2,Rejected,R03,0
APP03254,REQ0072,SRC06,2025-11-07,20251107,S1,1,Rejected,R01,0
APP03255,REQ0072,SRC03,2025-10-22,20251022,S1,1,Withdrew,R05,0
APP03256,REQ0072,SRC01,2025-10-26,20251026,S1,1,Rejected,R01,0
APP03257,REQ0072,SRC04,2025-10-27,20251027,S1,1,Rejected,R01,0
APP03258,REQ0072,SRC01,2025-10-27,20251027,S1,1,Rejected,R01,0
APP03259,REQ0072,SRC04,2025-11-10,20251110,S5,5,Rejected,R03,0
APP03260,REQ0072,SRC03,2025-11-07,20251107,S1,1,Withdrew,R05,0
APP03261,REQ0072,SRC03,2025-11-06,20251106,S2,2,Rejected,R03,0
APP03262,REQ0072,SRC08,2025-10-31,20251031,S1,1,Rejected,R01,0
APP03263,REQ0072,SRC04,2025-10-23,20251023,S6,6,Rejected,R07,0
APP03264,REQ0072,SRC03,2025-10-26,20251026,S1,1,Rejected,R08,0
APP03265,REQ0072,SRC01,2025-10-22,20251022,S1,1,Rejected,R08,0
APP03266,REQ0072,SRC06,2025-10-25,20251025,S2,2,Rejected,R08,0
APP03267,REQ0072,SRC03,2025-10-23,20251023,S1,1,Rejected,R01,0
APP03268,REQ0072,SRC01,2025-11-10,20251110,S1,1,Rejected,R01,0
APP03269,REQ0072,SRC04,2025-10-19,20251019,S3,3,Withdrew,R04,0
APP03270,REQ0072,SRC01,2025-11-07,20251107,S1,1,Rejected,R01,0
APP03271,REQ0072,SRC08,2025-10-19,20251019,S1,1,Rejected,R08,0
APP03272,REQ0072,SRC06,2025-11-05,20251105,S1,1,Withdrew,R05,0
APP03273,REQ0072,SRC06,2025-11-01,20251101,S2,2,Rejected,R08,0
APP03274,REQ0072,SRC01,2025-10-25,20251025,S1,1,Withdrew,R05,0
APP03275,REQ0072,SRC08,2025-11-03,20251103,S1,1,Rejected,R01,0
APP03276,REQ0072,SRC01,2025-10-27,20251027,S1,1,Withdrew,R05,0
APP03277,REQ0072,SRC01,2025-11-08,20251108,S1,1,Rejected,R01,0
APP03278,REQ0072,SRC02,2025-10-21,20251021,S2,2,Rejected,R01,0
APP03279,REQ0072,SRC02,2025-11-03,20251103,S1,1,Rejected,R08,0
APP03280,REQ0072,SRC01,2025-10-22,20251022,S3,3,Withdrew,R05,0
APP03281,REQ0072,SRC08,2025-10-22,20251022,S1,1,Withdrew,R05,0
APP03282,REQ0072,SRC01,2025-11-04,20251104,S3,3,Rejected,R02,0
APP03283,REQ0072,SRC03,2025-10-27,20251027,S3,3,Rejected,R01,0
APP03284,REQ0072,SRC02,2025-10-22,20251022,S1,1,Rejected,R01,0
APP03285,REQ0072,SRC02,2025-10-26,20251026,S5,5,Rejected,R07,0
APP03286,REQ0072,SRC02,2025-11-07,20251107,S1,1,Rejected,R08,0
APP03287,REQ0072,SRC04,2025-11-09,20251109,S1,1,Withdrew,R05,0
APP03288,REQ0072,SRC05,2025-10-25,20251025,S1,1,Withdrew,R05,0
APP03289,REQ0072,SRC01,2025-11-02,20251102,S1,1,Withdrew,R05,0
APP03290,REQ0072,SRC02,2025-11-01,20251101,S1,1,Rejected,R01,0
APP03291,REQ0072,SRC03,2025-10-25,20251025,S2,2,Rejected,R08,0
APP03292,REQ0072,SRC08,2025-11-07,20251107,S1,1,Withdrew,R05,0
APP03293,REQ0072,SRC01,2025-10-29,20251029,S6,6,Withdrew,R04,0
APP03294,REQ0072,SRC01,2025-11-09,20251109,S2,2,Rejected,R08,0
APP03295,REQ0072,SRC01,2025-10-26,20251026,S2,2,Rejected,R01,0
APP03296,REQ0072,SRC06,2025-10-24,20251024,S3,3,Rejected,R07,0
APP03297,REQ0072,SRC08,2025-10-21,20251021,S2,2,Rejected,R01,0
APP03298,REQ0072,SRC01,2025-10-24,20251024,S1,1,Withdrew,R05,0
APP03299,REQ0072,SRC02,2025-10-30,20251030,S1,1,Rejected,R01,0
APP03300,REQ0072,SRC05,2025-11-07,20251107,S1,1,Rejected,R01,0
APP03301,REQ0072,SRC01,2025-10-30,20251030,S1,1,Rejected,R01,0
APP03302,REQ0072,SRC04,2025-10-29,20251029,S2,2,Rejected,R03,0
APP03303,REQ0072,SRC02,2025-11-07,20251107,S1,1,Rejected,R01,0
APP03304,REQ0072,SRC02,2025-10-26,20251026,S3,3,Withdrew,R04,0
APP03305,REQ0072,SRC06,2025-11-08,20251108,S1,1,Rejected,R08,0
APP03306,REQ0072,SRC01,2025-10-27,20251027,S2,2,Rejected,R03,0
APP03307,REQ0072,SRC06,2025-10-19,20251019,S1,1,Rejected,R01,0
APP03308,REQ0073,SRC02,2026-01-19,20260119,S1,1,Withdrew,R05,0
APP03309,REQ0073,SRC01,2026-01-24,20260124,S4,4,Withdrew,R04,0
APP03310,REQ0073,SRC03,2026-01-31,20260131,S1,1,Rejected,R08,0
APP03311,REQ0073,SRC05,2026-02-10,20260210,S1,1,Rejected,R01,0
APP03312,REQ0073,SRC03,2026-02-09,20260209,S1,1,Rejected,R01,0
APP03313,REQ0073,SRC07,2026-01-28,20260128,S1,1,Rejected,R01,0
APP03314,REQ0073,SRC01,2026-02-16,20260216,S1,1,Rejected,R01,0
APP03315,REQ0073,SRC08,2026-01-26,20260126,S1,1,Rejected,R01,0
APP03316,REQ0073,SRC06,2026-02-17,20260217,S2,2,Rejected,R03,0
APP03317,REQ0073,SRC02,2026-02-01,20260201,S1,1,Rejected,R01,0
APP03318,REQ0073,SRC06,2026-01-26,20260126,S1,1,Rejected,R01,0
APP03319,REQ0073,SRC08,2026-01-28,20260128,S1,1,Rejected,R01,0
APP03320,REQ0073,SRC07,2026-02-06,20260206,S1,1,Rejected,R01,0
APP03321,REQ0073,SRC01,2026-02-09,20260209,S1,1,Rejected,R01,0
APP03322,REQ0073,SRC01,2026-02-01,20260201,S4,4,Rejected,R07,0
APP03323,REQ0073,SRC02,2026-01-25,20260125,S5,5,Withdrew,R04,0
APP03324,REQ0073,SRC01,2026-01-22,20260122,S1,1,Rejected,R01,0
APP03325,REQ0073,SRC01,2026-01-21,20260121,S1,1,Rejected,R01,0
APP03326,REQ0073,SRC06,2026-02-13,20260213,S5,5,Rejected,R07,0
APP03327,REQ0073,SRC05,2026-01-16,20260116,S1,1,Withdrew,R05,0
APP03328,REQ0073,SRC06,2026-01-14,20260114,S1,1,Rejected,R08,0
APP03329,REQ0073,SRC02,2026-02-02,20260202,S1,1,Rejected,R01,0
APP03330,REQ0073,SRC03,2026-02-12,20260212,S1,1,Rejected,R01,0
APP03331,REQ0073,SRC01,2026-02-05,20260205,S8,8,Hired,R99,1
APP03332,REQ0073,SRC04,2026-02-05,20260205,S1,1,Rejected,R01,0
APP03333,REQ0073,SRC06,2026-02-14,20260214,S5,5,Rejected,R02,0
APP03334,REQ0073,SRC01,2026-01-31,20260131,S1,1,Withdrew,R05,0
APP03335,REQ0073,SRC02,2026-02-11,20260211,S7,7,Withdrew,R10,0
APP03336,REQ0073,SRC03,2026-02-03,20260203,S1,1,Rejected,R08,0
APP03337,REQ0073,SRC06,2026-01-15,20260115,S3,3,Withdrew,R04,0
APP03338,REQ0073,SRC05,2026-02-01,20260201,S1,1,Rejected,R01,0
APP03339,REQ0073,SRC01,2026-01-24,20260124,S2,2,Withdrew,R05,0
APP03340,REQ0073,SRC07,2026-01-26,20260126,S1,1,Withdrew,R05,0
APP03341,REQ0073,SRC01,2026-01-14,20260114,S3,3,Withdrew,R04,0
APP03342,REQ0073,SRC06,2026-02-02,20260202,S2,2,Withdrew,R04,0
APP03343,REQ0073,SRC06,2026-02-15,20260215,S2,2,Rejected,R01,0
APP03344,REQ0073,SRC01,2026-02-06,20260206,S3,3,Withdrew,R04,0
APP03345,REQ0073,SRC01,2026-01-26,20260126,S7,7,Rejected,R03,0
APP03346,REQ0073,SRC02,2026-02-03,20260203,S3,3,Rejected,R07,0
APP03347,REQ0073,SRC03,2026-02-12,20260212,S2,2,Rejected,R01,0
APP03348,REQ0073,SRC01,2026-02-01,20260201,S1,1,Rejected,R08,0
APP03349,REQ0073,SRC06,2026-02-11,20260211,S1,1,Rejected,R08,0
APP03350,REQ0073,SRC08,2026-02-01,20260201,S3,3,Withdrew,R05,0
APP03351,REQ0073,SRC08,2026-01-18,20260118,S1,1,Rejected,R01,0
APP03352,REQ0073,SRC06,2026-02-02,20260202,S1,1,Rejected,R08,0
APP03353,REQ0073,SRC01,2026-02-04,20260204,S1,1,Withdrew,R05,0
APP03354,REQ0073,SRC02,2026-01-27,20260127,S4,4,Rejected,R02,0
APP03355,REQ0073,SRC03,2026-01-21,20260121,S2,2,Withdrew,R04,0
APP03356,REQ0073,SRC02,2026-02-16,20260216,S2,2,Rejected,R03,0
APP03357,REQ0073,SRC01,2026-01-22,20260122,S1,1,Rejected,R08,0
APP03358,REQ0074,SRC02,2025-07-20,20250720,S1,1,Rejected,R01,0
APP03359,REQ0074,SRC01,2025-07-14,20250714,S1,1,Rejected,R01,0
APP03360,REQ0074,SRC08,2025-07-13,20250713,S1,1,Rejected,R01,0
APP03361,REQ0074,SRC06,2025-07-11,20250711,S2,2,Rejected,R08,0
APP03362,REQ0074,SRC06,2025-07-22,20250722,S4,4,Rejected,R07,0
APP03363,REQ0074,SRC03,2025-07-16,20250716,S6,6,Withdrew,R04,0
APP03364,REQ0074,SRC01,2025-07-18,20250718,S1,1,Rejected,R01,0
APP03365,REQ0074,SRC03,2025-07-12,20250712,S1,1,Rejected,R01,0
APP03366,REQ0074,SRC01,2025-07-11,20250711,S1,1,Rejected,R01,0
APP03367,REQ0074,SRC05,2025-07-13,20250713,S2,2,Rejected,R01,0
APP03368,REQ0074,SRC08,2025-07-19,20250719,S3,3,Rejected,R07,0
APP03369,REQ0074,SRC06,2025-07-22,20250722,S1,1,Rejected,R01,0
APP03370,REQ0074,SRC08,2025-07-23,20250723,S1,1,Rejected,R08,0
APP03371,REQ0074,SRC05,2025-07-14,20250714,S1,1,Rejected,R01,0
APP03372,REQ0074,SRC07,2025-07-12,20250712,S1,1,Rejected,R01,0
APP03373,REQ0074,SRC04,2025-07-18,20250718,S1,1,Rejected,R08,0
APP03374,REQ0074,SRC06,2025-07-18,20250718,S2,2,Rejected,R01,0
APP03375,REQ0074,SRC07,2025-07-13,20250713,S1,1,Rejected,R01,0
APP03376,REQ0074,SRC02,2025-07-16,20250716,S3,3,Withdrew,R04,0
APP03377,REQ0074,SRC01,2025-07-21,20250721,S1,1,Rejected,R08,0
APP03378,REQ0074,SRC03,2025-07-20,20250720,S1,1,Rejected,R01,0
APP03379,REQ0074,SRC04,2025-07-17,20250717,S3,3,Rejected,R01,0
APP03380,REQ0074,SRC02,2025-07-19,20250719,S6,6,Rejected,R07,0
APP03381,REQ0074,SRC06,2025-07-17,20250717,S6,6,Withdrew,R04,0
APP03382,REQ0074,SRC01,2025-07-20,20250720,S1,1,Withdrew,R05,0
APP03383,REQ0074,SRC01,2025-07-18,20250718,S3,3,Withdrew,R04,0
APP03384,REQ0074,SRC04,2025-07-20,20250720,S1,1,Rejected,R01,0
APP03385,REQ0074,SRC01,2025-07-11,20250711,S1,1,Rejected,R01,0
APP03386,REQ0074,SRC06,2025-07-12,20250712,S1,1,Rejected,R01,0
APP03387,REQ0074,SRC02,2025-07-16,20250716,S1,1,Withdrew,R05,0
APP03388,REQ0074,SRC01,2025-07-14,20250714,S1,1,Rejected,R01,0
APP03389,REQ0074,SRC02,2025-07-16,20250716,S3,3,Rejected,R01,0
APP03390,REQ0074,SRC02,2025-07-15,20250715,S1,1,Rejected,R01,0
APP03391,REQ0074,SRC06,2025-07-14,20250714,S1,1,Rejected,R08,0
APP03392,REQ0074,SRC01,2025-07-20,20250720,S1,1,Rejected,R08,0
APP03393,REQ0075,SRC01,2025-07-22,20250722,S1,1,Rejected,R01,0
APP03394,REQ0075,SRC06,2025-08-09,20250809,S1,1,Rejected,R01,0
APP03395,REQ0075,SRC08,2025-08-02,20250802,S2,2,Rejected,R03,0
APP03396,REQ0075,SRC05,2025-07-22,20250722,S1,1,Rejected,R01,0
APP03397,REQ0075,SRC01,2025-08-15,20250815,S1,1,Withdrew,R05,0
APP03398,REQ0075,SRC06,2025-08-12,20250812,S5,5,Rejected,R03,0
APP03399,REQ0075,SRC08,2025-08-08,20250808,S2,2,Rejected,R03,0
APP03400,REQ0075,SRC05,2025-08-09,20250809,S3,3,Rejected,R01,0
APP03401,REQ0075,SRC02,2025-08-16,20250816,S1,1,Rejected,R01,0
APP03402,REQ0075,SRC08,2025-08-03,20250803,S1,1,Rejected,R08,0
APP03403,REQ0075,SRC01,2025-07-29,20250729,S1,1,Rejected,R01,0
APP03404,REQ0075,SRC03,2025-08-03,20250803,S2,2,Rejected,R03,0
APP03405,REQ0075,SRC08,2025-08-13,20250813,S6,6,Rejected,R02,0
APP03406,REQ0075,SRC06,2025-07-24,20250724,S1,1,Rejected,R08,0
APP03407,REQ0075,SRC07,2025-08-09,20250809,S1,1,Rejected,R01,0
APP03408,REQ0075,SRC01,2025-07-30,20250730,S1,1,Rejected,R08,0
APP03409,REQ0075,SRC02,2025-08-08,20250808,S1,1,Rejected,R01,0
APP03410,REQ0075,SRC07,2025-08-02,20250802,S3,3,Rejected,R07,0
APP03411,REQ0076,SRC04,2026-04-11,20260411,S1,1,Withdrew,R05,0
APP03412,REQ0076,SRC01,2026-04-27,20260427,S1,1,Rejected,R08,0
APP03413,REQ0076,SRC04,2026-04-14,20260414,S1,1,Rejected,R01,0
APP03414,REQ0076,SRC06,2026-04-11,20260411,S1,1,Rejected,R01,0
APP03415,REQ0076,SRC03,2026-05-06,20260506,S5,5,Rejected,R03,0
APP03416,REQ0076,SRC05,2026-05-09,20260509,S6,6,Withdrew,R04,0
APP03417,REQ0076,SRC06,2026-05-13,20260513,S1,1,Rejected,R01,0
APP03418,REQ0076,SRC08,2026-05-07,20260507,S1,1,Rejected,R08,0
APP03419,REQ0076,SRC06,2026-04-12,20260412,S7,7,Withdrew,R10,0
APP03420,REQ0076,SRC07,2026-04-17,20260417,S2,2,Rejected,R08,0
APP03421,REQ0076,SRC06,2026-05-07,20260507,S1,1,Rejected,R01,0
APP03422,REQ0076,SRC02,2026-05-05,20260505,S1,1,Withdrew,R05,0
APP03423,REQ0076,SRC06,2026-04-10,20260410,S8,8,Hired,R99,1
APP03424,REQ0076,SRC06,2026-04-19,20260419,S2,2,Withdrew,R05,0
APP03425,REQ0076,SRC02,2026-05-12,20260512,S3,3,Withdrew,R05,0
APP03426,REQ0076,SRC06,2026-04-13,20260413,S1,1,Rejected,R01,0
APP03427,REQ0076,SRC06,2026-05-07,20260507,S2,2,Withdrew,R04,0
APP03428,REQ0076,SRC02,2026-04-28,20260428,S2,2,Rejected,R01,0
APP03429,REQ0076,SRC07,2026-04-19,20260419,S1,1,Rejected,R01,0
APP03430,REQ0076,SRC07,2026-04-16,20260416,S6,6,Rejected,R07,0
APP03431,REQ0076,SRC01,2026-04-28,20260428,S1,1,Withdrew,R05,0
APP03432,REQ0076,SRC03,2026-04-25,20260425,S1,1,Rejected,R08,0
APP03433,REQ0076,SRC08,2026-04-24,20260424,S1,1,Rejected,R01,0
APP03434,REQ0076,SRC02,2026-04-23,20260423,S4,4,Rejected,R07,0
APP03435,REQ0076,SRC05,2026-05-04,20260504,S6,6,Withdrew,R04,0
APP03436,REQ0076,SRC07,2026-05-11,20260511,S1,1,Rejected,R08,0
APP03437,REQ0076,SRC08,2026-05-02,20260502,S1,1,Rejected,R08,0
APP03438,REQ0076,SRC07,2026-04-19,20260419,S1,1,Rejected,R01,0
APP03439,REQ0076,SRC04,2026-05-03,20260503,S2,2,Rejected,R01,0
APP03440,REQ0076,SRC01,2026-04-13,20260413,S1,1,Rejected,R01,0
APP03441,REQ0076,SRC01,2026-05-07,20260507,S2,2,Withdrew,R04,0
APP03442,REQ0076,SRC03,2026-05-02,20260502,S1,1,Withdrew,R05,0
APP03443,REQ0076,SRC01,2026-04-10,20260410,S1,1,Rejected,R01,0
APP03444,REQ0076,SRC08,2026-04-18,20260418,S1,1,Rejected,R08,0
APP03445,REQ0076,SRC05,2026-05-04,20260504,S1,1,Rejected,R08,0
APP03446,REQ0076,SRC04,2026-04-28,20260428,S1,1,Withdrew,R05,0
APP03447,REQ0076,SRC01,2026-05-06,20260506,S2,2,Withdrew,R04,0
APP03448,REQ0076,SRC08,2026-04-13,20260413,S7,7,Withdrew,R06,0
APP03449,REQ0076,SRC06,2026-05-10,20260510,S1,1,Rejected,R01,0
APP03450,REQ0076,SRC06,2026-05-05,20260505,S2,2,Rejected,R03,0
APP03451,REQ0076,SRC06,2026-04-17,20260417,S6,6,Rejected,R02,0
APP03452,REQ0076,SRC06,2026-04-09,20260409,S1,1,Rejected,R01,0
APP03453,REQ0076,SRC06,2026-04-21,20260421,S1,1,Rejected,R01,0
APP03454,REQ0076,SRC06,2026-04-17,20260417,S1,1,Rejected,R01,0
APP03455,REQ0076,SRC04,2026-05-11,20260511,S5,5,Withdrew,R04,0
APP03456,REQ0076,SRC04,2026-04-29,20260429,S3,3,Withdrew,R04,0
APP03457,REQ0077,SRC02,2024-11-18,20241118,S1,1,Rejected,R01,0
APP03458,REQ0077,SRC02,2024-11-13,20241113,S4,4,Withdrew,R04,0
APP03459,REQ0077,SRC03,2024-10-27,20241027,S7,7,Rejected,R03,0
APP03460,REQ0077,SRC01,2024-11-01,20241101,S1,1,Withdrew,R05,0
APP03461,REQ0077,SRC01,2024-11-01,20241101,S1,1,Rejected,R01,0
APP03462,REQ0077,SRC08,2024-10-08,20241008,S1,1,Withdrew,R05,0
APP03463,REQ0077,SRC08,2024-10-31,20241031,S2,2,Withdrew,R04,0
APP03464,REQ0077,SRC01,2024-11-11,20241111,S1,1,Withdrew,R05,0
APP03465,REQ0077,SRC01,2024-11-01,20241101,S1,1,Rejected,R08,0
APP03466,REQ0077,SRC06,2024-10-25,20241025,S1,1,Rejected,R01,0
APP03467,REQ0077,SRC06,2024-11-04,20241104,S1,1,Withdrew,R05,0
APP03468,REQ0077,SRC02,2024-10-17,20241017,S2,2,Rejected,R01,0
APP03469,REQ0077,SRC02,2024-11-19,20241119,S1,1,Withdrew,R05,0
APP03470,REQ0077,SRC02,2024-10-15,20241015,S2,2,Rejected,R01,0
APP03471,REQ0077,SRC06,2024-10-19,20241019,S1,1,Rejected,R01,0
APP03472,REQ0077,SRC05,2024-11-02,20241102,S1,1,Withdrew,R05,0
APP03473,REQ0077,SRC07,2024-10-24,20241024,S1,1,Rejected,R08,0
APP03474,REQ0077,SRC07,2024-11-18,20241118,S3,3,Rejected,R07,0
APP03475,REQ0077,SRC08,2024-10-27,20241027,S1,1,Rejected,R01,0
APP03476,REQ0077,SRC06,2024-11-14,20241114,S1,1,Rejected,R08,0
APP03477,REQ0077,SRC02,2024-10-26,20241026,S2,2,Rejected,R08,0
APP03478,REQ0077,SRC05,2024-11-18,20241118,S1,1,Rejected,R01,0
APP03479,REQ0077,SRC08,2024-10-08,20241008,S1,1,Rejected,R08,0
APP03480,REQ0077,SRC02,2024-10-13,20241013,S1,1,Rejected,R01,0
APP03481,REQ0077,SRC06,2024-10-24,20241024,S1,1,Rejected,R01,0
APP03482,REQ0077,SRC03,2024-10-09,20241009,S2,2,Withdrew,R04,0
APP03483,REQ0077,SRC01,2024-11-19,20241119,S1,1,Rejected,R01,0
APP03484,REQ0077,SRC01,2024-11-10,20241110,S1,1,Rejected,R01,0
APP03485,REQ0077,SRC06,2024-10-07,20241007,S1,1,Withdrew,R05,0
APP03486,REQ0077,SRC07,2024-11-05,20241105,S5,5,Withdrew,R04,0
APP03487,REQ0077,SRC08,2024-11-10,20241110,S8,8,Hired,R99,1
APP03488,REQ0077,SRC01,2024-10-29,20241029,S1,1,Rejected,R01,0
APP03489,REQ0077,SRC01,2024-11-19,20241119,S3,3,Withdrew,R05,0
APP03490,REQ0077,SRC01,2024-10-10,20241010,S1,1,Rejected,R01,0
APP03491,REQ0077,SRC06,2024-11-12,20241112,S3,3,Withdrew,R05,0
APP03492,REQ0077,SRC06,2024-10-18,20241018,S1,1,Rejected,R01,0
APP03493,REQ0077,SRC02,2024-11-14,20241114,S1,1,Withdrew,R05,0
APP03494,REQ0077,SRC02,2024-10-24,20241024,S3,3,Rejected,R01,0
APP03495,REQ0077,SRC05,2024-10-18,20241018,S2,2,Rejected,R08,0
APP03496,REQ0077,SRC08,2024-11-08,20241108,S1,1,Withdrew,R05,0
APP03497,REQ0077,SRC03,2024-10-16,20241016,S1,1,Rejected,R08,0
APP03498,REQ0077,SRC02,2024-11-15,20241115,S2,2,Rejected,R08,0
APP03499,REQ0077,SRC03,2024-10-22,20241022,S5,5,Rejected,R03,0
APP03500,REQ0077,SRC08,2024-11-18,20241118,S1,1,Rejected,R01,0
APP03501,REQ0077,SRC01,2024-11-10,20241110,S3,3,Rejected,R01,0
APP03502,REQ0077,SRC02,2024-10-14,20241014,S2,2,Rejected,R08,0
APP03503,REQ0077,SRC01,2024-11-21,20241121,S1,1,Rejected,R01,0
APP03504,REQ0077,SRC01,2024-10-16,20241016,S3,3,Rejected,R07,0
APP03505,REQ0077,SRC03,2024-11-04,20241104,S2,2,Withdrew,R05,0
APP03506,REQ0077,SRC08,2024-11-01,20241101,S1,1,Withdrew,R05,0
APP03507,REQ0077,SRC01,2024-10-15,20241015,S6,6,Rejected,R02,0
APP03508,REQ0077,SRC03,2024-11-05,20241105,S1,1,Rejected,R01,0
APP03509,REQ0077,SRC03,2024-10-24,20241024,S8,8,Hired,R99,1
APP03510,REQ0077,SRC02,2024-10-19,20241019,S3,3,Rejected,R07,0
APP03511,REQ0077,SRC01,2024-10-07,20241007,S2,2,Rejected,R03,0
APP03512,REQ0077,SRC03,2024-11-19,20241119,S1,1,Rejected,R01,0
APP03513,REQ0077,SRC06,2024-10-12,20241012,S1,1,Rejected,R08,0
APP03514,REQ0078,SRC01,2024-11-17,20241117,S1,1,Rejected,R01,0
APP03515,REQ0078,SRC08,2024-10-27,20241027,S1,1,Rejected,R01,0
APP03516,REQ0078,SRC01,2024-11-01,20241101,S1,1,Rejected,R01,0
APP03517,REQ0078,SRC02,2024-10-24,20241024,S1,1,Withdrew,R05,0
APP03518,REQ0078,SRC06,2024-11-15,20241115,S1,1,Rejected,R01,0
APP03519,REQ0078,SRC01,2024-10-31,20241031,S1,1,Rejected,R01,0
APP03520,REQ0078,SRC01,2024-11-03,20241103,S2,2,Rejected,R08,0
APP03521,REQ0078,SRC06,2024-10-13,20241013,S1,1,Rejected,R01,0
APP03522,REQ0078,SRC02,2024-11-22,20241122,S2,2,Rejected,R08,0
APP03523,REQ0078,SRC01,2024-11-11,20241111,S1,1,Rejected,R01,0
APP03524,REQ0078,SRC08,2024-11-26,20241126,S1,1,Withdrew,R05,0
APP03525,REQ0078,SRC01,2024-11-30,20241130,S2,2,Rejected,R01,0
APP03526,REQ0078,SRC06,2024-10-29,20241029,S6,6,Withdrew,R04,0
APP03527,REQ0078,SRC02,2024-11-02,20241102,S1,1,Rejected,R01,0
APP03528,REQ0078,SRC08,2024-11-08,20241108,S1,1,Rejected,R01,0
APP03529,REQ0078,SRC03,2024-10-01,20241001,S1,1,Rejected,R01,0
APP03530,REQ0078,SRC08,2024-10-29,20241029,S3,3,Withdrew,R04,0
APP03531,REQ0078,SRC02,2024-10-21,20241021,S1,1,Rejected,R08,0
APP03532,REQ0078,SRC01,2024-10-26,20241026,S1,1,Rejected,R01,0
APP03533,REQ0078,SRC02,2024-10-07,20241007,S1,1,Withdrew,R05,0
APP03534,REQ0078,SRC01,2024-09-29,20240929,S1,1,Withdrew,R05,0
APP03535,REQ0078,SRC01,2024-10-14,20241014,S1,1,Rejected,R01,0
APP03536,REQ0078,SRC06,2024-10-20,20241020,S1,1,Rejected,R01,0
APP03537,REQ0078,SRC01,2024-10-31,20241031,S1,1,Rejected,R08,0
APP03538,REQ0078,SRC07,2024-10-15,20241015,S2,2,Rejected,R03,0
APP03539,REQ0078,SRC02,2024-11-10,20241110,S1,1,Rejected,R01,0
APP03540,REQ0078,SRC04,2024-11-16,20241116,S2,2,Rejected,R08,0
APP03541,REQ0078,SRC07,2024-11-18,20241118,S1,1,Rejected,R01,0
APP03542,REQ0079,SRC03,2024-12-10,20241210,S1,1,Withdrew,R05,0
APP03543,REQ0079,SRC01,2025-01-03,20250103,S1,1,Rejected,R01,0
APP03544,REQ0079,SRC05,2025-02-09,20250209,S2,2,Withdrew,R05,0
APP03545,REQ0079,SRC07,2025-01-18,20250118,S1,1,Rejected,R08,0
APP03546,REQ0079,SRC01,2025-02-18,20250218,S1,1,Rejected,R01,0
APP03547,REQ0079,SRC03,2025-01-02,20250102,S1,1,Withdrew,R05,0
APP03548,REQ0079,SRC02,2024-11-29,20241129,S1,1,Rejected,R08,0
APP03549,REQ0079,SRC06,2025-02-01,20250201,S1,1,Rejected,R01,0
APP03550,REQ0079,SRC06,2024-11-19,20241119,S1,1,Rejected,R01,0
APP03551,REQ0079,SRC04,2025-01-26,20250126,S1,1,Rejected,R01,0
APP03552,REQ0079,SRC05,2025-01-05,20250105,S3,3,Rejected,R01,0
APP03553,REQ0079,SRC08,2025-01-06,20250106,S3,3,Rejected,R07,0
APP03554,REQ0079,SRC07,2025-01-16,20250116,S1,1,Rejected,R01,0
APP03555,REQ0079,SRC06,2024-12-05,20241205,S1,1,Rejected,R08,0
APP03556,REQ0079,SRC07,2024-11-24,20241124,S1,1,Rejected,R08,0
APP03557,REQ0079,SRC05,2025-01-28,20250128,S1,1,Rejected,R01,0
APP03558,REQ0079,SRC07,2024-12-09,20241209,S1,1,Withdrew,R05,0
APP03559,REQ0079,SRC06,2025-01-21,20250121,S4,4,Withdrew,R04,0
APP03560,REQ0079,SRC06,2024-11-26,20241126,S1,1,Rejected,R08,0
APP03561,REQ0079,SRC06,2025-02-14,20250214,S2,2,Withdrew,R05,0
APP03562,REQ0079,SRC01,2025-01-30,20250130,S7,7,Rejected,R07,0
APP03563,REQ0079,SRC06,2025-01-02,20250102,S1,1,Rejected,R01,0
APP03564,REQ0079,SRC01,2024-11-27,20241127,S1,1,Withdrew,R05,0
APP03565,REQ0079,SRC05,2025-02-20,20250220,S2,2,Rejected,R08,0
APP03566,REQ0079,SRC03,2024-12-30,20241230,S1,1,Rejected,R08,0
APP03567,REQ0079,SRC01,2025-02-15,20250215,S1,1,Rejected,R01,0
APP03568,REQ0079,SRC06,2024-12-25,20241225,S2,2,Withdrew,R05,0
APP03569,REQ0079,SRC01,2024-12-21,20241221,S2,2,Rejected,R03,0
APP03570,REQ0079,SRC08,2025-01-10,20250110,S3,3,Withdrew,R04,0
APP03571,REQ0079,SRC06,2025-02-03,20250203,S1,1,Rejected,R01,0
APP03572,REQ0079,SRC03,2024-11-21,20241121,S3,3,Rejected,R02,0
APP03573,REQ0079,SRC08,2024-11-22,20241122,S1,1,Rejected,R08,0
APP03574,REQ0079,SRC01,2024-11-19,20241119,S1,1,Rejected,R01,0
APP03575,REQ0079,SRC01,2024-12-26,20241226,S1,1,Rejected,R01,0
APP03576,REQ0079,SRC03,2025-02-09,20250209,S2,2,Rejected,R08,0
APP03577,REQ0079,SRC08,2024-12-25,20241225,S5,5,Rejected,R02,0
APP03578,REQ0079,SRC03,2025-01-18,20250118,S1,1,Rejected,R01,0
APP03579,REQ0079,SRC01,2025-01-26,20250126,S1,1,Rejected,R01,0
APP03580,REQ0079,SRC04,2024-12-24,20241224,S1,1,Rejected,R08,0
APP03581,REQ0079,SRC01,2024-12-12,20241212,S1,1,Withdrew,R05,0
APP03582,REQ0079,SRC01,2025-01-14,20250114,S1,1,Rejected,R01,0
APP03583,REQ0079,SRC02,2025-01-13,20250113,S1,1,Rejected,R01,0
APP03584,REQ0079,SRC06,2025-01-31,20250131,S1,1,Rejected,R08,0
APP03585,REQ0079,SRC07,2025-01-03,20250103,S2,2,Withdrew,R05,0
APP03586,REQ0079,SRC01,2024-12-29,20241229,S1,1,Rejected,R01,0
APP03587,REQ0079,SRC03,2025-01-22,20250122,S1,1,Rejected,R01,0
APP03588,REQ0079,SRC07,2024-11-22,20241122,S1,1,Rejected,R08,0
APP03589,REQ0079,SRC04,2024-12-26,20241226,S1,1,Withdrew,R05,0
APP03590,REQ0079,SRC06,2024-12-08,20241208,S8,8,Hired,R99,1
APP03591,REQ0079,SRC01,2024-12-12,20241212,S1,1,Rejected,R01,0
APP03592,REQ0079,SRC06,2025-02-02,20250202,S1,1,Withdrew,R05,0
APP03593,REQ0079,SRC04,2025-02-04,20250204,S1,1,Rejected,R01,0
APP03594,REQ0079,SRC02,2025-01-27,20250127,S2,2,Rejected,R03,0
APP03595,REQ0079,SRC07,2024-12-26,20241226,S1,1,Rejected,R01,0
APP03596,REQ0079,SRC01,2024-12-26,20241226,S2,2,Withdrew,R05,0
APP03597,REQ0079,SRC05,2024-11-20,20241120,S1,1,Rejected,R01,0
APP03598,REQ0079,SRC03,2024-11-28,20241128,S6,6,Withdrew,R04,0
APP03599,REQ0079,SRC08,2025-01-25,20250125,S3,3,Rejected,R01,0
APP03600,REQ0079,SRC06,2025-01-30,20250130,S1,1,Rejected,R01,0
APP03601,REQ0080,SRC02,2026-04-23,20260423,S3,3,Withdrew,R04,0
APP03602,REQ0080,SRC04,2026-06-04,20260604,S2,2,Rejected,R03,0
APP03603,REQ0080,SRC01,2026-06-11,20260611,S1,1,Rejected,R01,0
APP03604,REQ0080,SRC06,2026-05-09,20260509,S1,1,Rejected,R01,0
APP03605,REQ0080,SRC01,2026-04-16,20260416,S1,1,Rejected,R01,0
APP03606,REQ0080,SRC06,2026-05-06,20260506,S1,1,Rejected,R01,0
APP03607,REQ0080,SRC05,2026-06-12,20260612,S1,1,Rejected,R01,0
APP03608,REQ0080,SRC01,2026-05-12,20260512,S3,3,Rejected,R02,0
APP03609,REQ0080,SRC01,2026-06-26,20260626,S1,1,Rejected,R01,0
APP03610,REQ0080,SRC04,2026-05-27,20260527,S2,2,Rejected,R08,0
APP03611,REQ0080,SRC07,2026-06-02,20260602,S1,1,Rejected,R01,0
APP03612,REQ0080,SRC01,2026-06-15,20260615,S1,1,Withdrew,R05,0
APP03613,REQ0080,SRC01,2026-06-25,20260625,S3,3,In Process,R99,0
APP03614,REQ0080,SRC03,2026-05-12,20260512,S1,1,Rejected,R08,0
APP03615,REQ0080,SRC02,2026-05-19,20260519,S1,1,Rejected,R08,0
APP03616,REQ0080,SRC08,2026-06-14,20260614,S1,1,Rejected,R01,0
APP03617,REQ0080,SRC08,2026-06-10,20260610,S5,5,In Process,R99,0
APP03618,REQ0080,SRC04,2026-06-08,20260608,S3,3,Withdrew,R04,0
APP03619,REQ0080,SRC02,2026-05-09,20260509,S3,3,Rejected,R01,0
APP03620,REQ0080,SRC06,2026-04-23,20260423,S2,2,Rejected,R03,0
APP03621,REQ0080,SRC02,2026-05-14,20260514,S1,1,Rejected,R01,0
APP03622,REQ0080,SRC02,2026-05-27,20260527,S2,2,Rejected,R01,0
APP03623,REQ0080,SRC08,2026-05-03,20260503,S1,1,Rejected,R01,0
APP03624,REQ0080,SRC01,2026-05-02,20260502,S1,1,Rejected,R01,0
APP03625,REQ0080,SRC04,2026-06-12,20260612,S1,1,Rejected,R01,0
APP03626,REQ0080,SRC01,2026-05-02,20260502,S2,2,Withdrew,R04,0
APP03627,REQ0080,SRC02,2026-06-25,20260625,S3,3,In Process,R99,0
APP03628,REQ0080,SRC04,2026-06-12,20260612,S3,3,Withdrew,R04,0
APP03629,REQ0080,SRC01,2026-05-29,20260529,S3,3,Rejected,R02,0
APP03630,REQ0080,SRC06,2026-06-04,20260604,S2,2,Rejected,R03,0
APP03631,REQ0080,SRC03,2026-04-22,20260422,S1,1,Rejected,R01,0
APP03632,REQ0080,SRC04,2026-05-03,20260503,S1,1,Rejected,R01,0
APP03633,REQ0080,SRC01,2026-05-29,20260529,S1,1,Rejected,R01,0
APP03634,REQ0080,SRC02,2026-05-22,20260522,S2,2,Rejected,R08,0
APP03635,REQ0080,SRC04,2026-06-21,20260621,S3,3,In Process,R99,0
APP03636,REQ0080,SRC01,2026-05-31,20260531,S1,1,Rejected,R01,0
APP03637,REQ0080,SRC06,2026-04-15,20260415,S1,1,Rejected,R01,0
APP03638,REQ0080,SRC01,2026-06-14,20260614,S2,2,Withdrew,R05,0
APP03639,REQ0080,SRC02,2026-06-12,20260612,S1,1,Rejected,R01,0
APP03640,REQ0080,SRC01,2026-05-12,20260512,S4,4,Rejected,R02,0
APP03641,REQ0080,SRC07,2026-04-27,20260427,S2,2,Withdrew,R05,0
APP03642,REQ0080,SRC08,2026-06-16,20260616,S2,2,Withdrew,R05,0
APP03643,REQ0080,SRC01,2026-05-16,20260516,S2,2,Rejected,R08,0
APP03644,REQ0080,SRC08,2026-05-29,20260529,S1,1,Rejected,R01,0
APP03645,REQ0080,SRC03,2026-05-02,20260502,S1,1,Rejected,R01,0
APP03646,REQ0080,SRC07,2026-05-16,20260516,S3,3,Rejected,R02,0
APP03647,REQ0080,SRC08,2026-05-29,20260529,S2,2,Withdrew,R04,0
APP03648,REQ0080,SRC02,2026-05-18,20260518,S1,1,Rejected,R01,0
APP03649,REQ0080,SRC03,2026-05-29,20260529,S1,1,Rejected,R01,0
APP03650,REQ0080,SRC08,2026-06-10,20260610,S1,1,Rejected,R01,0
APP03651,REQ0080,SRC06,2026-06-12,20260612,S1,1,Rejected,R01,0
APP03652,REQ0081,SRC07,2025-10-28,20251028,S1,1,Rejected,R01,0
APP03653,REQ0081,SRC07,2025-04-20,20250420,S1,1,Withdrew,R05,0
APP03654,REQ0081,SRC01,2025-12-19,20251219,S1,1,Rejected,R01,0
APP03655,REQ0081,SRC03,2025-06-05,20250605,S2,2,Withdrew,R04,0
APP03656,REQ0081,SRC06,2025-08-31,20250831,S1,1,Rejected,R01,0
APP03657,REQ0081,SRC01,2025-03-22,20250322,S1,1,Rejected,R01,0
APP03658,REQ0081,SRC01,2025-08-12,20250812,S1,1,Rejected,R01,0
APP03659,REQ0081,SRC01,2025-07-15,20250715,S1,1,Rejected,R01,0
APP03660,REQ0081,SRC03,2025-05-04,20250504,S1,1,Rejected,R01,0
APP03661,REQ0081,SRC03,2025-05-15,20250515,S1,1,Rejected,R01,0
APP03662,REQ0081,SRC02,2025-03-14,20250314,S1,1,Rejected,R01,0
APP03663,REQ0082,SRC01,2026-05-13,20260513,S3,3,Withdrew,R05,0
APP03664,REQ0082,SRC06,2026-03-05,20260305,S3,3,Withdrew,R04,0
APP03665,REQ0082,SRC01,2026-05-18,20260518,S3,3,Rejected,R01,0
APP03666,REQ0082,SRC02,2026-06-04,20260604,S2,2,Rejected,R08,0
APP03667,REQ0082,SRC05,2026-06-17,20260617,S1,1,Withdrew,R05,0
APP03668,REQ0082,SRC01,2026-03-29,20260329,S4,4,Rejected,R07,0
APP03669,REQ0082,SRC06,2026-02-17,20260217,S1,1,Rejected,R01,0
APP03670,REQ0082,SRC06,2026-05-27,20260527,S2,2,Withdrew,R05,0
APP03671,REQ0082,SRC01,2026-04-02,20260402,S2,2,Rejected,R01,0
APP03672,REQ0082,SRC06,2026-02-04,20260204,S1,1,Rejected,R08,0
APP03673,REQ0082,SRC08,2026-04-21,20260421,S3,3,Withdrew,R05,0
APP03674,REQ0082,SRC01,2026-03-22,20260322,S4,4,Rejected,R02,0
APP03675,REQ0082,SRC01,2026-02-08,20260208,S1,1,Withdrew,R05,0
APP03676,REQ0082,SRC01,2026-03-20,20260320,S1,1,Rejected,R01,0
APP03677,REQ0082,SRC07,2026-06-13,20260613,S1,1,Rejected,R08,0
APP03678,REQ0082,SRC02,2026-04-30,20260430,S6,6,Withdrew,R04,0
APP03679,REQ0082,SRC06,2026-03-20,20260320,S5,5,Rejected,R07,0
APP03680,REQ0082,SRC03,2026-03-28,20260328,S1,1,Rejected,R01,0
APP03681,REQ0082,SRC08,2026-05-12,20260512,S1,1,Withdrew,R05,0
APP03682,REQ0082,SRC01,2026-03-02,20260302,S1,1,Rejected,R01,0
APP03683,REQ0082,SRC01,2026-05-29,20260529,S6,6,Rejected,R07,0
APP03684,REQ0082,SRC08,2026-03-08,20260308,S8,8,Hired,R99,1
APP03685,REQ0082,SRC06,2026-03-07,20260307,S1,1,Withdrew,R05,0
APP03686,REQ0082,SRC08,2026-05-07,20260507,S3,3,Withdrew,R05,0
APP03687,REQ0082,SRC01,2026-04-14,20260414,S3,3,Withdrew,R05,0
APP03688,REQ0082,SRC02,2026-06-11,20260611,S1,1,Rejected,R01,0
APP03689,REQ0082,SRC01,2026-04-16,20260416,S3,3,Rejected,R02,0
APP03690,REQ0082,SRC01,2026-04-07,20260407,S1,1,Rejected,R01,0
APP03691,REQ0082,SRC03,2026-02-10,20260210,S2,2,Withdrew,R04,0
APP03692,REQ0082,SRC02,2026-05-13,20260513,S1,1,Rejected,R08,0
APP03693,REQ0082,SRC07,2026-04-02,20260402,S1,1,Withdrew,R05,0
APP03694,REQ0082,SRC04,2026-03-21,20260321,S2,2,Rejected,R08,0
APP03695,REQ0082,SRC03,2026-05-23,20260523,S3,3,Withdrew,R04,0
APP03696,REQ0082,SRC06,2026-03-25,20260325,S1,1,Withdrew,R05,0
APP03697,REQ0082,SRC01,2026-03-23,20260323,S2,2,Rejected,R01,0
APP03698,REQ0082,SRC02,2026-05-10,20260510,S3,3,Rejected,R01,0
APP03699,REQ0082,SRC02,2026-03-03,20260303,S1,1,Rejected,R01,0
APP03700,REQ0083,SRC03,2026-06-25,20260625,S1,1,Withdrew,R05,0
APP03701,REQ0083,SRC06,2026-06-19,20260619,S3,3,In Process,R99,0
APP03702,REQ0083,SRC02,2026-06-18,20260618,S1,1,Rejected,R01,0
APP03703,REQ0083,SRC02,2026-06-22,20260622,S1,1,Withdrew,R05,0
APP03704,REQ0083,SRC01,2026-06-16,20260616,S1,1,Rejected,R01,0
APP03705,REQ0083,SRC01,2026-06-27,20260627,S1,1,Rejected,R01,0
APP03706,REQ0083,SRC01,2026-06-27,20260627,S2,2,In Process,R99,0
APP03707,REQ0083,SRC01,2026-06-29,20260629,S1,1,Rejected,R01,0
APP03708,REQ0083,SRC01,2026-06-19,20260619,S1,1,Rejected,R01,0
APP03709,REQ0083,SRC01,2026-06-16,20260616,S1,1,Rejected,R01,0
APP03710,REQ0083,SRC02,2026-06-19,20260619,S1,1,Withdrew,R05,0
APP03711,REQ0083,SRC06,2026-06-29,20260629,S1,1,Rejected,R01,0
APP03712,REQ0083,SRC01,2026-06-15,20260615,S1,1,Rejected,R08,0
APP03713,REQ0083,SRC06,2026-06-29,20260629,S1,1,In Process,R99,0
APP03714,REQ0083,SRC07,2026-06-18,20260618,S2,2,Rejected,R08,0
APP03715,REQ0083,SRC06,2026-06-29,20260629,S1,1,In Process,R99,0
APP03716,REQ0083,SRC01,2026-06-25,20260625,S2,2,Rejected,R01,0
APP03717,REQ0083,SRC01,2026-06-16,20260616,S4,4,In Process,R99,0
APP03718,REQ0083,SRC06,2026-06-21,20260621,S1,1,Rejected,R08,0
APP03719,REQ0083,SRC08,2026-06-29,20260629,S2,2,In Process,R99,0
APP03720,REQ0083,SRC02,2026-06-16,20260616,S2,2,Rejected,R08,0
APP03721,REQ0083,SRC07,2026-06-17,20260617,S1,1,Rejected,R08,0
APP03722,REQ0083,SRC08,2026-06-21,20260621,S2,2,Withdrew,R04,0
APP03723,REQ0083,SRC06,2026-06-16,20260616,S1,1,Rejected,R01,0
APP03724,REQ0083,SRC08,2026-06-16,20260616,S2,2,Rejected,R01,0
APP03725,REQ0084,SRC01,2024-10-20,20241020,S1,1,Rejected,R01,0
APP03726,REQ0084,SRC05,2024-11-29,20241129,S1,1,Rejected,R01,0
APP03727,REQ0084,SRC02,2025-01-25,20250125,S3,3,Withdrew,R05,0
APP03728,REQ0084,SRC07,2024-12-19,20241219,S1,1,Withdrew,R05,0
APP03729,REQ0084,SRC02,2024-11-05,20241105,S2,2,Rejected,R01,0
APP03730,REQ0084,SRC08,2024-10-22,20241022,S1,1,Withdrew,R05,0
APP03731,REQ0084,SRC07,2024-11-14,20241114,S2,2,Rejected,R03,0
APP03732,REQ0084,SRC08,2024-12-24,20241224,S2,2,Rejected,R08,0
APP03733,REQ0084,SRC07,2025-01-20,20250120,S3,3,Rejected,R07,0
APP03734,REQ0084,SRC01,2025-01-07,20250107,S6,6,Rejected,R02,0
APP03735,REQ0084,SRC06,2024-10-18,20241018,S1,1,Withdrew,R05,0
APP03736,REQ0084,SRC07,2025-02-08,20250208,S1,1,Rejected,R08,0
APP03737,REQ0084,SRC05,2024-10-28,20241028,S5,5,Rejected,R03,0
APP03738,REQ0084,SRC07,2024-12-20,20241220,S1,1,Withdrew,R05,0
APP03739,REQ0084,SRC01,2024-10-20,20241020,S6,6,Rejected,R03,0
APP03740,REQ0084,SRC01,2024-11-21,20241121,S2,2,Rejected,R03,0
APP03741,REQ0084,SRC07,2024-12-23,20241223,S3,3,Rejected,R07,0
APP03742,REQ0084,SRC08,2024-10-14,20241014,S2,2,Rejected,R01,0
APP03743,REQ0084,SRC01,2024-11-26,20241126,S1,1,Rejected,R01,0
APP03744,REQ0084,SRC06,2025-01-31,20250131,S1,1,Withdrew,R05,0
APP03745,REQ0084,SRC02,2025-01-17,20250117,S1,1,Withdrew,R05,0
APP03746,REQ0084,SRC01,2024-10-28,20241028,S1,1,Rejected,R01,0
APP03747,REQ0084,SRC01,2024-11-23,20241123,S2,2,Withdrew,R04,0
APP03748,REQ0084,SRC02,2025-01-25,20250125,S1,1,Rejected,R01,0
APP03749,REQ0084,SRC06,2024-12-19,20241219,S8,8,Hired,R99,1
APP03750,REQ0084,SRC05,2025-01-13,20250113,S1,1,Withdrew,R05,0
APP03751,REQ0084,SRC08,2024-10-04,20241004,S1,1,Rejected,R01,0
APP03752,REQ0084,SRC01,2024-11-04,20241104,S2,2,Rejected,R01,0
APP03753,REQ0084,SRC08,2024-10-11,20241011,S1,1,Rejected,R01,0
APP03754,REQ0084,SRC06,2025-01-16,20250116,S1,1,Withdrew,R05,0
APP03755,REQ0084,SRC02,2025-02-08,20250208,S1,1,Rejected,R01,0
APP03756,REQ0084,SRC01,2024-12-19,20241219,S1,1,Rejected,R08,0
APP03757,REQ0084,SRC01,2025-01-27,20250127,S3,3,Withdrew,R04,0
APP03758,REQ0084,SRC05,2024-10-25,20241025,S1,1,Rejected,R01,0
APP03759,REQ0084,SRC01,2025-01-05,20250105,S1,1,Rejected,R01,0
APP03760,REQ0084,SRC02,2025-01-22,20250122,S1,1,Rejected,R01,0
APP03761,REQ0084,SRC04,2025-01-18,20250118,S1,1,Withdrew,R05,0
APP03762,REQ0084,SRC02,2024-12-19,20241219,S1,1,Rejected,R01,0
APP03763,REQ0084,SRC04,2024-10-22,20241022,S4,4,Withdrew,R04,0
APP03764,REQ0084,SRC06,2024-12-22,20241222,S4,4,Rejected,R02,0
APP03765,REQ0084,SRC02,2024-12-01,20241201,S1,1,Rejected,R01,0
APP03766,REQ0084,SRC01,2024-12-28,20241228,S2,2,Rejected,R08,0
APP03767,REQ0084,SRC07,2024-12-04,20241204,S1,1,Rejected,R08,0
APP03768,REQ0084,SRC06,2025-01-13,20250113,S1,1,Rejected,R01,0
APP03769,REQ0084,SRC02,2024-11-04,20241104,S1,1,Rejected,R01,0
APP03770,REQ0084,SRC08,2024-12-23,20241223,S1,1,Rejected,R08,0
APP03771,REQ0084,SRC05,2024-11-14,20241114,S1,1,Rejected,R01,0
APP03772,REQ0084,SRC02,2025-01-09,20250109,S2,2,Withdrew,R04,0
APP03773,REQ0084,SRC02,2024-10-06,20241006,S1,1,Rejected,R01,0
APP03774,REQ0084,SRC01,2024-10-26,20241026,S3,3,Rejected,R07,0
APP03775,REQ0084,SRC08,2024-12-01,20241201,S1,1,Withdrew,R05,0
APP03776,REQ0084,SRC06,2024-12-20,20241220,S1,1,Rejected,R08,0
APP03777,REQ0084,SRC03,2024-11-07,20241107,S5,5,Rejected,R07,0
APP03778,REQ0084,SRC01,2024-11-03,20241103,S1,1,Rejected,R01,0
APP03779,REQ0084,SRC03,2025-01-25,20250125,S3,3,Withdrew,R05,0
APP03780,REQ0085,SRC04,2024-03-07,20240307,S1,1,Rejected,R08,0
APP03781,REQ0085,SRC02,2024-02-28,20240228,S1,1,Withdrew,R05,0
APP03782,REQ0085,SRC06,2024-02-13,20240213,S3,3,Rejected,R01,0
APP03783,REQ0085,SRC06,2024-02-24,20240224,S4,4,Rejected,R02,0
APP03784,REQ0085,SRC01,2024-02-19,20240219,S4,4,Rejected,R07,0
APP03785,REQ0085,SRC05,2024-02-25,20240225,S2,2,Withdrew,R04,0
APP03786,REQ0085,SRC02,2024-03-06,20240306,S1,1,Rejected,R08,0
APP03787,REQ0085,SRC01,2024-02-25,20240225,S2,2,Withdrew,R04,0
APP03788,REQ0085,SRC02,2024-02-20,20240220,S1,1,Rejected,R01,0
APP03789,REQ0085,SRC03,2024-02-17,20240217,S3,3,Withdrew,R04,0
APP03790,REQ0085,SRC01,2024-03-01,20240301,S1,1,Rejected,R01,0
APP03791,REQ0085,SRC01,2024-02-13,20240213,S1,1,Rejected,R08,0
APP03792,REQ0085,SRC03,2024-03-04,20240304,S1,1,Rejected,R01,0
APP03793,REQ0085,SRC06,2024-02-25,20240225,S2,2,Rejected,R03,0
APP03794,REQ0085,SRC01,2024-03-04,20240304,S1,1,Withdrew,R05,0
APP03795,REQ0085,SRC03,2024-03-06,20240306,S1,1,Rejected,R01,0
APP03796,REQ0085,SRC01,2024-02-13,20240213,S4,4,Withdrew,R04,0
APP03797,REQ0085,SRC03,2024-02-14,20240214,S1,1,Withdrew,R05,0
APP03798,REQ0085,SRC06,2024-02-13,20240213,S1,1,Rejected,R01,0
APP03799,REQ0085,SRC03,2024-03-11,20240311,S3,3,Withdrew,R04,0
APP03800,REQ0085,SRC01,2024-02-26,20240226,S1,1,Rejected,R01,0
APP03801,REQ0085,SRC06,2024-03-02,20240302,S1,1,Rejected,R01,0
APP03802,REQ0085,SRC02,2024-03-01,20240301,S1,1,Rejected,R01,0
APP03803,REQ0085,SRC06,2024-02-19,20240219,S1,1,Rejected,R08,0
APP03804,REQ0085,SRC01,2024-02-19,20240219,S1,1,Rejected,R01,0
APP03805,REQ0085,SRC02,2024-03-07,20240307,S1,1,Rejected,R08,0
APP03806,REQ0085,SRC06,2024-03-01,20240301,S5,5,Rejected,R07,0
APP03807,REQ0085,SRC04,2024-02-21,20240221,S1,1,Rejected,R01,0
APP03808,REQ0085,SRC02,2024-03-02,20240302,S2,2,Rejected,R01,0
APP03809,REQ0085,SRC01,2024-02-18,20240218,S1,1,Rejected,R08,0
APP03810,REQ0085,SRC03,2024-02-27,20240227,S2,2,Withdrew,R05,0
APP03811,REQ0085,SRC02,2024-03-04,20240304,S1,1,Rejected,R01,0
APP03812,REQ0085,SRC06,2024-02-21,20240221,S3,3,Rejected,R01,0
APP03813,REQ0085,SRC08,2024-03-01,20240301,S2,2,Rejected,R08,0
APP03814,REQ0085,SRC01,2024-02-24,20240224,S4,4,Rejected,R07,0
APP03815,REQ0085,SRC01,2024-02-13,20240213,S3,3,Rejected,R07,0
APP03816,REQ0085,SRC03,2024-02-28,20240228,S2,2,Rejected,R08,0
APP03817,REQ0085,SRC08,2024-03-08,20240308,S1,1,Rejected,R08,0
APP03818,REQ0085,SRC06,2024-02-29,20240229,S3,3,Withdrew,R05,0
APP03819,REQ0085,SRC01,2024-03-09,20240309,S1,1,Rejected,R08,0
APP03820,REQ0085,SRC02,2024-02-23,20240223,S1,1,Rejected,R08,0
APP03821,REQ0085,SRC01,2024-03-12,20240312,S1,1,Rejected,R01,0
APP03822,REQ0085,SRC04,2024-03-04,20240304,S2,2,Rejected,R08,0
APP03823,REQ0085,SRC07,2024-02-15,20240215,S1,1,Rejected,R01,0
APP03824,REQ0085,SRC08,2024-02-14,20240214,S2,2,Withdrew,R05,0
APP03825,REQ0085,SRC03,2024-02-16,20240216,S1,1,Withdrew,R05,0
APP03826,REQ0085,SRC01,2024-02-21,20240221,S1,1,Rejected,R01,0
APP03827,REQ0085,SRC08,2024-02-15,20240215,S2,2,Withdrew,R05,0
APP03828,REQ0085,SRC02,2024-03-06,20240306,S8,8,Hired,R99,1
APP03829,REQ0085,SRC08,2024-02-16,20240216,S1,1,Rejected,R01,0
APP03830,REQ0085,SRC08,2024-02-18,20240218,S1,1,Rejected,R01,0
APP03831,REQ0085,SRC06,2024-03-07,20240307,S1,1,Rejected,R01,0
APP03832,REQ0085,SRC07,2024-02-20,20240220,S3,3,Rejected,R07,0
APP03833,REQ0085,SRC07,2024-03-04,20240304,S1,1,Rejected,R01,0
APP03834,REQ0085,SRC01,2024-03-07,20240307,S3,3,Rejected,R01,0
APP03835,REQ0085,SRC01,2024-02-22,20240222,S1,1,Withdrew,R05,0
APP03836,REQ0085,SRC07,2024-02-26,20240226,S1,1,Withdrew,R05,0
APP03837,REQ0085,SRC08,2024-03-03,20240303,S1,1,Rejected,R01,0
APP03838,REQ0085,SRC06,2024-02-22,20240222,S1,1,Rejected,R08,0
APP03839,REQ0085,SRC02,2024-03-02,20240302,S2,2,Withdrew,R05,0
APP03840,REQ0085,SRC07,2024-02-23,20240223,S3,3,Rejected,R02,0
APP03841,REQ0085,SRC01,2024-02-20,20240220,S4,4,Withdrew,R04,0
APP03842,REQ0085,SRC01,2024-02-20,20240220,S3,3,Withdrew,R05,0
APP03843,REQ0086,SRC04,2025-04-30,20250430,S2,2,Withdrew,R05,0
APP03844,REQ0086,SRC06,2024-11-17,20241117,S3,3,Rejected,R09,0
APP03845,REQ0086,SRC06,2025-07-07,20250707,S1,1,Rejected,R01,0
APP03846,REQ0086,SRC03,2024-12-10,20241210,S3,3,Rejected,R09,0
APP03847,REQ0086,SRC08,2025-02-06,20250206,S3,3,Rejected,R09,0
APP03848,REQ0086,SRC01,2025-01-30,20250130,S1,1,Rejected,R01,0
APP03849,REQ0086,SRC07,2025-07-19,20250719,S2,2,Withdrew,R05,0
APP03850,REQ0086,SRC07,2025-05-28,20250528,S1,1,Rejected,R01,0
APP03851,REQ0086,SRC02,2024-10-19,20241019,S1,1,Rejected,R01,0
APP03852,REQ0086,SRC02,2025-01-20,20250120,S1,1,Rejected,R01,0
APP03853,REQ0086,SRC06,2025-07-23,20250723,S1,1,Rejected,R01,0
APP03854,REQ0086,SRC06,2024-09-05,20240905,S1,1,Rejected,R01,0
APP03855,REQ0086,SRC01,2025-08-13,20250813,S1,1,Rejected,R01,0
APP03856,REQ0086,SRC02,2024-11-24,20241124,S3,3,Rejected,R09,0
APP03857,REQ0087,SRC02,2026-05-15,20260515,S3,3,Withdrew,R04,0
APP03858,REQ0087,SRC05,2026-04-26,20260426,S6,6,Rejected,R03,0
APP03859,REQ0087,SRC02,2026-05-04,20260504,S3,3,Rejected,R07,0
APP03860,REQ0087,SRC08,2026-04-28,20260428,S3,3,Rejected,R01,0
APP03861,REQ0087,SRC07,2026-04-26,20260426,S1,1,Rejected,R01,0
APP03862,REQ0087,SRC01,2026-05-14,20260514,S1,1,Rejected,R01,0
APP03863,REQ0087,SRC05,2026-04-18,20260418,S1,1,Rejected,R01,0
APP03864,REQ0087,SRC01,2026-04-22,20260422,S2,2,Rejected,R01,0
APP03865,REQ0087,SRC01,2026-04-21,20260421,S1,1,Rejected,R01,0
APP03866,REQ0087,SRC02,2026-05-11,20260511,S8,8,Hired,R99,1
APP03867,REQ0087,SRC05,2026-05-03,20260503,S1,1,Withdrew,R05,0
APP03868,REQ0087,SRC01,2026-05-07,20260507,S1,1,Rejected,R01,0
APP03869,REQ0087,SRC01,2026-05-14,20260514,S1,1,Rejected,R01,0
APP03870,REQ0087,SRC01,2026-04-28,20260428,S2,2,Withdrew,R05,0
APP03871,REQ0087,SRC02,2026-04-21,20260421,S1,1,Withdrew,R05,0
APP03872,REQ0087,SRC01,2026-04-29,20260429,S1,1,Rejected,R01,0
APP03873,REQ0087,SRC08,2026-04-20,20260420,S1,1,Rejected,R08,0
APP03874,REQ0087,SRC01,2026-05-11,20260511,S1,1,Rejected,R08,0
APP03875,REQ0087,SRC01,2026-04-27,20260427,S1,1,Rejected,R01,0
APP03876,REQ0087,SRC01,2026-05-03,20260503,S3,3,Rejected,R01,0
APP03877,REQ0087,SRC04,2026-04-26,20260426,S2,2,Withdrew,R04,0
APP03878,REQ0087,SRC08,2026-05-06,20260506,S3,3,Rejected,R01,0
APP03879,REQ0087,SRC03,2026-05-12,20260512,S1,1,Rejected,R01,0
APP03880,REQ0087,SRC02,2026-04-29,20260429,S1,1,Rejected,R01,0
APP03881,REQ0087,SRC08,2026-05-02,20260502,S2,2,Rejected,R03,0
APP03882,REQ0087,SRC03,2026-05-12,20260512,S1,1,Withdrew,R05,0
APP03883,REQ0087,SRC02,2026-05-07,20260507,S1,1,Rejected,R01,0
APP03884,REQ0087,SRC04,2026-04-21,20260421,S1,1,Rejected,R01,0
APP03885,REQ0087,SRC06,2026-05-03,20260503,S1,1,Rejected,R01,0
APP03886,REQ0087,SRC07,2026-05-13,20260513,S2,2,Withdrew,R05,0
APP03887,REQ0087,SRC01,2026-05-05,20260505,S3,3,Rejected,R02,0
APP03888,REQ0087,SRC06,2026-05-04,20260504,S1,1,Rejected,R08,0
APP03889,REQ0087,SRC08,2026-05-14,20260514,S3,3,Withdrew,R04,0
APP03890,REQ0087,SRC02,2026-05-07,20260507,S5,5,Rejected,R07,0
APP03891,REQ0087,SRC01,2026-05-10,20260510,S1,1,Rejected,R01,0
APP03892,REQ0087,SRC03,2026-05-01,20260501,S1,1,Rejected,R01,0
APP03893,REQ0087,SRC01,2026-05-11,20260511,S1,1,Withdrew,R05,0
APP03894,REQ0087,SRC03,2026-04-21,20260421,S1,1,Rejected,R01,0
APP03895,REQ0087,SRC02,2026-05-05,20260505,S2,2,Rejected,R08,0
APP03896,REQ0087,SRC03,2026-05-05,20260505,S3,3,Withdrew,R04,0
APP03897,REQ0087,SRC01,2026-04-19,20260419,S1,1,Rejected,R01,0
APP03898,REQ0087,SRC03,2026-05-03,20260503,S1,1,Rejected,R01,0
APP03899,REQ0087,SRC02,2026-05-01,20260501,S1,1,Rejected,R01,0
APP03900,REQ0087,SRC01,2026-05-11,20260511,S6,6,Rejected,R02,0
APP03901,REQ0087,SRC03,2026-04-21,20260421,S2,2,Withdrew,R04,0
APP03902,REQ0087,SRC06,2026-05-10,20260510,S1,1,Withdrew,R05,0
APP03903,REQ0087,SRC02,2026-05-13,20260513,S5,5,Withdrew,R04,0
APP03904,REQ0087,SRC02,2026-05-14,20260514,S1,1,Rejected,R01,0
APP03905,REQ0087,SRC06,2026-04-19,20260419,S4,4,Withdrew,R04,0
APP03906,REQ0087,SRC06,2026-04-24,20260424,S4,4,Rejected,R07,0
APP03907,REQ0087,SRC02,2026-05-12,20260512,S1,1,Rejected,R01,0
APP03908,REQ0087,SRC01,2026-05-14,20260514,S1,1,Rejected,R01,0
APP03909,REQ0087,SRC01,2026-04-23,20260423,S1,1,Rejected,R01,0
APP03910,REQ0087,SRC06,2026-05-10,20260510,S1,1,Withdrew,R05,0
APP03911,REQ0087,SRC01,2026-04-21,20260421,S1,1,Rejected,R01,0
APP03912,REQ0087,SRC02,2026-05-07,20260507,S1,1,Rejected,R08,0
APP03913,REQ0087,SRC08,2026-04-30,20260430,S2,2,Withdrew,R05,0
APP03914,REQ0087,SRC06,2026-05-02,20260502,S1,1,Rejected,R01,0
APP03915,REQ0087,SRC05,2026-04-19,20260419,S1,1,Withdrew,R05,0
APP03916,REQ0087,SRC05,2026-05-01,20260501,S2,2,Withdrew,R04,0
APP03917,REQ0087,SRC03,2026-04-27,20260427,S1,1,Rejected,R08,0
APP03918,REQ0087,SRC01,2026-04-18,20260418,S1,1,Withdrew,R05,0
APP03919,REQ0087,SRC07,2026-05-08,20260508,S1,1,Rejected,R01,0
APP03920,REQ0087,SRC02,2026-05-13,20260513,S1,1,Rejected,R01,0
APP03921,REQ0087,SRC02,2026-04-23,20260423,S2,2,Rejected,R08,0
APP03922,REQ0087,SRC06,2026-04-26,20260426,S1,1,Rejected,R08,0
APP03923,REQ0087,SRC02,2026-05-13,20260513,S3,3,Rejected,R07,0
APP03924,REQ0087,SRC01,2026-05-11,20260511,S1,1,Rejected,R08,0
APP03925,REQ0087,SRC02,2026-04-30,20260430,S5,5,Rejected,R07,0
APP03926,REQ0088,SRC01,2024-08-28,20240828,S1,1,Rejected,R01,0
APP03927,REQ0088,SRC06,2024-08-22,20240822,S2,2,Rejected,R08,0
APP03928,REQ0088,SRC04,2024-08-26,20240826,S2,2,Withdrew,R04,0
APP03929,REQ0088,SRC08,2024-08-19,20240819,S1,1,Rejected,R08,0
APP03930,REQ0088,SRC01,2024-08-17,20240817,S1,1,Withdrew,R05,0
APP03931,REQ0088,SRC01,2024-08-19,20240819,S1,1,Rejected,R01,0
APP03932,REQ0088,SRC01,2024-08-15,20240815,S3,3,Rejected,R01,0
APP03933,REQ0088,SRC01,2024-08-20,20240820,S2,2,Rejected,R01,0
APP03934,REQ0088,SRC01,2024-08-14,20240814,S1,1,Rejected,R01,0
APP03935,REQ0088,SRC01,2024-08-15,20240815,S1,1,Rejected,R01,0
APP03936,REQ0088,SRC06,2024-08-18,20240818,S1,1,Rejected,R01,0
APP03937,REQ0088,SRC02,2024-08-21,20240821,S1,1,Rejected,R01,0
APP03938,REQ0088,SRC07,2024-08-19,20240819,S5,5,Withdrew,R04,0
APP03939,REQ0088,SRC01,2024-08-28,20240828,S1,1,Rejected,R01,0
APP03940,REQ0088,SRC08,2024-08-15,20240815,S1,1,Rejected,R01,0
APP03941,REQ0088,SRC02,2024-08-14,20240814,S2,2,Rejected,R03,0
APP03942,REQ0088,SRC08,2024-08-28,20240828,S1,1,Rejected,R08,0
APP03943,REQ0088,SRC06,2024-08-23,20240823,S2,2,Withdrew,R04,0
APP03944,REQ0088,SRC08,2024-08-24,20240824,S1,1,Rejected,R01,0
APP03945,REQ0088,SRC02,2024-08-14,20240814,S2,2,Rejected,R08,0
APP03946,REQ0088,SRC08,2024-08-15,20240815,S1,1,Rejected,R01,0
APP03947,REQ0088,SRC08,2024-08-22,20240822,S1,1,Withdrew,R05,0
APP03948,REQ0088,SRC04,2024-08-21,20240821,S1,1,Withdrew,R05,0
APP03949,REQ0088,SRC03,2024-08-30,20240830,S5,5,Rejected,R07,0
APP03950,REQ0088,SRC05,2024-08-22,20240822,S3,3,Rejected,R07,0
APP03951,REQ0088,SRC02,2024-08-31,20240831,S1,1,Rejected,R01,0
APP03952,REQ0088,SRC01,2024-08-26,20240826,S1,1,Rejected,R01,0
APP03953,REQ0088,SRC06,2024-08-22,20240822,S7,7,Withdrew,R04,0
APP03954,REQ0088,SRC01,2024-08-23,20240823,S1,1,Rejected,R08,0
APP03955,REQ0088,SRC02,2024-08-31,20240831,S1,1,Withdrew,R05,0
APP03956,REQ0088,SRC01,2024-08-27,20240827,S1,1,Rejected,R01,0
APP03957,REQ0088,SRC07,2024-08-25,20240825,S6,6,Rejected,R02,0
APP03958,REQ0088,SRC01,2024-08-29,20240829,S5,5,Rejected,R03,0
APP03959,REQ0088,SRC02,2024-08-24,20240824,S1,1,Withdrew,R05,0
APP03960,REQ0088,SRC08,2024-08-30,20240830,S1,1,Rejected,R08,0
APP03961,REQ0088,SRC07,2024-08-24,20240824,S1,1,Rejected,R01,0
APP03962,REQ0088,SRC02,2024-08-26,20240826,S1,1,Rejected,R01,0
APP03963,REQ0088,SRC02,2024-09-01,20240901,S1,1,Rejected,R01,0
APP03964,REQ0088,SRC01,2024-08-25,20240825,S3,3,Rejected,R02,0
APP03965,REQ0088,SRC07,2024-08-23,20240823,S2,2,Withdrew,R04,0
APP03966,REQ0088,SRC03,2024-08-15,20240815,S1,1,Rejected,R08,0
APP03967,REQ0088,SRC06,2024-08-21,20240821,S1,1,Rejected,R01,0
APP03968,REQ0088,SRC05,2024-08-15,20240815,S1,1,Rejected,R08,0
APP03969,REQ0088,SRC06,2024-08-30,20240830,S1,1,Rejected,R01,0
APP03970,REQ0088,SRC03,2024-08-20,20240820,S1,1,Rejected,R01,0
APP03971,REQ0088,SRC01,2024-08-24,20240824,S1,1,Withdrew,R05,0
APP03972,REQ0088,SRC01,2024-08-21,20240821,S1,1,Rejected,R08,0
APP03973,REQ0088,SRC06,2024-08-19,20240819,S1,1,Withdrew,R05,0
APP03974,REQ0088,SRC02,2024-08-26,20240826,S1,1,Withdrew,R05,0
APP03975,REQ0089,SRC06,2025-08-20,20250820,S3,3,Rejected,R07,0
APP03976,REQ0089,SRC07,2025-08-09,20250809,S1,1,Rejected,R08,0
APP03977,REQ0089,SRC04,2025-08-01,20250801,S1,1,Rejected,R08,0
APP03978,REQ0089,SRC01,2025-08-20,20250820,S2,2,Rejected,R03,0
APP03979,REQ0089,SRC02,2025-07-20,20250720,S1,1,Rejected,R08,0
APP03980,REQ0089,SRC07,2025-07-28,20250728,S2,2,Rejected,R08,0
APP03981,REQ0089,SRC01,2025-06-26,20250626,S1,1,Rejected,R08,0
APP03982,REQ0089,SRC06,2025-08-03,20250803,S1,1,Withdrew,R05,0
APP03983,REQ0089,SRC01,2025-07-05,20250705,S1,1,Withdrew,R05,0
APP03984,REQ0089,SRC01,2025-06-07,20250607,S4,4,Rejected,R02,0
APP03985,REQ0089,SRC01,2025-06-19,20250619,S5,5,Rejected,R02,0
APP03986,REQ0089,SRC01,2025-07-18,20250718,S3,3,Rejected,R07,0
APP03987,REQ0089,SRC03,2025-07-25,20250725,S5,5,Rejected,R07,0
APP03988,REQ0089,SRC04,2025-06-14,20250614,S2,2,Withdrew,R04,0
APP03989,REQ0089,SRC07,2025-05-31,20250531,S3,3,Rejected,R07,0
APP03990,REQ0089,SRC01,2025-06-06,20250606,S1,1,Rejected,R01,0
APP03991,REQ0089,SRC04,2025-08-06,20250806,S2,2,Rejected,R03,0
APP03992,REQ0089,SRC06,2025-08-17,20250817,S2,2,Withdrew,R04,0
APP03993,REQ0089,SRC08,2025-06-30,20250630,S2,2,Withdrew,R05,0
APP03994,REQ0089,SRC06,2025-08-14,20250814,S1,1,Rejected,R08,0
APP03995,REQ0089,SRC05,2025-08-20,20250820,S1,1,Rejected,R01,0
APP03996,REQ0089,SRC01,2025-06-24,20250624,S2,2,Rejected,R01,0
APP03997,REQ0089,SRC05,2025-08-02,20250802,S1,1,Withdrew,R05,0
APP03998,REQ0089,SRC08,2025-07-29,20250729,S1,1,Withdrew,R05,0
APP03999,REQ0089,SRC06,2025-08-06,20250806,S1,1,Withdrew,R05,0
APP04000,REQ0090,SRC04,2025-01-24,20250124,S1,1,Rejected,R01,0
APP04001,REQ0090,SRC05,2025-01-20,20250120,S1,1,Rejected,R08,0
APP04002,REQ0090,SRC06,2025-01-26,20250126,S1,1,Rejected,R01,0
APP04003,REQ0090,SRC06,2025-01-25,20250125,S1,1,Rejected,R01,0
APP04004,REQ0090,SRC07,2025-01-28,20250128,S1,1,Rejected,R01,0
APP04005,REQ0090,SRC06,2025-01-25,20250125,S8,8,Hired,R99,1
APP04006,REQ0090,SRC01,2025-01-18,20250118,S1,1,Withdrew,R05,0
APP04007,REQ0090,SRC01,2025-01-22,20250122,S2,2,Rejected,R01,0
APP04008,REQ0090,SRC08,2025-01-27,20250127,S3,3,Rejected,R07,0
APP04009,REQ0090,SRC06,2025-01-21,20250121,S2,2,Withdrew,R04,0
APP04010,REQ0090,SRC01,2025-01-18,20250118,S1,1,Withdrew,R05,0
APP04011,REQ0090,SRC08,2025-01-20,20250120,S1,1,Rejected,R01,0
APP04012,REQ0090,SRC08,2025-01-20,20250120,S1,1,Rejected,R01,0
APP04013,REQ0090,SRC08,2025-01-28,20250128,S3,3,Rejected,R01,0
APP04014,REQ0090,SRC01,2025-01-18,20250118,S3,3,Rejected,R01,0
APP04015,REQ0090,SRC06,2025-01-19,20250119,S8,8,Hired,R99,1
APP04016,REQ0090,SRC04,2025-01-20,20250120,S1,1,Rejected,R01,0
APP04017,REQ0090,SRC07,2025-01-28,20250128,S2,2,Rejected,R03,0
APP04018,REQ0090,SRC08,2025-01-22,20250122,S2,2,Withdrew,R04,0
APP04019,REQ0090,SRC01,2025-01-22,20250122,S8,8,Hired,R99,1
APP04020,REQ0090,SRC01,2025-01-28,20250128,S3,3,Rejected,R07,0
APP04021,REQ0090,SRC07,2025-01-26,20250126,S2,2,Rejected,R08,0
APP04022,REQ0090,SRC05,2025-01-20,20250120,S2,2,Rejected,R03,0
APP04023,REQ0090,SRC01,2025-01-28,20250128,S1,1,Withdrew,R05,0
APP04024,REQ0090,SRC01,2025-01-19,20250119,S1,1,Rejected,R01,0
APP04025,REQ0090,SRC02,2025-01-28,20250128,S1,1,Rejected,R08,0
APP04026,REQ0090,SRC08,2025-01-22,20250122,S1,1,Rejected,R01,0
APP04027,REQ0090,SRC02,2025-01-20,20250120,S1,1,Rejected,R08,0
APP04028,REQ0090,SRC01,2025-01-19,20250119,S1,1,Rejected,R01,0
APP04029,REQ0090,SRC02,2025-01-23,20250123,S1,1,Withdrew,R05,0
APP04030,REQ0090,SRC06,2025-01-21,20250121,S1,1,Rejected,R08,0
APP04031,REQ0090,SRC02,2025-01-23,20250123,S1,1,Rejected,R01,0
APP04032,REQ0090,SRC06,2025-01-28,20250128,S6,6,Rejected,R07,0
APP04033,REQ0090,SRC08,2025-01-23,20250123,S1,1,Rejected,R08,0
APP04034,REQ0090,SRC01,2025-01-21,20250121,S2,2,Rejected,R03,0
APP04035,REQ0090,SRC08,2025-01-18,20250118,S8,8,Hired,R99,1
APP04036,REQ0090,SRC04,2025-01-27,20250127,S1,1,Withdrew,R05,0
APP04037,REQ0090,SRC06,2025-01-27,20250127,S1,1,Rejected,R08,0
APP04038,REQ0090,SRC07,2025-01-20,20250120,S1,1,Withdrew,R05,0
APP04039,REQ0090,SRC03,2025-01-21,20250121,S1,1,Rejected,R01,0
APP04040,REQ0090,SRC02,2025-01-23,20250123,S2,2,Rejected,R01,0
APP04041,REQ0090,SRC01,2025-01-19,20250119,S5,5,Rejected,R07,0
APP04042,REQ0090,SRC06,2025-01-20,20250120,S5,5,Rejected,R02,0
APP04043,REQ0090,SRC01,2025-01-26,20250126,S1,1,Rejected,R08,0
APP04044,REQ0090,SRC07,2025-01-20,20250120,S1,1,Rejected,R01,0
APP04045,REQ0090,SRC01,2025-01-23,20250123,S3,3,Rejected,R07,0
APP04046,REQ0090,SRC02,2025-01-20,20250120,S1,1,Rejected,R08,0
APP04047,REQ0090,SRC07,2025-01-26,20250126,S3,3,Rejected,R02,0
APP04048,REQ0090,SRC08,2025-01-26,20250126,S1,1,Rejected,R01,0
APP04049,REQ0090,SRC03,2025-01-21,20250121,S1,1,Rejected,R08,0
APP04050,REQ0090,SRC08,2025-01-18,20250118,S1,1,Withdrew,R05,0
APP04051,REQ0090,SRC04,2025-01-26,20250126,S3,3,Withdrew,R04,0
APP04052,REQ0090,SRC06,2025-01-27,20250127,S3,3,Rejected,R01,0
APP04053,REQ0090,SRC07,2025-01-25,20250125,S8,8,Hired,R99,1
APP04054,REQ0090,SRC06,2025-01-25,20250125,S1,1,Rejected,R01,0
APP04055,REQ0090,SRC01,2025-01-23,20250123,S5,5,Withdrew,R04,0
APP04056,REQ0090,SRC04,2025-01-24,20250124,S1,1,Rejected,R01,0
APP04057,REQ0090,SRC08,2025-01-23,20250123,S2,2,Rejected,R08,0
APP04058,REQ0090,SRC01,2025-01-26,20250126,S3,3,Withdrew,R04,0
APP04059,REQ0090,SRC03,2025-01-28,20250128,S3,3,Rejected,R02,0
APP04060,REQ0090,SRC07,2025-01-18,20250118,S1,1,Rejected,R01,0
APP04061,REQ0090,SRC07,2025-01-18,20250118,S1,1,Rejected,R08,0
APP04062,REQ0090,SRC06,2025-01-19,20250119,S1,1,Withdrew,R05,0
APP04063,REQ0090,SRC06,2025-01-22,20250122,S1,1,Rejected,R01,0
APP04064,REQ0090,SRC04,2025-01-20,20250120,S1,1,Withdrew,R05,0
APP04065,REQ0090,SRC02,2025-01-24,20250124,S1,1,Rejected,R01,0
APP04066,REQ0090,SRC06,2025-01-27,20250127,S1,1,Rejected,R08,0
APP04067,REQ0090,SRC01,2025-01-22,20250122,S1,1,Rejected,R08,0
APP04068,REQ0090,SRC06,2025-01-22,20250122,S1,1,Rejected,R01,0
APP04069,REQ0090,SRC06,2025-01-22,20250122,S5,5,Rejected,R03,0
APP04070,REQ0091,SRC07,2026-05-29,20260529,S1,1,Rejected,R08,0
APP04071,REQ0091,SRC05,2026-06-03,20260603,S1,1,Rejected,R01,0
APP04072,REQ0091,SRC05,2026-06-08,20260608,S2,2,Rejected,R01,0
APP04073,REQ0091,SRC02,2026-06-03,20260603,S1,1,Rejected,R01,0
APP04074,REQ0091,SRC08,2026-05-29,20260529,S3,3,Rejected,R07,0
APP04075,REQ0091,SRC01,2026-05-31,20260531,S2,2,Rejected,R01,0
APP04076,REQ0091,SRC07,2026-06-03,20260603,S1,1,Rejected,R08,0
APP04077,REQ0091,SRC01,2026-06-11,20260611,S1,1,Withdrew,R05,0
APP04078,REQ0091,SRC03,2026-06-10,20260610,S1,1,Withdrew,R05,0
APP04079,REQ0091,SRC05,2026-05-31,20260531,S1,1,Rejected,R01,0
APP04080,REQ0091,SRC01,2026-06-10,20260610,S3,3,Rejected,R01,0
APP04081,REQ0091,SRC02,2026-06-06,20260606,S2,2,Rejected,R01,0
APP04082,REQ0091,SRC02,2026-06-10,20260610,S1,1,Rejected,R01,0
APP04083,REQ0091,SRC08,2026-06-08,20260608,S1,1,Rejected,R01,0
APP04084,REQ0091,SRC08,2026-06-12,20260612,S1,1,Withdrew,R05,0
APP04085,REQ0091,SRC06,2026-06-09,20260609,S1,1,Withdrew,R05,0
APP04086,REQ0091,SRC02,2026-06-12,20260612,S2,2,Withdrew,R05,0
APP04087,REQ0091,SRC08,2026-05-28,20260528,S3,3,Rejected,R07,0
APP04088,REQ0091,SRC04,2026-06-07,20260607,S1,1,Rejected,R01,0
APP04089,REQ0091,SRC07,2026-06-03,20260603,S1,1,Rejected,R08,0
APP04090,REQ0091,SRC06,2026-06-07,20260607,S1,1,Rejected,R01,0
APP04091,REQ0091,SRC03,2026-06-12,20260612,S2,2,Rejected,R03,0
APP04092,REQ0091,SRC06,2026-06-05,20260605,S5,5,Rejected,R02,0
APP04093,REQ0091,SRC02,2026-05-28,20260528,S1,1,Withdrew,R05,0
APP04094,REQ0091,SRC05,2026-06-08,20260608,S3,3,Withdrew,R04,0
APP04095,REQ0091,SRC02,2026-06-03,20260603,S1,1,Rejected,R08,0
APP04096,REQ0091,SRC03,2026-06-05,20260605,S1,1,Withdrew,R05,0
APP04097,REQ0091,SRC07,2026-06-04,20260604,S2,2,Withdrew,R04,0
APP04098,REQ0091,SRC01,2026-06-04,20260604,S4,4,Withdrew,R04,0
APP04099,REQ0091,SRC04,2026-06-03,20260603,S1,1,Rejected,R01,0
APP04100,REQ0092,SRC01,2025-09-09,20250909,S1,1,Rejected,R01,0
APP04101,REQ0092,SRC06,2025-09-16,20250916,S3,3,Withdrew,R04,0
APP04102,REQ0092,SRC05,2025-09-10,20250910,S2,2,Withdrew,R05,0
APP04103,REQ0092,SRC06,2025-09-13,20250913,S1,1,Rejected,R01,0
APP04104,REQ0092,SRC06,2025-09-06,20250906,S1,1,Rejected,R01,0
APP04105,REQ0092,SRC01,2025-09-04,20250904,S1,1,Rejected,R01,0
APP04106,REQ0092,SRC04,2025-09-13,20250913,S1,1,Rejected,R01,0
APP04107,REQ0092,SRC06,2025-09-09,20250909,S1,1,Rejected,R01,0
APP04108,REQ0092,SRC06,2025-09-05,20250905,S1,1,Rejected,R08,0
APP04109,REQ0092,SRC01,2025-09-19,20250919,S1,1,Rejected,R08,0
APP04110,REQ0092,SRC01,2025-09-20,20250920,S3,3,Rejected,R02,0
APP04111,REQ0092,SRC01,2025-09-14,20250914,S2,2,Rejected,R01,0
APP04112,REQ0092,SRC03,2025-09-06,20250906,S1,1,Rejected,R01,0
APP04113,REQ0092,SRC06,2025-09-12,20250912,S2,2,Withdrew,R04,0
APP04114,REQ0092,SRC06,2025-09-08,20250908,S1,1,Withdrew,R05,0
APP04115,REQ0092,SRC08,2025-09-06,20250906,S2,2,Rejected,R03,0
APP04116,REQ0092,SRC04,2025-09-10,20250910,S1,1,Rejected,R01,0
APP04117,REQ0092,SRC06,2025-09-19,20250919,S8,8,Hired,R99,1
APP04118,REQ0092,SRC08,2025-09-09,20250909,S8,8,Hired,R99,1
APP04119,REQ0092,SRC07,2025-09-16,20250916,S3,3,Withdrew,R04,0
APP04120,REQ0092,SRC02,2025-09-09,20250909,S7,7,Withdrew,R04,0
APP04121,REQ0092,SRC05,2025-09-15,20250915,S4,4,Rejected,R02,0
APP04122,REQ0092,SRC03,2025-09-19,20250919,S1,1,Rejected,R01,0
APP04123,REQ0092,SRC07,2025-09-10,20250910,S2,2,Rejected,R08,0
APP04124,REQ0092,SRC03,2025-09-11,20250911,S1,1,Rejected,R01,0
APP04125,REQ0092,SRC01,2025-09-11,20250911,S1,1,Rejected,R01,0
APP04126,REQ0092,SRC01,2025-09-20,20250920,S1,1,Rejected,R01,0
APP04127,REQ0092,SRC01,2025-09-17,20250917,S1,1,Rejected,R08,0
APP04128,REQ0092,SRC07,2025-09-12,20250912,S1,1,Rejected,R01,0
APP04129,REQ0092,SRC03,2025-09-12,20250912,S1,1,Withdrew,R05,0
APP04130,REQ0092,SRC07,2025-09-15,20250915,S2,2,Withdrew,R04,0
APP04131,REQ0092,SRC03,2025-09-12,20250912,S1,1,Rejected,R01,0
APP04132,REQ0092,SRC04,2025-09-14,20250914,S1,1,Withdrew,R05,0
APP04133,REQ0092,SRC06,2025-09-17,20250917,S1,1,Rejected,R01,0
APP04134,REQ0092,SRC08,2025-09-09,20250909,S5,5,Rejected,R07,0
APP04135,REQ0092,SRC04,2025-09-13,20250913,S1,1,Rejected,R01,0
APP04136,REQ0092,SRC04,2025-09-16,20250916,S1,1,Rejected,R01,0
APP04137,REQ0092,SRC06,2025-09-06,20250906,S1,1,Rejected,R01,0
APP04138,REQ0092,SRC01,2025-09-09,20250909,S8,8,Hired,R99,1
APP04139,REQ0092,SRC03,2025-09-19,20250919,S3,3,Rejected,R01,0
APP04140,REQ0092,SRC03,2025-09-06,20250906,S2,2,Withdrew,R04,0
APP04141,REQ0092,SRC02,2025-09-04,20250904,S2,2,Rejected,R03,0
APP04142,REQ0092,SRC02,2025-09-05,20250905,S1,1,Rejected,R01,0
APP04143,REQ0092,SRC04,2025-09-10,20250910,S2,2,Withdrew,R05,0
APP04144,REQ0092,SRC01,2025-09-13,20250913,S1,1,Rejected,R01,0
APP04145,REQ0092,SRC02,2025-09-10,20250910,S1,1,Rejected,R01,0
APP04146,REQ0092,SRC07,2025-09-18,20250918,S1,1,Rejected,R08,0
APP04147,REQ0092,SRC01,2025-09-10,20250910,S1,1,Rejected,R01,0
APP04148,REQ0092,SRC04,2025-09-14,20250914,S1,1,Rejected,R08,0
APP04149,REQ0092,SRC01,2025-09-17,20250917,S1,1,Withdrew,R05,0
APP04150,REQ0092,SRC08,2025-09-06,20250906,S1,1,Rejected,R08,0
APP04151,REQ0092,SRC01,2025-09-17,20250917,S2,2,Withdrew,R04,0
APP04152,REQ0092,SRC03,2025-09-11,20250911,S1,1,Rejected,R01,0
APP04153,REQ0092,SRC02,2025-09-10,20250910,S1,1,Withdrew,R05,0
APP04154,REQ0092,SRC01,2025-09-07,20250907,S1,1,Rejected,R01,0
APP04155,REQ0092,SRC01,2025-09-09,20250909,S6,6,Withdrew,R04,0
APP04156,REQ0093,SRC08,2026-04-27,20260427,S1,1,Rejected,R01,0
APP04157,REQ0093,SRC06,2026-05-09,20260509,S6,6,Rejected,R03,0
APP04158,REQ0093,SRC01,2026-04-26,20260426,S1,1,Rejected,R01,0
APP04159,REQ0093,SRC07,2026-04-26,20260426,S3,3,Rejected,R01,0
APP04160,REQ0093,SRC01,2026-04-20,20260420,S1,1,Rejected,R01,0
APP04161,REQ0093,SRC06,2026-04-08,20260408,S5,5,Withdrew,R04,0
APP04162,REQ0093,SRC01,2026-04-30,20260430,S3,3,Withdrew,R05,0
APP04163,REQ0093,SRC06,2026-05-17,20260517,S1,1,Rejected,R08,0
APP04164,REQ0093,SRC08,2026-04-24,20260424,S1,1,Withdrew,R05,0
APP04165,REQ0093,SRC03,2026-05-06,20260506,S1,1,Rejected,R08,0
APP04166,REQ0093,SRC01,2026-04-08,20260408,S1,1,Rejected,R01,0
APP04167,REQ0093,SRC06,2026-04-23,20260423,S1,1,Rejected,R08,0
APP04168,REQ0093,SRC06,2026-04-17,20260417,S2,2,Withdrew,R05,0
APP04169,REQ0093,SRC06,2026-05-11,20260511,S1,1,Rejected,R01,0
APP04170,REQ0093,SRC03,2026-05-11,20260511,S1,1,Rejected,R08,0
APP04171,REQ0093,SRC08,2026-04-24,20260424,S1,1,Rejected,R01,0
APP04172,REQ0093,SRC03,2026-05-20,20260520,S1,1,Rejected,R01,0
APP04173,REQ0093,SRC04,2026-05-01,20260501,S1,1,Withdrew,R05,0
APP04174,REQ0093,SRC04,2026-05-16,20260516,S1,1,Rejected,R01,0
APP04175,REQ0093,SRC05,2026-04-29,20260429,S3,3,Rejected,R02,0
APP04176,REQ0093,SRC02,2026-04-24,20260424,S6,6,Withdrew,R04,0
APP04177,REQ0093,SRC01,2026-05-07,20260507,S2,2,Rejected,R03,0
APP04178,REQ0093,SRC03,2026-05-17,20260517,S4,4,Rejected,R02,0
APP04179,REQ0093,SRC06,2026-05-06,20260506,S1,1,Rejected,R01,0
APP04180,REQ0093,SRC04,2026-05-06,20260506,S1,1,Rejected,R08,0
APP04181,REQ0093,SRC07,2026-04-30,20260430,S1,1,Rejected,R08,0
APP04182,REQ0093,SRC08,2026-05-18,20260518,S1,1,Rejected,R01,0
APP04183,REQ0093,SRC03,2026-05-23,20260523,S2,2,Rejected,R03,0
APP04184,REQ0093,SRC01,2026-05-02,20260502,S1,1,Rejected,R01,0
APP04185,REQ0093,SRC01,2026-05-21,20260521,S1,1,Rejected,R01,0
APP04186,REQ0093,SRC06,2026-05-01,20260501,S1,1,Withdrew,R05,0
APP04187,REQ0093,SRC01,2026-04-07,20260407,S5,5,Rejected,R03,0
APP04188,REQ0093,SRC07,2026-04-26,20260426,S1,1,Rejected,R01,0
APP04189,REQ0093,SRC07,2026-04-24,20260424,S1,1,Rejected,R01,0
APP04190,REQ0093,SRC01,2026-05-06,20260506,S1,1,Rejected,R01,0
APP04191,REQ0093,SRC01,2026-05-08,20260508,S1,1,Withdrew,R05,0
APP04192,REQ0093,SRC06,2026-05-14,20260514,S1,1,Rejected,R08,0
APP04193,REQ0093,SRC06,2026-04-26,20260426,S1,1,Rejected,R08,0
APP04194,REQ0093,SRC01,2026-04-25,20260425,S1,1,Withdrew,R05,0
APP04195,REQ0093,SRC06,2026-04-27,20260427,S1,1,Rejected,R01,0
APP04196,REQ0093,SRC06,2026-05-07,20260507,S2,2,Rejected,R08,0
APP04197,REQ0093,SRC01,2026-04-28,20260428,S1,1,Withdrew,R05,0
APP04198,REQ0093,SRC01,2026-05-16,20260516,S1,1,Rejected,R01,0
APP04199,REQ0093,SRC02,2026-04-06,20260406,S1,1,Withdrew,R05,0
APP04200,REQ0093,SRC06,2026-05-11,20260511,S2,2,Rejected,R03,0
APP04201,REQ0093,SRC03,2026-04-30,20260430,S1,1,Rejected,R01,0
APP04202,REQ0093,SRC01,2026-05-17,20260517,S1,1,Rejected,R01,0
APP04203,REQ0093,SRC02,2026-04-17,20260417,S1,1,Withdrew,R05,0
APP04204,REQ0093,SRC02,2026-04-19,20260419,S2,2,Rejected,R08,0
APP04205,REQ0093,SRC02,2026-04-10,20260410,S2,2,Rejected,R08,0
APP04206,REQ0093,SRC01,2026-04-10,20260410,S1,1,Withdrew,R05,0
APP04207,REQ0093,SRC08,2026-05-12,20260512,S2,2,Withdrew,R04,0
APP04208,REQ0093,SRC01,2026-05-17,20260517,S4,4,Withdrew,R04,0
APP04209,REQ0093,SRC06,2026-05-23,20260523,S1,1,Rejected,R01,0
APP04210,REQ0093,SRC02,2026-04-08,20260408,S1,1,Rejected,R08,0
APP04211,REQ0093,SRC01,2026-05-04,20260504,S6,6,Rejected,R07,0
APP04212,REQ0093,SRC02,2026-04-05,20260405,S1,1,Rejected,R08,0
APP04213,REQ0093,SRC02,2026-05-14,20260514,S3,3,Rejected,R07,0
APP04214,REQ0093,SRC08,2026-05-20,20260520,S1,1,Rejected,R08,0
APP04215,REQ0093,SRC08,2026-04-23,20260423,S1,1,Rejected,R01,0
APP04216,REQ0093,SRC06,2026-05-05,20260505,S2,2,Rejected,R08,0
APP04217,REQ0093,SRC01,2026-04-30,20260430,S1,1,Rejected,R01,0
APP04218,REQ0093,SRC06,2026-05-20,20260520,S1,1,Rejected,R01,0
APP04219,REQ0094,SRC06,2026-03-15,20260315,S3,3,Rejected,R02,0
APP04220,REQ0094,SRC08,2026-03-17,20260317,S1,1,Rejected,R01,0
APP04221,REQ0094,SRC02,2026-02-27,20260227,S1,1,Rejected,R01,0
APP04222,REQ0094,SRC01,2026-03-06,20260306,S3,3,Withdrew,R05,0
APP04223,REQ0094,SRC02,2026-03-16,20260316,S1,1,Rejected,R01,0
APP04224,REQ0094,SRC01,2026-02-27,20260227,S1,1,Rejected,R01,0
APP04225,REQ0094,SRC02,2026-02-14,20260214,S5,5,Rejected,R03,0
APP04226,REQ0094,SRC01,2026-02-05,20260205,S1,1,Rejected,R08,0
APP04227,REQ0094,SRC01,2026-03-19,20260319,S1,1,Rejected,R01,0
APP04228,REQ0094,SRC04,2026-01-12,20260112,S1,1,Withdrew,R05,0
APP04229,REQ0094,SRC08,2026-02-06,20260206,S3,3,Withdrew,R04,0
APP04230,REQ0094,SRC03,2026-03-20,20260320,S1,1,Withdrew,R05,0
APP04231,REQ0094,SRC01,2026-01-27,20260127,S3,3,Withdrew,R05,0
APP04232,REQ0094,SRC01,2026-03-21,20260321,S1,1,Rejected,R08,0
APP04233,REQ0094,SRC04,2026-02-06,20260206,S1,1,Rejected,R08,0
APP04234,REQ0094,SRC05,2026-02-03,20260203,S3,3,Rejected,R02,0
APP04235,REQ0094,SRC06,2026-03-22,20260322,S1,1,Rejected,R01,0
APP04236,REQ0094,SRC05,2026-01-17,20260117,S1,1,Rejected,R01,0
APP04237,REQ0094,SRC08,2026-03-09,20260309,S3,3,Withdrew,R04,0
APP04238,REQ0094,SRC02,2026-02-14,20260214,S1,1,Withdrew,R05,0
APP04239,REQ0094,SRC06,2026-03-12,20260312,S3,3,Rejected,R01,0
APP04240,REQ0094,SRC06,2026-01-24,20260124,S1,1,Rejected,R08,0
APP04241,REQ0094,SRC01,2026-03-12,20260312,S1,1,Rejected,R01,0
APP04242,REQ0094,SRC03,2026-03-24,20260324,S1,1,Rejected,R08,0
APP04243,REQ0094,SRC06,2026-02-26,20260226,S1,1,Rejected,R01,0
APP04244,REQ0094,SRC06,2026-02-26,20260226,S4,4,Rejected,R07,0
APP04245,REQ0094,SRC06,2026-03-27,20260327,S1,1,Withdrew,R05,0
APP04246,REQ0094,SRC06,2026-01-18,20260118,S2,2,Withdrew,R04,0
APP04247,REQ0094,SRC06,2026-03-16,20260316,S1,1,Rejected,R08,0
APP04248,REQ0094,SRC08,2026-03-12,20260312,S1,1,Rejected,R01,0
APP04249,REQ0094,SRC01,2026-03-02,20260302,S1,1,Rejected,R08,0
APP04250,REQ0094,SRC05,2026-02-05,20260205,S1,1,Rejected,R01,0
APP04251,REQ0094,SRC01,2026-01-28,20260128,S1,1,Rejected,R01,0
APP04252,REQ0094,SRC05,2026-03-22,20260322,S1,1,Withdrew,R05,0
APP04253,REQ0094,SRC07,2026-01-13,20260113,S2,2,Rejected,R03,0
APP04254,REQ0094,SRC03,2026-02-19,20260219,S2,2,Rejected,R01,0
APP04255,REQ0094,SRC01,2026-03-03,20260303,S1,1,Rejected,R08,0
APP04256,REQ0094,SRC01,2026-03-12,20260312,S2,2,Rejected,R08,0
APP04257,REQ0094,SRC08,2026-02-08,20260208,S1,1,Rejected,R08,0
APP04258,REQ0094,SRC01,2026-03-30,20260330,S1,1,Rejected,R01,0
APP04259,REQ0094,SRC07,2026-02-09,20260209,S1,1,Rejected,R01,0
APP04260,REQ0094,SRC06,2026-02-01,20260201,S1,1,Rejected,R01,0
APP04261,REQ0094,SRC05,2026-02-17,20260217,S1,1,Rejected,R01,0
APP04262,REQ0094,SRC03,2026-03-06,20260306,S1,1,Rejected,R01,0
APP04263,REQ0094,SRC07,2026-03-11,20260311,S1,1,Rejected,R01,0
APP04264,REQ0094,SRC07,2026-01-23,20260123,S2,2,Rejected,R03,0
APP04265,REQ0094,SRC02,2026-01-15,20260115,S1,1,Rejected,R01,0
APP04266,REQ0094,SRC03,2026-02-11,20260211,S2,2,Rejected,R03,0
APP04267,REQ0094,SRC03,2026-03-25,20260325,S1,1,Withdrew,R05,0
APP04268,REQ0094,SRC06,2026-01-31,20260131,S2,2,Withdrew,R05,0
APP04269,REQ0095,SRC01,2026-06-14,20260614,S1,1,Rejected,R01,0
APP04270,REQ0095,SRC07,2026-06-25,20260625,S1,1,Rejected,R01,0
APP04271,REQ0095,SRC01,2026-06-22,20260622,S2,2,Rejected,R03,0
APP04272,REQ0095,SRC01,2026-06-14,20260614,S1,1,Rejected,R01,0
APP04273,REQ0095,SRC07,2026-06-17,20260617,S1,1,Rejected,R01,0
APP04274,REQ0095,SRC07,2026-06-19,20260619,S1,1,Withdrew,R05,0
APP04275,REQ0095,SRC06,2026-06-18,20260618,S1,1,Rejected,R01,0
APP04276,REQ0095,SRC02,2026-06-20,20260620,S1,1,Rejected,R01,0
APP04277,REQ0095,SRC01,2026-06-14,20260614,S5,5,In Process,R99,0
APP04278,REQ0095,SRC01,2026-06-15,20260615,S1,1,Withdrew,R05,0
APP04279,REQ0095,SRC02,2026-06-24,20260624,S1,1,Withdrew,R05,0
APP04280,REQ0095,SRC02,2026-06-23,20260623,S1,1,Rejected,R08,0
APP04281,REQ0095,SRC01,2026-06-15,20260615,S1,1,Withdrew,R05,0
APP04282,REQ0095,SRC02,2026-06-18,20260618,S1,1,Withdrew,R05,0
APP04283,REQ0095,SRC02,2026-06-14,20260614,S2,2,Withdrew,R04,0
APP04284,REQ0095,SRC05,2026-06-14,20260614,S1,1,Rejected,R08,0
APP04285,REQ0095,SRC01,2026-06-29,20260629,S1,1,Rejected,R08,0
APP04286,REQ0095,SRC02,2026-06-16,20260616,S1,1,Rejected,R08,0
APP04287,REQ0095,SRC08,2026-06-22,20260622,S2,2,Rejected,R01,0
APP04288,REQ0095,SRC08,2026-06-19,20260619,S1,1,Rejected,R08,0
APP04289,REQ0095,SRC02,2026-06-21,20260621,S3,3,In Process,R99,0
APP04290,REQ0095,SRC01,2026-06-22,20260622,S3,3,Rejected,R01,0
APP04291,REQ0095,SRC03,2026-06-22,20260622,S1,1,Rejected,R01,0
APP04292,REQ0095,SRC06,2026-06-15,20260615,S1,1,Rejected,R08,0
APP04293,REQ0095,SRC02,2026-06-15,20260615,S1,1,Withdrew,R05,0
APP04294,REQ0095,SRC04,2026-06-16,20260616,S1,1,Withdrew,R05,0
APP04295,REQ0095,SRC06,2026-06-20,20260620,S3,3,In Process,R99,0
APP04296,REQ0095,SRC01,2026-06-29,20260629,S1,1,Rejected,R01,0
APP04297,REQ0095,SRC06,2026-06-14,20260614,S2,2,Rejected,R03,0
APP04298,REQ0095,SRC02,2026-06-15,20260615,S2,2,Rejected,R08,0
APP04299,REQ0095,SRC06,2026-06-27,20260627,S1,1,Rejected,R08,0
APP04300,REQ0095,SRC06,2026-06-29,20260629,S1,1,In Process,R99,0
APP04301,REQ0095,SRC03,2026-06-20,20260620,S1,1,Rejected,R08,0
APP04302,REQ0096,SRC01,2025-08-29,20250829,S1,1,Rejected,R08,0
APP04303,REQ0096,SRC01,2025-08-14,20250814,S1,1,Rejected,R01,0
APP04304,REQ0096,SRC01,2025-09-06,20250906,S2,2,Withdrew,R05,0
APP04305,REQ0096,SRC01,2025-08-02,20250802,S1,1,Rejected,R08,0
APP04306,REQ0096,SRC03,2025-08-17,20250817,S1,1,Rejected,R08,0
APP04307,REQ0096,SRC08,2025-08-30,20250830,S5,5,Withdrew,R04,0
APP04308,REQ0096,SRC01,2025-09-05,20250905,S1,1,Rejected,R01,0
APP04309,REQ0096,SRC02,2025-09-09,20250909,S1,1,Withdrew,R05,0
APP04310,REQ0096,SRC01,2025-09-07,20250907,S1,1,Rejected,R08,0
APP04311,REQ0096,SRC01,2025-08-09,20250809,S2,2,Withdrew,R04,0
APP04312,REQ0096,SRC01,2025-08-15,20250815,S3,3,Rejected,R07,0
APP04313,REQ0096,SRC01,2025-08-17,20250817,S1,1,Rejected,R01,0
APP04314,REQ0096,SRC05,2025-08-02,20250802,S2,2,Rejected,R03,0
APP04315,REQ0096,SRC08,2025-09-01,20250901,S3,3,Rejected,R07,0
APP04316,REQ0096,SRC06,2025-08-29,20250829,S1,1,Rejected,R01,0
APP04317,REQ0096,SRC01,2025-08-10,20250810,S3,3,Withdrew,R04,0
APP04318,REQ0096,SRC01,2025-08-07,20250807,S3,3,Rejected,R01,0
APP04319,REQ0096,SRC03,2025-08-18,20250818,S1,1,Rejected,R01,0
APP04320,REQ0096,SRC03,2025-08-23,20250823,S1,1,Rejected,R01,0
APP04321,REQ0096,SRC01,2025-08-13,20250813,S1,1,Rejected,R08,0
APP04322,REQ0096,SRC01,2025-09-09,20250909,S1,1,Rejected,R01,0
APP04323,REQ0096,SRC08,2025-08-23,20250823,S1,1,Withdrew,R05,0
APP04324,REQ0096,SRC02,2025-08-31,20250831,S4,4,Rejected,R02,0
APP04325,REQ0096,SRC03,2025-08-27,20250827,S1,1,Withdrew,R05,0
APP04326,REQ0096,SRC08,2025-08-08,20250808,S3,3,Rejected,R02,0
APP04327,REQ0096,SRC01,2025-08-21,20250821,S1,1,Rejected,R01,0
APP04328,REQ0096,SRC01,2025-09-04,20250904,S1,1,Rejected,R01,0
APP04329,REQ0096,SRC07,2025-08-14,20250814,S1,1,Withdrew,R05,0
APP04330,REQ0096,SRC07,2025-08-09,20250809,S1,1,Rejected,R01,0
APP04331,REQ0096,SRC05,2025-08-18,20250818,S1,1,Withdrew,R05,0
APP04332,REQ0096,SRC01,2025-09-04,20250904,S1,1,Rejected,R01,0
APP04333,REQ0096,SRC01,2025-08-24,20250824,S8,8,Hired,R99,1
APP04334,REQ0096,SRC06,2025-08-14,20250814,S5,5,Rejected,R07,0
APP04335,REQ0096,SRC04,2025-08-11,20250811,S1,1,Withdrew,R05,0
APP04336,REQ0096,SRC03,2025-08-20,20250820,S1,1,Rejected,R01,0
APP04337,REQ0096,SRC01,2025-08-25,20250825,S1,1,Rejected,R01,0
APP04338,REQ0096,SRC04,2025-09-03,20250903,S1,1,Rejected,R01,0
APP04339,REQ0096,SRC05,2025-08-02,20250802,S3,3,Rejected,R02,0
APP04340,REQ0096,SRC01,2025-08-21,20250821,S2,2,Withdrew,R04,0
APP04341,REQ0096,SRC01,2025-08-17,20250817,S6,6,Rejected,R03,0
APP04342,REQ0096,SRC02,2025-08-29,20250829,S1,1,Rejected,R01,0
APP04343,REQ0096,SRC05,2025-08-20,20250820,S8,8,Hired,R99,1
APP04344,REQ0096,SRC02,2025-08-31,20250831,S1,1,Rejected,R01,0
APP04345,REQ0096,SRC03,2025-08-19,20250819,S1,1,Rejected,R08,0
APP04346,REQ0096,SRC02,2025-08-21,20250821,S3,3,Rejected,R01,0
APP04347,REQ0096,SRC08,2025-08-05,20250805,S1,1,Withdrew,R05,0
APP04348,REQ0096,SRC01,2025-08-24,20250824,S1,1,Rejected,R01,0
APP04349,REQ0096,SRC02,2025-08-27,20250827,S1,1,Rejected,R01,0
APP04350,REQ0096,SRC01,2025-08-03,20250803,S2,2,Withdrew,R04,0
APP04351,REQ0096,SRC08,2025-08-27,20250827,S1,1,Rejected,R08,0
APP04352,REQ0096,SRC01,2025-09-02,20250902,S1,1,Rejected,R01,0
APP04353,REQ0096,SRC02,2025-08-31,20250831,S1,1,Rejected,R08,0
APP04354,REQ0096,SRC06,2025-09-03,20250903,S2,2,Withdrew,R04,0
APP04355,REQ0096,SRC01,2025-08-16,20250816,S1,1,Rejected,R01,0
APP04356,REQ0096,SRC03,2025-08-11,20250811,S2,2,Rejected,R01,0
APP04357,REQ0096,SRC06,2025-08-18,20250818,S1,1,Rejected,R01,0
APP04358,REQ0096,SRC02,2025-08-16,20250816,S1,1,Withdrew,R05,0
APP04359,REQ0096,SRC01,2025-09-04,20250904,S1,1,Rejected,R01,0
APP04360,REQ0096,SRC04,2025-08-09,20250809,S2,2,Rejected,R08,0
APP04361,REQ0096,SRC04,2025-08-15,20250815,S1,1,Withdrew,R05,0
APP04362,REQ0096,SRC03,2025-09-02,20250902,S3,3,Withdrew,R04,0
APP04363,REQ0096,SRC08,2025-08-08,20250808,S1,1,Rejected,R01,0
APP04364,REQ0096,SRC03,2025-08-17,20250817,S3,3,Rejected,R07,0
APP04365,REQ0096,SRC06,2025-08-15,20250815,S2,2,Withdrew,R04,0
APP04366,REQ0096,SRC03,2025-08-22,20250822,S1,1,Rejected,R08,0
APP04367,REQ0097,SRC01,2024-04-01,20240401,S1,1,Withdrew,R05,0
APP04368,REQ0097,SRC05,2024-04-04,20240404,S1,1,Rejected,R01,0
APP04369,REQ0097,SRC01,2024-03-31,20240331,S5,5,Rejected,R07,0
APP04370,REQ0097,SRC08,2024-04-02,20240402,S1,1,Withdrew,R05,0
APP04371,REQ0097,SRC02,2024-04-04,20240404,S1,1,Rejected,R01,0
APP04372,REQ0097,SRC04,2024-04-08,20240408,S1,1,Withdrew,R05,0
APP04373,REQ0097,SRC05,2024-04-08,20240408,S2,2,Withdrew,R05,0
APP04374,REQ0097,SRC01,2024-04-08,20240408,S2,2,Rejected,R03,0
APP04375,REQ0097,SRC07,2024-04-08,20240408,S1,1,Withdrew,R05,0
APP04376,REQ0097,SRC01,2024-04-02,20240402,S3,3,Rejected,R01,0
APP04377,REQ0097,SRC06,2024-04-08,20240408,S2,2,Rejected,R03,0
APP04378,REQ0097,SRC06,2024-04-01,20240401,S3,3,Withdrew,R05,0
APP04379,REQ0097,SRC07,2024-04-03,20240403,S1,1,Rejected,R08,0
APP04380,REQ0097,SRC02,2024-03-31,20240331,S1,1,Rejected,R01,0
APP04381,REQ0097,SRC08,2024-04-10,20240410,S3,3,Rejected,R02,0
APP04382,REQ0097,SRC01,2024-04-06,20240406,S1,1,Withdrew,R05,0
APP04383,REQ0097,SRC04,2024-04-01,20240401,S8,8,Hired,R99,1
APP04384,REQ0097,SRC01,2024-04-09,20240409,S1,1,Rejected,R01,0
APP04385,REQ0097,SRC06,2024-04-04,20240404,S2,2,Rejected,R01,0
APP04386,REQ0097,SRC01,2024-04-03,20240403,S4,4,Rejected,R07,0
APP04387,REQ0097,SRC07,2024-04-02,20240402,S5,5,Rejected,R07,0
APP04388,REQ0097,SRC03,2024-04-03,20240403,S2,2,Withdrew,R04,0
APP04389,REQ0097,SRC04,2024-03-31,20240331,S1,1,Rejected,R01,0
APP04390,REQ0097,SRC08,2024-04-03,20240403,S1,1,Rejected,R01,0
APP04391,REQ0097,SRC01,2024-04-09,20240409,S1,1,Rejected,R01,0
APP04392,REQ0097,SRC07,2024-04-03,20240403,S2,2,Withdrew,R05,0
APP04393,REQ0097,SRC08,2024-04-01,20240401,S1,1,Withdrew,R05,0
APP04394,REQ0097,SRC02,2024-04-05,20240405,S1,1,Withdrew,R05,0
APP04395,REQ0097,SRC05,2024-04-08,20240408,S1,1,Rejected,R01,0
APP04396,REQ0097,SRC06,2024-04-05,20240405,S1,1,Withdrew,R05,0
APP04397,REQ0097,SRC01,2024-03-31,20240331,S2,2,Rejected,R01,0
APP04398,REQ0097,SRC05,2024-04-04,20240404,S1,1,Withdrew,R05,0
APP04399,REQ0097,SRC04,2024-04-08,20240408,S3,3,Rejected,R07,0
APP04400,REQ0097,SRC08,2024-04-06,20240406,S2,2,Rejected,R03,0
APP04401,REQ0097,SRC06,2024-04-10,20240410,S2,2,Rejected,R01,0
APP04402,REQ0097,SRC07,2024-04-01,20240401,S1,1,Rejected,R08,0
APP04403,REQ0097,SRC01,2024-04-09,20240409,S1,1,Rejected,R01,0
APP04404,REQ0097,SRC08,2024-04-04,20240404,S2,2,Withdrew,R05,0
APP04405,REQ0097,SRC08,2024-04-04,20240404,S1,1,Rejected,R01,0
APP04406,REQ0098,SRC02,2024-05-16,20240516,S2,2,Withdrew,R04,0
APP04407,REQ0098,SRC06,2024-05-25,20240525,S5,5,Withdrew,R04,0
APP04408,REQ0098,SRC06,2024-05-13,20240513,S3,3,Withdrew,R04,0
APP04409,REQ0098,SRC06,2024-05-22,20240522,S3,3,Withdrew,R05,0
APP04410,REQ0098,SRC06,2024-05-23,20240523,S1,1,Rejected,R08,0
APP04411,REQ0098,SRC02,2024-05-20,20240520,S1,1,Withdrew,R05,0
APP04412,REQ0098,SRC02,2024-05-13,20240513,S3,3,Rejected,R02,0
APP04413,REQ0098,SRC07,2024-05-01,20240501,S1,1,Rejected,R01,0
APP04414,REQ0098,SRC02,2024-05-17,20240517,S2,2,Rejected,R01,0
APP04415,REQ0098,SRC02,2024-05-26,20240526,S1,1,Rejected,R01,0
APP04416,REQ0098,SRC06,2024-05-14,20240514,S1,1,Withdrew,R05,0
APP04417,REQ0098,SRC02,2024-05-29,20240529,S3,3,Rejected,R07,0
APP04418,REQ0098,SRC01,2024-05-13,20240513,S2,2,Rejected,R08,0
APP04419,REQ0098,SRC04,2024-05-23,20240523,S1,1,Rejected,R01,0
APP04420,REQ0098,SRC02,2024-05-14,20240514,S1,1,Rejected,R01,0
APP04421,REQ0098,SRC02,2024-05-11,20240511,S1,1,Rejected,R01,0
APP04422,REQ0098,SRC03,2024-05-20,20240520,S2,2,Rejected,R01,0
APP04423,REQ0098,SRC08,2024-05-15,20240515,S2,2,Withdrew,R04,0
APP04424,REQ0098,SRC01,2024-05-22,20240522,S3,3,Rejected,R07,0
APP04425,REQ0098,SRC03,2024-05-05,20240505,S2,2,Rejected,R08,0
APP04426,REQ0098,SRC03,2024-05-31,20240531,S1,1,Rejected,R01,0
APP04427,REQ0098,SRC01,2024-05-27,20240527,S3,3,Rejected,R01,0
APP04428,REQ0098,SRC08,2024-05-24,20240524,S2,2,Withdrew,R04,0
APP04429,REQ0098,SRC02,2024-05-09,20240509,S1,1,Rejected,R08,0
APP04430,REQ0098,SRC01,2024-05-02,20240502,S2,2,Withdrew,R04,0
APP04431,REQ0098,SRC02,2024-06-02,20240602,S1,1,Withdrew,R05,0
APP04432,REQ0098,SRC08,2024-05-25,20240525,S1,1,Rejected,R08,0
APP04433,REQ0098,SRC03,2024-05-24,20240524,S3,3,Rejected,R07,0
APP04434,REQ0098,SRC01,2024-05-11,20240511,S1,1,Rejected,R01,0
APP04435,REQ0098,SRC02,2024-06-02,20240602,S1,1,Rejected,R01,0
APP04436,REQ0098,SRC01,2024-05-02,20240502,S1,1,Rejected,R08,0
APP04437,REQ0098,SRC08,2024-05-07,20240507,S1,1,Withdrew,R05,0
APP04438,REQ0098,SRC01,2024-05-08,20240508,S5,5,Rejected,R02,0
APP04439,REQ0098,SRC01,2024-05-21,20240521,S1,1,Rejected,R01,0
APP04440,REQ0098,SRC03,2024-05-19,20240519,S2,2,Rejected,R01,0
APP04441,REQ0098,SRC01,2024-05-07,20240507,S1,1,Rejected,R01,0
APP04442,REQ0098,SRC06,2024-05-10,20240510,S1,1,Withdrew,R05,0
APP04443,REQ0098,SRC01,2024-05-26,20240526,S1,1,Rejected,R08,0
APP04444,REQ0098,SRC01,2024-05-06,20240506,S1,1,Rejected,R01,0
APP04445,REQ0098,SRC07,2024-05-12,20240512,S3,3,Rejected,R01,0
APP04446,REQ0098,SRC06,2024-05-23,20240523,S1,1,Rejected,R08,0
APP04447,REQ0098,SRC07,2024-05-30,20240530,S5,5,Rejected,R07,0
APP04448,REQ0098,SRC08,2024-05-02,20240502,S1,1,Rejected,R01,0
APP04449,REQ0098,SRC01,2024-05-08,20240508,S1,1,Rejected,R01,0
APP04450,REQ0098,SRC07,2024-05-18,20240518,S1,1,Rejected,R01,0
APP04451,REQ0098,SRC01,2024-05-03,20240503,S2,2,Rejected,R03,0
APP04452,REQ0098,SRC06,2024-05-16,20240516,S1,1,Rejected,R01,0
APP04453,REQ0098,SRC01,2024-05-02,20240502,S1,1,Rejected,R01,0
APP04454,REQ0098,SRC05,2024-06-01,20240601,S1,1,Rejected,R08,0
APP04455,REQ0098,SRC03,2024-05-10,20240510,S1,1,Rejected,R01,0
APP04456,REQ0098,SRC01,2024-05-08,20240508,S1,1,Withdrew,R05,0
APP04457,REQ0098,SRC06,2024-05-29,20240529,S3,3,Rejected,R07,0
APP04458,REQ0098,SRC01,2024-05-01,20240501,S3,3,Rejected,R01,0
APP04459,REQ0098,SRC02,2024-05-29,20240529,S1,1,Rejected,R01,0
APP04460,REQ0098,SRC05,2024-05-28,20240528,S5,5,Rejected,R03,0
APP04461,REQ0098,SRC01,2024-05-29,20240529,S3,3,Withdrew,R05,0
APP04462,REQ0099,SRC02,2025-03-04,20250304,S1,1,Rejected,R01,0
APP04463,REQ0099,SRC02,2025-03-25,20250325,S1,1,Rejected,R01,0
APP04464,REQ0099,SRC04,2025-05-11,20250511,S2,2,Rejected,R01,0
APP04465,REQ0099,SRC08,2025-03-12,20250312,S1,1,Rejected,R01,0
APP04466,REQ0099,SRC03,2025-03-26,20250326,S8,8,Hired,R99,1
APP04467,REQ0099,SRC01,2025-03-20,20250320,S1,1,Rejected,R01,0
APP04468,REQ0099,SRC08,2025-04-15,20250415,S1,1,Withdrew,R05,0
APP04469,REQ0099,SRC06,2025-03-13,20250313,S1,1,Withdrew,R05,0
APP04470,REQ0099,SRC02,2025-04-19,20250419,S1,1,Withdrew,R05,0
APP04471,REQ0099,SRC01,2025-03-07,20250307,S3,3,Rejected,R07,0
APP04472,REQ0099,SRC01,2025-04-19,20250419,S8,8,Hired,R99,1
APP04473,REQ0099,SRC03,2025-04-02,20250402,S1,1,Rejected,R01,0
APP04474,REQ0099,SRC08,2025-03-19,20250319,S2,2,Withdrew,R04,0
APP04475,REQ0099,SRC01,2025-03-07,20250307,S3,3,Rejected,R02,0
APP04476,REQ0099,SRC03,2025-03-27,20250327,S1,1,Rejected,R01,0
APP04477,REQ0099,SRC08,2025-05-07,20250507,S5,5,Rejected,R07,0
APP04478,REQ0099,SRC07,2025-03-13,20250313,S1,1,Rejected,R08,0
APP04479,REQ0099,SRC07,2025-03-29,20250329,S1,1,Rejected,R01,0
APP04480,REQ0099,SRC01,2025-05-02,20250502,S1,1,Rejected,R01,0
APP04481,REQ0099,SRC05,2025-03-24,20250324,S6,6,Rejected,R02,0
APP04482,REQ0099,SRC01,2025-04-24,20250424,S2,2,Withdrew,R04,0
APP04483,REQ0099,SRC06,2025-03-01,20250301,S3,3,Rejected,R02,0
APP04484,REQ0099,SRC02,2025-05-14,20250514,S1,1,Rejected,R01,0
APP04485,REQ0099,SRC02,2025-03-12,20250312,S2,2,Withdrew,R05,0
APP04486,REQ0099,SRC01,2025-03-03,20250303,S1,1,Rejected,R01,0
APP04487,REQ0099,SRC01,2025-04-15,20250415,S1,1,Rejected,R01,0
APP04488,REQ0099,SRC01,2025-04-29,20250429,S1,1,Rejected,R01,0
APP04489,REQ0099,SRC02,2025-03-18,20250318,S1,1,Rejected,R08,0
APP04490,REQ0099,SRC04,2025-05-09,20250509,S1,1,Rejected,R08,0
APP04491,REQ0099,SRC03,2025-05-20,20250520,S4,4,Rejected,R02,0
APP04492,REQ0099,SRC01,2025-04-28,20250428,S1,1,Rejected,R01,0
APP04493,REQ0099,SRC08,2025-04-26,20250426,S1,1,Rejected,R01,0
APP04494,REQ0099,SRC08,2025-05-17,20250517,S1,1,Withdrew,R05,0
APP04495,REQ0099,SRC06,2025-03-08,20250308,S1,1,Withdrew,R05,0
APP04496,REQ0099,SRC07,2025-04-23,20250423,S4,4,Rejected,R02,0
APP04497,REQ0099,SRC02,2025-03-27,20250327,S1,1,Rejected,R08,0
APP04498,REQ0099,SRC08,2025-04-17,20250417,S1,1,Rejected,R08,0
APP04499,REQ0099,SRC03,2025-04-06,20250406,S7,7,Withdrew,R10,0
APP04500,REQ0099,SRC06,2025-03-24,20250324,S1,1,Rejected,R08,0
APP04501,REQ0099,SRC08,2025-03-27,20250327,S4,4,Rejected,R02,0
APP04502,REQ0099,SRC06,2025-05-12,20250512,S2,2,Rejected,R08,0
APP04503,REQ0099,SRC01,2025-03-05,20250305,S1,1,Rejected,R08,0
APP04504,REQ0100,SRC06,2026-06-22,20260622,S3,3,In Process,R99,0
APP04505,REQ0100,SRC08,2026-06-26,20260626,S2,2,In Process,R99,0
APP04506,REQ0100,SRC03,2026-06-29,20260629,S1,1,In Process,R99,0
APP04507,REQ0100,SRC06,2026-06-22,20260622,S1,1,Rejected,R01,0
APP04508,REQ0100,SRC07,2026-06-29,20260629,S1,1,In Process,R99,0
APP04509,REQ0100,SRC01,2026-06-29,20260629,S2,2,In Process,R99,0
APP04510,REQ0100,SRC06,2026-06-29,20260629,S1,1,In Process,R99,0
APP04511,REQ0100,SRC06,2026-06-25,20260625,S1,1,Rejected,R08,0
APP04512,REQ0100,SRC01,2026-06-25,20260625,S1,1,Rejected,R01,0
APP04513,REQ0100,SRC06,2026-06-21,20260621,S1,1,Withdrew,R05,0
APP04514,REQ0100,SRC03,2026-06-22,20260622,S1,1,Withdrew,R05,0
APP04515,REQ0100,SRC06,2026-06-27,20260627,S2,2,In Process,R99,0
APP04516,REQ0100,SRC08,2026-06-29,20260629,S1,1,In Process,R99,0
APP04517,REQ0100,SRC07,2026-06-24,20260624,S2,2,In Process,R99,0
APP04518,REQ0100,SRC01,2026-06-29,20260629,S1,1,Rejected,R08,0
APP04519,REQ0100,SRC06,2026-06-21,20260621,S1,1,Rejected,R08,0
APP04520,REQ0100,SRC07,2026-06-25,20260625,S2,2,Rejected,R03,0
APP04521,REQ0100,SRC07,2026-06-29,20260629,S1,1,Rejected,R01,0
APP04522,REQ0100,SRC01,2026-06-27,20260627,S1,1,Rejected,R08,0
APP04523,REQ0100,SRC03,2026-06-23,20260623,S1,1,Rejected,R01,0
APP04524,REQ0100,SRC04,2026-06-21,20260621,S1,1,Withdrew,R05,0
APP04525,REQ0100,SRC01,2026-06-21,20260621,S2,2,Withdrew,R05,0
APP04526,REQ0100,SRC03,2026-06-23,20260623,S1,1,Rejected,R01,0
APP04527,REQ0100,SRC07,2026-06-27,20260627,S1,1,Withdrew,R05,0
APP04528,REQ0100,SRC03,2026-06-29,20260629,S1,1,In Process,R99,0
APP04529,REQ0100,SRC04,2026-06-29,20260629,S1,1,In Process,R99,0
APP04530,REQ0100,SRC06,2026-06-22,20260622,S1,1,Withdrew,R05,0
APP04531,REQ0100,SRC06,2026-06-27,20260627,S1,1,Rejected,R08,0
APP04532,REQ0100,SRC01,2026-06-25,20260625,S2,2,Rejected,R01,0
APP04533,REQ0100,SRC01,2026-06-27,20260627,S1,1,Rejected,R01,0
APP04534,REQ0100,SRC01,2026-06-21,20260621,S1,1,Rejected,R01,0
APP04535,REQ0100,SRC06,2026-06-27,20260627,S1,1,Withdrew,R05,0
APP04536,REQ0100,SRC03,2026-06-24,20260624,S1,1,Rejected,R01,0
APP04537,REQ0100,SRC06,2026-06-27,20260627,S1,1,Rejected,R01,0
APP04538,REQ0100,SRC01,2026-06-28,20260628,S1,1,Rejected,R01,0
APP04539,REQ0100,SRC08,2026-06-27,20260627,S3,3,In Process,R99,0
APP04540,REQ0100,SRC03,2026-06-21,20260621,S1,1,Rejected,R01,0
APP04541,REQ0100,SRC03,2026-06-25,20260625,S1,1,Withdrew,R05,0
APP04542,REQ0100,SRC01,2026-06-22,20260622,S2,2,Withdrew,R04,0
APP04543,REQ0100,SRC02,2026-06-22,20260622,S1,1,Rejected,R01,0
APP04544,REQ0100,SRC08,2026-06-24,20260624,S1,1,Rejected,R01,0
APP04545,REQ0100,SRC05,2026-06-23,20260623,S1,1,Withdrew,R05,0
APP04546,REQ0100,SRC02,2026-06-26,20260626,S1,1,Withdrew,R05,0
APP04547,REQ0100,SRC06,2026-06-29,20260629,S1,1,In Process,R99,0
APP04548,REQ0100,SRC01,2026-06-26,20260626,S2,2,Withdrew,R04,0
APP04549,REQ0100,SRC01,2026-06-25,20260625,S1,1,Rejected,R08,0
APP04550,REQ0100,SRC08,2026-06-23,20260623,S1,1,Rejected,R08,0
APP04551,REQ0100,SRC08,2026-06-26,20260626,S1,1,Rejected,R01,0
APP04552,REQ0100,SRC08,2026-06-26,20260626,S2,2,Withdrew,R04,0
APP04553,REQ0100,SRC05,2026-06-22,20260622,S2,2,Withdrew,R04,0
APP04554,REQ0100,SRC08,2026-06-24,20260624,S1,1,Rejected,R01,0
APP04555,REQ0100,SRC06,2026-06-22,20260622,S2,2,Rejected,R03,0
APP04556,REQ0100,SRC02,2026-06-22,20260622,S3,3,In Process,R99,0
APP04557,REQ0100,SRC04,2026-06-29,20260629,S1,1,In Process,R99,0
APP04558,REQ0100,SRC06,2026-06-25,20260625,S1,1,Withdrew,R05,0
APP04559,REQ0100,SRC03,2026-06-23,20260623,S1,1,Rejected,R01,0
APP04560,REQ0100,SRC01,2026-06-23,20260623,S3,3,In Process,R99,0
APP04561,REQ0100,SRC08,2026-06-22,20260622,S1,1,Rejected,R01,0
APP04562,REQ0100,SRC01,2026-06-23,20260623,S1,1,Withdrew,R05,0
APP04563,REQ0100,SRC05,2026-06-29,20260629,S1,1,In Process,R99,0
APP04564,REQ0100,SRC08,2026-06-27,20260627,S2,2,In Process,R99,0
APP04565,REQ0100,SRC04,2026-06-23,20260623,S1,1,Rejected,R01,0
APP04566,REQ0101,SRC05,2025-08-05,20250805,S1,1,Rejected,R08,0
APP04567,REQ0101,SRC01,2025-09-03,20250903,S1,1,Withdrew,R05,0
APP04568,REQ0101,SRC02,2025-06-16,20250616,S3,3,Rejected,R09,0
APP04569,REQ0101,SRC04,2025-11-25,20251125,S1,1,Rejected,R01,0
APP04570,REQ0101,SRC01,2025-11-01,20251101,S1,1,Rejected,R01,0
APP04571,REQ0101,SRC03,2025-08-05,20250805,S3,3,Rejected,R09,0
APP04572,REQ0101,SRC01,2025-06-14,20250614,S1,1,Withdrew,R05,0
APP04573,REQ0101,SRC01,2025-10-12,20251012,S3,3,Rejected,R09,0
APP04574,REQ0101,SRC01,2025-07-09,20250709,S2,2,Rejected,R01,0
APP04575,REQ0101,SRC07,2025-11-06,20251106,S1,1,Rejected,R01,0
APP04576,REQ0101,SRC02,2025-07-25,20250725,S1,1,Rejected,R01,0
APP04577,REQ0101,SRC01,2025-07-22,20250722,S2,2,Rejected,R08,0
APP04578,REQ0101,SRC05,2025-12-30,20251230,S1,1,Rejected,R01,0
APP04579,REQ0101,SRC01,2025-09-10,20250910,S1,1,Rejected,R01,0
APP04580,REQ0101,SRC01,2025-08-02,20250802,S2,2,Rejected,R01,0
APP04581,REQ0102,SRC01,2025-11-28,20251128,S1,1,Rejected,R08,0
APP04582,REQ0102,SRC05,2025-11-26,20251126,S4,4,Rejected,R02,0
APP04583,REQ0102,SRC05,2025-12-11,20251211,S2,2,Rejected,R08,0
APP04584,REQ0102,SRC03,2025-12-10,20251210,S2,2,Rejected,R03,0
APP04585,REQ0102,SRC07,2025-11-26,20251126,S1,1,Withdrew,R05,0
APP04586,REQ0102,SRC06,2025-11-23,20251123,S1,1,Rejected,R01,0
APP04587,REQ0102,SRC02,2025-12-06,20251206,S8,8,Hired,R99,1
APP04588,REQ0102,SRC02,2025-12-11,20251211,S2,2,Withdrew,R04,0
APP04589,REQ0102,SRC01,2025-12-11,20251211,S2,2,Rejected,R01,0
APP04590,REQ0102,SRC08,2025-11-28,20251128,S3,3,Rejected,R07,0
APP04591,REQ0102,SRC02,2025-11-27,20251127,S2,2,Withdrew,R05,0
APP04592,REQ0102,SRC06,2025-11-23,20251123,S1,1,Rejected,R01,0
APP04593,REQ0102,SRC06,2025-12-05,20251205,S1,1,Rejected,R01,0
APP04594,REQ0102,SRC04,2025-12-01,20251201,S1,1,Withdrew,R05,0
APP04595,REQ0102,SRC03,2025-12-01,20251201,S2,2,Rejected,R01,0
APP04596,REQ0102,SRC01,2025-11-23,20251123,S1,1,Rejected,R01,0
APP04597,REQ0102,SRC05,2025-12-03,20251203,S1,1,Rejected,R08,0
APP04598,REQ0102,SRC06,2025-12-03,20251203,S1,1,Withdrew,R05,0
APP04599,REQ0102,SRC06,2025-12-02,20251202,S8,8,Hired,R99,1
APP04600,REQ0102,SRC01,2025-11-23,20251123,S1,1,Rejected,R08,0
APP04601,REQ0102,SRC01,2025-12-10,20251210,S2,2,Withdrew,R05,0
APP04602,REQ0102,SRC08,2025-11-30,20251130,S1,1,Rejected,R01,0
APP04603,REQ0102,SRC02,2025-12-01,20251201,S2,2,Withdrew,R04,0
APP04604,REQ0102,SRC08,2025-11-30,20251130,S2,2,Withdrew,R05,0
APP04605,REQ0102,SRC08,2025-12-09,20251209,S1,1,Rejected,R01,0
APP04606,REQ0102,SRC06,2025-12-07,20251207,S2,2,Rejected,R01,0
APP04607,REQ0102,SRC05,2025-11-23,20251123,S2,2,Rejected,R08,0
APP04608,REQ0102,SRC06,2025-12-04,20251204,S1,1,Rejected,R01,0
APP04609,REQ0102,SRC07,2025-12-12,20251212,S2,2,Rejected,R08,0
APP04610,REQ0102,SRC06,2025-12-04,20251204,S3,3,Rejected,R07,0
APP04611,REQ0103,SRC06,2025-02-02,20250202,S1,1,Rejected,R01,0
APP04612,REQ0103,SRC01,2025-07-03,20250703,S1,1,Rejected,R08,0
APP04613,REQ0103,SRC02,2025-06-30,20250630,S3,3,Rejected,R09,0
APP04614,REQ0103,SRC02,2025-01-07,20250107,S1,1,Rejected,R01,0
APP04615,REQ0103,SRC01,2024-12-11,20241211,S2,2,Rejected,R08,0
APP04616,REQ0103,SRC04,2024-12-25,20241225,S1,1,Rejected,R01,0
APP04617,REQ0103,SRC06,2025-02-03,20250203,S1,1,Rejected,R01,0
APP04618,REQ0103,SRC01,2025-06-27,20250627,S1,1,Rejected,R01,0
APP04619,REQ0103,SRC06,2024-12-05,20241205,S1,1,Withdrew,R05,0
APP04620,REQ0103,SRC01,2025-04-08,20250408,S1,1,Rejected,R08,0
APP04621,REQ0103,SRC04,2025-05-03,20250503,S2,2,Rejected,R01,0
APP04622,REQ0103,SRC01,2025-02-03,20250203,S1,1,Rejected,R01,0
APP04623,REQ0103,SRC04,2025-03-17,20250317,S3,3,Rejected,R09,0
APP04624,REQ0103,SRC06,2025-04-01,20250401,S2,2,Rejected,R01,0
APP04625,REQ0103,SRC08,2025-09-17,20250917,S1,1,Rejected,R08,0
APP04626,REQ0103,SRC04,2025-05-02,20250502,S1,1,Rejected,R01,0
APP04627,REQ0103,SRC06,2025-04-03,20250403,S1,1,Rejected,R01,0
APP04628,REQ0103,SRC01,2025-06-04,20250604,S1,1,Rejected,R01,0
APP04629,REQ0104,SRC01,2024-07-15,20240715,S1,1,Rejected,R01,0
APP04630,REQ0104,SRC06,2024-07-31,20240731,S2,2,Withdrew,R04,0
APP04631,REQ0104,SRC05,2024-07-26,20240726,S1,1,Withdrew,R05,0
APP04632,REQ0104,SRC02,2024-07-23,20240723,S1,1,Rejected,R08,0
APP04633,REQ0104,SRC01,2024-07-25,20240725,S1,1,Rejected,R01,0
APP04634,REQ0104,SRC04,2024-07-29,20240729,S3,3,Withdrew,R04,0
APP04635,REQ0104,SRC02,2024-07-17,20240717,S1,1,Rejected,R01,0
APP04636,REQ0104,SRC02,2024-07-29,20240729,S3,3,Rejected,R02,0
APP04637,REQ0104,SRC08,2024-07-23,20240723,S1,1,Rejected,R01,0
APP04638,REQ0104,SRC08,2024-07-26,20240726,S8,8,Hired,R99,1
APP04639,REQ0104,SRC04,2024-07-21,20240721,S1,1,Rejected,R01,0
APP04640,REQ0104,SRC01,2024-07-25,20240725,S1,1,Withdrew,R05,0
APP04641,REQ0104,SRC01,2024-07-12,20240712,S1,1,Rejected,R01,0
APP04642,REQ0104,SRC06,2024-07-20,20240720,S1,1,Rejected,R01,0
APP04643,REQ0104,SRC03,2024-07-19,20240719,S6,6,Withdrew,R04,0
APP04644,REQ0104,SRC07,2024-07-26,20240726,S1,1,Withdrew,R05,0
APP04645,REQ0104,SRC01,2024-07-13,20240713,S5,5,Rejected,R03,0
APP04646,REQ0104,SRC04,2024-07-15,20240715,S1,1,Rejected,R01,0
APP04647,REQ0104,SRC07,2024-07-15,20240715,S2,2,Rejected,R01,0
APP04648,REQ0104,SRC06,2024-07-12,20240712,S3,3,Rejected,R07,0
APP04649,REQ0105,SRC03,2025-06-19,20250619,S4,4,Rejected,R02,0
APP04650,REQ0105,SRC01,2025-06-27,20250627,S1,1,Withdrew,R05,0
APP04651,REQ0105,SRC01,2025-06-27,20250627,S6,6,Rejected,R07,0
APP04652,REQ0105,SRC06,2025-06-21,20250621,S5,5,Rejected,R02,0
APP04653,REQ0105,SRC02,2025-07-01,20250701,S1,1,Rejected,R01,0
APP04654,REQ0105,SRC07,2025-06-22,20250622,S1,1,Rejected,R01,0
APP04655,REQ0105,SRC02,2025-06-27,20250627,S1,1,Withdrew,R05,0
APP04656,REQ0105,SRC01,2025-06-28,20250628,S3,3,Rejected,R07,0
APP04657,REQ0105,SRC06,2025-07-02,20250702,S2,2,Rejected,R01,0
APP04658,REQ0105,SRC02,2025-06-21,20250621,S1,1,Rejected,R01,0
APP04659,REQ0105,SRC06,2025-06-28,20250628,S4,4,Withdrew,R04,0
APP04660,REQ0105,SRC01,2025-06-30,20250630,S1,1,Withdrew,R05,0
APP04661,REQ0105,SRC08,2025-07-01,20250701,S1,1,Rejected,R01,0
APP04662,REQ0105,SRC07,2025-06-23,20250623,S2,2,Rejected,R08,0
APP04663,REQ0105,SRC01,2025-06-29,20250629,S1,1,Rejected,R01,0
APP04664,REQ0105,SRC08,2025-06-28,20250628,S1,1,Rejected,R01,0
APP04665,REQ0105,SRC08,2025-06-23,20250623,S1,1,Rejected,R08,0
APP04666,REQ0105,SRC08,2025-07-02,20250702,S1,1,Rejected,R08,0
APP04667,REQ0105,SRC01,2025-06-26,20250626,S1,1,Rejected,R08,0
APP04668,REQ0105,SRC05,2025-06-23,20250623,S1,1,Rejected,R01,0
APP04669,REQ0105,SRC03,2025-06-30,20250630,S1,1,Withdrew,R05,0
APP04670,REQ0105,SRC08,2025-06-20,20250620,S3,3,Withdrew,R04,0
APP04671,REQ0105,SRC08,2025-06-25,20250625,S3,3,Withdrew,R04,0
APP04672,REQ0105,SRC08,2025-06-19,20250619,S1,1,Rejected,R01,0
APP04673,REQ0105,SRC06,2025-06-25,20250625,S8,8,Hired,R99,1
APP04674,REQ0105,SRC05,2025-06-22,20250622,S2,2,Rejected,R01,0
APP04675,REQ0105,SRC06,2025-06-29,20250629,S3,3,Withdrew,R05,0
APP04676,REQ0105,SRC08,2025-06-20,20250620,S1,1,Rejected,R08,0
APP04677,REQ0105,SRC07,2025-06-30,20250630,S1,1,Withdrew,R05,0
APP04678,REQ0105,SRC05,2025-06-25,20250625,S1,1,Rejected,R01,0
APP04679,REQ0105,SRC02,2025-06-24,20250624,S2,2,Rejected,R01,0
APP04680,REQ0105,SRC03,2025-06-30,20250630,S2,2,Withdrew,R05,0
APP04681,REQ0105,SRC02,2025-07-01,20250701,S1,1,Rejected,R01,0
APP04682,REQ0105,SRC01,2025-06-29,20250629,S1,1,Rejected,R08,0
APP04683,REQ0105,SRC08,2025-06-28,20250628,S5,5,Rejected,R07,0
APP04684,REQ0105,SRC08,2025-06-28,20250628,S1,1,Rejected,R08,0
APP04685,REQ0105,SRC01,2025-06-23,20250623,S1,1,Rejected,R01,0
APP04686,REQ0105,SRC03,2025-07-02,20250702,S1,1,Rejected,R01,0
APP04687,REQ0105,SRC03,2025-06-26,20250626,S1,1,Rejected,R08,0
APP04688,REQ0105,SRC03,2025-06-20,20250620,S1,1,Rejected,R01,0
APP04689,REQ0105,SRC08,2025-06-25,20250625,S1,1,Rejected,R01,0
APP04690,REQ0105,SRC02,2025-06-21,20250621,S1,1,Withdrew,R05,0
APP04691,REQ0105,SRC08,2025-06-30,20250630,S3,3,Rejected,R01,0
APP04692,REQ0105,SRC03,2025-06-29,20250629,S3,3,Rejected,R01,0
APP04693,REQ0105,SRC01,2025-06-26,20250626,S1,1,Rejected,R01,0
APP04694,REQ0105,SRC01,2025-07-02,20250702,S1,1,Rejected,R01,0
APP04695,REQ0105,SRC06,2025-06-21,20250621,S1,1,Withdrew,R05,0
APP04696,REQ0105,SRC06,2025-06-22,20250622,S7,7,Withdrew,R10,0
APP04697,REQ0105,SRC07,2025-06-19,20250619,S1,1,Rejected,R08,0
APP04698,REQ0105,SRC02,2025-06-25,20250625,S2,2,Withdrew,R05,0
APP04699,REQ0105,SRC06,2025-06-27,20250627,S1,1,Rejected,R08,0
APP04700,REQ0105,SRC02,2025-06-26,20250626,S1,1,Rejected,R01,0
APP04701,REQ0106,SRC03,2025-08-30,20250830,S2,2,Rejected,R08,0
APP04702,REQ0106,SRC02,2025-08-29,20250829,S1,1,Rejected,R08,0
APP04703,REQ0106,SRC03,2025-08-28,20250828,S1,1,Withdrew,R05,0
APP04704,REQ0106,SRC01,2025-08-28,20250828,S1,1,Rejected,R08,0
APP04705,REQ0106,SRC08,2025-08-30,20250830,S1,1,Rejected,R01,0
APP04706,REQ0106,SRC06,2025-08-23,20250823,S1,1,Rejected,R01,0
APP04707,REQ0106,SRC02,2025-08-26,20250826,S2,2,Rejected,R03,0
APP04708,REQ0106,SRC01,2025-08-30,20250830,S1,1,Rejected,R01,0
APP04709,REQ0106,SRC06,2025-08-26,20250826,S1,1,Rejected,R01,0
APP04710,REQ0106,SRC01,2025-08-29,20250829,S1,1,Withdrew,R05,0
APP04711,REQ0106,SRC03,2025-08-24,20250824,S2,2,Rejected,R08,0
APP04712,REQ0106,SRC05,2025-08-27,20250827,S1,1,Rejected,R01,0
APP04713,REQ0106,SRC01,2025-08-22,20250822,S1,1,Rejected,R01,0
APP04714,REQ0106,SRC08,2025-08-22,20250822,S2,2,Rejected,R08,0
APP04715,REQ0106,SRC08,2025-08-22,20250822,S1,1,Rejected,R08,0
APP04716,REQ0106,SRC06,2025-08-22,20250822,S1,1,Rejected,R08,0
APP04717,REQ0106,SRC02,2025-08-30,20250830,S1,1,Rejected,R01,0
APP04718,REQ0106,SRC01,2025-08-27,20250827,S1,1,Withdrew,R05,0
APP04719,REQ0106,SRC08,2025-08-22,20250822,S1,1,Withdrew,R05,0
APP04720,REQ0106,SRC03,2025-08-24,20250824,S8,8,Hired,R99,1
APP04721,REQ0106,SRC02,2025-08-27,20250827,S1,1,Rejected,R01,0
APP04722,REQ0106,SRC06,2025-08-23,20250823,S6,6,Withdrew,R04,0
APP04723,REQ0106,SRC01,2025-08-23,20250823,S2,2,Rejected,R03,0
APP04724,REQ0106,SRC06,2025-08-28,20250828,S1,1,Rejected,R01,0
APP04725,REQ0106,SRC01,2025-08-24,20250824,S1,1,Rejected,R01,0
APP04726,REQ0106,SRC06,2025-08-22,20250822,S1,1,Rejected,R01,0
APP04727,REQ0106,SRC08,2025-08-26,20250826,S2,2,Withdrew,R05,0
APP04728,REQ0106,SRC02,2025-08-28,20250828,S1,1,Rejected,R08,0
APP04729,REQ0106,SRC08,2025-08-23,20250823,S2,2,Rejected,R03,0
APP04730,REQ0106,SRC02,2025-08-29,20250829,S1,1,Rejected,R01,0
APP04731,REQ0106,SRC04,2025-08-28,20250828,S1,1,Rejected,R01,0
APP04732,REQ0106,SRC01,2025-08-28,20250828,S1,1,Withdrew,R05,0
APP04733,REQ0106,SRC03,2025-08-22,20250822,S1,1,Withdrew,R05,0
APP04734,REQ0106,SRC01,2025-08-23,20250823,S2,2,Withdrew,R05,0
APP04735,REQ0106,SRC07,2025-08-26,20250826,S1,1,Rejected,R01,0
APP04736,REQ0106,SRC07,2025-08-22,20250822,S3,3,Rejected,R01,0
APP04737,REQ0107,SRC07,2026-02-19,20260219,S3,3,Withdrew,R05,0
APP04738,REQ0107,SRC02,2026-02-28,20260228,S1,1,Rejected,R01,0
APP04739,REQ0107,SRC03,2026-03-15,20260315,S1,1,Rejected,R01,0
APP04740,REQ0107,SRC07,2026-03-15,20260315,S1,1,Rejected,R01,0
APP04741,REQ0107,SRC04,2026-03-19,20260319,S2,2,Rejected,R08,0
APP04742,REQ0107,SRC03,2026-02-25,20260225,S8,8,Hired,R99,1
APP04743,REQ0107,SRC07,2026-02-25,20260225,S1,1,Rejected,R08,0
APP04744,REQ0107,SRC03,2026-02-27,20260227,S3,3,Rejected,R01,0
APP04745,REQ0107,SRC01,2026-03-04,20260304,S1,1,Withdrew,R05,0
APP04746,REQ0107,SRC06,2026-03-03,20260303,S1,1,Rejected,R08,0
APP04747,REQ0107,SRC02,2026-02-28,20260228,S3,3,Rejected,R07,0
APP04748,REQ0107,SRC01,2026-02-23,20260223,S1,1,Rejected,R01,0
APP04749,REQ0107,SRC08,2026-03-19,20260319,S2,2,Withdrew,R04,0
APP04750,REQ0107,SRC06,2026-03-02,20260302,S1,1,Withdrew,R05,0
APP04751,REQ0107,SRC07,2026-03-14,20260314,S3,3,Withdrew,R04,0
APP04752,REQ0107,SRC03,2026-03-21,20260321,S1,1,Withdrew,R05,0
APP04753,REQ0107,SRC06,2026-03-20,20260320,S1,1,Rejected,R01,0
APP04754,REQ0107,SRC01,2026-03-03,20260303,S1,1,Rejected,R01,0
APP04755,REQ0107,SRC06,2026-03-16,20260316,S2,2,Rejected,R01,0
APP04756,REQ0107,SRC07,2026-02-27,20260227,S1,1,Rejected,R01,0
APP04757,REQ0107,SRC02,2026-03-21,20260321,S5,5,Rejected,R07,0
APP04758,REQ0107,SRC01,2026-03-06,20260306,S1,1,Rejected,R01,0
APP04759,REQ0107,SRC06,2026-03-17,20260317,S2,2,Rejected,R01,0
APP04760,REQ0107,SRC06,2026-02-22,20260222,S1,1,Rejected,R01,0
APP04761,REQ0107,SRC03,2026-03-19,20260319,S1,1,Rejected,R01,0
APP04762,REQ0107,SRC08,2026-02-24,20260224,S1,1,Rejected,R08,0
APP04763,REQ0107,SRC02,2026-03-03,20260303,S1,1,Rejected,R01,0
APP04764,REQ0107,SRC01,2026-03-09,20260309,S8,8,Hired,R99,1
APP04765,REQ0107,SRC01,2026-03-17,20260317,S1,1,Withdrew,R05,0
APP04766,REQ0107,SRC01,2026-03-11,20260311,S1,1,Rejected,R08,0
APP04767,REQ0107,SRC07,2026-03-01,20260301,S3,3,Withdrew,R05,0
APP04768,REQ0107,SRC05,2026-02-28,20260228,S1,1,Rejected,R01,0
APP04769,REQ0107,SRC06,2026-03-07,20260307,S4,4,Rejected,R02,0
APP04770,REQ0107,SRC06,2026-02-21,20260221,S3,3,Rejected,R01,0
APP04771,REQ0107,SRC04,2026-03-18,20260318,S1,1,Rejected,R01,0
APP04772,REQ0107,SRC06,2026-02-26,20260226,S2,2,Rejected,R01,0
APP04773,REQ0107,SRC02,2026-03-18,20260318,S3,3,Rejected,R07,0
APP04774,REQ0107,SRC08,2026-03-01,20260301,S6,6,Withdrew,R04,0
APP04775,REQ0107,SRC03,2026-03-17,20260317,S1,1,Rejected,R08,0
APP04776,REQ0107,SRC06,2026-02-24,20260224,S1,1,Rejected,R01,0
APP04777,REQ0107,SRC01,2026-03-01,20260301,S1,1,Rejected,R01,0
APP04778,REQ0107,SRC01,2026-02-19,20260219,S2,2,Withdrew,R05,0
APP04779,REQ0107,SRC06,2026-03-01,20260301,S1,1,Rejected,R01,0
APP04780,REQ0107,SRC02,2026-03-04,20260304,S7,7,Rejected,R07,0
APP04781,REQ0107,SRC03,2026-02-25,20260225,S1,1,Withdrew,R05,0
APP04782,REQ0108,SRC02,2024-11-21,20241121,S1,1,Rejected,R01,0
APP04783,REQ0108,SRC06,2024-11-20,20241120,S1,1,Rejected,R01,0
APP04784,REQ0108,SRC06,2024-11-24,20241124,S1,1,Rejected,R08,0
APP04785,REQ0108,SRC06,2024-11-08,20241108,S1,1,Rejected,R01,0
APP04786,REQ0108,SRC06,2024-11-27,20241127,S1,1,Rejected,R08,0
APP04787,REQ0108,SRC06,2024-11-26,20241126,S1,1,Withdrew,R05,0
APP04788,REQ0108,SRC08,2024-11-13,20241113,S4,4,Rejected,R02,0
APP04789,REQ0108,SRC01,2024-11-16,20241116,S1,1,Rejected,R01,0
APP04790,REQ0108,SRC01,2024-11-19,20241119,S8,8,Hired,R99,1
APP04791,REQ0108,SRC06,2024-11-30,20241130,S3,3,Rejected,R02,0
APP04792,REQ0108,SRC01,2024-11-22,20241122,S1,1,Withdrew,R05,0
APP04793,REQ0108,SRC06,2024-11-30,20241130,S1,1,Rejected,R08,0
APP04794,REQ0108,SRC01,2024-11-25,20241125,S2,2,Withdrew,R05,0
APP04795,REQ0108,SRC01,2024-11-26,20241126,S2,2,Rejected,R03,0
APP04796,REQ0108,SRC08,2024-11-25,20241125,S1,1,Withdrew,R05,0
APP04797,REQ0108,SRC02,2024-11-25,20241125,S2,2,Withdrew,R05,0
APP04798,REQ0108,SRC01,2024-11-22,20241122,S6,6,Rejected,R03,0
APP04799,REQ0108,SRC03,2024-11-28,20241128,S3,3,Withdrew,R05,0
APP04800,REQ0108,SRC03,2024-11-27,20241127,S1,1,Rejected,R01,0
APP04801,REQ0108,SRC04,2024-11-26,20241126,S1,1,Rejected,R01,0
APP04802,REQ0108,SRC05,2024-11-20,20241120,S1,1,Rejected,R01,0
APP04803,REQ0108,SRC01,2024-11-29,20241129,S3,3,Rejected,R02,0
APP04804,REQ0108,SRC01,2024-12-03,20241203,S1,1,Rejected,R01,0
APP04805,REQ0108,SRC06,2024-11-15,20241115,S2,2,Rejected,R08,0
APP04806,REQ0108,SRC07,2024-12-02,20241202,S1,1,Rejected,R01,0
APP04807,REQ0108,SRC08,2024-12-02,20241202,S1,1,Withdrew,R05,0
APP04808,REQ0108,SRC04,2024-11-16,20241116,S1,1,Rejected,R01,0
APP04809,REQ0108,SRC05,2024-11-20,20241120,S4,4,Rejected,R02,0
APP04810,REQ0108,SRC01,2024-11-17,20241117,S2,2,Rejected,R03,0
APP04811,REQ0108,SRC05,2024-11-13,20241113,S1,1,Rejected,R01,0
APP04812,REQ0108,SRC08,2024-11-21,20241121,S1,1,Withdrew,R05,0
APP04813,REQ0108,SRC08,2024-12-04,20241204,S1,1,Withdrew,R05,0
APP04814,REQ0109,SRC02,2024-02-27,20240227,S1,1,Rejected,R01,0
APP04815,REQ0109,SRC03,2024-03-07,20240307,S1,1,Withdrew,R05,0
APP04816,REQ0109,SRC08,2024-03-06,20240306,S2,2,Rejected,R08,0
APP04817,REQ0109,SRC03,2024-02-28,20240228,S8,8,Hired,R99,1
APP04818,REQ0109,SRC03,2024-02-26,20240226,S1,1,Rejected,R01,0
APP04819,REQ0109,SRC05,2024-03-11,20240311,S1,1,Withdrew,R05,0
APP04820,REQ0109,SRC01,2024-03-04,20240304,S1,1,Rejected,R01,0
APP04821,REQ0109,SRC03,2024-03-08,20240308,S3,3,Withdrew,R05,0
APP04822,REQ0109,SRC01,2024-03-11,20240311,S1,1,Rejected,R01,0
APP04823,REQ0109,SRC08,2024-02-18,20240218,S2,2,Rejected,R08,0
APP04824,REQ0109,SRC07,2024-02-20,20240220,S2,2,Rejected,R08,0
APP04825,REQ0109,SRC06,2024-03-03,20240303,S1,1,Rejected,R01,0
APP04826,REQ0109,SRC01,2024-03-07,20240307,S3,3,Rejected,R07,0
APP04827,REQ0109,SRC01,2024-03-09,20240309,S1,1,Rejected,R01,0
APP04828,REQ0109,SRC03,2024-03-07,20240307,S3,3,Rejected,R01,0
APP04829,REQ0109,SRC06,2024-02-20,20240220,S3,3,Withdrew,R05,0
APP04830,REQ0109,SRC07,2024-02-24,20240224,S1,1,Rejected,R08,0
APP04831,REQ0109,SRC08,2024-02-24,20240224,S1,1,Rejected,R01,0
APP04832,REQ0109,SRC03,2024-03-01,20240301,S1,1,Withdrew,R05,0
APP04833,REQ0109,SRC01,2024-03-06,20240306,S1,1,Withdrew,R05,0
APP04834,REQ0109,SRC06,2024-02-26,20240226,S2,2,Rejected,R03,0
APP04835,REQ0109,SRC02,2024-02-23,20240223,S2,2,Rejected,R01,0
APP04836,REQ0109,SRC08,2024-02-25,20240225,S2,2,Rejected,R01,0
APP04837,REQ0109,SRC02,2024-03-07,20240307,S2,2,Rejected,R03,0
APP04838,REQ0109,SRC04,2024-03-10,20240310,S1,1,Rejected,R01,0
APP04839,REQ0109,SRC02,2024-03-10,20240310,S2,2,Rejected,R08,0
APP04840,REQ0109,SRC02,2024-03-09,20240309,S1,1,Rejected,R01,0
APP04841,REQ0109,SRC02,2024-02-25,20240225,S1,1,Withdrew,R05,0
APP04842,REQ0109,SRC01,2024-03-05,20240305,S3,3,Rejected,R02,0
APP04843,REQ0109,SRC03,2024-03-01,20240301,S1,1,Rejected,R01,0
APP04844,REQ0109,SRC08,2024-03-01,20240301,S3,3,Rejected,R01,0
APP04845,REQ0109,SRC08,2024-03-08,20240308,S1,1,Withdrew,R05,0
APP04846,REQ0109,SRC08,2024-03-09,20240309,S3,3,Rejected,R07,0
APP04847,REQ0109,SRC06,2024-03-01,20240301,S1,1,Rejected,R01,0
APP04848,REQ0109,SRC06,2024-02-29,20240229,S1,1,Withdrew,R05,0
APP04849,REQ0109,SRC07,2024-03-09,20240309,S2,2,Rejected,R08,0
APP04850,REQ0109,SRC03,2024-03-03,20240303,S8,8,Hired,R99,1
APP04851,REQ0109,SRC06,2024-03-10,20240310,S3,3,Withdrew,R05,0
APP04852,REQ0109,SRC07,2024-02-29,20240229,S7,7,Withdrew,R10,0
APP04853,REQ0109,SRC01,2024-02-28,20240228,S1,1,Rejected,R01,0
APP04854,REQ0109,SRC02,2024-02-19,20240219,S1,1,Rejected,R01,0
APP04855,REQ0109,SRC01,2024-03-10,20240310,S2,2,Rejected,R03,0
APP04856,REQ0109,SRC03,2024-03-09,20240309,S1,1,Rejected,R01,0
APP04857,REQ0109,SRC08,2024-03-11,20240311,S8,8,Hired,R99,1
APP04858,REQ0109,SRC02,2024-02-29,20240229,S4,4,Rejected,R07,0
APP04859,REQ0110,SRC02,2024-10-24,20241024,S2,2,Rejected,R01,0
APP04860,REQ0110,SRC06,2024-10-18,20241018,S2,2,Withdrew,R04,0
APP04861,REQ0110,SRC01,2024-10-24,20241024,S1,1,Rejected,R08,0
APP04862,REQ0110,SRC01,2024-08-27,20240827,S3,3,Withdrew,R05,0
APP04863,REQ0110,SRC01,2024-09-22,20240922,S1,1,Rejected,R01,0
APP04864,REQ0110,SRC02,2024-09-04,20240904,S2,2,Withdrew,R04,0
APP04865,REQ0110,SRC01,2024-10-13,20241013,S1,1,Withdrew,R05,0
APP04866,REQ0110,SRC05,2024-08-27,20240827,S5,5,Rejected,R03,0
APP04867,REQ0110,SRC03,2024-10-26,20241026,S1,1,Rejected,R01,0
APP04868,REQ0110,SRC01,2024-08-31,20240831,S2,2,Rejected,R08,0
APP04869,REQ0110,SRC06,2024-08-03,20240803,S1,1,Rejected,R08,0
APP04870,REQ0110,SRC08,2024-10-26,20241026,S1,1,Rejected,R08,0
APP04871,REQ0110,SRC01,2024-08-03,20240803,S1,1,Withdrew,R05,0
APP04872,REQ0110,SRC06,2024-08-08,20240808,S1,1,Rejected,R08,0
APP04873,REQ0110,SRC08,2024-09-06,20240906,S1,1,Withdrew,R05,0
APP04874,REQ0110,SRC04,2024-09-12,20240912,S2,2,Rejected,R08,0
APP04875,REQ0110,SRC08,2024-08-17,20240817,S2,2,Withdrew,R05,0
APP04876,REQ0110,SRC04,2024-09-24,20240924,S2,2,Rejected,R08,0
APP04877,REQ0110,SRC08,2024-10-14,20241014,S8,8,Hired,R99,1
APP04878,REQ0110,SRC01,2024-08-08,20240808,S3,3,Rejected,R02,0
APP04879,REQ0110,SRC07,2024-10-09,20241009,S4,4,Rejected,R02,0
APP04880,REQ0110,SRC01,2024-09-22,20240922,S8,8,Hired,R99,1
APP04881,REQ0110,SRC01,2024-09-05,20240905,S1,1,Withdrew,R05,0
APP04882,REQ0110,SRC01,2024-09-19,20240919,S2,2,Rejected,R01,0
APP04883,REQ0110,SRC01,2024-10-02,20241002,S1,1,Rejected,R01,0
APP04884,REQ0110,SRC08,2024-08-10,20240810,S1,1,Rejected,R01,0
APP04885,REQ0110,SRC06,2024-10-10,20241010,S2,2,Withdrew,R04,0
APP04886,REQ0110,SRC01,2024-10-06,20241006,S4,4,Rejected,R07,0
APP04887,REQ0110,SRC04,2024-09-06,20240906,S3,3,Rejected,R01,0
APP04888,REQ0110,SRC02,2024-09-28,20240928,S3,3,Rejected,R07,0
APP04889,REQ0110,SRC06,2024-08-23,20240823,S1,1,Rejected,R01,0
APP04890,REQ0110,SRC01,2024-10-03,20241003,S1,1,Withdrew,R05,0
APP04891,REQ0111,SRC02,2024-05-27,20240527,S1,1,Rejected,R01,0
APP04892,REQ0111,SRC08,2024-05-01,20240501,S1,1,Rejected,R01,0
APP04893,REQ0111,SRC03,2024-04-24,20240424,S5,5,Withdrew,R04,0
APP04894,REQ0111,SRC07,2024-04-25,20240425,S5,5,Rejected,R03,0
APP04895,REQ0111,SRC02,2024-05-24,20240524,S1,1,Rejected,R01,0
APP04896,REQ0111,SRC06,2024-05-01,20240501,S2,2,Rejected,R03,0
APP04897,REQ0111,SRC05,2024-05-06,20240506,S1,1,Rejected,R01,0
APP04898,REQ0111,SRC05,2024-05-03,20240503,S2,2,Withdrew,R04,0
APP04899,REQ0111,SRC02,2024-05-16,20240516,S1,1,Rejected,R08,0
APP04900,REQ0111,SRC06,2024-06-04,20240604,S1,1,Rejected,R08,0
APP04901,REQ0111,SRC06,2024-05-05,20240505,S3,3,Withdrew,R04,0
APP04902,REQ0111,SRC04,2024-05-13,20240513,S3,3,Rejected,R02,0
APP04903,REQ0111,SRC06,2024-05-03,20240503,S1,1,Rejected,R08,0
APP04904,REQ0111,SRC08,2024-06-08,20240608,S1,1,Rejected,R01,0
APP04905,REQ0111,SRC03,2024-05-26,20240526,S2,2,Withdrew,R05,0
APP04906,REQ0111,SRC07,2024-05-20,20240520,S1,1,Rejected,R01,0
APP04907,REQ0111,SRC08,2024-05-16,20240516,S1,1,Rejected,R01,0
APP04908,REQ0111,SRC01,2024-05-09,20240509,S2,2,Withdrew,R05,0
APP04909,REQ0111,SRC01,2024-05-07,20240507,S1,1,Withdrew,R05,0
APP04910,REQ0111,SRC05,2024-05-26,20240526,S2,2,Rejected,R01,0
APP04911,REQ0111,SRC08,2024-05-06,20240506,S1,1,Withdrew,R05,0
APP04912,REQ0111,SRC01,2024-05-05,20240505,S6,6,Rejected,R02,0
APP04913,REQ0111,SRC08,2024-05-10,20240510,S1,1,Rejected,R08,0
APP04914,REQ0111,SRC02,2024-05-27,20240527,S3,3,Withdrew,R04,0
APP04915,REQ0111,SRC06,2024-05-05,20240505,S2,2,Withdrew,R04,0
APP04916,REQ0111,SRC05,2024-05-13,20240513,S1,1,Rejected,R01,0
APP04917,REQ0111,SRC06,2024-05-19,20240519,S1,1,Rejected,R01,0
APP04918,REQ0111,SRC01,2024-06-04,20240604,S1,1,Rejected,R08,0
APP04919,REQ0111,SRC08,2024-05-03,20240503,S2,2,Withdrew,R05,0
APP04920,REQ0111,SRC01,2024-04-22,20240422,S1,1,Rejected,R01,0
APP04921,REQ0111,SRC07,2024-05-27,20240527,S5,5,Rejected,R03,0
APP04922,REQ0111,SRC02,2024-06-08,20240608,S6,6,Rejected,R02,0
APP04923,REQ0111,SRC02,2024-05-12,20240512,S2,2,Withdrew,R04,0
APP04924,REQ0111,SRC06,2024-04-22,20240422,S3,3,Rejected,R07,0
APP04925,REQ0111,SRC06,2024-04-29,20240429,S1,1,Rejected,R08,0
APP04926,REQ0111,SRC06,2024-05-27,20240527,S2,2,Rejected,R01,0
APP04927,REQ0111,SRC07,2024-06-02,20240602,S3,3,Withdrew,R04,0
APP04928,REQ0111,SRC06,2024-05-15,20240515,S1,1,Rejected,R01,0
APP04929,REQ0111,SRC02,2024-05-08,20240508,S1,1,Withdrew,R05,0
APP04930,REQ0111,SRC01,2024-05-12,20240512,S4,4,Rejected,R02,0
APP04931,REQ0111,SRC01,2024-05-07,20240507,S1,1,Rejected,R01,0
APP04932,REQ0111,SRC06,2024-05-25,20240525,S4,4,Rejected,R07,0
APP04933,REQ0111,SRC02,2024-05-02,20240502,S1,1,Rejected,R01,0
APP04934,REQ0111,SRC08,2024-04-28,20240428,S2,2,Rejected,R08,0
APP04935,REQ0111,SRC07,2024-05-13,20240513,S1,1,Rejected,R01,0
APP04936,REQ0111,SRC08,2024-05-24,20240524,S1,1,Withdrew,R05,0
APP04937,REQ0111,SRC01,2024-05-03,20240503,S1,1,Rejected,R08,0
APP04938,REQ0111,SRC05,2024-05-07,20240507,S1,1,Rejected,R08,0
APP04939,REQ0111,SRC06,2024-05-16,20240516,S1,1,Rejected,R01,0
APP04940,REQ0111,SRC06,2024-04-24,20240424,S2,2,Rejected,R01,0
APP04941,REQ0111,SRC08,2024-04-22,20240422,S1,1,Withdrew,R05,0
APP04942,REQ0111,SRC01,2024-06-10,20240610,S2,2,Withdrew,R04,0
APP04943,REQ0111,SRC03,2024-05-30,20240530,S1,1,Withdrew,R05,0
APP04944,REQ0111,SRC07,2024-04-28,20240428,S1,1,Rejected,R01,0
APP04945,REQ0111,SRC07,2024-04-30,20240430,S1,1,Rejected,R01,0
APP04946,REQ0111,SRC05,2024-05-26,20240526,S1,1,Rejected,R08,0
APP04947,REQ0111,SRC01,2024-06-02,20240602,S2,2,Withdrew,R05,0
APP04948,REQ0111,SRC02,2024-05-30,20240530,S3,3,Withdrew,R04,0
APP04949,REQ0111,SRC06,2024-06-03,20240603,S1,1,Rejected,R01,0
APP04950,REQ0111,SRC06,2024-05-10,20240510,S1,1,Rejected,R01,0
APP04951,REQ0112,SRC05,2024-07-27,20240727,S1,1,Rejected,R01,0
APP04952,REQ0112,SRC02,2024-08-20,20240820,S3,3,Withdrew,R05,0
APP04953,REQ0112,SRC08,2024-07-30,20240730,S2,2,Rejected,R01,0
APP04954,REQ0112,SRC01,2024-08-08,20240808,S1,1,Rejected,R01,0
APP04955,REQ0112,SRC06,2024-08-18,20240818,S1,1,Rejected,R01,0
APP04956,REQ0112,SRC08,2024-08-18,20240818,S1,1,Withdrew,R05,0
APP04957,REQ0112,SRC03,2024-07-15,20240715,S1,1,Rejected,R08,0
APP04958,REQ0112,SRC08,2024-08-07,20240807,S2,2,Rejected,R03,0
APP04959,REQ0112,SRC06,2024-08-23,20240823,S3,3,Rejected,R07,0
APP04960,REQ0112,SRC05,2024-08-05,20240805,S1,1,Withdrew,R05,0
APP04961,REQ0112,SRC07,2024-08-24,20240824,S2,2,Withdrew,R05,0
APP04962,REQ0112,SRC01,2024-08-02,20240802,S2,2,Rejected,R03,0
APP04963,REQ0112,SRC01,2024-07-18,20240718,S2,2,Withdrew,R04,0
APP04964,REQ0112,SRC07,2024-08-24,20240824,S1,1,Rejected,R01,0
APP04965,REQ0112,SRC02,2024-07-30,20240730,S1,1,Rejected,R01,0
APP04966,REQ0112,SRC03,2024-08-18,20240818,S6,6,Rejected,R03,0
APP04967,REQ0112,SRC06,2024-07-26,20240726,S1,1,Rejected,R01,0
APP04968,REQ0112,SRC03,2024-07-12,20240712,S1,1,Withdrew,R05,0
APP04969,REQ0112,SRC06,2024-08-10,20240810,S1,1,Rejected,R01,0
APP04970,REQ0112,SRC01,2024-07-22,20240722,S1,1,Rejected,R01,0
APP04971,REQ0112,SRC03,2024-08-16,20240816,S2,2,Rejected,R01,0
APP04972,REQ0112,SRC04,2024-08-18,20240818,S1,1,Rejected,R01,0
APP04973,REQ0112,SRC03,2024-07-15,20240715,S1,1,Rejected,R01,0
APP04974,REQ0112,SRC01,2024-08-09,20240809,S1,1,Rejected,R01,0
APP04975,REQ0112,SRC05,2024-08-20,20240820,S2,2,Rejected,R01,0
APP04976,REQ0112,SRC02,2024-08-13,20240813,S1,1,Rejected,R01,0
APP04977,REQ0112,SRC07,2024-08-22,20240822,S2,2,Withdrew,R04,0
APP04978,REQ0112,SRC08,2024-08-05,20240805,S3,3,Rejected,R02,0
APP04979,REQ0112,SRC04,2024-07-19,20240719,S1,1,Rejected,R01,0
APP04980,REQ0112,SRC01,2024-08-10,20240810,S3,3,Withdrew,R05,0
APP04981,REQ0112,SRC02,2024-08-21,20240821,S2,2,Withdrew,R04,0
APP04982,REQ0112,SRC01,2024-08-12,20240812,S1,1,Rejected,R01,0
APP04983,REQ0112,SRC01,2024-07-29,20240729,S6,6,Rejected,R07,0
APP04984,REQ0112,SRC06,2024-07-20,20240720,S1,1,Rejected,R01,0
APP04985,REQ0112,SRC07,2024-07-12,20240712,S1,1,Rejected,R01,0
APP04986,REQ0112,SRC06,2024-07-28,20240728,S1,1,Withdrew,R05,0
APP04987,REQ0112,SRC03,2024-07-29,20240729,S1,1,Rejected,R01,0
APP04988,REQ0112,SRC08,2024-07-20,20240720,S2,2,Withdrew,R04,0
APP04989,REQ0112,SRC02,2024-08-03,20240803,S2,2,Rejected,R03,0
APP04990,REQ0112,SRC08,2024-08-19,20240819,S2,2,Withdrew,R04,0
APP04991,REQ0112,SRC06,2024-07-31,20240731,S4,4,Rejected,R07,0
APP04992,REQ0112,SRC08,2024-08-09,20240809,S2,2,Rejected,R03,0
APP04993,REQ0112,SRC06,2024-07-18,20240718,S3,3,Rejected,R07,0
APP04994,REQ0112,SRC06,2024-07-22,20240722,S5,5,Rejected,R07,0
APP04995,REQ0112,SRC07,2024-07-26,20240726,S2,2,Rejected,R08,0
APP04996,REQ0112,SRC02,2024-07-23,20240723,S1,1,Rejected,R01,0
APP04997,REQ0112,SRC05,2024-08-23,20240823,S6,6,Rejected,R02,0
APP04998,REQ0112,SRC04,2024-07-13,20240713,S1,1,Rejected,R01,0
APP04999,REQ0112,SRC01,2024-08-14,20240814,S2,2,Rejected,R01,0
APP05000,REQ0112,SRC08,2024-07-30,20240730,S2,2,Rejected,R08,0
APP05001,REQ0112,SRC04,2024-07-13,20240713,S4,4,Rejected,R02,0
APP05002,REQ0112,SRC01,2024-07-17,20240717,S2,2,Rejected,R01,0
APP05003,REQ0112,SRC02,2024-08-01,20240801,S2,2,Withdrew,R04,0
APP05004,REQ0112,SRC03,2024-08-09,20240809,S1,1,Rejected,R01,0
APP05005,REQ0112,SRC03,2024-07-16,20240716,S1,1,Withdrew,R05,0
APP05006,REQ0112,SRC02,2024-07-23,20240723,S1,1,Rejected,R01,0
APP05007,REQ0112,SRC06,2024-08-13,20240813,S2,2,Rejected,R08,0
APP05008,REQ0112,SRC08,2024-07-31,20240731,S1,1,Rejected,R08,0
APP05009,REQ0112,SRC01,2024-07-13,20240713,S3,3,Rejected,R02,0
APP05010,REQ0112,SRC02,2024-07-17,20240717,S1,1,Rejected,R01,0
APP05011,REQ0112,SRC06,2024-07-12,20240712,S3,3,Withdrew,R05,0
APP05012,REQ0112,SRC03,2024-07-12,20240712,S1,1,Rejected,R08,0
APP05013,REQ0112,SRC03,2024-08-06,20240806,S1,1,Withdrew,R05,0
APP05014,REQ0112,SRC04,2024-07-30,20240730,S1,1,Withdrew,R05,0
APP05015,REQ0112,SRC08,2024-08-10,20240810,S1,1,Rejected,R08,0
APP05016,REQ0112,SRC01,2024-07-21,20240721,S1,1,Rejected,R08,0
APP05017,REQ0113,SRC07,2025-05-09,20250509,S1,1,Rejected,R01,0
APP05018,REQ0113,SRC01,2025-05-04,20250504,S2,2,Rejected,R01,0
APP05019,REQ0113,SRC01,2025-05-16,20250516,S1,1,Rejected,R01,0
APP05020,REQ0113,SRC06,2025-05-13,20250513,S1,1,Rejected,R01,0
APP05021,REQ0113,SRC05,2025-05-18,20250518,S4,4,Rejected,R07,0
APP05022,REQ0113,SRC05,2025-05-05,20250505,S1,1,Rejected,R08,0
APP05023,REQ0113,SRC06,2025-05-16,20250516,S2,2,Rejected,R01,0
APP05024,REQ0113,SRC05,2025-05-12,20250512,S1,1,Rejected,R01,0
APP05025,REQ0113,SRC01,2025-05-14,20250514,S1,1,Rejected,R08,0
APP05026,REQ0113,SRC02,2025-04-30,20250430,S2,2,Rejected,R01,0
APP05027,REQ0113,SRC06,2025-05-06,20250506,S1,1,Rejected,R01,0
APP05028,REQ0113,SRC06,2025-05-02,20250502,S3,3,Rejected,R01,0
APP05029,REQ0113,SRC06,2025-05-05,20250505,S1,1,Withdrew,R05,0
APP05030,REQ0113,SRC03,2025-04-30,20250430,S1,1,Withdrew,R05,0
APP05031,REQ0113,SRC01,2025-05-21,20250521,S2,2,Withdrew,R04,0
APP05032,REQ0113,SRC01,2025-05-03,20250503,S1,1,Rejected,R08,0
APP05033,REQ0113,SRC08,2025-05-21,20250521,S3,3,Withdrew,R04,0
APP05034,REQ0113,SRC05,2025-05-02,20250502,S1,1,Withdrew,R05,0
APP05035,REQ0113,SRC01,2025-05-20,20250520,S1,1,Rejected,R01,0
APP05036,REQ0113,SRC08,2025-05-06,20250506,S1,1,Rejected,R01,0
APP05037,REQ0113,SRC06,2025-05-07,20250507,S3,3,Rejected,R07,0
APP05038,REQ0113,SRC07,2025-05-20,20250520,S2,2,Rejected,R01,0
APP05039,REQ0113,SRC03,2025-05-19,20250519,S1,1,Withdrew,R05,0
APP05040,REQ0113,SRC01,2025-05-05,20250505,S1,1,Rejected,R01,0
APP05041,REQ0113,SRC06,2025-05-04,20250504,S1,1,Rejected,R08,0
APP05042,REQ0113,SRC06,2025-05-08,20250508,S5,5,Rejected,R03,0
APP05043,REQ0113,SRC08,2025-05-01,20250501,S3,3,Rejected,R02,0
APP05044,REQ0113,SRC08,2025-05-19,20250519,S1,1,Rejected,R08,0
APP05045,REQ0113,SRC03,2025-05-08,20250508,S1,1,Rejected,R01,0
APP05046,REQ0113,SRC03,2025-05-04,20250504,S1,1,Rejected,R01,0
APP05047,REQ0113,SRC03,2025-05-02,20250502,S1,1,Rejected,R01,0
APP05048,REQ0114,SRC04,2025-04-17,20250417,S5,5,Rejected,R02,0
APP05049,REQ0114,SRC04,2025-05-04,20250504,S2,2,Rejected,R01,0
APP05050,REQ0114,SRC03,2025-04-26,20250426,S1,1,Rejected,R08,0
APP05051,REQ0114,SRC06,2025-05-04,20250504,S1,1,Rejected,R01,0
APP05052,REQ0114,SRC08,2025-05-05,20250505,S1,1,Rejected,R01,0
APP05053,REQ0114,SRC07,2025-05-04,20250504,S2,2,Rejected,R08,0
APP05054,REQ0114,SRC03,2025-04-29,20250429,S2,2,Withdrew,R05,0
APP05055,REQ0114,SRC03,2025-04-20,20250420,S1,1,Rejected,R01,0
APP05056,REQ0114,SRC02,2025-04-21,20250421,S3,3,Rejected,R01,0
APP05057,REQ0114,SRC07,2025-05-13,20250513,S3,3,Rejected,R01,0
APP05058,REQ0114,SRC01,2025-05-13,20250513,S3,3,Rejected,R07,0
APP05059,REQ0114,SRC01,2025-04-17,20250417,S1,1,Rejected,R01,0
APP05060,REQ0114,SRC01,2025-05-01,20250501,S6,6,Rejected,R07,0
APP05061,REQ0114,SRC01,2025-04-14,20250414,S1,1,Rejected,R01,0
APP05062,REQ0114,SRC07,2025-04-13,20250413,S3,3,Withdrew,R05,0
APP05063,REQ0114,SRC08,2025-05-05,20250505,S1,1,Rejected,R01,0
APP05064,REQ0114,SRC01,2025-04-14,20250414,S4,4,Rejected,R02,0
APP05065,REQ0114,SRC02,2025-04-27,20250427,S3,3,Rejected,R07,0
APP05066,REQ0114,SRC01,2025-05-08,20250508,S3,3,Rejected,R01,0
APP05067,REQ0114,SRC08,2025-04-25,20250425,S1,1,Rejected,R01,0
APP05068,REQ0114,SRC04,2025-04-24,20250424,S1,1,Withdrew,R05,0
APP05069,REQ0114,SRC02,2025-05-08,20250508,S1,1,Rejected,R01,0
APP05070,REQ0114,SRC04,2025-04-30,20250430,S1,1,Rejected,R01,0
APP05071,REQ0114,SRC06,2025-04-27,20250427,S2,2,Withdrew,R05,0
APP05072,REQ0114,SRC06,2025-05-05,20250505,S1,1,Rejected,R08,0
APP05073,REQ0114,SRC05,2025-05-11,20250511,S1,1,Rejected,R08,0
APP05074,REQ0114,SRC06,2025-05-05,20250505,S3,3,Withdrew,R04,0
APP05075,REQ0114,SRC01,2025-05-09,20250509,S1,1,Rejected,R01,0
APP05076,REQ0114,SRC03,2025-05-11,20250511,S1,1,Withdrew,R05,0
APP05077,REQ0114,SRC03,2025-05-12,20250512,S1,1,Withdrew,R05,0
APP05078,REQ0114,SRC08,2025-05-03,20250503,S1,1,Rejected,R01,0
APP05079,REQ0114,SRC01,2025-04-24,20250424,S2,2,Withdrew,R04,0
APP05080,REQ0114,SRC01,2025-04-19,20250419,S1,1,Withdrew,R05,0
APP05081,REQ0114,SRC08,2025-05-08,20250508,S1,1,Withdrew,R05,0
APP05082,REQ0114,SRC03,2025-05-12,20250512,S2,2,Rejected,R03,0
APP05083,REQ0114,SRC01,2025-05-07,20250507,S5,5,Rejected,R07,0
APP05084,REQ0114,SRC02,2025-05-06,20250506,S1,1,Withdrew,R05,0
APP05085,REQ0114,SRC02,2025-04-23,20250423,S2,2,Withdrew,R05,0
APP05086,REQ0114,SRC02,2025-04-30,20250430,S1,1,Rejected,R08,0
APP05087,REQ0114,SRC04,2025-04-28,20250428,S1,1,Withdrew,R05,0
APP05088,REQ0114,SRC01,2025-04-14,20250414,S2,2,Rejected,R03,0
APP05089,REQ0114,SRC06,2025-05-12,20250512,S3,3,Rejected,R01,0
APP05090,REQ0114,SRC03,2025-04-25,20250425,S1,1,Rejected,R01,0
APP05091,REQ0114,SRC01,2025-04-30,20250430,S3,3,Rejected,R02,0
APP05092,REQ0114,SRC07,2025-04-13,20250413,S3,3,Withdrew,R05,0
APP05093,REQ0114,SRC03,2025-04-21,20250421,S1,1,Rejected,R01,0
APP05094,REQ0114,SRC01,2025-05-13,20250513,S2,2,Withdrew,R05,0
APP05095,REQ0114,SRC01,2025-05-07,20250507,S1,1,Rejected,R01,0
APP05096,REQ0114,SRC01,2025-05-13,20250513,S6,6,Withdrew,R04,0
APP05097,REQ0114,SRC06,2025-05-07,20250507,S1,1,Rejected,R08,0
APP05098,REQ0114,SRC06,2025-04-21,20250421,S1,1,Rejected,R01,0
APP05099,REQ0114,SRC03,2025-05-06,20250506,S1,1,Rejected,R08,0
APP05100,REQ0114,SRC04,2025-05-03,20250503,S1,1,Withdrew,R05,0
APP05101,REQ0114,SRC06,2025-05-10,20250510,S1,1,Rejected,R08,0
APP05102,REQ0114,SRC06,2025-04-26,20250426,S1,1,Rejected,R01,0
APP05103,REQ0114,SRC04,2025-05-01,20250501,S3,3,Rejected,R01,0
APP05104,REQ0114,SRC02,2025-04-27,20250427,S2,2,Rejected,R03,0
APP05105,REQ0114,SRC08,2025-05-03,20250503,S2,2,Rejected,R08,0
APP05106,REQ0114,SRC01,2025-05-04,20250504,S1,1,Rejected,R01,0
APP05107,REQ0114,SRC07,2025-04-24,20250424,S1,1,Withdrew,R05,0
APP05108,REQ0114,SRC01,2025-04-28,20250428,S1,1,Rejected,R01,0
APP05109,REQ0114,SRC08,2025-05-01,20250501,S1,1,Rejected,R01,0
APP05110,REQ0114,SRC02,2025-04-19,20250419,S1,1,Rejected,R01,0
APP05111,REQ0114,SRC02,2025-05-08,20250508,S1,1,Rejected,R01,0
APP05112,REQ0114,SRC02,2025-04-26,20250426,S6,6,Rejected,R02,0
APP05113,REQ0114,SRC07,2025-04-18,20250418,S2,2,Withdrew,R05,0
APP05114,REQ0114,SRC06,2025-04-24,20250424,S1,1,Rejected,R08,0
APP05115,REQ0115,SRC02,2024-06-24,20240624,S6,6,Withdrew,R04,0
APP05116,REQ0115,SRC08,2024-07-17,20240717,S1,1,Rejected,R01,0
APP05117,REQ0115,SRC01,2024-07-05,20240705,S2,2,Rejected,R01,0
APP05118,REQ0115,SRC02,2024-06-23,20240623,S2,2,Rejected,R01,0
APP05119,REQ0115,SRC04,2024-06-24,20240624,S1,1,Rejected,R08,0
APP05120,REQ0115,SRC08,2024-06-18,20240618,S1,1,Withdrew,R05,0
APP05121,REQ0115,SRC07,2024-07-16,20240716,S1,1,Rejected,R08,0
APP05122,REQ0115,SRC07,2024-07-10,20240710,S1,1,Rejected,R08,0
APP05123,REQ0115,SRC03,2024-07-24,20240724,S2,2,Rejected,R03,0
APP05124,REQ0115,SRC06,2024-07-23,20240723,S1,1,Rejected,R08,0
APP05125,REQ0115,SRC03,2024-06-11,20240611,S1,1,Rejected,R01,0
APP05126,REQ0115,SRC07,2024-06-29,20240629,S1,1,Withdrew,R05,0
APP05127,REQ0115,SRC02,2024-06-15,20240615,S2,2,Rejected,R03,0
APP05128,REQ0115,SRC01,2024-07-02,20240702,S2,2,Rejected,R01,0
APP05129,REQ0115,SRC02,2024-06-22,20240622,S1,1,Withdrew,R05,0
APP05130,REQ0115,SRC08,2024-07-22,20240722,S3,3,Withdrew,R04,0
APP05131,REQ0115,SRC01,2024-07-08,20240708,S3,3,Rejected,R01,0
APP05132,REQ0115,SRC06,2024-06-09,20240609,S8,8,Hired,R99,1
APP05133,REQ0115,SRC06,2024-07-06,20240706,S1,1,Withdrew,R05,0
APP05134,REQ0115,SRC01,2024-06-19,20240619,S2,2,Withdrew,R05,0
APP05135,REQ0115,SRC03,2024-07-14,20240714,S2,2,Withdrew,R05,0
APP05136,REQ0115,SRC06,2024-07-24,20240724,S2,2,Withdrew,R05,0
APP05137,REQ0115,SRC01,2024-06-29,20240629,S1,1,Rejected,R01,0
APP05138,REQ0115,SRC01,2024-07-10,20240710,S1,1,Rejected,R01,0
APP05139,REQ0115,SRC07,2024-07-13,20240713,S3,3,Withdrew,R05,0
APP05140,REQ0115,SRC04,2024-07-15,20240715,S1,1,Rejected,R01,0
APP05141,REQ0115,SRC02,2024-06-08,20240608,S1,1,Rejected,R01,0
APP05142,REQ0115,SRC01,2024-07-15,20240715,S2,2,Rejected,R08,0
APP05143,REQ0115,SRC04,2024-07-02,20240702,S1,1,Rejected,R01,0
APP05144,REQ0115,SRC06,2024-07-02,20240702,S7,7,Rejected,R03,0
APP05145,REQ0115,SRC01,2024-07-06,20240706,S1,1,Rejected,R01,0
APP05146,REQ0115,SRC01,2024-07-12,20240712,S1,1,Rejected,R01,0
APP05147,REQ0115,SRC08,2024-06-07,20240607,S4,4,Rejected,R07,0
APP05148,REQ0115,SRC03,2024-06-24,20240624,S1,1,Withdrew,R05,0
APP05149,REQ0115,SRC06,2024-06-17,20240617,S2,2,Rejected,R01,0
APP05150,REQ0115,SRC04,2024-06-10,20240610,S3,3,Withdrew,R05,0
APP05151,REQ0115,SRC06,2024-06-24,20240624,S1,1,Withdrew,R05,0
APP05152,REQ0115,SRC02,2024-06-28,20240628,S1,1,Rejected,R01,0
APP05153,REQ0115,SRC04,2024-07-09,20240709,S1,1,Rejected,R01,0
APP05154,REQ0115,SRC06,2024-07-23,20240723,S1,1,Rejected,R08,0
APP05155,REQ0116,SRC04,2025-11-29,20251129,S2,2,Withdrew,R05,0
APP05156,REQ0116,SRC08,2026-01-22,20260122,S4,4,Rejected,R07,0
APP05157,REQ0116,SRC08,2025-12-22,20251222,S1,1,Rejected,R01,0
APP05158,REQ0116,SRC01,2026-02-07,20260207,S1,1,Withdrew,R05,0
APP05159,REQ0116,SRC07,2025-12-06,20251206,S3,3,Withdrew,R05,0
APP05160,REQ0116,SRC01,2025-12-03,20251203,S1,1,Rejected,R01,0
APP05161,REQ0116,SRC05,2025-12-28,20251228,S1,1,Withdrew,R05,0
APP05162,REQ0116,SRC02,2026-01-20,20260120,S1,1,Rejected,R08,0
APP05163,REQ0116,SRC01,2026-01-12,20260112,S1,1,Rejected,R08,0
APP05164,REQ0116,SRC03,2026-02-03,20260203,S2,2,Withdrew,R04,0
APP05165,REQ0116,SRC02,2026-01-06,20260106,S2,2,Rejected,R08,0
APP05166,REQ0116,SRC05,2025-12-05,20251205,S1,1,Rejected,R01,0
APP05167,REQ0116,SRC06,2026-01-31,20260131,S1,1,Rejected,R01,0
APP05168,REQ0116,SRC01,2026-02-17,20260217,S1,1,Rejected,R01,0
APP05169,REQ0116,SRC03,2026-01-30,20260130,S1,1,Rejected,R08,0
APP05170,REQ0116,SRC01,2026-02-28,20260228,S3,3,Rejected,R01,0
APP05171,REQ0116,SRC05,2026-01-29,20260129,S2,2,Withdrew,R05,0
APP05172,REQ0116,SRC08,2026-01-28,20260128,S1,1,Rejected,R01,0
APP05173,REQ0116,SRC07,2026-02-11,20260211,S1,1,Rejected,R08,0
APP05174,REQ0116,SRC01,2026-01-09,20260109,S3,3,Rejected,R02,0
APP05175,REQ0116,SRC01,2026-02-13,20260213,S6,6,Withdrew,R04,0
APP05176,REQ0116,SRC02,2026-01-10,20260110,S1,1,Rejected,R01,0
APP05177,REQ0116,SRC08,2025-12-12,20251212,S3,3,Rejected,R07,0
APP05178,REQ0116,SRC05,2026-02-18,20260218,S1,1,Rejected,R01,0
APP05179,REQ0116,SRC05,2026-01-14,20260114,S1,1,Rejected,R01,0
APP05180,REQ0116,SRC02,2026-02-03,20260203,S3,3,Withdrew,R04,0
APP05181,REQ0116,SRC06,2025-12-11,20251211,S2,2,Withdrew,R05,0
APP05182,REQ0116,SRC01,2026-01-13,20260113,S2,2,Rejected,R03,0
APP05183,REQ0116,SRC04,2026-02-04,20260204,S1,1,Rejected,R01,0
APP05184,REQ0116,SRC06,2026-02-20,20260220,S1,1,Rejected,R01,0
APP05185,REQ0116,SRC01,2026-01-14,20260114,S1,1,Rejected,R01,0
APP05186,REQ0116,SRC03,2025-12-31,20251231,S3,3,Rejected,R07,0
APP05187,REQ0116,SRC06,2025-12-02,20251202,S2,2,Rejected,R01,0
APP05188,REQ0116,SRC07,2026-01-23,20260123,S1,1,Rejected,R08,0
APP05189,REQ0116,SRC01,2025-11-29,20251129,S8,8,Hired,R99,1
APP05190,REQ0116,SRC06,2026-02-17,20260217,S2,2,Withdrew,R04,0
APP05191,REQ0116,SRC01,2026-01-08,20260108,S1,1,Rejected,R01,0
APP05192,REQ0116,SRC01,2026-02-20,20260220,S4,4,Rejected,R02,0
APP05193,REQ0116,SRC07,2026-02-12,20260212,S1,1,Rejected,R01,0
APP05194,REQ0116,SRC06,2026-01-02,20260102,S3,3,Rejected,R02,0
APP05195,REQ0116,SRC01,2025-12-06,20251206,S1,1,Rejected,R01,0
APP05196,REQ0116,SRC02,2026-01-07,20260107,S1,1,Rejected,R01,0
APP05197,REQ0116,SRC04,2026-01-20,20260120,S1,1,Rejected,R01,0
APP05198,REQ0116,SRC01,2026-02-24,20260224,S1,1,Rejected,R01,0
APP05199,REQ0116,SRC01,2025-12-07,20251207,S2,2,Rejected,R01,0
APP05200,REQ0116,SRC04,2025-12-01,20251201,S2,2,Rejected,R03,0
APP05201,REQ0116,SRC08,2025-12-07,20251207,S1,1,Rejected,R01,0
APP05202,REQ0116,SRC01,2025-12-10,20251210,S3,3,Rejected,R07,0
APP05203,REQ0116,SRC08,2025-12-20,20251220,S1,1,Rejected,R01,0
APP05204,REQ0116,SRC01,2025-12-08,20251208,S4,4,Withdrew,R04,0
APP05205,REQ0116,SRC06,2025-11-27,20251127,S1,1,Rejected,R01,0
APP05206,REQ0116,SRC02,2025-11-27,20251127,S1,1,Withdrew,R05,0
APP05207,REQ0117,SRC06,2026-03-11,20260311,S1,1,Rejected,R01,0
APP05208,REQ0117,SRC06,2026-05-20,20260520,S1,1,Withdrew,R05,0
APP05209,REQ0117,SRC01,2026-05-08,20260508,S1,1,Withdrew,R05,0
APP05210,REQ0117,SRC07,2026-04-21,20260421,S1,1,Rejected,R01,0
APP05211,REQ0117,SRC02,2026-06-04,20260604,S1,1,Rejected,R08,0
APP05212,REQ0117,SRC03,2026-04-22,20260422,S1,1,Rejected,R01,0
APP05213,REQ0117,SRC04,2026-06-08,20260608,S1,1,Rejected,R01,0
APP05214,REQ0117,SRC01,2026-03-27,20260327,S4,4,Rejected,R07,0
APP05215,REQ0117,SRC08,2026-04-11,20260411,S4,4,Withdrew,R04,0
APP05216,REQ0117,SRC01,2026-04-03,20260403,S1,1,Rejected,R01,0
APP05217,REQ0117,SRC01,2026-03-19,20260319,S2,2,Rejected,R01,0
APP05218,REQ0117,SRC04,2026-06-09,20260609,S3,3,Rejected,R02,0
APP05219,REQ0117,SRC01,2026-05-16,20260516,S2,2,Rejected,R08,0
APP05220,REQ0117,SRC06,2026-05-03,20260503,S1,1,Rejected,R01,0
APP05221,REQ0117,SRC02,2026-06-18,20260618,S1,1,Rejected,R08,0
APP05222,REQ0117,SRC01,2026-04-29,20260429,S1,1,Rejected,R01,0
APP05223,REQ0117,SRC01,2026-05-04,20260504,S1,1,Withdrew,R05,0
APP05224,REQ0117,SRC02,2026-03-29,20260329,S1,1,Rejected,R01,0
APP05225,REQ0117,SRC07,2026-06-14,20260614,S2,2,Withdrew,R05,0
APP05226,REQ0117,SRC08,2026-04-15,20260415,S1,1,Rejected,R08,0
APP05227,REQ0117,SRC07,2026-04-28,20260428,S1,1,Rejected,R01,0
APP05228,REQ0117,SRC06,2026-03-17,20260317,S3,3,Rejected,R02,0
APP05229,REQ0117,SRC01,2026-04-01,20260401,S1,1,Rejected,R08,0
APP05230,REQ0117,SRC06,2026-06-18,20260618,S1,1,Rejected,R08,0
APP05231,REQ0117,SRC08,2026-03-14,20260314,S1,1,Rejected,R01,0
APP05232,REQ0117,SRC08,2026-05-25,20260525,S1,1,Withdrew,R05,0
APP05233,REQ0117,SRC08,2026-06-10,20260610,S5,5,In Process,R99,0
APP05234,REQ0117,SRC03,2026-03-11,20260311,S2,2,Withdrew,R04,0
APP05235,REQ0117,SRC01,2026-06-12,20260612,S5,5,In Process,R99,0
APP05236,REQ0117,SRC01,2026-04-25,20260425,S2,2,Rejected,R03,0
APP05237,REQ0117,SRC06,2026-03-31,20260331,S1,1,Withdrew,R05,0
APP05238,REQ0117,SRC03,2026-03-17,20260317,S1,1,Rejected,R01,0
APP05239,REQ0117,SRC03,2026-05-05,20260505,S6,6,Rejected,R03,0
APP05240,REQ0117,SRC01,2026-05-08,20260508,S2,2,Withdrew,R04,0
APP05241,REQ0117,SRC02,2026-03-12,20260312,S3,3,Rejected,R07,0
APP05242,REQ0117,SRC07,2026-05-23,20260523,S2,2,Rejected,R03,0
APP05243,REQ0117,SRC07,2026-05-17,20260517,S1,1,Rejected,R01,0
APP05244,REQ0117,SRC03,2026-06-16,20260616,S1,1,Rejected,R01,0
APP05245,REQ0117,SRC08,2026-04-05,20260405,S1,1,Rejected,R01,0
APP05246,REQ0117,SRC08,2026-04-13,20260413,S2,2,Rejected,R08,0
APP05247,REQ0117,SRC01,2026-04-21,20260421,S2,2,Rejected,R08,0
APP05248,REQ0117,SRC03,2026-06-15,20260615,S2,2,Withdrew,R05,0
APP05249,REQ0117,SRC08,2026-06-08,20260608,S5,5,In Process,R99,0
APP05250,REQ0118,SRC06,2026-03-30,20260330,S1,1,Rejected,R01,0
APP05251,REQ0118,SRC01,2026-04-01,20260401,S2,2,Withdrew,R04,0
APP05252,REQ0118,SRC06,2026-04-18,20260418,S1,1,Rejected,R01,0
APP05253,REQ0118,SRC07,2026-03-22,20260322,S1,1,Rejected,R01,0
APP05254,REQ0118,SRC05,2026-04-15,20260415,S3,3,Rejected,R01,0
APP05255,REQ0118,SRC07,2026-03-25,20260325,S1,1,Withdrew,R05,0
APP05256,REQ0118,SRC07,2026-04-13,20260413,S4,4,Withdrew,R04,0
APP05257,REQ0118,SRC06,2026-04-04,20260404,S1,1,Rejected,R01,0
APP05258,REQ0118,SRC03,2026-03-24,20260324,S1,1,Rejected,R01,0
APP05259,REQ0118,SRC02,2026-04-14,20260414,S1,1,Withdrew,R05,0
APP05260,REQ0118,SRC01,2026-03-28,20260328,S1,1,Rejected,R08,0
APP05261,REQ0118,SRC06,2026-04-08,20260408,S2,2,Rejected,R08,0
APP05262,REQ0118,SRC01,2026-04-11,20260411,S1,1,Rejected,R08,0
APP05263,REQ0118,SRC01,2026-04-11,20260411,S2,2,Withdrew,R05,0
APP05264,REQ0118,SRC01,2026-04-07,20260407,S2,2,Withdrew,R05,0
APP05265,REQ0118,SRC05,2026-04-11,20260411,S2,2,Rejected,R01,0
APP05266,REQ0118,SRC07,2026-04-07,20260407,S1,1,Rejected,R01,0
APP05267,REQ0118,SRC06,2026-04-18,20260418,S1,1,Rejected,R01,0
APP05268,REQ0118,SRC06,2026-04-12,20260412,S1,1,Rejected,R01,0
APP05269,REQ0118,SRC01,2026-03-31,20260331,S2,2,Withdrew,R05,0
APP05270,REQ0118,SRC06,2026-04-14,20260414,S1,1,Rejected,R01,0
APP05271,REQ0118,SRC05,2026-03-21,20260321,S1,1,Rejected,R01,0
APP05272,REQ0118,SRC08,2026-03-29,20260329,S1,1,Rejected,R01,0
APP05273,REQ0118,SRC02,2026-03-23,20260323,S1,1,Rejected,R01,0
APP05274,REQ0118,SRC01,2026-04-03,20260403,S4,4,Withdrew,R04,0
APP05275,REQ0118,SRC03,2026-03-26,20260326,S2,2,Rejected,R08,0
APP05276,REQ0118,SRC02,2026-04-03,20260403,S1,1,Rejected,R01,0
APP05277,REQ0118,SRC01,2026-04-06,20260406,S1,1,Rejected,R01,0
APP05278,REQ0118,SRC06,2026-04-20,20260420,S4,4,Withdrew,R04,0
APP05279,REQ0118,SRC07,2026-03-19,20260319,S1,1,Rejected,R01,0
APP05280,REQ0118,SRC06,2026-04-09,20260409,S1,1,Withdrew,R05,0
APP05281,REQ0118,SRC03,2026-04-15,20260415,S8,8,Hired,R99,1
APP05282,REQ0118,SRC07,2026-03-31,20260331,S4,4,Withdrew,R04,0
APP05283,REQ0118,SRC06,2026-04-20,20260420,S3,3,Rejected,R02,0
APP05284,REQ0118,SRC07,2026-03-27,20260327,S4,4,Rejected,R07,0
APP05285,REQ0118,SRC06,2026-04-05,20260405,S2,2,Rejected,R08,0
APP05286,REQ0118,SRC03,2026-03-21,20260321,S2,2,Withdrew,R05,0
APP05287,REQ0118,SRC02,2026-03-26,20260326,S1,1,Withdrew,R05,0
APP05288,REQ0118,SRC01,2026-04-20,20260420,S2,2,Rejected,R08,0
APP05289,REQ0118,SRC08,2026-04-01,20260401,S2,2,Rejected,R08,0
APP05290,REQ0118,SRC06,2026-04-04,20260404,S1,1,Rejected,R08,0
APP05291,REQ0118,SRC08,2026-04-20,20260420,S1,1,Rejected,R01,0
APP05292,REQ0118,SRC02,2026-04-13,20260413,S1,1,Rejected,R01,0
APP05293,REQ0118,SRC08,2026-03-19,20260319,S2,2,Rejected,R01,0
APP05294,REQ0118,SRC06,2026-03-31,20260331,S1,1,Rejected,R01,0
APP05295,REQ0118,SRC05,2026-04-07,20260407,S1,1,Rejected,R01,0
APP05296,REQ0118,SRC07,2026-04-03,20260403,S3,3,Rejected,R01,0
APP05297,REQ0118,SRC02,2026-03-19,20260319,S1,1,Rejected,R08,0
APP05298,REQ0118,SRC01,2026-03-22,20260322,S3,3,Rejected,R02,0
APP05299,REQ0118,SRC02,2026-04-06,20260406,S3,3,Withdrew,R05,0
APP05300,REQ0118,SRC08,2026-04-17,20260417,S1,1,Rejected,R08,0
APP05301,REQ0118,SRC01,2026-03-27,20260327,S1,1,Rejected,R01,0
APP05302,REQ0118,SRC03,2026-04-17,20260417,S3,3,Rejected,R01,0
APP05303,REQ0118,SRC02,2026-04-16,20260416,S2,2,Withdrew,R05,0
APP05304,REQ0118,SRC08,2026-03-20,20260320,S1,1,Rejected,R01,0
APP05305,REQ0118,SRC06,2026-04-08,20260408,S1,1,Rejected,R01,0
APP05306,REQ0118,SRC07,2026-04-12,20260412,S4,4,Withdrew,R04,0
APP05307,REQ0118,SRC01,2026-04-12,20260412,S1,1,Rejected,R01,0
APP05308,REQ0118,SRC01,2026-03-24,20260324,S1,1,Rejected,R01,0
APP05309,REQ0118,SRC06,2026-03-26,20260326,S1,1,Rejected,R01,0
APP05310,REQ0118,SRC02,2026-04-11,20260411,S2,2,Withdrew,R05,0
APP05311,REQ0118,SRC04,2026-03-26,20260326,S1,1,Rejected,R01,0
APP05312,REQ0118,SRC08,2026-03-29,20260329,S1,1,Withdrew,R05,0
APP05313,REQ0118,SRC05,2026-04-05,20260405,S1,1,Rejected,R01,0
APP05314,REQ0119,SRC02,2025-03-18,20250318,S1,1,Withdrew,R05,0
APP05315,REQ0119,SRC08,2025-03-19,20250319,S2,2,Rejected,R01,0
APP05316,REQ0119,SRC02,2025-03-30,20250330,S1,1,Withdrew,R05,0
APP05317,REQ0119,SRC03,2025-03-16,20250316,S1,1,Rejected,R01,0
APP05318,REQ0119,SRC06,2025-03-18,20250318,S1,1,Withdrew,R05,0
APP05319,REQ0119,SRC07,2025-03-15,20250315,S2,2,Withdrew,R04,0
APP05320,REQ0119,SRC08,2025-04-01,20250401,S4,4,Withdrew,R04,0
APP05321,REQ0119,SRC01,2025-03-29,20250329,S1,1,Rejected,R01,0
APP05322,REQ0119,SRC06,2025-03-22,20250322,S1,1,Rejected,R01,0
APP05323,REQ0119,SRC06,2025-04-01,20250401,S1,1,Rejected,R01,0
APP05324,REQ0119,SRC02,2025-03-12,20250312,S1,1,Rejected,R01,0
APP05325,REQ0119,SRC01,2025-03-16,20250316,S4,4,Rejected,R07,0
APP05326,REQ0119,SRC03,2025-03-20,20250320,S8,8,Hired,R99,1
APP05327,REQ0119,SRC06,2025-03-16,20250316,S3,3,Withdrew,R05,0
APP05328,REQ0119,SRC08,2025-03-26,20250326,S1,1,Rejected,R01,0
APP05329,REQ0119,SRC07,2025-03-14,20250314,S1,1,Rejected,R01,0
APP05330,REQ0119,SRC08,2025-03-25,20250325,S1,1,Rejected,R01,0
APP05331,REQ0119,SRC06,2025-03-15,20250315,S1,1,Rejected,R08,0
APP05332,REQ0120,SRC04,2024-02-06,20240206,S1,1,Rejected,R01,0
APP05333,REQ0120,SRC07,2024-02-07,20240207,S2,2,Withdrew,R04,0
APP05334,REQ0120,SRC08,2024-01-28,20240128,S2,2,Withdrew,R05,0
APP05335,REQ0120,SRC05,2024-01-29,20240129,S2,2,Rejected,R08,0
APP05336,REQ0120,SRC08,2024-02-05,20240205,S1,1,Rejected,R01,0
APP05337,REQ0120,SRC01,2024-02-27,20240227,S1,1,Rejected,R01,0
APP05338,REQ0120,SRC01,2024-02-24,20240224,S1,1,Rejected,R01,0
APP05339,REQ0120,SRC01,2024-03-03,20240303,S1,1,Rejected,R01,0
APP05340,REQ0120,SRC04,2024-02-14,20240214,S1,1,Rejected,R01,0
APP05341,REQ0120,SRC05,2024-01-28,20240128,S4,4,Rejected,R07,0
APP05342,REQ0120,SRC05,2024-03-03,20240303,S1,1,Rejected,R08,0
APP05343,REQ0120,SRC03,2024-02-20,20240220,S4,4,Rejected,R02,0
APP05344,REQ0120,SRC01,2024-02-09,20240209,S1,1,Rejected,R01,0
APP05345,REQ0120,SRC08,2024-02-22,20240222,S1,1,Rejected,R01,0
APP05346,REQ0120,SRC01,2024-01-31,20240131,S3,3,Withdrew,R05,0
APP05347,REQ0120,SRC06,2024-02-14,20240214,S1,1,Rejected,R01,0
APP05348,REQ0120,SRC02,2024-02-13,20240213,S2,2,Rejected,R03,0
APP05349,REQ0120,SRC07,2024-02-07,20240207,S5,5,Withdrew,R04,0
APP05350,REQ0120,SRC03,2024-02-20,20240220,S1,1,Rejected,R08,0
APP05351,REQ0120,SRC01,2024-02-15,20240215,S1,1,Rejected,R01,0
APP05352,REQ0120,SRC03,2024-02-10,20240210,S1,1,Rejected,R08,0
APP05353,REQ0120,SRC03,2024-01-29,20240129,S1,1,Withdrew,R05,0
APP05354,REQ0120,SRC01,2024-02-05,20240205,S1,1,Rejected,R01,0
APP05355,REQ0120,SRC01,2024-02-14,20240214,S3,3,Rejected,R02,0
APP05356,REQ0120,SRC06,2024-02-01,20240201,S1,1,Withdrew,R05,0
APP05357,REQ0120,SRC08,2024-02-28,20240228,S1,1,Rejected,R01,0
APP05358,REQ0120,SRC05,2024-02-09,20240209,S1,1,Rejected,R01,0
APP05359,REQ0120,SRC01,2024-02-14,20240214,S1,1,Rejected,R01,0
APP05360,REQ0120,SRC02,2024-01-29,20240129,S1,1,Rejected,R01,0
APP05361,REQ0120,SRC01,2024-02-02,20240202,S1,1,Rejected,R01,0
APP05362,REQ0120,SRC01,2024-02-15,20240215,S2,2,Rejected,R01,0
APP05363,REQ0120,SRC05,2024-02-01,20240201,S5,5,Rejected,R03,0
APP05364,REQ0120,SRC03,2024-02-28,20240228,S6,6,Withdrew,R04,0
APP05365,REQ0121,SRC07,2025-02-01,20250201,S2,2,Rejected,R03,0
APP05366,REQ0121,SRC01,2024-12-21,20241221,S1,1,Rejected,R01,0
APP05367,REQ0121,SRC03,2025-02-27,20250227,S2,2,Rejected,R08,0
APP05368,REQ0121,SRC01,2024-11-28,20241128,S2,2,Rejected,R03,0
APP05369,REQ0121,SRC01,2025-02-19,20250219,S1,1,Rejected,R01,0
APP05370,REQ0121,SRC04,2025-01-07,20250107,S1,1,Rejected,R01,0
APP05371,REQ0121,SRC01,2024-12-25,20241225,S1,1,Rejected,R01,0
APP05372,REQ0121,SRC06,2025-01-15,20250115,S1,1,Withdrew,R05,0
APP05373,REQ0121,SRC01,2025-01-18,20250118,S1,1,Rejected,R01,0
APP05374,REQ0121,SRC04,2025-01-20,20250120,S1,1,Rejected,R01,0
APP05375,REQ0121,SRC01,2025-02-20,20250220,S1,1,Rejected,R01,0
APP05376,REQ0121,SRC02,2024-12-18,20241218,S2,2,Withdrew,R04,0
APP05377,REQ0121,SRC01,2025-02-19,20250219,S1,1,Rejected,R01,0
APP05378,REQ0121,SRC02,2024-12-05,20241205,S2,2,Rejected,R01,0
APP05379,REQ0121,SRC06,2024-11-12,20241112,S4,4,Rejected,R07,0
APP05380,REQ0121,SRC01,2024-12-11,20241211,S1,1,Rejected,R01,0
APP05381,REQ0121,SRC03,2025-01-20,20250120,S1,1,Rejected,R08,0
APP05382,REQ0121,SRC01,2025-01-30,20250130,S1,1,Rejected,R08,0
APP05383,REQ0121,SRC08,2024-11-22,20241122,S1,1,Withdrew,R05,0
APP05384,REQ0121,SRC02,2024-12-10,20241210,S2,2,Withdrew,R04,0
APP05385,REQ0121,SRC03,2024-11-29,20241129,S1,1,Rejected,R08,0
APP05386,REQ0121,SRC06,2025-01-27,20250127,S2,2,Withdrew,R05,0
APP05387,REQ0121,SRC04,2024-12-07,20241207,S3,3,Withdrew,R04,0
APP05388,REQ0121,SRC02,2024-12-11,20241211,S1,1,Rejected,R01,0
APP05389,REQ0121,SRC01,2024-12-13,20241213,S1,1,Withdrew,R05,0
APP05390,REQ0121,SRC07,2024-12-14,20241214,S1,1,Rejected,R01,0
APP05391,REQ0121,SRC07,2025-02-20,20250220,S2,2,Rejected,R08,0
APP05392,REQ0121,SRC07,2024-11-18,20241118,S1,1,Rejected,R01,0
APP05393,REQ0121,SRC06,2024-11-16,20241116,S1,1,Rejected,R01,0
APP05394,REQ0121,SRC06,2024-12-31,20241231,S3,3,Rejected,R02,0
APP05395,REQ0121,SRC08,2024-11-30,20241130,S1,1,Rejected,R08,0
APP05396,REQ0121,SRC07,2025-03-02,20250302,S2,2,Rejected,R01,0
APP05397,REQ0121,SRC08,2025-02-17,20250217,S2,2,Withdrew,R05,0
APP05398,REQ0121,SRC05,2025-02-25,20250225,S1,1,Rejected,R01,0
APP05399,REQ0121,SRC06,2024-11-15,20241115,S1,1,Rejected,R08,0
APP05400,REQ0121,SRC06,2025-02-25,20250225,S1,1,Withdrew,R05,0
APP05401,REQ0121,SRC06,2024-11-18,20241118,S3,3,Rejected,R02,0
APP05402,REQ0121,SRC03,2024-12-02,20241202,S2,2,Rejected,R08,0
APP05403,REQ0121,SRC05,2025-01-15,20250115,S4,4,Rejected,R07,0
APP05404,REQ0122,SRC06,2025-05-26,20250526,S3,3,Withdrew,R04,0
APP05405,REQ0122,SRC08,2025-04-30,20250430,S1,1,Rejected,R01,0
APP05406,REQ0122,SRC04,2025-05-16,20250516,S8,8,Hired,R99,1
APP05407,REQ0122,SRC02,2025-04-02,20250402,S1,1,Rejected,R01,0
APP05408,REQ0122,SRC06,2025-03-22,20250322,S1,1,Rejected,R01,0
APP05409,REQ0122,SRC01,2025-04-18,20250418,S1,1,Withdrew,R05,0
APP05410,REQ0122,SRC01,2025-04-01,20250401,S1,1,Rejected,R08,0
APP05411,REQ0122,SRC01,2025-03-29,20250329,S1,1,Rejected,R01,0
APP05412,REQ0122,SRC06,2025-04-10,20250410,S3,3,Withdrew,R05,0
APP05413,REQ0122,SRC01,2025-03-19,20250319,S5,5,Withdrew,R04,0
APP05414,REQ0122,SRC07,2025-04-06,20250406,S1,1,Rejected,R01,0
APP05415,REQ0122,SRC06,2025-03-10,20250310,S1,1,Rejected,R08,0
APP05416,REQ0122,SRC01,2025-03-30,20250330,S1,1,Withdrew,R05,0
APP05417,REQ0122,SRC04,2025-03-28,20250328,S1,1,Rejected,R01,0
APP05418,REQ0122,SRC01,2025-04-24,20250424,S1,1,Rejected,R01,0
APP05419,REQ0122,SRC01,2025-04-19,20250419,S3,3,Rejected,R07,0
APP05420,REQ0122,SRC02,2025-03-28,20250328,S1,1,Withdrew,R05,0
APP05421,REQ0122,SRC02,2025-05-14,20250514,S6,6,Rejected,R03,0
APP05422,REQ0122,SRC02,2025-04-10,20250410,S1,1,Rejected,R01,0
APP05423,REQ0122,SRC07,2025-05-12,20250512,S2,2,Withdrew,R04,0
APP05424,REQ0122,SRC01,2025-05-24,20250524,S2,2,Withdrew,R05,0
APP05425,REQ0122,SRC02,2025-03-19,20250319,S1,1,Rejected,R01,0
APP05426,REQ0122,SRC06,2025-05-01,20250501,S3,3,Rejected,R01,0
APP05427,REQ0122,SRC07,2025-04-02,20250402,S1,1,Rejected,R01,0
APP05428,REQ0122,SRC06,2025-05-27,20250527,S3,3,Rejected,R02,0
APP05429,REQ0122,SRC03,2025-04-05,20250405,S1,1,Withdrew,R05,0
APP05430,REQ0123,SRC01,2025-07-31,20250731,S1,1,Rejected,R01,0
APP05431,REQ0123,SRC06,2025-09-17,20250917,S1,1,Rejected,R08,0
APP05432,REQ0123,SRC02,2025-06-28,20250628,S2,2,Withdrew,R05,0
APP05433,REQ0123,SRC03,2025-09-16,20250916,S1,1,Rejected,R08,0
APP05434,REQ0123,SRC06,2025-08-08,20250808,S2,2,Withdrew,R05,0
APP05435,REQ0123,SRC05,2025-09-05,20250905,S1,1,Rejected,R01,0
APP05436,REQ0123,SRC06,2025-07-20,20250720,S1,1,Rejected,R01,0
APP05437,REQ0123,SRC01,2025-06-28,20250628,S1,1,Withdrew,R05,0
APP05438,REQ0123,SRC08,2025-09-12,20250912,S3,3,Withdrew,R04,0
APP05439,REQ0123,SRC02,2025-09-06,20250906,S1,1,Rejected,R01,0
APP05440,REQ0123,SRC03,2025-08-21,20250821,S2,2,Rejected,R01,0
APP05441,REQ0123,SRC01,2025-07-17,20250717,S1,1,Rejected,R01,0
APP05442,REQ0123,SRC08,2025-07-19,20250719,S1,1,Rejected,R01,0
APP05443,REQ0123,SRC02,2025-08-25,20250825,S1,1,Rejected,R08,0
APP05444,REQ0123,SRC06,2025-08-22,20250822,S3,3,Withdrew,R04,0
APP05445,REQ0123,SRC04,2025-08-17,20250817,S5,5,Rejected,R02,0
APP05446,REQ0123,SRC01,2025-08-03,20250803,S1,1,Rejected,R08,0
APP05447,REQ0123,SRC08,2025-08-17,20250817,S1,1,Rejected,R01,0
APP05448,REQ0123,SRC06,2025-08-06,20250806,S1,1,Rejected,R01,0
APP05449,REQ0123,SRC08,2025-07-08,20250708,S2,2,Withdrew,R05,0
APP05450,REQ0123,SRC01,2025-09-03,20250903,S1,1,Rejected,R01,0
APP05451,REQ0123,SRC02,2025-07-24,20250724,S1,1,Rejected,R01,0
APP05452,REQ0123,SRC06,2025-08-04,20250804,S1,1,Withdrew,R05,0
APP05453,REQ0123,SRC04,2025-07-25,20250725,S2,2,Withdrew,R05,0
APP05454,REQ0123,SRC06,2025-07-24,20250724,S6,6,Rejected,R07,0
APP05455,REQ0123,SRC08,2025-08-29,20250829,S1,1,Rejected,R01,0
APP05456,REQ0123,SRC01,2025-08-19,20250819,S1,1,Rejected,R01,0
APP05457,REQ0123,SRC03,2025-08-06,20250806,S1,1,Rejected,R01,0
APP05458,REQ0123,SRC07,2025-08-10,20250810,S2,2,Rejected,R01,0
APP05459,REQ0123,SRC01,2025-08-06,20250806,S1,1,Rejected,R01,0
APP05460,REQ0123,SRC03,2025-07-20,20250720,S5,5,Rejected,R02,0
APP05461,REQ0123,SRC03,2025-08-11,20250811,S1,1,Withdrew,R05,0
APP05462,REQ0123,SRC05,2025-08-04,20250804,S2,2,Withdrew,R04,0
APP05463,REQ0123,SRC08,2025-08-02,20250802,S1,1,Rejected,R01,0
APP05464,REQ0123,SRC04,2025-07-13,20250713,S1,1,Rejected,R01,0
APP05465,REQ0123,SRC08,2025-08-15,20250815,S2,2,Withdrew,R04,0
APP05466,REQ0123,SRC01,2025-08-15,20250815,S2,2,Withdrew,R04,0
APP05467,REQ0123,SRC01,2025-08-10,20250810,S1,1,Rejected,R01,0
APP05468,REQ0123,SRC02,2025-06-28,20250628,S1,1,Rejected,R01,0
APP05469,REQ0123,SRC01,2025-07-01,20250701,S1,1,Rejected,R01,0
APP05470,REQ0123,SRC04,2025-09-11,20250911,S1,1,Rejected,R01,0
APP05471,REQ0123,SRC08,2025-09-14,20250914,S2,2,Rejected,R01,0
APP05472,REQ0123,SRC03,2025-06-29,20250629,S6,6,Rejected,R03,0
APP05473,REQ0123,SRC01,2025-09-10,20250910,S2,2,Rejected,R08,0
APP05474,REQ0123,SRC06,2025-07-03,20250703,S1,1,Rejected,R01,0
APP05475,REQ0123,SRC02,2025-09-07,20250907,S1,1,Rejected,R01,0
APP05476,REQ0123,SRC06,2025-08-01,20250801,S1,1,Rejected,R01,0
APP05477,REQ0123,SRC03,2025-09-18,20250918,S1,1,Rejected,R01,0
APP05478,REQ0123,SRC01,2025-08-07,20250807,S1,1,Rejected,R01,0
APP05479,REQ0123,SRC01,2025-07-21,20250721,S2,2,Rejected,R08,0
APP05480,REQ0123,SRC06,2025-07-24,20250724,S1,1,Withdrew,R05,0
APP05481,REQ0123,SRC02,2025-06-30,20250630,S2,2,Withdrew,R05,0
APP05482,REQ0123,SRC03,2025-07-15,20250715,S8,8,Hired,R99,1
APP05483,REQ0123,SRC01,2025-09-03,20250903,S1,1,Rejected,R08,0
APP05484,REQ0123,SRC03,2025-08-10,20250810,S1,1,Rejected,R01,0
APP05485,REQ0123,SRC06,2025-09-12,20250912,S2,2,Withdrew,R04,0
APP05486,REQ0123,SRC01,2025-08-21,20250821,S2,2,Withdrew,R05,0
APP05487,REQ0123,SRC01,2025-09-12,20250912,S1,1,Rejected,R01,0
APP05488,REQ0123,SRC02,2025-08-18,20250818,S2,2,Rejected,R01,0
APP05489,REQ0123,SRC06,2025-08-25,20250825,S1,1,Withdrew,R05,0
APP05490,REQ0123,SRC03,2025-08-01,20250801,S1,1,Withdrew,R05,0
APP05491,REQ0123,SRC07,2025-08-03,20250803,S1,1,Rejected,R01,0
APP05492,REQ0123,SRC04,2025-09-08,20250908,S1,1,Rejected,R08,0
APP05493,REQ0123,SRC01,2025-08-21,20250821,S1,1,Rejected,R08,0
APP05494,REQ0123,SRC08,2025-09-05,20250905,S1,1,Withdrew,R05,0
APP05495,REQ0123,SRC02,2025-08-20,20250820,S1,1,Rejected,R01,0
APP05496,REQ0123,SRC01,2025-08-05,20250805,S2,2,Rejected,R01,0
APP05497,REQ0123,SRC04,2025-07-10,20250710,S1,1,Rejected,R08,0
APP05498,REQ0124,SRC06,2025-05-30,20250530,S1,1,Rejected,R01,0
APP05499,REQ0124,SRC07,2025-06-22,20250622,S1,1,Rejected,R01,0
APP05500,REQ0124,SRC08,2025-09-12,20250912,S1,1,Rejected,R01,0
APP05501,REQ0124,SRC06,2025-07-07,20250707,S1,1,Rejected,R01,0
APP05502,REQ0124,SRC08,2026-01-06,20260106,S1,1,Rejected,R08,0
APP05503,REQ0124,SRC06,2025-11-23,20251123,S3,3,Rejected,R09,0
APP05504,REQ0124,SRC08,2025-10-05,20251005,S1,1,Rejected,R08,0
APP05505,REQ0124,SRC01,2025-06-15,20250615,S1,1,Withdrew,R05,0
APP05506,REQ0124,SRC08,2025-08-12,20250812,S3,3,Rejected,R09,0
APP05507,REQ0124,SRC06,2025-06-07,20250607,S3,3,Rejected,R09,0
APP05508,REQ0124,SRC08,2025-09-26,20250926,S3,3,Rejected,R09,0
APP05509,REQ0124,SRC02,2025-07-07,20250707,S3,3,Rejected,R09,0
APP05510,REQ0124,SRC02,2025-07-25,20250725,S1,1,Rejected,R01,0
APP05511,REQ0124,SRC01,2025-06-19,20250619,S3,3,Rejected,R09,0
APP05512,REQ0124,SRC06,2025-09-27,20250927,S3,3,Rejected,R09,0
APP05513,REQ0124,SRC01,2025-06-25,20250625,S3,3,Rejected,R09,0
APP05514,REQ0124,SRC02,2025-08-16,20250816,S1,1,Withdrew,R05,0
APP05515,REQ0124,SRC03,2025-12-06,20251206,S2,2,Rejected,R08,0
APP05516,REQ0124,SRC06,2025-08-29,20250829,S1,1,Rejected,R08,0
APP05517,REQ0124,SRC01,2025-10-23,20251023,S1,1,Rejected,R01,0
APP05518,REQ0124,SRC03,2025-08-03,20250803,S2,2,Rejected,R03,0
APP05519,REQ0124,SRC01,2025-08-21,20250821,S2,2,Rejected,R01,0
APP05520,REQ0124,SRC04,2025-07-24,20250724,S2,2,Withdrew,R05,0
APP05521,REQ0124,SRC02,2025-11-27,20251127,S2,2,Withdrew,R05,0
APP05522,REQ0124,SRC03,2025-09-07,20250907,S1,1,Rejected,R01,0
APP05523,REQ0125,SRC01,2024-03-16,20240316,S5,5,Rejected,R02,0
APP05524,REQ0125,SRC03,2024-03-09,20240309,S1,1,Rejected,R01,0
APP05525,REQ0125,SRC02,2024-03-05,20240305,S2,2,Rejected,R08,0
APP05526,REQ0125,SRC02,2024-02-22,20240222,S2,2,Rejected,R03,0
APP05527,REQ0125,SRC06,2024-03-10,20240310,S2,2,Withdrew,R05,0
APP05528,REQ0125,SRC08,2024-02-16,20240216,S3,3,Withdrew,R05,0
APP05529,REQ0125,SRC01,2024-02-27,20240227,S1,1,Withdrew,R05,0
APP05530,REQ0125,SRC02,2024-03-09,20240309,S1,1,Rejected,R01,0
APP05531,REQ0125,SRC01,2024-03-09,20240309,S3,3,Rejected,R02,0
APP05532,REQ0125,SRC03,2024-03-20,20240320,S1,1,Withdrew,R05,0
APP05533,REQ0125,SRC01,2024-03-17,20240317,S3,3,Rejected,R01,0
APP05534,REQ0125,SRC03,2024-02-16,20240216,S6,6,Withdrew,R04,0
APP05535,REQ0125,SRC02,2024-03-09,20240309,S1,1,Rejected,R01,0
APP05536,REQ0125,SRC05,2024-03-16,20240316,S1,1,Withdrew,R05,0
APP05537,REQ0125,SRC01,2024-02-18,20240218,S2,2,Rejected,R01,0
APP05538,REQ0125,SRC02,2024-03-03,20240303,S1,1,Rejected,R01,0
APP05539,REQ0125,SRC03,2024-03-09,20240309,S2,2,Withdrew,R05,0
APP05540,REQ0125,SRC02,2024-03-14,20240314,S1,1,Rejected,R01,0
APP05541,REQ0125,SRC06,2024-03-16,20240316,S1,1,Withdrew,R05,0
APP05542,REQ0125,SRC03,2024-02-18,20240218,S1,1,Rejected,R01,0
APP05543,REQ0125,SRC01,2024-03-01,20240301,S3,3,Withdrew,R05,0
APP05544,REQ0125,SRC05,2024-03-16,20240316,S1,1,Rejected,R01,0
APP05545,REQ0125,SRC01,2024-03-04,20240304,S1,1,Withdrew,R05,0
APP05546,REQ0125,SRC07,2024-03-16,20240316,S1,1,Withdrew,R05,0
APP05547,REQ0125,SRC06,2024-03-02,20240302,S2,2,Rejected,R03,0
APP05548,REQ0125,SRC02,2024-03-16,20240316,S5,5,Rejected,R02,0
APP05549,REQ0125,SRC06,2024-02-23,20240223,S1,1,Withdrew,R05,0
APP05550,REQ0125,SRC08,2024-03-08,20240308,S1,1,Withdrew,R05,0
APP05551,REQ0125,SRC03,2024-02-16,20240216,S1,1,Rejected,R01,0
APP05552,REQ0125,SRC01,2024-03-05,20240305,S1,1,Rejected,R01,0
APP05553,REQ0125,SRC02,2024-03-08,20240308,S4,4,Rejected,R02,0
APP05554,REQ0125,SRC06,2024-02-20,20240220,S2,2,Rejected,R01,0
APP05555,REQ0125,SRC06,2024-03-02,20240302,S1,1,Rejected,R08,0
APP05556,REQ0125,SRC03,2024-02-18,20240218,S2,2,Rejected,R01,0
APP05557,REQ0125,SRC02,2024-03-11,20240311,S1,1,Rejected,R01,0
APP05558,REQ0125,SRC02,2024-02-27,20240227,S1,1,Rejected,R08,0
APP05559,REQ0125,SRC08,2024-02-26,20240226,S3,3,Rejected,R07,0
APP05560,REQ0125,SRC01,2024-03-18,20240318,S2,2,Rejected,R01,0
APP05561,REQ0125,SRC06,2024-03-13,20240313,S3,3,Rejected,R02,0
APP05562,REQ0125,SRC02,2024-03-07,20240307,S1,1,Rejected,R01,0
APP05563,REQ0125,SRC08,2024-02-27,20240227,S1,1,Withdrew,R05,0
APP05564,REQ0125,SRC08,2024-02-17,20240217,S1,1,Rejected,R08,0
APP05565,REQ0125,SRC01,2024-03-04,20240304,S3,3,Withdrew,R04,0
APP05566,REQ0125,SRC06,2024-03-09,20240309,S1,1,Withdrew,R05,0
APP05567,REQ0125,SRC01,2024-03-10,20240310,S1,1,Rejected,R08,0
APP05568,REQ0125,SRC06,2024-02-19,20240219,S1,1,Withdrew,R05,0
APP05569,REQ0125,SRC01,2024-03-11,20240311,S3,3,Withdrew,R04,0
APP05570,REQ0125,SRC03,2024-03-12,20240312,S8,8,Hired,R99,1
APP05571,REQ0125,SRC07,2024-03-13,20240313,S1,1,Rejected,R01,0
APP05572,REQ0125,SRC05,2024-03-20,20240320,S4,4,Rejected,R07,0
APP05573,REQ0125,SRC02,2024-03-16,20240316,S1,1,Withdrew,R05,0
APP05574,REQ0125,SRC01,2024-03-08,20240308,S1,1,Rejected,R01,0
APP05575,REQ0125,SRC01,2024-03-07,20240307,S1,1,Rejected,R01,0
APP05576,REQ0125,SRC06,2024-03-11,20240311,S1,1,Rejected,R01,0
APP05577,REQ0125,SRC07,2024-03-14,20240314,S1,1,Rejected,R01,0
APP05578,REQ0125,SRC08,2024-02-29,20240229,S1,1,Rejected,R08,0
APP05579,REQ0125,SRC04,2024-02-20,20240220,S1,1,Withdrew,R05,0
APP05580,REQ0125,SRC08,2024-03-11,20240311,S1,1,Rejected,R01,0
APP05581,REQ0125,SRC01,2024-02-25,20240225,S1,1,Rejected,R01,0
APP05582,REQ0126,SRC06,2024-01-26,20240126,S3,3,Rejected,R02,0
APP05583,REQ0126,SRC08,2024-01-24,20240124,S6,6,Rejected,R02,0
APP05584,REQ0126,SRC08,2024-01-23,20240123,S3,3,Rejected,R02,0
APP05585,REQ0126,SRC02,2024-05-12,20240512,S1,1,Rejected,R01,0
APP05586,REQ0126,SRC08,2024-04-01,20240401,S1,1,Rejected,R01,0
APP05587,REQ0126,SRC04,2024-04-13,20240413,S1,1,Rejected,R01,0
APP05588,REQ0126,SRC03,2024-04-24,20240424,S1,1,Withdrew,R05,0
APP05589,REQ0126,SRC08,2024-04-03,20240403,S5,5,Withdrew,R04,0
APP05590,REQ0126,SRC01,2024-02-22,20240222,S4,4,Rejected,R07,0
APP05591,REQ0126,SRC01,2024-02-25,20240225,S1,1,Rejected,R08,0
APP05592,REQ0126,SRC01,2024-02-10,20240210,S1,1,Withdrew,R05,0
APP05593,REQ0126,SRC08,2024-04-30,20240430,S1,1,Rejected,R01,0
APP05594,REQ0126,SRC01,2024-01-26,20240126,S2,2,Rejected,R08,0
APP05595,REQ0126,SRC01,2024-02-21,20240221,S1,1,Rejected,R01,0
APP05596,REQ0126,SRC02,2024-04-27,20240427,S2,2,Withdrew,R05,0
APP05597,REQ0126,SRC06,2024-03-09,20240309,S1,1,Rejected,R01,0
APP05598,REQ0126,SRC02,2024-02-13,20240213,S2,2,Withdrew,R05,0
APP05599,REQ0126,SRC01,2024-03-09,20240309,S1,1,Rejected,R01,0
APP05600,REQ0126,SRC07,2024-03-07,20240307,S1,1,Rejected,R01,0
APP05601,REQ0126,SRC05,2024-05-09,20240509,S3,3,Withdrew,R05,0
APP05602,REQ0126,SRC06,2024-03-14,20240314,S1,1,Withdrew,R05,0
APP05603,REQ0126,SRC06,2024-01-29,20240129,S1,1,Rejected,R01,0
APP05604,REQ0126,SRC03,2024-04-12,20240412,S1,1,Withdrew,R05,0
APP05605,REQ0126,SRC06,2024-04-19,20240419,S1,1,Rejected,R01,0
APP05606,REQ0126,SRC06,2024-03-15,20240315,S2,2,Rejected,R03,0
APP05607,REQ0126,SRC08,2024-02-24,20240224,S6,6,Rejected,R03,0
APP05608,REQ0126,SRC08,2024-05-09,20240509,S1,1,Rejected,R01,0
APP05609,REQ0126,SRC06,2024-05-02,20240502,S1,1,Rejected,R08,0
APP05610,REQ0126,SRC08,2024-04-12,20240412,S3,3,Rejected,R07,0
APP05611,REQ0126,SRC06,2024-03-05,20240305,S3,3,Rejected,R07,0
APP05612,REQ0126,SRC06,2024-04-10,20240410,S3,3,Rejected,R07,0
APP05613,REQ0126,SRC03,2024-02-26,20240226,S1,1,Rejected,R01,0
APP05614,REQ0126,SRC01,2024-03-24,20240324,S3,3,Rejected,R07,0
APP05615,REQ0126,SRC04,2024-04-13,20240413,S1,1,Rejected,R01,0
APP05616,REQ0126,SRC01,2024-04-21,20240421,S2,2,Withdrew,R04,0
APP05617,REQ0126,SRC02,2024-03-14,20240314,S1,1,Rejected,R01,0
APP05618,REQ0126,SRC08,2024-04-17,20240417,S1,1,Withdrew,R05,0
APP05619,REQ0126,SRC08,2024-04-10,20240410,S5,5,Rejected,R07,0
APP05620,REQ0126,SRC01,2024-02-11,20240211,S1,1,Rejected,R01,0
APP05621,REQ0126,SRC02,2024-05-05,20240505,S1,1,Withdrew,R05,0
APP05622,REQ0126,SRC04,2024-03-13,20240313,S8,8,Hired,R99,1
APP05623,REQ0126,SRC03,2024-04-22,20240422,S1,1,Rejected,R01,0
APP05624,REQ0126,SRC06,2024-04-30,20240430,S8,8,Hired,R99,1
APP05625,REQ0126,SRC02,2024-02-29,20240229,S5,5,Rejected,R07,0
APP05626,REQ0126,SRC08,2024-03-07,20240307,S1,1,Withdrew,R05,0
APP05627,REQ0126,SRC01,2024-04-17,20240417,S3,3,Rejected,R01,0
APP05628,REQ0126,SRC01,2024-03-18,20240318,S1,1,Withdrew,R05,0
APP05629,REQ0126,SRC01,2024-02-27,20240227,S1,1,Rejected,R08,0
APP05630,REQ0126,SRC01,2024-01-23,20240123,S2,2,Withdrew,R04,0
APP05631,REQ0126,SRC01,2024-03-18,20240318,S1,1,Rejected,R01,0
APP05632,REQ0126,SRC01,2024-04-01,20240401,S1,1,Rejected,R01,0
APP05633,REQ0126,SRC05,2024-01-22,20240122,S1,1,Rejected,R01,0
APP05634,REQ0126,SRC01,2024-02-26,20240226,S1,1,Rejected,R01,0
APP05635,REQ0126,SRC03,2024-04-19,20240419,S1,1,Rejected,R01,0
APP05636,REQ0127,SRC06,2025-09-14,20250914,S1,1,Rejected,R01,0
APP05637,REQ0127,SRC01,2025-11-14,20251114,S2,2,Rejected,R03,0
APP05638,REQ0127,SRC01,2025-10-21,20251021,S2,2,Withdrew,R04,0
APP05639,REQ0127,SRC06,2025-10-29,20251029,S2,2,Rejected,R08,0
APP05640,REQ0127,SRC08,2025-11-18,20251118,S1,1,Rejected,R01,0
APP05641,REQ0127,SRC06,2025-10-03,20251003,S3,3,Rejected,R01,0
APP05642,REQ0127,SRC08,2025-09-11,20250911,S3,3,Withdrew,R05,0
APP05643,REQ0127,SRC04,2025-09-23,20250923,S1,1,Rejected,R01,0
APP05644,REQ0127,SRC01,2025-10-04,20251004,S3,3,Withdrew,R04,0
APP05645,REQ0127,SRC08,2025-10-21,20251021,S1,1,Rejected,R01,0
APP05646,REQ0127,SRC01,2025-10-29,20251029,S1,1,Withdrew,R05,0
APP05647,REQ0127,SRC02,2025-10-22,20251022,S2,2,Rejected,R08,0
APP05648,REQ0127,SRC01,2025-10-20,20251020,S1,1,Rejected,R01,0
APP05649,REQ0127,SRC08,2025-10-12,20251012,S6,6,Rejected,R02,0
APP05650,REQ0127,SRC06,2025-10-30,20251030,S3,3,Rejected,R01,0
APP05651,REQ0127,SRC02,2025-10-12,20251012,S1,1,Rejected,R01,0
APP05652,REQ0127,SRC01,2025-09-15,20250915,S1,1,Rejected,R01,0
APP05653,REQ0127,SRC05,2025-11-05,20251105,S1,1,Withdrew,R05,0
APP05654,REQ0127,SRC02,2025-11-07,20251107,S6,6,Rejected,R03,0
APP05655,REQ0127,SRC02,2025-10-31,20251031,S1,1,Rejected,R01,0
APP05656,REQ0127,SRC08,2025-10-15,20251015,S1,1,Rejected,R08,0
APP05657,REQ0127,SRC06,2025-11-01,20251101,S1,1,Rejected,R01,0
APP05658,REQ0127,SRC06,2025-11-02,20251102,S3,3,Rejected,R01,0
APP05659,REQ0127,SRC02,2025-11-07,20251107,S6,6,Rejected,R02,0
APP05660,REQ0127,SRC06,2025-11-05,20251105,S1,1,Withdrew,R05,0
APP05661,REQ0127,SRC02,2025-10-11,20251011,S3,3,Rejected,R02,0
APP05662,REQ0127,SRC05,2025-10-05,20251005,S3,3,Withdrew,R05,0
APP05663,REQ0127,SRC07,2025-09-22,20250922,S1,1,Rejected,R01,0
APP05664,REQ0127,SRC02,2025-09-23,20250923,S1,1,Rejected,R01,0
APP05665,REQ0127,SRC04,2025-11-19,20251119,S1,1,Rejected,R08,0
APP05666,REQ0127,SRC08,2025-10-11,20251011,S1,1,Rejected,R01,0
APP05667,REQ0127,SRC08,2025-09-22,20250922,S2,2,Rejected,R01,0
APP05668,REQ0127,SRC06,2025-09-09,20250909,S3,3,Rejected,R01,0
APP05669,REQ0127,SRC04,2025-10-28,20251028,S4,4,Withdrew,R04,0
APP05670,REQ0127,SRC01,2025-10-05,20251005,S3,3,Withdrew,R04,0
APP05671,REQ0127,SRC01,2025-10-20,20251020,S1,1,Rejected,R01,0
APP05672,REQ0127,SRC06,2025-11-17,20251117,S1,1,Rejected,R01,0
APP05673,REQ0127,SRC07,2025-10-03,20251003,S1,1,Rejected,R01,0
APP05674,REQ0127,SRC02,2025-11-24,20251124,S1,1,Rejected,R01,0
APP05675,REQ0127,SRC06,2025-11-04,20251104,S1,1,Rejected,R01,0
APP05676,REQ0127,SRC08,2025-11-10,20251110,S3,3,Withdrew,R05,0
APP05677,REQ0127,SRC06,2025-11-04,20251104,S3,3,Rejected,R07,0
APP05678,REQ0127,SRC04,2025-09-28,20250928,S1,1,Rejected,R08,0
APP05679,REQ0127,SRC08,2025-10-24,20251024,S1,1,Withdrew,R05,0
APP05680,REQ0127,SRC08,2025-11-11,20251111,S6,6,Rejected,R02,0
APP05681,REQ0127,SRC03,2025-09-08,20250908,S1,1,Rejected,R01,0
APP05682,REQ0127,SRC01,2025-09-26,20250926,S2,2,Withdrew,R04,0
APP05683,REQ0127,SRC02,2025-10-03,20251003,S1,1,Rejected,R01,0
APP05684,REQ0127,SRC05,2025-09-24,20250924,S1,1,Rejected,R08,0
APP05685,REQ0127,SRC01,2025-11-06,20251106,S1,1,Rejected,R01,0
APP05686,REQ0127,SRC02,2025-11-16,20251116,S2,2,Rejected,R03,0
APP05687,REQ0127,SRC01,2025-10-02,20251002,S3,3,Withdrew,R04,0
APP05688,REQ0127,SRC02,2025-09-25,20250925,S1,1,Withdrew,R05,0
APP05689,REQ0127,SRC07,2025-10-07,20251007,S2,2,Withdrew,R05,0
APP05690,REQ0127,SRC05,2025-11-04,20251104,S2,2,Rejected,R08,0
APP05691,REQ0127,SRC08,2025-09-23,20250923,S1,1,Withdrew,R05,0
APP05692,REQ0128,SRC01,2025-02-28,20250228,S2,2,Rejected,R08,0
APP05693,REQ0128,SRC03,2025-01-23,20250123,S6,6,Rejected,R02,0
APP05694,REQ0128,SRC01,2025-04-01,20250401,S2,2,Rejected,R03,0
APP05695,REQ0128,SRC01,2025-04-07,20250407,S1,1,Rejected,R08,0
APP05696,REQ0128,SRC02,2025-02-15,20250215,S1,1,Rejected,R01,0
APP05697,REQ0128,SRC06,2025-02-06,20250206,S1,1,Rejected,R08,0
APP05698,REQ0128,SRC07,2025-03-02,20250302,S1,1,Withdrew,R05,0
APP05699,REQ0128,SRC07,2025-03-11,20250311,S1,1,Rejected,R01,0
APP05700,REQ0128,SRC01,2025-02-27,20250227,S2,2,Rejected,R03,0
APP05701,REQ0128,SRC08,2025-03-15,20250315,S2,2,Rejected,R03,0
APP05702,REQ0128,SRC02,2025-01-31,20250131,S1,1,Rejected,R01,0
APP05703,REQ0128,SRC01,2025-03-30,20250330,S1,1,Rejected,R01,0
APP05704,REQ0128,SRC06,2025-03-27,20250327,S1,1,Rejected,R08,0
APP05705,REQ0128,SRC01,2025-03-19,20250319,S1,1,Rejected,R01,0
APP05706,REQ0128,SRC01,2025-02-15,20250215,S2,2,Withdrew,R04,0
APP05707,REQ0128,SRC01,2025-01-28,20250128,S1,1,Rejected,R01,0
APP05708,REQ0128,SRC01,2025-01-27,20250127,S2,2,Withdrew,R04,0
APP05709,REQ0128,SRC03,2025-02-08,20250208,S1,1,Rejected,R01,0
APP05710,REQ0128,SRC08,2025-02-26,20250226,S1,1,Rejected,R01,0
APP05711,REQ0128,SRC02,2025-04-07,20250407,S3,3,Withdrew,R04,0
APP05712,REQ0128,SRC03,2025-01-24,20250124,S5,5,Rejected,R02,0
APP05713,REQ0128,SRC03,2025-02-19,20250219,S1,1,Rejected,R08,0
APP05714,REQ0128,SRC06,2025-01-24,20250124,S1,1,Withdrew,R05,0
APP05715,REQ0128,SRC06,2025-03-13,20250313,S5,5,Rejected,R07,0
APP05716,REQ0128,SRC01,2025-02-01,20250201,S1,1,Rejected,R01,0
APP05717,REQ0128,SRC03,2025-03-27,20250327,S4,4,Rejected,R07,0
APP05718,REQ0128,SRC06,2025-01-20,20250120,S1,1,Rejected,R08,0
APP05719,REQ0128,SRC07,2025-02-13,20250213,S8,8,Hired,R99,1
APP05720,REQ0128,SRC01,2025-03-10,20250310,S2,2,Withdrew,R05,0
APP05721,REQ0128,SRC02,2025-03-15,20250315,S2,2,Withdrew,R05,0
APP05722,REQ0128,SRC06,2025-02-13,20250213,S2,2,Rejected,R08,0
APP05723,REQ0128,SRC02,2025-03-26,20250326,S1,1,Rejected,R01,0
APP05724,REQ0128,SRC07,2025-03-26,20250326,S1,1,Withdrew,R05,0
APP05725,REQ0128,SRC06,2025-02-11,20250211,S3,3,Rejected,R01,0
APP05726,REQ0128,SRC02,2025-03-02,20250302,S1,1,Rejected,R08,0
APP05727,REQ0128,SRC01,2025-02-24,20250224,S2,2,Rejected,R03,0
APP05728,REQ0128,SRC01,2025-02-25,20250225,S2,2,Withdrew,R04,0
APP05729,REQ0128,SRC01,2025-03-08,20250308,S1,1,Rejected,R01,0
APP05730,REQ0128,SRC08,2025-01-24,20250124,S2,2,Withdrew,R05,0
APP05731,REQ0128,SRC05,2025-02-03,20250203,S5,5,Withdrew,R04,0
APP05732,REQ0128,SRC03,2025-02-03,20250203,S1,1,Rejected,R08,0
APP05733,REQ0128,SRC06,2025-02-04,20250204,S5,5,Rejected,R07,0
APP05734,REQ0128,SRC03,2025-04-03,20250403,S2,2,Withdrew,R04,0
APP05735,REQ0128,SRC03,2025-03-01,20250301,S3,3,Withdrew,R05,0
APP05736,REQ0128,SRC08,2025-01-30,20250130,S5,5,Withdrew,R04,0
APP05737,REQ0128,SRC07,2025-02-13,20250213,S1,1,Withdrew,R05,0
APP05738,REQ0128,SRC07,2025-01-25,20250125,S3,3,Withdrew,R05,0
APP05739,REQ0128,SRC01,2025-02-27,20250227,S4,4,Rejected,R02,0
APP05740,REQ0128,SRC02,2025-02-27,20250227,S2,2,Rejected,R01,0
APP05741,REQ0128,SRC08,2025-03-27,20250327,S2,2,Rejected,R03,0
APP05742,REQ0128,SRC02,2025-02-14,20250214,S2,2,Withdrew,R05,0
APP05743,REQ0128,SRC05,2025-03-02,20250302,S1,1,Withdrew,R05,0
APP05744,REQ0128,SRC06,2025-02-02,20250202,S3,3,Rejected,R01,0
APP05745,REQ0128,SRC01,2025-03-01,20250301,S1,1,Rejected,R08,0
APP05746,REQ0128,SRC02,2025-03-02,20250302,S1,1,Rejected,R08,0
APP05747,REQ0128,SRC08,2025-03-24,20250324,S1,1,Withdrew,R05,0
APP05748,REQ0128,SRC05,2025-02-08,20250208,S4,4,Withdrew,R04,0
APP05749,REQ0128,SRC08,2025-03-20,20250320,S8,8,Hired,R99,1
APP05750,REQ0128,SRC03,2025-04-01,20250401,S2,2,Rejected,R08,0
APP05751,REQ0128,SRC01,2025-02-14,20250214,S1,1,Rejected,R01,0
APP05752,REQ0128,SRC04,2025-01-31,20250131,S1,1,Rejected,R01,0
APP05753,REQ0128,SRC01,2025-02-19,20250219,S1,1,Rejected,R01,0
APP05754,REQ0128,SRC01,2025-01-21,20250121,S4,4,Rejected,R02,0
APP05755,REQ0128,SRC02,2025-01-26,20250126,S3,3,Withdrew,R05,0
APP05756,REQ0128,SRC04,2025-03-17,20250317,S1,1,Withdrew,R05,0
APP05757,REQ0129,SRC07,2024-10-07,20241007,S1,1,Rejected,R08,0
APP05758,REQ0129,SRC06,2024-10-09,20241009,S1,1,Rejected,R01,0
APP05759,REQ0129,SRC06,2024-10-18,20241018,S3,3,Withdrew,R05,0
APP05760,REQ0129,SRC08,2024-10-31,20241031,S1,1,Rejected,R01,0
APP05761,REQ0129,SRC07,2024-11-01,20241101,S1,1,Rejected,R08,0
APP05762,REQ0129,SRC06,2024-10-21,20241021,S1,1,Rejected,R01,0
APP05763,REQ0129,SRC03,2024-10-21,20241021,S3,3,Rejected,R01,0
APP05764,REQ0129,SRC01,2024-11-20,20241120,S1,1,Rejected,R08,0
APP05765,REQ0129,SRC08,2024-10-31,20241031,S1,1,Rejected,R08,0
APP05766,REQ0129,SRC03,2024-10-03,20241003,S1,1,Withdrew,R05,0
APP05767,REQ0129,SRC01,2024-12-01,20241201,S3,3,Rejected,R01,0
APP05768,REQ0129,SRC06,2024-11-15,20241115,S1,1,Rejected,R01,0
APP05769,REQ0129,SRC06,2024-11-10,20241110,S3,3,Rejected,R02,0
APP05770,REQ0129,SRC01,2024-10-25,20241025,S8,8,Hired,R99,1
APP05771,REQ0129,SRC01,2024-11-01,20241101,S3,3,Rejected,R02,0
APP05772,REQ0129,SRC01,2024-10-08,20241008,S1,1,Rejected,R01,0
APP05773,REQ0129,SRC05,2024-11-17,20241117,S1,1,Rejected,R01,0
APP05774,REQ0129,SRC08,2024-11-29,20241129,S1,1,Rejected,R08,0
APP05775,REQ0129,SRC02,2024-11-26,20241126,S1,1,Rejected,R01,0
APP05776,REQ0129,SRC06,2024-11-12,20241112,S1,1,Rejected,R08,0
APP05777,REQ0129,SRC02,2024-10-30,20241030,S1,1,Rejected,R01,0
APP05778,REQ0129,SRC06,2024-12-01,20241201,S1,1,Rejected,R01,0
APP05779,REQ0129,SRC08,2024-11-02,20241102,S1,1,Rejected,R08,0
APP05780,REQ0129,SRC01,2024-11-02,20241102,S1,1,Rejected,R01,0
APP05781,REQ0129,SRC02,2024-11-13,20241113,S1,1,Rejected,R01,0
APP05782,REQ0129,SRC01,2024-11-13,20241113,S6,6,Rejected,R02,0
APP05783,REQ0129,SRC03,2024-11-15,20241115,S1,1,Rejected,R01,0
APP05784,REQ0129,SRC01,2024-11-01,20241101,S1,1,Withdrew,R05,0
APP05785,REQ0129,SRC07,2024-11-01,20241101,S2,2,Withdrew,R04,0
APP05786,REQ0129,SRC08,2024-11-28,20241128,S1,1,Rejected,R01,0
APP05787,REQ0129,SRC01,2024-11-19,20241119,S3,3,Withdrew,R05,0
APP05788,REQ0129,SRC02,2024-11-03,20241103,S1,1,Rejected,R01,0
APP05789,REQ0129,SRC08,2024-10-30,20241030,S1,1,Rejected,R01,0
APP05790,REQ0129,SRC02,2024-11-19,20241119,S3,3,Rejected,R01,0
APP05791,REQ0129,SRC08,2024-10-18,20241018,S1,1,Withdrew,R05,0
APP05792,REQ0130,SRC07,2026-01-19,20260119,S1,1,Rejected,R08,0
APP05793,REQ0130,SRC02,2026-01-02,20260102,S3,3,Withdrew,R05,0
APP05794,REQ0130,SRC04,2026-01-14,20260114,S8,8,Hired,R99,1
APP05795,REQ0130,SRC08,2025-12-29,20251229,S2,2,Withdrew,R04,0
APP05796,REQ0130,SRC02,2026-01-01,20260101,S3,3,Withdrew,R05,0
APP05797,REQ0130,SRC03,2025-12-22,20251222,S2,2,Rejected,R08,0
APP05798,REQ0130,SRC04,2026-01-14,20260114,S2,2,Rejected,R01,0
APP05799,REQ0130,SRC02,2026-01-06,20260106,S1,1,Rejected,R01,0
APP05800,REQ0130,SRC02,2025-12-14,20251214,S1,1,Rejected,R08,0
APP05801,REQ0130,SRC04,2026-01-09,20260109,S2,2,Rejected,R01,0
APP05802,REQ0130,SRC07,2026-01-18,20260118,S1,1,Rejected,R01,0
APP05803,REQ0130,SRC03,2026-01-07,20260107,S4,4,Withdrew,R04,0
APP05804,REQ0130,SRC06,2026-01-03,20260103,S3,3,Withdrew,R04,0
APP05805,REQ0130,SRC07,2026-01-15,20260115,S8,8,Hired,R99,1
APP05806,REQ0130,SRC02,2025-12-29,20251229,S4,4,Rejected,R07,0
APP05807,REQ0130,SRC04,2025-12-24,20251224,S1,1,Rejected,R08,0
APP05808,REQ0130,SRC03,2026-01-05,20260105,S2,2,Rejected,R08,0
APP05809,REQ0130,SRC07,2025-12-17,20251217,S1,1,Rejected,R01,0
APP05810,REQ0130,SRC01,2025-12-26,20251226,S6,6,Rejected,R02,0
APP05811,REQ0130,SRC03,2025-12-17,20251217,S2,2,Rejected,R03,0
APP05812,REQ0130,SRC01,2026-01-11,20260111,S1,1,Withdrew,R05,0
APP05813,REQ0130,SRC01,2026-01-12,20260112,S1,1,Rejected,R01,0
APP05814,REQ0130,SRC07,2026-01-17,20260117,S1,1,Withdrew,R05,0
APP05815,REQ0130,SRC07,2026-01-20,20260120,S1,1,Rejected,R08,0
APP05816,REQ0130,SRC06,2026-01-13,20260113,S3,3,Withdrew,R05,0
APP05817,REQ0130,SRC04,2026-01-24,20260124,S1,1,Rejected,R01,0
APP05818,REQ0130,SRC01,2025-12-30,20251230,S1,1,Withdrew,R05,0
APP05819,REQ0130,SRC01,2025-12-25,20251225,S1,1,Rejected,R01,0
APP05820,REQ0130,SRC01,2026-01-11,20260111,S3,3,Rejected,R07,0
APP05821,REQ0130,SRC08,2025-12-19,20251219,S1,1,Rejected,R01,0
APP05822,REQ0130,SRC01,2025-12-16,20251216,S3,3,Withdrew,R05,0
APP05823,REQ0130,SRC01,2026-01-12,20260112,S1,1,Rejected,R01,0
APP05824,REQ0130,SRC01,2026-01-13,20260113,S5,5,Rejected,R03,0
APP05825,REQ0130,SRC01,2025-12-24,20251224,S2,2,Rejected,R08,0
APP05826,REQ0130,SRC08,2025-12-23,20251223,S1,1,Withdrew,R05,0
APP05827,REQ0130,SRC03,2025-12-15,20251215,S1,1,Withdrew,R05,0
APP05828,REQ0130,SRC01,2026-01-09,20260109,S2,2,Withdrew,R04,0
APP05829,REQ0130,SRC02,2026-01-17,20260117,S1,1,Rejected,R01,0
APP05830,REQ0130,SRC01,2025-12-30,20251230,S1,1,Rejected,R01,0
APP05831,REQ0130,SRC01,2026-01-08,20260108,S2,2,Rejected,R08,0
APP05832,REQ0130,SRC06,2025-12-17,20251217,S5,5,Rejected,R03,0
APP05833,REQ0130,SRC01,2025-12-25,20251225,S1,1,Rejected,R08,0
APP05834,REQ0130,SRC02,2025-12-24,20251224,S3,3,Withdrew,R04,0
APP05835,REQ0130,SRC06,2025-12-16,20251216,S1,1,Rejected,R01,0
APP05836,REQ0130,SRC01,2025-12-25,20251225,S2,2,Withdrew,R05,0
APP05837,REQ0130,SRC01,2026-01-27,20260127,S1,1,Rejected,R08,0
APP05838,REQ0130,SRC08,2026-01-24,20260124,S7,7,Withdrew,R06,0
APP05839,REQ0130,SRC05,2026-01-10,20260110,S3,3,Withdrew,R04,0
APP05840,REQ0130,SRC01,2026-01-03,20260103,S2,2,Withdrew,R04,0
APP05841,REQ0131,SRC02,2025-03-21,20250321,S1,1,Rejected,R01,0
APP05842,REQ0131,SRC07,2025-03-25,20250325,S1,1,Rejected,R01,0
APP05843,REQ0131,SRC06,2025-04-25,20250425,S3,3,Withdrew,R04,0
APP05844,REQ0131,SRC06,2025-04-07,20250407,S1,1,Rejected,R08,0
APP05845,REQ0131,SRC02,2025-03-21,20250321,S3,3,Withdrew,R05,0
APP05846,REQ0131,SRC08,2025-04-15,20250415,S1,1,Rejected,R08,0
APP05847,REQ0131,SRC01,2025-03-23,20250323,S1,1,Rejected,R08,0
APP05848,REQ0131,SRC01,2025-04-10,20250410,S1,1,Withdrew,R05,0
APP05849,REQ0131,SRC02,2025-04-02,20250402,S7,7,Withdrew,R06,0
APP05850,REQ0131,SRC03,2025-04-08,20250408,S2,2,Rejected,R03,0
APP05851,REQ0131,SRC02,2025-03-31,20250331,S3,3,Withdrew,R05,0
APP05852,REQ0131,SRC06,2025-04-05,20250405,S4,4,Withdrew,R04,0
APP05853,REQ0131,SRC01,2025-04-10,20250410,S1,1,Rejected,R08,0
APP05854,REQ0131,SRC04,2025-03-17,20250317,S1,1,Rejected,R01,0
APP05855,REQ0131,SRC02,2025-03-31,20250331,S6,6,Rejected,R03,0
APP05856,REQ0131,SRC06,2025-03-18,20250318,S1,1,Withdrew,R05,0
APP05857,REQ0131,SRC06,2025-03-24,20250324,S1,1,Withdrew,R05,0
APP05858,REQ0131,SRC01,2025-03-28,20250328,S1,1,Rejected,R08,0
APP05859,REQ0131,SRC01,2025-04-09,20250409,S2,2,Withdrew,R05,0
APP05860,REQ0131,SRC01,2025-04-06,20250406,S3,3,Withdrew,R05,0
APP05861,REQ0131,SRC05,2025-03-17,20250317,S1,1,Rejected,R01,0
APP05862,REQ0131,SRC01,2025-04-08,20250408,S3,3,Withdrew,R05,0
APP05863,REQ0131,SRC02,2025-03-27,20250327,S1,1,Rejected,R08,0
APP05864,REQ0131,SRC07,2025-03-27,20250327,S1,1,Rejected,R08,0
APP05865,REQ0131,SRC08,2025-04-22,20250422,S2,2,Withdrew,R04,0
APP05866,REQ0131,SRC01,2025-03-28,20250328,S1,1,Rejected,R08,0
APP05867,REQ0131,SRC06,2025-03-31,20250331,S1,1,Rejected,R01,0
APP05868,REQ0131,SRC06,2025-03-23,20250323,S4,4,Rejected,R02,0
APP05869,REQ0131,SRC05,2025-04-20,20250420,S1,1,Rejected,R01,0
APP05870,REQ0132,SRC01,2024-11-13,20241113,S4,4,Rejected,R02,0
APP05871,REQ0132,SRC06,2024-11-08,20241108,S1,1,Rejected,R01,0
APP05872,REQ0132,SRC06,2024-11-13,20241113,S1,1,Withdrew,R05,0
APP05873,REQ0132,SRC07,2024-10-09,20241009,S1,1,Withdrew,R05,0
APP05874,REQ0132,SRC04,2024-10-27,20241027,S2,2,Withdrew,R05,0
APP05875,REQ0132,SRC03,2024-11-12,20241112,S1,1,Rejected,R01,0
APP05876,REQ0132,SRC01,2024-11-07,20241107,S1,1,Rejected,R01,0
APP05877,REQ0132,SRC03,2024-10-18,20241018,S3,3,Withdrew,R04,0
APP05878,REQ0132,SRC01,2024-10-24,20241024,S6,6,Rejected,R07,0
APP05879,REQ0132,SRC07,2024-10-28,20241028,S1,1,Rejected,R08,0
APP05880,REQ0132,SRC01,2024-10-04,20241004,S8,8,Hired,R99,1
APP05881,REQ0132,SRC02,2024-11-08,20241108,S1,1,Rejected,R01,0
APP05882,REQ0132,SRC02,2024-10-08,20241008,S3,3,Rejected,R01,0
APP05883,REQ0132,SRC01,2024-11-01,20241101,S1,1,Rejected,R01,0
APP05884,REQ0132,SRC04,2024-10-24,20241024,S1,1,Rejected,R01,0
APP05885,REQ0132,SRC06,2024-10-21,20241021,S1,1,Withdrew,R05,0
APP05886,REQ0132,SRC02,2024-11-02,20241102,S1,1,Rejected,R01,0
APP05887,REQ0132,SRC07,2024-10-28,20241028,S1,1,Rejected,R08,0
APP05888,REQ0132,SRC01,2024-10-06,20241006,S1,1,Rejected,R01,0
APP05889,REQ0132,SRC04,2024-10-15,20241015,S1,1,Rejected,R08,0
APP05890,REQ0132,SRC02,2024-11-04,20241104,S1,1,Rejected,R08,0
APP05891,REQ0132,SRC01,2024-10-18,20241018,S1,1,Rejected,R01,0
APP05892,REQ0132,SRC04,2024-10-25,20241025,S3,3,Withdrew,R05,0
APP05893,REQ0132,SRC08,2024-10-09,20241009,S1,1,Rejected,R01,0
APP05894,REQ0132,SRC05,2024-10-18,20241018,S2,2,Withdrew,R05,0
APP05895,REQ0132,SRC05,2024-11-01,20241101,S2,2,Withdrew,R05,0
APP05896,REQ0132,SRC08,2024-10-10,20241010,S1,1,Withdrew,R05,0
APP05897,REQ0132,SRC08,2024-11-01,20241101,S1,1,Rejected,R08,0
APP05898,REQ0132,SRC08,2024-11-08,20241108,S2,2,Withdrew,R04,0
APP05899,REQ0132,SRC08,2024-10-21,20241021,S1,1,Rejected,R01,0
APP05900,REQ0132,SRC08,2024-10-18,20241018,S1,1,Rejected,R01,0
APP05901,REQ0132,SRC02,2024-10-02,20241002,S1,1,Rejected,R08,0
APP05902,REQ0132,SRC06,2024-10-04,20241004,S1,1,Rejected,R08,0
APP05903,REQ0132,SRC03,2024-11-08,20241108,S3,3,Rejected,R07,0
APP05904,REQ0133,SRC02,2025-11-16,20251116,S1,1,Rejected,R01,0
APP05905,REQ0133,SRC07,2025-10-26,20251026,S7,7,Withdrew,R04,0
APP05906,REQ0133,SRC05,2025-11-15,20251115,S3,3,Withdrew,R05,0
APP05907,REQ0133,SRC05,2025-11-03,20251103,S1,1,Rejected,R08,0
APP05908,REQ0133,SRC05,2025-11-11,20251111,S1,1,Rejected,R08,0
APP05909,REQ0133,SRC07,2025-11-18,20251118,S2,2,Withdrew,R04,0
APP05910,REQ0133,SRC04,2025-11-19,20251119,S1,1,Rejected,R01,0
APP05911,REQ0133,SRC07,2025-10-30,20251030,S1,1,Withdrew,R05,0
APP05912,REQ0133,SRC01,2025-11-11,20251111,S3,3,Rejected,R07,0
APP05913,REQ0133,SRC06,2025-11-04,20251104,S2,2,Withdrew,R04,0
APP05914,REQ0133,SRC01,2025-11-16,20251116,S6,6,Withdrew,R04,0
APP05915,REQ0133,SRC02,2025-11-05,20251105,S1,1,Rejected,R08,0
APP05916,REQ0133,SRC01,2025-11-14,20251114,S2,2,Rejected,R08,0
APP05917,REQ0133,SRC06,2025-11-13,20251113,S2,2,Rejected,R03,0
APP05918,REQ0133,SRC07,2025-11-09,20251109,S1,1,Rejected,R08,0
APP05919,REQ0133,SRC06,2025-11-18,20251118,S2,2,Withdrew,R04,0
APP05920,REQ0133,SRC02,2025-11-16,20251116,S1,1,Rejected,R01,0
APP05921,REQ0133,SRC02,2025-10-26,20251026,S2,2,Withdrew,R04,0
APP05922,REQ0133,SRC03,2025-11-11,20251111,S2,2,Withdrew,R05,0
APP05923,REQ0133,SRC02,2025-11-01,20251101,S2,2,Rejected,R01,0
APP05924,REQ0133,SRC02,2025-11-08,20251108,S1,1,Rejected,R01,0
APP05925,REQ0133,SRC05,2025-11-16,20251116,S8,8,Hired,R99,1
APP05926,REQ0133,SRC03,2025-10-26,20251026,S1,1,Withdrew,R05,0
APP05927,REQ0133,SRC01,2025-11-04,20251104,S1,1,Rejected,R08,0
APP05928,REQ0133,SRC04,2025-11-08,20251108,S1,1,Rejected,R01,0
APP05929,REQ0133,SRC01,2025-10-20,20251020,S3,3,Rejected,R02,0
APP05930,REQ0133,SRC07,2025-11-17,20251117,S1,1,Rejected,R08,0
APP05931,REQ0133,SRC01,2025-11-04,20251104,S5,5,Withdrew,R04,0
APP05932,REQ0133,SRC01,2025-11-16,20251116,S1,1,Rejected,R01,0
APP05933,REQ0133,SRC01,2025-11-07,20251107,S1,1,Rejected,R01,0
APP05934,REQ0133,SRC01,2025-11-09,20251109,S1,1,Rejected,R08,0
APP05935,REQ0133,SRC08,2025-11-05,20251105,S2,2,Rejected,R01,0
APP05936,REQ0133,SRC08,2025-11-05,20251105,S2,2,Withdrew,R04,0
APP05937,REQ0133,SRC04,2025-10-27,20251027,S1,1,Rejected,R01,0
APP05938,REQ0133,SRC02,2025-11-15,20251115,S1,1,Rejected,R01,0
APP05939,REQ0133,SRC03,2025-10-23,20251023,S1,1,Rejected,R01,0
APP05940,REQ0133,SRC07,2025-10-29,20251029,S1,1,Rejected,R08,0
APP05941,REQ0133,SRC03,2025-11-05,20251105,S2,2,Withdrew,R05,0
APP05942,REQ0133,SRC02,2025-11-02,20251102,S1,1,Rejected,R01,0
APP05943,REQ0133,SRC02,2025-10-21,20251021,S2,2,Rejected,R03,0
APP05944,REQ0133,SRC07,2025-11-08,20251108,S2,2,Rejected,R01,0
APP05945,REQ0133,SRC06,2025-11-11,20251111,S1,1,Rejected,R08,0
APP05946,REQ0133,SRC04,2025-10-23,20251023,S2,2,Withdrew,R05,0
APP05947,REQ0133,SRC01,2025-10-29,20251029,S1,1,Rejected,R01,0
APP05948,REQ0133,SRC02,2025-10-24,20251024,S7,7,Rejected,R03,0
APP05949,REQ0133,SRC08,2025-10-31,20251031,S1,1,Rejected,R08,0
APP05950,REQ0133,SRC07,2025-10-31,20251031,S8,8,Hired,R99,1
APP05951,REQ0133,SRC02,2025-10-27,20251027,S2,2,Rejected,R03,0
APP05952,REQ0133,SRC02,2025-11-20,20251120,S1,1,Rejected,R01,0
APP05953,REQ0133,SRC06,2025-11-11,20251111,S2,2,Withdrew,R04,0
APP05954,REQ0133,SRC01,2025-10-24,20251024,S1,1,Rejected,R08,0
APP05955,REQ0133,SRC06,2025-11-20,20251120,S1,1,Withdrew,R05,0
APP05956,REQ0133,SRC08,2025-11-03,20251103,S4,4,Rejected,R02,0
APP05957,REQ0134,SRC06,2025-09-11,20250911,S4,4,Rejected,R07,0
APP05958,REQ0134,SRC08,2025-09-05,20250905,S5,5,Withdrew,R04,0
APP05959,REQ0134,SRC01,2025-09-10,20250910,S2,2,Rejected,R01,0
APP05960,REQ0134,SRC03,2025-09-08,20250908,S2,2,Rejected,R01,0
APP05961,REQ0134,SRC01,2025-09-11,20250911,S2,2,Rejected,R08,0
APP05962,REQ0134,SRC04,2025-09-02,20250902,S1,1,Withdrew,R05,0
APP05963,REQ0134,SRC04,2025-09-06,20250906,S1,1,Rejected,R01,0
APP05964,REQ0134,SRC06,2025-09-09,20250909,S1,1,Rejected,R01,0
APP05965,REQ0134,SRC05,2025-09-08,20250908,S1,1,Rejected,R01,0
APP05966,REQ0134,SRC02,2025-09-08,20250908,S1,1,Rejected,R01,0
APP05967,REQ0134,SRC07,2025-09-11,20250911,S3,3,Rejected,R01,0
APP05968,REQ0134,SRC01,2025-09-14,20250914,S1,1,Rejected,R01,0
APP05969,REQ0134,SRC01,2025-09-06,20250906,S1,1,Rejected,R01,0
APP05970,REQ0134,SRC05,2025-09-12,20250912,S2,2,Rejected,R03,0
APP05971,REQ0134,SRC06,2025-09-05,20250905,S1,1,Rejected,R08,0
APP05972,REQ0134,SRC05,2025-09-06,20250906,S2,2,Rejected,R03,0
APP05973,REQ0134,SRC01,2025-09-05,20250905,S3,3,Withdrew,R04,0
APP05974,REQ0134,SRC06,2025-09-05,20250905,S1,1,Rejected,R01,0
APP05975,REQ0134,SRC02,2025-09-02,20250902,S5,5,Rejected,R03,0
APP05976,REQ0134,SRC01,2025-09-10,20250910,S2,2,Rejected,R01,0
APP05977,REQ0134,SRC08,2025-09-02,20250902,S3,3,Rejected,R01,0
APP05978,REQ0134,SRC02,2025-09-06,20250906,S1,1,Rejected,R01,0
APP05979,REQ0134,SRC06,2025-09-12,20250912,S1,1,Rejected,R01,0
APP05980,REQ0134,SRC02,2025-09-07,20250907,S1,1,Rejected,R01,0
APP05981,REQ0134,SRC02,2025-09-06,20250906,S8,8,Hired,R99,1
APP05982,REQ0134,SRC06,2025-09-14,20250914,S1,1,Rejected,R01,0
APP05983,REQ0134,SRC06,2025-09-03,20250903,S1,1,Rejected,R08,0
APP05984,REQ0134,SRC01,2025-09-03,20250903,S1,1,Rejected,R08,0
APP05985,REQ0134,SRC01,2025-09-11,20250911,S1,1,Withdrew,R05,0
APP05986,REQ0134,SRC03,2025-09-06,20250906,S1,1,Rejected,R01,0
APP05987,REQ0134,SRC01,2025-09-05,20250905,S1,1,Rejected,R01,0
APP05988,REQ0134,SRC07,2025-09-11,20250911,S1,1,Rejected,R08,0
APP05989,REQ0134,SRC01,2025-09-09,20250909,S1,1,Rejected,R01,0
APP05990,REQ0134,SRC03,2025-09-11,20250911,S1,1,Rejected,R08,0
APP05991,REQ0135,SRC03,2025-02-17,20250217,S1,1,Rejected,R01,0
APP05992,REQ0135,SRC01,2025-02-13,20250213,S1,1,Rejected,R01,0
APP05993,REQ0135,SRC03,2025-02-17,20250217,S1,1,Rejected,R08,0
APP05994,REQ0135,SRC03,2025-03-04,20250304,S1,1,Rejected,R08,0
APP05995,REQ0135,SRC03,2025-02-25,20250225,S1,1,Withdrew,R05,0
APP05996,REQ0135,SRC06,2025-03-01,20250301,S1,1,Rejected,R01,0
APP05997,REQ0135,SRC01,2025-03-07,20250307,S1,1,Rejected,R01,0
APP05998,REQ0135,SRC08,2025-03-05,20250305,S2,2,Rejected,R01,0
APP05999,REQ0135,SRC04,2025-02-22,20250222,S1,1,Rejected,R01,0
APP06000,REQ0135,SRC02,2025-02-28,20250228,S1,1,Rejected,R08,0
APP06001,REQ0135,SRC02,2025-03-07,20250307,S8,8,Hired,R99,1
APP06002,REQ0135,SRC04,2025-02-19,20250219,S1,1,Rejected,R01,0
APP06003,REQ0135,SRC08,2025-02-16,20250216,S1,1,Rejected,R01,0
APP06004,REQ0135,SRC01,2025-02-23,20250223,S2,2,Withdrew,R04,0
APP06005,REQ0135,SRC08,2025-02-18,20250218,S1,1,Rejected,R01,0
APP06006,REQ0135,SRC07,2025-02-06,20250206,S5,5,Withdrew,R04,0
APP06007,REQ0135,SRC06,2025-03-10,20250310,S1,1,Rejected,R01,0
APP06008,REQ0135,SRC01,2025-02-06,20250206,S1,1,Withdrew,R05,0
APP06009,REQ0135,SRC01,2025-02-17,20250217,S1,1,Rejected,R08,0
APP06010,REQ0135,SRC01,2025-03-10,20250310,S3,3,Withdrew,R05,0
APP06011,REQ0135,SRC08,2025-02-18,20250218,S1,1,Withdrew,R05,0
APP06012,REQ0135,SRC07,2025-02-13,20250213,S1,1,Withdrew,R05,0
APP06013,REQ0135,SRC05,2025-02-15,20250215,S1,1,Rejected,R01,0
APP06014,REQ0135,SRC05,2025-03-04,20250304,S2,2,Rejected,R03,0
APP06015,REQ0135,SRC01,2025-02-07,20250207,S1,1,Rejected,R01,0
APP06016,REQ0135,SRC05,2025-03-09,20250309,S2,2,Withdrew,R04,0
APP06017,REQ0135,SRC07,2025-02-08,20250208,S2,2,Rejected,R01,0
APP06018,REQ0135,SRC01,2025-02-06,20250206,S1,1,Withdrew,R05,0
APP06019,REQ0135,SRC01,2025-02-14,20250214,S1,1,Rejected,R08,0
APP06020,REQ0135,SRC06,2025-02-27,20250227,S1,1,Rejected,R01,0
APP06021,REQ0135,SRC07,2025-02-11,20250211,S1,1,Rejected,R01,0
APP06022,REQ0135,SRC03,2025-02-26,20250226,S2,2,Withdrew,R04,0
APP06023,REQ0135,SRC06,2025-02-17,20250217,S1,1,Withdrew,R05,0
APP06024,REQ0135,SRC06,2025-03-08,20250308,S1,1,Rejected,R08,0
APP06025,REQ0136,SRC06,2026-06-13,20260613,S1,1,Withdrew,R05,0
APP06026,REQ0136,SRC01,2026-06-14,20260614,S1,1,Rejected,R01,0
APP06027,REQ0136,SRC03,2026-06-26,20260626,S1,1,Rejected,R01,0
APP06028,REQ0136,SRC03,2026-06-10,20260610,S1,1,Rejected,R08,0
APP06029,REQ0136,SRC06,2026-06-24,20260624,S3,3,In Process,R99,0
APP06030,REQ0136,SRC02,2026-05-17,20260517,S1,1,Withdrew,R05,0
APP06031,REQ0136,SRC01,2026-06-14,20260614,S2,2,Rejected,R08,0
APP06032,REQ0136,SRC08,2026-06-06,20260606,S1,1,Rejected,R01,0
APP06033,REQ0136,SRC03,2026-06-05,20260605,S2,2,Withdrew,R05,0
APP06034,REQ0136,SRC06,2026-05-30,20260530,S1,1,Rejected,R01,0
APP06035,REQ0136,SRC01,2026-06-19,20260619,S1,1,Rejected,R01,0
APP06036,REQ0136,SRC04,2026-06-02,20260602,S2,2,Rejected,R08,0
APP06037,REQ0136,SRC07,2026-05-31,20260531,S2,2,Withdrew,R05,0
APP06038,REQ0136,SRC01,2026-06-24,20260624,S3,3,In Process,R99,0
APP06039,REQ0136,SRC05,2026-06-23,20260623,S1,1,Rejected,R01,0
APP06040,REQ0136,SRC06,2026-06-03,20260603,S1,1,Rejected,R01,0
APP06041,REQ0136,SRC02,2026-06-15,20260615,S1,1,Rejected,R01,0
APP06042,REQ0136,SRC06,2026-05-31,20260531,S1,1,Rejected,R01,0
APP06043,REQ0136,SRC01,2026-05-14,20260514,S1,1,Rejected,R01,0
APP06044,REQ0136,SRC04,2026-06-12,20260612,S1,1,Withdrew,R05,0
APP06045,REQ0137,SRC02,2024-04-30,20240430,S1,1,Withdrew,R05,0
APP06046,REQ0137,SRC02,2024-04-20,20240420,S6,6,Rejected,R03,0
APP06047,REQ0137,SRC06,2024-04-26,20240426,S1,1,Rejected,R01,0
APP06048,REQ0137,SRC03,2024-04-27,20240427,S1,1,Rejected,R01,0
APP06049,REQ0137,SRC08,2024-04-25,20240425,S1,1,Rejected,R01,0
APP06050,REQ0137,SRC02,2024-04-22,20240422,S1,1,Withdrew,R05,0
APP06051,REQ0137,SRC03,2024-05-01,20240501,S1,1,Rejected,R01,0
APP06052,REQ0137,SRC02,2024-05-05,20240505,S1,1,Rejected,R08,0
APP06053,REQ0137,SRC08,2024-04-25,20240425,S1,1,Rejected,R01,0
APP06054,REQ0137,SRC06,2024-04-28,20240428,S1,1,Rejected,R01,0
APP06055,REQ0137,SRC02,2024-04-21,20240421,S1,1,Rejected,R01,0
APP06056,REQ0137,SRC02,2024-05-03,20240503,S1,1,Rejected,R01,0
APP06057,REQ0137,SRC01,2024-04-28,20240428,S3,3,Rejected,R01,0
APP06058,REQ0137,SRC06,2024-05-04,20240504,S1,1,Rejected,R01,0
APP06059,REQ0137,SRC06,2024-05-05,20240505,S1,1,Withdrew,R05,0
APP06060,REQ0137,SRC06,2024-05-02,20240502,S1,1,Rejected,R01,0
APP06061,REQ0137,SRC02,2024-04-28,20240428,S1,1,Rejected,R01,0
APP06062,REQ0137,SRC03,2024-04-30,20240430,S1,1,Rejected,R08,0
APP06063,REQ0137,SRC02,2024-04-23,20240423,S3,3,Rejected,R01,0
APP06064,REQ0137,SRC02,2024-04-29,20240429,S5,5,Rejected,R03,0
APP06065,REQ0137,SRC07,2024-05-04,20240504,S1,1,Rejected,R01,0
APP06066,REQ0137,SRC01,2024-05-04,20240504,S1,1,Rejected,R01,0
APP06067,REQ0137,SRC06,2024-04-25,20240425,S4,4,Withdrew,R04,0
APP06068,REQ0137,SRC06,2024-05-01,20240501,S1,1,Rejected,R01,0
APP06069,REQ0137,SRC04,2024-05-03,20240503,S1,1,Rejected,R01,0
APP06070,REQ0137,SRC01,2024-05-03,20240503,S1,1,Rejected,R01,0
APP06071,REQ0137,SRC06,2024-04-30,20240430,S1,1,Rejected,R01,0
APP06072,REQ0137,SRC02,2024-04-30,20240430,S1,1,Rejected,R01,0
APP06073,REQ0137,SRC08,2024-04-27,20240427,S1,1,Rejected,R01,0
APP06074,REQ0137,SRC06,2024-04-23,20240423,S1,1,Rejected,R01,0
APP06075,REQ0137,SRC01,2024-04-20,20240420,S4,4,Withdrew,R04,0
APP06076,REQ0137,SRC03,2024-04-21,20240421,S1,1,Rejected,R01,0
APP06077,REQ0137,SRC03,2024-04-26,20240426,S2,2,Rejected,R03,0
APP06078,REQ0137,SRC01,2024-04-28,20240428,S1,1,Rejected,R08,0
APP06079,REQ0137,SRC06,2024-04-29,20240429,S1,1,Rejected,R01,0
APP06080,REQ0137,SRC01,2024-04-27,20240427,S3,3,Withdrew,R04,0
APP06081,REQ0137,SRC02,2024-04-21,20240421,S3,3,Rejected,R01,0
APP06082,REQ0137,SRC06,2024-05-03,20240503,S1,1,Rejected,R01,0
APP06083,REQ0138,SRC08,2025-06-01,20250601,S1,1,Rejected,R01,0
APP06084,REQ0138,SRC01,2025-06-24,20250624,S1,1,Rejected,R01,0
APP06085,REQ0138,SRC01,2025-05-07,20250507,S1,1,Rejected,R08,0
APP06086,REQ0138,SRC08,2025-04-15,20250415,S2,2,Rejected,R01,0
APP06087,REQ0138,SRC06,2025-06-11,20250611,S2,2,Withdrew,R04,0
APP06088,REQ0138,SRC04,2025-05-12,20250512,S3,3,Rejected,R01,0
APP06089,REQ0138,SRC08,2025-05-25,20250525,S1,1,Rejected,R01,0
APP06090,REQ0138,SRC01,2025-05-02,20250502,S2,2,Rejected,R01,0
APP06091,REQ0138,SRC03,2025-06-17,20250617,S1,1,Rejected,R01,0
APP06092,REQ0138,SRC01,2025-04-15,20250415,S1,1,Rejected,R01,0
APP06093,REQ0138,SRC01,2025-06-17,20250617,S2,2,Withdrew,R05,0
APP06094,REQ0138,SRC07,2025-06-15,20250615,S1,1,Rejected,R01,0
APP06095,REQ0138,SRC03,2025-05-15,20250515,S1,1,Rejected,R01,0
APP06096,REQ0138,SRC06,2025-06-23,20250623,S3,3,Rejected,R07,0
APP06097,REQ0138,SRC01,2025-06-14,20250614,S1,1,Rejected,R08,0
APP06098,REQ0138,SRC01,2025-04-14,20250414,S1,1,Rejected,R08,0
APP06099,REQ0138,SRC06,2025-06-22,20250622,S1,1,Rejected,R08,0
APP06100,REQ0138,SRC08,2025-06-11,20250611,S1,1,Rejected,R08,0
APP06101,REQ0138,SRC05,2025-06-19,20250619,S1,1,Rejected,R01,0
APP06102,REQ0138,SRC02,2025-06-13,20250613,S3,3,Rejected,R01,0
APP06103,REQ0138,SRC06,2025-04-17,20250417,S2,2,Withdrew,R04,0
APP06104,REQ0138,SRC07,2025-05-23,20250523,S1,1,Rejected,R08,0
APP06105,REQ0138,SRC03,2025-06-14,20250614,S1,1,Rejected,R01,0
APP06106,REQ0138,SRC06,2025-05-14,20250514,S2,2,Withdrew,R05,0
APP06107,REQ0138,SRC07,2025-05-14,20250514,S3,3,Rejected,R07,0
APP06108,REQ0138,SRC01,2025-05-10,20250510,S3,3,Rejected,R01,0
APP06109,REQ0138,SRC08,2025-05-18,20250518,S1,1,Rejected,R01,0
APP06110,REQ0138,SRC01,2025-04-29,20250429,S6,6,Rejected,R07,0
APP06111,REQ0138,SRC06,2025-06-24,20250624,S2,2,Rejected,R03,0
APP06112,REQ0139,SRC08,2026-05-13,20260513,S2,2,Withdrew,R05,0
APP06113,REQ0139,SRC05,2026-05-17,20260517,S3,3,Rejected,R01,0
APP06114,REQ0139,SRC03,2026-05-12,20260512,S1,1,Rejected,R01,0
APP06115,REQ0139,SRC08,2026-05-17,20260517,S3,3,Rejected,R07,0
APP06116,REQ0139,SRC01,2026-05-12,20260512,S1,1,Rejected,R01,0
APP06117,REQ0139,SRC01,2026-05-06,20260506,S3,3,Withdrew,R05,0
APP06118,REQ0139,SRC04,2026-05-08,20260508,S1,1,Rejected,R01,0
APP06119,REQ0139,SRC02,2026-05-10,20260510,S2,2,Rejected,R08,0
APP06120,REQ0139,SRC02,2026-05-11,20260511,S2,2,Withdrew,R04,0
APP06121,REQ0139,SRC06,2026-05-01,20260501,S2,2,Withdrew,R04,0
APP06122,REQ0139,SRC08,2026-05-03,20260503,S2,2,Rejected,R03,0
APP06123,REQ0139,SRC01,2026-04-28,20260428,S2,2,Withdrew,R04,0
APP06124,REQ0139,SRC06,2026-05-10,20260510,S2,2,Withdrew,R05,0
APP06125,REQ0139,SRC06,2026-04-29,20260429,S1,1,Rejected,R01,0
APP06126,REQ0139,SRC08,2026-05-18,20260518,S2,2,Rejected,R03,0
APP06127,REQ0139,SRC02,2026-05-07,20260507,S1,1,Rejected,R08,0
APP06128,REQ0139,SRC02,2026-05-16,20260516,S1,1,Rejected,R01,0
APP06129,REQ0139,SRC02,2026-05-17,20260517,S1,1,Rejected,R01,0
APP06130,REQ0139,SRC08,2026-05-08,20260508,S1,1,Rejected,R01,0
APP06131,REQ0139,SRC04,2026-05-09,20260509,S5,5,Rejected,R03,0
APP06132,REQ0139,SRC01,2026-05-17,20260517,S1,1,Rejected,R01,0
APP06133,REQ0139,SRC01,2026-05-06,20260506,S2,2,Withdrew,R05,0
APP06134,REQ0139,SRC08,2026-05-10,20260510,S1,1,Rejected,R01,0
APP06135,REQ0139,SRC03,2026-05-13,20260513,S1,1,Rejected,R08,0
APP06136,REQ0139,SRC03,2026-05-18,20260518,S1,1,Rejected,R01,0
APP06137,REQ0139,SRC01,2026-05-08,20260508,S3,3,Rejected,R07,0
APP06138,REQ0139,SRC06,2026-05-08,20260508,S1,1,Withdrew,R05,0
APP06139,REQ0139,SRC01,2026-05-03,20260503,S2,2,Rejected,R03,0
APP06140,REQ0139,SRC06,2026-05-03,20260503,S1,1,Rejected,R01,0
APP06141,REQ0139,SRC02,2026-04-30,20260430,S1,1,Rejected,R01,0
APP06142,REQ0139,SRC08,2026-05-15,20260515,S5,5,Rejected,R07,0
APP06143,REQ0139,SRC08,2026-05-13,20260513,S1,1,Rejected,R01,0
APP06144,REQ0139,SRC05,2026-05-09,20260509,S6,6,Withdrew,R04,0
APP06145,REQ0139,SRC02,2026-05-12,20260512,S1,1,Rejected,R08,0
APP06146,REQ0139,SRC08,2026-04-30,20260430,S3,3,Rejected,R02,0
APP06147,REQ0139,SRC08,2026-05-02,20260502,S1,1,Rejected,R01,0
APP06148,REQ0139,SRC06,2026-04-28,20260428,S2,2,Withdrew,R05,0
APP06149,REQ0139,SRC05,2026-05-14,20260514,S1,1,Rejected,R01,0
APP06150,REQ0139,SRC08,2026-05-14,20260514,S1,1,Withdrew,R05,0
APP06151,REQ0139,SRC07,2026-05-13,20260513,S8,8,Hired,R99,1
APP06152,REQ0139,SRC06,2026-05-02,20260502,S1,1,Withdrew,R05,0
APP06153,REQ0139,SRC01,2026-05-15,20260515,S1,1,Rejected,R01,0
APP06154,REQ0139,SRC02,2026-05-11,20260511,S3,3,Rejected,R01,0
APP06155,REQ0139,SRC08,2026-05-16,20260516,S3,3,Withdrew,R04,0
APP06156,REQ0139,SRC03,2026-05-14,20260514,S1,1,Rejected,R01,0
APP06157,REQ0139,SRC06,2026-05-04,20260504,S2,2,Rejected,R01,0
APP06158,REQ0139,SRC05,2026-05-15,20260515,S1,1,Withdrew,R05,0
APP06159,REQ0139,SRC08,2026-05-14,20260514,S2,2,Rejected,R08,0
APP06160,REQ0139,SRC02,2026-05-06,20260506,S3,3,Rejected,R07,0
APP06161,REQ0139,SRC03,2026-05-06,20260506,S1,1,Withdrew,R05,0
APP06162,REQ0139,SRC07,2026-05-11,20260511,S1,1,Withdrew,R05,0
APP06163,REQ0139,SRC08,2026-05-18,20260518,S1,1,Rejected,R01,0
APP06164,REQ0139,SRC07,2026-05-02,20260502,S1,1,Rejected,R01,0
APP06165,REQ0139,SRC08,2026-05-16,20260516,S1,1,Withdrew,R05,0
APP06166,REQ0139,SRC03,2026-05-09,20260509,S1,1,Withdrew,R05,0
APP06167,REQ0140,SRC08,2024-07-05,20240705,S1,1,Rejected,R01,0
APP06168,REQ0140,SRC02,2024-07-01,20240701,S2,2,Withdrew,R04,0
APP06169,REQ0140,SRC01,2024-06-29,20240629,S1,1,Withdrew,R05,0
APP06170,REQ0140,SRC06,2024-06-27,20240627,S1,1,Rejected,R01,0
APP06171,REQ0140,SRC01,2024-06-28,20240628,S3,3,Withdrew,R05,0
APP06172,REQ0140,SRC04,2024-07-04,20240704,S5,5,Rejected,R07,0
APP06173,REQ0140,SRC01,2024-06-28,20240628,S2,2,Rejected,R03,0
APP06174,REQ0140,SRC06,2024-06-23,20240623,S3,3,Withdrew,R04,0
APP06175,REQ0140,SRC08,2024-06-23,20240623,S1,1,Rejected,R01,0
APP06176,REQ0140,SRC03,2024-07-05,20240705,S1,1,Rejected,R01,0
APP06177,REQ0140,SRC07,2024-06-29,20240629,S1,1,Rejected,R01,0
APP06178,REQ0140,SRC07,2024-06-25,20240625,S1,1,Withdrew,R05,0
APP06179,REQ0140,SRC01,2024-06-24,20240624,S1,1,Rejected,R08,0
APP06180,REQ0140,SRC08,2024-07-01,20240701,S1,1,Rejected,R01,0
APP06181,REQ0140,SRC06,2024-06-25,20240625,S1,1,Rejected,R08,0
APP06182,REQ0140,SRC01,2024-07-03,20240703,S3,3,Rejected,R01,0
APP06183,REQ0140,SRC07,2024-07-01,20240701,S1,1,Rejected,R08,0
APP06184,REQ0140,SRC01,2024-06-27,20240627,S1,1,Rejected,R01,0
APP06185,REQ0140,SRC01,2024-07-05,20240705,S2,2,Rejected,R01,0
APP06186,REQ0140,SRC06,2024-06-24,20240624,S3,3,Withdrew,R04,0
APP06187,REQ0140,SRC02,2024-06-23,20240623,S1,1,Rejected,R08,0
APP06188,REQ0140,SRC06,2024-06-26,20240626,S1,1,Rejected,R01,0
APP06189,REQ0140,SRC06,2024-06-26,20240626,S1,1,Rejected,R01,0
APP06190,REQ0140,SRC02,2024-06-24,20240624,S1,1,Rejected,R01,0
APP06191,REQ0140,SRC07,2024-07-04,20240704,S1,1,Rejected,R08,0
APP06192,REQ0140,SRC02,2024-07-03,20240703,S1,1,Rejected,R01,0
APP06193,REQ0140,SRC01,2024-07-01,20240701,S3,3,Rejected,R02,0
APP06194,REQ0140,SRC04,2024-06-25,20240625,S1,1,Rejected,R01,0
APP06195,REQ0140,SRC05,2024-06-25,20240625,S1,1,Rejected,R01,0
APP06196,REQ0140,SRC05,2024-06-28,20240628,S2,2,Withdrew,R05,0
APP06197,REQ0140,SRC07,2024-06-29,20240629,S3,3,Rejected,R01,0
APP06198,REQ0140,SRC07,2024-07-03,20240703,S1,1,Rejected,R08,0
APP06199,REQ0140,SRC01,2024-07-03,20240703,S4,4,Rejected,R07,0
APP06200,REQ0140,SRC06,2024-06-26,20240626,S4,4,Rejected,R02,0
APP06201,REQ0140,SRC01,2024-06-26,20240626,S1,1,Rejected,R08,0
APP06202,REQ0140,SRC07,2024-06-26,20240626,S1,1,Rejected,R08,0
APP06203,REQ0140,SRC01,2024-06-23,20240623,S1,1,Rejected,R01,0
APP06204,REQ0140,SRC01,2024-07-03,20240703,S1,1,Rejected,R01,0
APP06205,REQ0140,SRC01,2024-07-02,20240702,S2,2,Rejected,R08,0
APP06206,REQ0140,SRC01,2024-06-30,20240630,S1,1,Rejected,R08,0
APP06207,REQ0140,SRC08,2024-07-05,20240705,S1,1,Rejected,R01,0
APP06208,REQ0140,SRC01,2024-06-27,20240627,S8,8,Hired,R99,1
APP06209,REQ0140,SRC03,2024-06-30,20240630,S1,1,Rejected,R08,0
APP06210,REQ0140,SRC02,2024-06-26,20240626,S1,1,Rejected,R01,0
APP06211,REQ0140,SRC02,2024-06-28,20240628,S1,1,Rejected,R01,0
APP06212,REQ0140,SRC08,2024-07-02,20240702,S1,1,Rejected,R01,0
APP06213,REQ0140,SRC01,2024-06-27,20240627,S2,2,Rejected,R01,0
APP06214,REQ0140,SRC08,2024-06-26,20240626,S8,8,Hired,R99,1
APP06215,REQ0140,SRC06,2024-06-29,20240629,S1,1,Withdrew,R05,0
APP06216,REQ0140,SRC02,2024-07-03,20240703,S1,1,Rejected,R01,0
APP06217,REQ0140,SRC03,2024-07-04,20240704,S1,1,Rejected,R08,0
APP06218,REQ0140,SRC08,2024-06-25,20240625,S5,5,Rejected,R07,0
APP06219,REQ0140,SRC02,2024-06-26,20240626,S1,1,Rejected,R01,0
APP06220,REQ0140,SRC01,2024-06-28,20240628,S2,2,Rejected,R03,0
APP06221,REQ0140,SRC05,2024-07-01,20240701,S1,1,Rejected,R01,0
APP06222,REQ0140,SRC04,2024-06-29,20240629,S2,2,Rejected,R08,0
APP06223,REQ0140,SRC06,2024-06-27,20240627,S1,1,Rejected,R01,0
APP06224,REQ0140,SRC07,2024-06-30,20240630,S6,6,Rejected,R07,0
APP06225,REQ0140,SRC01,2024-07-02,20240702,S1,1,Rejected,R01,0
APP06226,REQ0140,SRC01,2024-06-29,20240629,S1,1,Rejected,R01,0
APP06227,REQ0140,SRC05,2024-06-28,20240628,S1,1,Rejected,R01,0
APP06228,REQ0140,SRC08,2024-07-02,20240702,S1,1,Rejected,R01,0
APP06229,REQ0140,SRC07,2024-06-30,20240630,S3,3,Rejected,R01,0
APP06230,REQ0140,SRC06,2024-06-23,20240623,S1,1,Rejected,R08,0
APP06231,REQ0140,SRC08,2024-07-01,20240701,S1,1,Rejected,R01,0
APP06232,REQ0140,SRC08,2024-06-23,20240623,S1,1,Rejected,R01,0
APP06233,REQ0140,SRC01,2024-06-29,20240629,S1,1,Rejected,R01,0
APP06234,REQ0141,SRC01,2025-07-22,20250722,S2,2,Rejected,R03,0
APP06235,REQ0141,SRC05,2025-06-22,20250622,S1,1,Rejected,R01,0
APP06236,REQ0141,SRC08,2025-05-09,20250509,S1,1,Rejected,R08,0
APP06237,REQ0141,SRC01,2025-06-03,20250603,S1,1,Rejected,R01,0
APP06238,REQ0141,SRC08,2025-07-09,20250709,S3,3,Rejected,R01,0
APP06239,REQ0141,SRC06,2025-05-13,20250513,S1,1,Rejected,R01,0
APP06240,REQ0141,SRC06,2025-07-20,20250720,S2,2,Rejected,R08,0
APP06241,REQ0141,SRC03,2025-07-02,20250702,S1,1,Rejected,R01,0
APP06242,REQ0141,SRC01,2025-05-31,20250531,S2,2,Withdrew,R04,0
APP06243,REQ0141,SRC02,2025-07-03,20250703,S1,1,Rejected,R01,0
APP06244,REQ0141,SRC03,2025-07-18,20250718,S3,3,Rejected,R01,0
APP06245,REQ0141,SRC03,2025-06-17,20250617,S1,1,Rejected,R01,0
APP06246,REQ0141,SRC01,2025-05-25,20250525,S1,1,Rejected,R01,0
APP06247,REQ0141,SRC01,2025-05-28,20250528,S1,1,Rejected,R01,0
APP06248,REQ0141,SRC06,2025-07-05,20250705,S1,1,Rejected,R01,0
APP06249,REQ0141,SRC02,2025-07-23,20250723,S1,1,Withdrew,R05,0
APP06250,REQ0141,SRC03,2025-05-09,20250509,S1,1,Rejected,R01,0
APP06251,REQ0141,SRC01,2025-05-11,20250511,S1,1,Rejected,R01,0
APP06252,REQ0141,SRC04,2025-05-19,20250519,S2,2,Withdrew,R05,0
APP06253,REQ0141,SRC04,2025-05-11,20250511,S1,1,Withdrew,R05,0
APP06254,REQ0141,SRC02,2025-07-17,20250717,S5,5,Rejected,R02,0
APP06255,REQ0141,SRC06,2025-05-29,20250529,S2,2,Withdrew,R04,0
APP06256,REQ0141,SRC02,2025-06-29,20250629,S1,1,Rejected,R01,0
APP06257,REQ0141,SRC01,2025-05-27,20250527,S2,2,Withdrew,R05,0
APP06258,REQ0141,SRC03,2025-06-18,20250618,S1,1,Rejected,R01,0
APP06259,REQ0141,SRC06,2025-07-12,20250712,S1,1,Rejected,R01,0
APP06260,REQ0141,SRC03,2025-07-07,20250707,S1,1,Withdrew,R05,0
APP06261,REQ0141,SRC03,2025-06-13,20250613,S6,6,Rejected,R02,0
APP06262,REQ0141,SRC02,2025-06-12,20250612,S1,1,Rejected,R01,0
APP06263,REQ0141,SRC01,2025-05-16,20250516,S1,1,Rejected,R01,0
APP06264,REQ0141,SRC07,2025-06-17,20250617,S1,1,Rejected,R08,0
APP06265,REQ0141,SRC06,2025-07-08,20250708,S1,1,Withdrew,R05,0
APP06266,REQ0141,SRC07,2025-07-19,20250719,S1,1,Withdrew,R05,0
APP06267,REQ0141,SRC07,2025-06-06,20250606,S1,1,Rejected,R08,0
APP06268,REQ0141,SRC04,2025-06-24,20250624,S1,1,Rejected,R01,0
APP06269,REQ0141,SRC01,2025-06-13,20250613,S3,3,Rejected,R01,0
APP06270,REQ0141,SRC01,2025-06-26,20250626,S3,3,Withdrew,R05,0
APP06271,REQ0141,SRC02,2025-05-10,20250510,S1,1,Withdrew,R05,0
APP06272,REQ0141,SRC06,2025-07-13,20250713,S1,1,Withdrew,R05,0
APP06273,REQ0141,SRC01,2025-07-23,20250723,S4,4,Rejected,R07,0
APP06274,REQ0141,SRC03,2025-06-11,20250611,S1,1,Withdrew,R05,0
APP06275,REQ0141,SRC07,2025-06-05,20250605,S1,1,Rejected,R01,0
APP06276,REQ0141,SRC02,2025-07-05,20250705,S1,1,Rejected,R01,0
APP06277,REQ0141,SRC02,2025-06-16,20250616,S1,1,Rejected,R01,0
APP06278,REQ0141,SRC06,2025-05-28,20250528,S2,2,Rejected,R08,0
APP06279,REQ0141,SRC07,2025-07-09,20250709,S3,3,Rejected,R01,0
APP06280,REQ0141,SRC06,2025-07-09,20250709,S2,2,Rejected,R08,0
APP06281,REQ0141,SRC06,2025-07-01,20250701,S8,8,Hired,R99,1
APP06282,REQ0142,SRC03,2026-01-08,20260108,S1,1,Rejected,R08,0
APP06283,REQ0142,SRC08,2025-12-09,20251209,S5,5,Withdrew,R04,0
APP06284,REQ0142,SRC08,2026-01-04,20260104,S1,1,Withdrew,R05,0
APP06285,REQ0142,SRC06,2025-12-27,20251227,S1,1,Rejected,R01,0
APP06286,REQ0142,SRC01,2025-12-24,20251224,S1,1,Rejected,R01,0
APP06287,REQ0142,SRC05,2025-12-05,20251205,S1,1,Rejected,R01,0
APP06288,REQ0142,SRC03,2025-12-13,20251213,S1,1,Withdrew,R05,0
APP06289,REQ0142,SRC01,2025-12-05,20251205,S1,1,Rejected,R08,0
APP06290,REQ0142,SRC01,2025-12-25,20251225,S3,3,Rejected,R07,0
APP06291,REQ0142,SRC01,2025-12-09,20251209,S2,2,Withdrew,R04,0
APP06292,REQ0142,SRC08,2025-12-27,20251227,S3,3,Withdrew,R05,0
APP06293,REQ0142,SRC02,2025-12-03,20251203,S1,1,Rejected,R01,0
APP06294,REQ0142,SRC03,2025-12-01,20251201,S3,3,Withdrew,R05,0
APP06295,REQ0142,SRC01,2025-12-06,20251206,S3,3,Rejected,R02,0
APP06296,REQ0142,SRC01,2025-12-03,20251203,S5,5,Rejected,R02,0
APP06297,REQ0142,SRC03,2025-12-29,20251229,S5,5,Rejected,R02,0
APP06298,REQ0142,SRC07,2025-11-30,20251130,S8,8,Hired,R99,1
APP06299,REQ0142,SRC02,2025-12-08,20251208,S1,1,Withdrew,R05,0
APP06300,REQ0142,SRC08,2025-12-24,20251224,S1,1,Rejected,R08,0
APP06301,REQ0142,SRC08,2025-12-01,20251201,S3,3,Rejected,R01,0
APP06302,REQ0142,SRC03,2025-12-24,20251224,S2,2,Withdrew,R04,0
APP06303,REQ0142,SRC05,2025-12-17,20251217,S2,2,Rejected,R03,0
APP06304,REQ0142,SRC02,2025-12-05,20251205,S1,1,Withdrew,R05,0
APP06305,REQ0142,SRC01,2026-01-02,20260102,S3,3,Withdrew,R05,0
APP06306,REQ0142,SRC01,2025-12-19,20251219,S1,1,Rejected,R01,0
APP06307,REQ0142,SRC07,2025-12-15,20251215,S4,4,Rejected,R07,0
APP06308,REQ0142,SRC01,2025-12-10,20251210,S1,1,Withdrew,R05,0
APP06309,REQ0143,SRC01,2024-04-18,20240418,S3,3,Withdrew,R05,0
APP06310,REQ0143,SRC04,2024-05-02,20240502,S2,2,Rejected,R08,0
APP06311,REQ0143,SRC01,2024-04-19,20240419,S1,1,Rejected,R08,0
APP06312,REQ0143,SRC03,2024-05-14,20240514,S5,5,Rejected,R07,0
APP06313,REQ0143,SRC03,2024-04-22,20240422,S6,6,Withdrew,R04,0
APP06314,REQ0143,SRC08,2024-05-08,20240508,S4,4,Rejected,R02,0
APP06315,REQ0143,SRC01,2024-05-06,20240506,S1,1,Rejected,R01,0
APP06316,REQ0143,SRC02,2024-05-13,20240513,S3,3,Withdrew,R05,0
APP06317,REQ0143,SRC01,2024-04-25,20240425,S1,1,Rejected,R01,0
APP06318,REQ0143,SRC02,2024-04-21,20240421,S3,3,Rejected,R01,0
APP06319,REQ0143,SRC02,2024-05-07,20240507,S5,5,Rejected,R02,0
APP06320,REQ0143,SRC07,2024-04-24,20240424,S3,3,Withdrew,R04,0
APP06321,REQ0143,SRC03,2024-04-23,20240423,S3,3,Rejected,R01,0
APP06322,REQ0143,SRC06,2024-04-26,20240426,S1,1,Rejected,R08,0
APP06323,REQ0143,SRC03,2024-05-01,20240501,S1,1,Rejected,R01,0
APP06324,REQ0143,SRC02,2024-05-15,20240515,S2,2,Rejected,R08,0
APP06325,REQ0143,SRC01,2024-05-07,20240507,S3,3,Withdrew,R05,0
APP06326,REQ0143,SRC07,2024-04-15,20240415,S2,2,Withdrew,R04,0
APP06327,REQ0143,SRC01,2024-05-17,20240517,S2,2,Rejected,R01,0
APP06328,REQ0143,SRC02,2024-05-09,20240509,S5,5,Rejected,R03,0
APP06329,REQ0143,SRC01,2024-05-08,20240508,S1,1,Rejected,R01,0
APP06330,REQ0143,SRC06,2024-04-29,20240429,S1,1,Rejected,R01,0
APP06331,REQ0143,SRC07,2024-05-19,20240519,S1,1,Withdrew,R05,0
APP06332,REQ0143,SRC02,2024-05-03,20240503,S3,3,Withdrew,R04,0
APP06333,REQ0143,SRC08,2024-05-18,20240518,S2,2,Rejected,R08,0
APP06334,REQ0143,SRC05,2024-05-12,20240512,S1,1,Rejected,R01,0
APP06335,REQ0143,SRC01,2024-04-27,20240427,S3,3,Rejected,R02,0
APP06336,REQ0143,SRC06,2024-04-17,20240417,S1,1,Rejected,R01,0
APP06337,REQ0143,SRC03,2024-05-18,20240518,S1,1,Rejected,R01,0
APP06338,REQ0143,SRC01,2024-04-18,20240418,S3,3,Withdrew,R05,0
APP06339,REQ0143,SRC04,2024-04-16,20240416,S1,1,Rejected,R01,0
APP06340,REQ0143,SRC06,2024-04-30,20240430,S1,1,Withdrew,R05,0
APP06341,REQ0143,SRC01,2024-05-20,20240520,S3,3,Rejected,R02,0
APP06342,REQ0143,SRC01,2024-05-16,20240516,S2,2,Rejected,R08,0
APP06343,REQ0143,SRC04,2024-05-16,20240516,S1,1,Rejected,R01,0
APP06344,REQ0143,SRC02,2024-04-27,20240427,S1,1,Rejected,R01,0
APP06345,REQ0143,SRC04,2024-04-16,20240416,S1,1,Rejected,R01,0
APP06346,REQ0143,SRC03,2024-05-20,20240520,S3,3,Rejected,R02,0
APP06347,REQ0143,SRC08,2024-05-12,20240512,S1,1,Rejected,R01,0
APP06348,REQ0143,SRC06,2024-04-26,20240426,S1,1,Rejected,R01,0
APP06349,REQ0143,SRC03,2024-04-17,20240417,S3,3,Rejected,R02,0
APP06350,REQ0143,SRC02,2024-04-23,20240423,S2,2,Rejected,R03,0
APP06351,REQ0144,SRC07,2024-03-12,20240312,S2,2,Rejected,R03,0
APP06352,REQ0144,SRC01,2024-03-25,20240325,S1,1,Withdrew,R05,0
APP06353,REQ0144,SRC08,2024-03-13,20240313,S1,1,Rejected,R01,0
APP06354,REQ0144,SRC02,2024-03-12,20240312,S1,1,Rejected,R01,0
APP06355,REQ0144,SRC02,2024-04-04,20240404,S1,1,Rejected,R01,0
APP06356,REQ0144,SRC06,2024-03-12,20240312,S5,5,Rejected,R02,0
APP06357,REQ0144,SRC01,2024-03-05,20240305,S1,1,Rejected,R01,0
APP06358,REQ0144,SRC08,2024-04-01,20240401,S3,3,Rejected,R07,0
APP06359,REQ0144,SRC06,2024-03-29,20240329,S1,1,Rejected,R01,0
APP06360,REQ0144,SRC02,2024-03-17,20240317,S1,1,Rejected,R01,0
APP06361,REQ0144,SRC01,2024-03-22,20240322,S1,1,Rejected,R01,0
APP06362,REQ0144,SRC08,2024-03-07,20240307,S1,1,Rejected,R01,0
APP06363,REQ0144,SRC01,2024-03-11,20240311,S3,3,Withdrew,R04,0
APP06364,REQ0144,SRC06,2024-03-06,20240306,S1,1,Rejected,R01,0
APP06365,REQ0144,SRC04,2024-03-20,20240320,S1,1,Rejected,R01,0
APP06366,REQ0144,SRC03,2024-03-30,20240330,S1,1,Rejected,R08,0
APP06367,REQ0144,SRC02,2024-03-17,20240317,S2,2,Rejected,R01,0
APP06368,REQ0144,SRC04,2024-03-09,20240309,S3,3,Rejected,R02,0
APP06369,REQ0145,SRC02,2024-05-07,20240507,S1,1,Withdrew,R05,0
APP06370,REQ0145,SRC02,2024-04-21,20240421,S2,2,Withdrew,R05,0
APP06371,REQ0145,SRC01,2024-04-18,20240418,S2,2,Rejected,R01,0
APP06372,REQ0145,SRC02,2024-04-22,20240422,S1,1,Rejected,R01,0
APP06373,REQ0145,SRC05,2024-04-18,20240418,S2,2,Withdrew,R05,0
APP06374,REQ0145,SRC02,2024-04-18,20240418,S4,4,Withdrew,R04,0
APP06375,REQ0145,SRC01,2024-04-25,20240425,S1,1,Rejected,R01,0
APP06376,REQ0145,SRC08,2024-04-28,20240428,S1,1,Rejected,R01,0
APP06377,REQ0145,SRC06,2024-05-03,20240503,S1,1,Rejected,R08,0
APP06378,REQ0145,SRC02,2024-05-04,20240504,S2,2,Rejected,R08,0
APP06379,REQ0145,SRC06,2024-04-22,20240422,S1,1,Rejected,R01,0
APP06380,REQ0145,SRC06,2024-04-20,20240420,S1,1,Rejected,R01,0
APP06381,REQ0145,SRC08,2024-04-27,20240427,S1,1,Rejected,R01,0
APP06382,REQ0145,SRC03,2024-04-19,20240419,S4,4,Withdrew,R04,0
APP06383,REQ0145,SRC01,2024-05-09,20240509,S1,1,Rejected,R01,0
APP06384,REQ0145,SRC08,2024-05-05,20240505,S1,1,Rejected,R01,0
APP06385,REQ0145,SRC04,2024-04-28,20240428,S2,2,Withdrew,R05,0
APP06386,REQ0145,SRC06,2024-05-03,20240503,S1,1,Rejected,R01,0
APP06387,REQ0145,SRC06,2024-05-09,20240509,S2,2,Withdrew,R04,0
APP06388,REQ0145,SRC07,2024-04-23,20240423,S2,2,Withdrew,R04,0
APP06389,REQ0145,SRC01,2024-04-25,20240425,S1,1,Rejected,R01,0
APP06390,REQ0145,SRC02,2024-05-03,20240503,S5,5,Rejected,R02,0
APP06391,REQ0145,SRC08,2024-04-30,20240430,S3,3,Withdrew,R05,0
APP06392,REQ0146,SRC06,2025-04-13,20250413,S1,1,Rejected,R08,0
APP06393,REQ0146,SRC01,2025-04-05,20250405,S1,1,Rejected,R01,0
APP06394,REQ0146,SRC07,2025-04-02,20250402,S1,1,Rejected,R01,0
APP06395,REQ0146,SRC03,2025-04-09,20250409,S1,1,Withdrew,R05,0
APP06396,REQ0146,SRC05,2025-04-18,20250418,S1,1,Rejected,R01,0
APP06397,REQ0146,SRC06,2025-04-10,20250410,S1,1,Rejected,R01,0
APP06398,REQ0146,SRC01,2025-04-09,20250409,S1,1,Rejected,R01,0
APP06399,REQ0146,SRC06,2025-04-16,20250416,S1,1,Rejected,R01,0
APP06400,REQ0146,SRC07,2025-04-02,20250402,S1,1,Rejected,R01,0
APP06401,REQ0146,SRC03,2025-04-10,20250410,S2,2,Withdrew,R04,0
APP06402,REQ0146,SRC01,2025-04-10,20250410,S1,1,Rejected,R08,0
APP06403,REQ0146,SRC03,2025-03-29,20250329,S2,2,Rejected,R03,0
APP06404,REQ0146,SRC07,2025-04-15,20250415,S1,1,Rejected,R08,0
APP06405,REQ0146,SRC07,2025-04-15,20250415,S3,3,Withdrew,R04,0
APP06406,REQ0146,SRC02,2025-04-13,20250413,S1,1,Rejected,R01,0
APP06407,REQ0146,SRC02,2025-04-04,20250404,S1,1,Rejected,R01,0
APP06408,REQ0146,SRC01,2025-04-05,20250405,S8,8,Hired,R99,1
APP06409,REQ0146,SRC06,2025-04-19,20250419,S1,1,Rejected,R01,0
APP06410,REQ0146,SRC06,2025-03-31,20250331,S2,2,Withdrew,R04,0
APP06411,REQ0146,SRC06,2025-04-18,20250418,S5,5,Withdrew,R04,0
APP06412,REQ0146,SRC08,2025-03-31,20250331,S2,2,Rejected,R08,0
APP06413,REQ0146,SRC05,2025-04-02,20250402,S1,1,Rejected,R08,0
APP06414,REQ0146,SRC02,2025-03-31,20250331,S1,1,Rejected,R01,0
APP06415,REQ0146,SRC02,2025-04-10,20250410,S1,1,Rejected,R01,0
APP06416,REQ0146,SRC04,2025-04-10,20250410,S2,2,Rejected,R03,0
APP06417,REQ0146,SRC08,2025-04-10,20250410,S6,6,Rejected,R02,0
APP06418,REQ0147,SRC06,2026-05-21,20260521,S1,1,Rejected,R01,0
APP06419,REQ0147,SRC01,2026-05-02,20260502,S1,1,Rejected,R01,0
APP06420,REQ0147,SRC01,2026-05-01,20260501,S2,2,Withdrew,R04,0
APP06421,REQ0147,SRC01,2026-06-02,20260602,S1,1,Rejected,R08,0
APP06422,REQ0147,SRC06,2026-05-19,20260519,S6,6,Rejected,R07,0
APP06423,REQ0147,SRC08,2026-05-03,20260503,S1,1,Rejected,R08,0
APP06424,REQ0147,SRC08,2026-05-23,20260523,S2,2,Rejected,R01,0
APP06425,REQ0147,SRC01,2026-05-08,20260508,S2,2,Rejected,R08,0
APP06426,REQ0147,SRC03,2026-06-05,20260605,S1,1,Rejected,R01,0
APP06427,REQ0147,SRC04,2026-05-10,20260510,S3,3,Rejected,R02,0
APP06428,REQ0147,SRC03,2026-05-05,20260505,S3,3,Withdrew,R05,0
APP06429,REQ0147,SRC01,2026-05-12,20260512,S3,3,Rejected,R02,0
APP06430,REQ0147,SRC02,2026-05-16,20260516,S1,1,Rejected,R01,0
APP06431,REQ0147,SRC02,2026-05-05,20260505,S2,2,Rejected,R03,0
APP06432,REQ0147,SRC08,2026-05-25,20260525,S1,1,Rejected,R01,0
APP06433,REQ0147,SRC02,2026-06-07,20260607,S2,2,Withdrew,R04,0
APP06434,REQ0147,SRC07,2026-05-27,20260527,S1,1,Rejected,R08,0
APP06435,REQ0147,SRC06,2026-05-27,20260527,S1,1,Rejected,R01,0
APP06436,REQ0147,SRC01,2026-05-22,20260522,S2,2,Rejected,R08,0
APP06437,REQ0147,SRC06,2026-04-28,20260428,S3,3,Withdrew,R04,0
APP06438,REQ0147,SRC07,2026-06-13,20260613,S1,1,Rejected,R01,0
APP06439,REQ0147,SRC02,2026-05-26,20260526,S2,2,Rejected,R01,0
APP06440,REQ0147,SRC02,2026-06-19,20260619,S3,3,In Process,R99,0
APP06441,REQ0147,SRC08,2026-05-08,20260508,S1,1,Rejected,R01,0
APP06442,REQ0147,SRC08,2026-06-13,20260613,S6,6,In Process,R99,0
APP06443,REQ0147,SRC08,2026-06-10,20260610,S1,1,Rejected,R01,0
APP06444,REQ0147,SRC03,2026-06-15,20260615,S3,3,In Process,R99,0
APP06445,REQ0147,SRC01,2026-05-05,20260505,S1,1,Rejected,R01,0
APP06446,REQ0147,SRC02,2026-05-16,20260516,S1,1,Rejected,R01,0
APP06447,REQ0147,SRC06,2026-05-28,20260528,S1,1,Withdrew,R05,0
APP06448,REQ0147,SRC06,2026-05-26,20260526,S1,1,Rejected,R01,0
APP06449,REQ0147,SRC06,2026-06-03,20260603,S3,3,Rejected,R02,0
APP06450,REQ0147,SRC04,2026-05-08,20260508,S3,3,Rejected,R02,0
APP06451,REQ0147,SRC08,2026-05-11,20260511,S1,1,Withdrew,R05,0
APP06452,REQ0147,SRC06,2026-06-14,20260614,S4,4,In Process,R99,0
APP06453,REQ0147,SRC04,2026-05-10,20260510,S2,2,Withdrew,R05,0
APP06454,REQ0147,SRC05,2026-06-07,20260607,S1,1,Rejected,R01,0
APP06455,REQ0147,SRC01,2026-05-22,20260522,S4,4,Rejected,R07,0
APP06456,REQ0147,SRC06,2026-06-20,20260620,S1,1,Withdrew,R05,0
APP06457,REQ0147,SRC01,2026-05-23,20260523,S1,1,Rejected,R01,0
APP06458,REQ0147,SRC05,2026-05-07,20260507,S3,3,Withdrew,R05,0
APP06459,REQ0147,SRC03,2026-05-29,20260529,S2,2,Rejected,R01,0
APP06460,REQ0147,SRC07,2026-05-12,20260512,S1,1,Withdrew,R05,0
APP06461,REQ0147,SRC05,2026-05-30,20260530,S1,1,Rejected,R08,0
APP06462,REQ0147,SRC08,2026-06-05,20260605,S1,1,Withdrew,R05,0
APP06463,REQ0148,SRC02,2024-11-26,20241126,S2,2,Withdrew,R05,0
APP06464,REQ0148,SRC01,2024-10-28,20241028,S2,2,Withdrew,R05,0
APP06465,REQ0148,SRC08,2024-11-02,20241102,S1,1,Rejected,R01,0
APP06466,REQ0148,SRC01,2024-10-22,20241022,S3,3,Rejected,R07,0
APP06467,REQ0148,SRC03,2024-10-21,20241021,S1,1,Rejected,R01,0
APP06468,REQ0148,SRC02,2024-10-14,20241014,S2,2,Withdrew,R05,0
APP06469,REQ0148,SRC05,2024-11-27,20241127,S4,4,Rejected,R07,0
APP06470,REQ0148,SRC05,2024-11-27,20241127,S1,1,Withdrew,R05,0
APP06471,REQ0148,SRC08,2024-10-25,20241025,S1,1,Rejected,R01,0
APP06472,REQ0148,SRC06,2024-10-19,20241019,S1,1,Rejected,R01,0
APP06473,REQ0148,SRC08,2024-10-18,20241018,S1,1,Withdrew,R05,0
APP06474,REQ0148,SRC08,2024-10-22,20241022,S2,2,Rejected,R01,0
APP06475,REQ0148,SRC01,2024-11-26,20241126,S1,1,Withdrew,R05,0
APP06476,REQ0148,SRC06,2024-11-23,20241123,S1,1,Rejected,R01,0
APP06477,REQ0148,SRC01,2024-10-16,20241016,S3,3,Withdrew,R05,0
APP06478,REQ0148,SRC01,2024-11-03,20241103,S3,3,Rejected,R07,0
APP06479,REQ0148,SRC07,2024-10-20,20241020,S2,2,Rejected,R01,0
APP06480,REQ0148,SRC07,2024-11-18,20241118,S2,2,Rejected,R01,0
APP06481,REQ0148,SRC01,2024-10-28,20241028,S3,3,Rejected,R02,0
APP06482,REQ0148,SRC01,2024-11-02,20241102,S3,3,Rejected,R02,0
APP06483,REQ0148,SRC08,2024-10-31,20241031,S1,1,Rejected,R01,0
APP06484,REQ0148,SRC06,2024-11-21,20241121,S2,2,Withdrew,R05,0
APP06485,REQ0149,SRC08,2025-04-27,20250427,S1,1,Withdrew,R05,0
APP06486,REQ0149,SRC02,2025-05-24,20250524,S1,1,Rejected,R01,0
APP06487,REQ0149,SRC02,2025-03-24,20250324,S3,3,Withdrew,R05,0
APP06488,REQ0149,SRC06,2025-04-15,20250415,S1,1,Rejected,R01,0
APP06489,REQ0149,SRC01,2025-04-12,20250412,S1,1,Rejected,R08,0
APP06490,REQ0149,SRC01,2025-05-01,20250501,S2,2,Rejected,R08,0
APP06491,REQ0149,SRC01,2025-05-19,20250519,S1,1,Rejected,R01,0
APP06492,REQ0149,SRC08,2025-05-24,20250524,S1,1,Rejected,R01,0
APP06493,REQ0149,SRC07,2025-03-28,20250328,S1,1,Rejected,R01,0
APP06494,REQ0149,SRC06,2025-03-23,20250323,S1,1,Rejected,R08,0
APP06495,REQ0149,SRC08,2025-06-05,20250605,S1,1,Rejected,R08,0
APP06496,REQ0149,SRC01,2025-05-22,20250522,S1,1,Rejected,R01,0
APP06497,REQ0149,SRC02,2025-03-25,20250325,S2,2,Rejected,R08,0
APP06498,REQ0149,SRC05,2025-05-23,20250523,S2,2,Withdrew,R05,0
APP06499,REQ0149,SRC04,2025-03-24,20250324,S1,1,Rejected,R01,0
APP06500,REQ0149,SRC08,2025-05-28,20250528,S2,2,Withdrew,R04,0
APP06501,REQ0149,SRC03,2025-03-24,20250324,S1,1,Rejected,R01,0
APP06502,REQ0149,SRC03,2025-05-04,20250504,S1,1,Rejected,R01,0
APP06503,REQ0149,SRC08,2025-03-23,20250323,S1,1,Rejected,R01,0
APP06504,REQ0149,SRC04,2025-04-28,20250428,S1,1,Rejected,R08,0
APP06505,REQ0149,SRC03,2025-05-21,20250521,S1,1,Rejected,R01,0
APP06506,REQ0149,SRC01,2025-05-11,20250511,S1,1,Rejected,R01,0
APP06507,REQ0149,SRC02,2025-04-30,20250430,S1,1,Rejected,R08,0
APP06508,REQ0149,SRC03,2025-06-02,20250602,S1,1,Rejected,R08,0
APP06509,REQ0149,SRC07,2025-05-31,20250531,S1,1,Rejected,R01,0
APP06510,REQ0149,SRC02,2025-04-14,20250414,S2,2,Rejected,R08,0
APP06511,REQ0149,SRC02,2025-04-20,20250420,S1,1,Withdrew,R05,0
APP06512,REQ0149,SRC08,2025-03-25,20250325,S1,1,Rejected,R01,0
APP06513,REQ0149,SRC02,2025-04-18,20250418,S3,3,Rejected,R02,0
APP06514,REQ0149,SRC06,2025-04-13,20250413,S1,1,Rejected,R01,0
APP06515,REQ0149,SRC06,2025-06-06,20250606,S1,1,Rejected,R01,0
APP06516,REQ0149,SRC01,2025-04-24,20250424,S1,1,Rejected,R01,0
APP06517,REQ0149,SRC08,2025-05-29,20250529,S5,5,Rejected,R03,0
APP06518,REQ0149,SRC08,2025-05-11,20250511,S1,1,Withdrew,R05,0
APP06519,REQ0149,SRC04,2025-04-16,20250416,S1,1,Rejected,R01,0
APP06520,REQ0149,SRC01,2025-05-10,20250510,S3,3,Rejected,R02,0
APP06521,REQ0149,SRC07,2025-04-28,20250428,S1,1,Rejected,R01,0
APP06522,REQ0149,SRC03,2025-04-20,20250420,S1,1,Rejected,R08,0
APP06523,REQ0149,SRC08,2025-05-07,20250507,S1,1,Rejected,R01,0
APP06524,REQ0149,SRC03,2025-05-21,20250521,S2,2,Rejected,R03,0
APP06525,REQ0149,SRC01,2025-03-29,20250329,S1,1,Rejected,R01,0
APP06526,REQ0149,SRC01,2025-06-06,20250606,S1,1,Rejected,R01,0
APP06527,REQ0149,SRC01,2025-03-27,20250327,S6,6,Withdrew,R04,0
APP06528,REQ0149,SRC03,2025-04-16,20250416,S5,5,Rejected,R07,0
APP06529,REQ0149,SRC02,2025-03-27,20250327,S1,1,Rejected,R08,0
APP06530,REQ0149,SRC08,2025-05-09,20250509,S1,1,Rejected,R01,0
APP06531,REQ0149,SRC02,2025-04-14,20250414,S3,3,Rejected,R02,0
APP06532,REQ0149,SRC01,2025-04-04,20250404,S2,2,Rejected,R03,0
APP06533,REQ0149,SRC01,2025-05-13,20250513,S2,2,Withdrew,R05,0
APP06534,REQ0149,SRC01,2025-04-17,20250417,S1,1,Rejected,R01,0
APP06535,REQ0149,SRC06,2025-04-14,20250414,S1,1,Withdrew,R05,0
APP06536,REQ0149,SRC04,2025-04-29,20250429,S1,1,Rejected,R01,0
APP06537,REQ0149,SRC06,2025-05-25,20250525,S3,3,Rejected,R02,0
APP06538,REQ0149,SRC07,2025-03-28,20250328,S1,1,Rejected,R01,0
APP06539,REQ0150,SRC07,2024-11-25,20241125,S1,1,Rejected,R01,0
APP06540,REQ0150,SRC01,2025-01-01,20250101,S1,1,Rejected,R01,0
APP06541,REQ0150,SRC06,2024-12-21,20241221,S1,1,Rejected,R01,0
APP06542,REQ0150,SRC08,2024-12-23,20241223,S2,2,Rejected,R03,0
APP06543,REQ0150,SRC08,2024-12-25,20241225,S1,1,Rejected,R01,0
APP06544,REQ0150,SRC04,2024-12-11,20241211,S1,1,Rejected,R08,0
APP06545,REQ0150,SRC02,2024-12-21,20241221,S8,8,Hired,R99,1
APP06546,REQ0150,SRC07,2024-12-05,20241205,S2,2,Withdrew,R05,0
APP06547,REQ0150,SRC07,2025-01-01,20250101,S1,1,Rejected,R08,0
APP06548,REQ0150,SRC01,2024-12-28,20241228,S1,1,Rejected,R01,0
APP06549,REQ0150,SRC06,2024-12-28,20241228,S1,1,Withdrew,R05,0
APP06550,REQ0150,SRC01,2025-01-05,20250105,S3,3,Rejected,R07,0
APP06551,REQ0150,SRC02,2025-01-04,20250104,S2,2,Rejected,R01,0
APP06552,REQ0150,SRC01,2024-12-06,20241206,S1,1,Rejected,R08,0
APP06553,REQ0150,SRC01,2024-12-27,20241227,S3,3,Withdrew,R05,0
APP06554,REQ0150,SRC01,2024-12-06,20241206,S1,1,Withdrew,R05,0
APP06555,REQ0150,SRC08,2025-01-03,20250103,S2,2,Rejected,R03,0
APP06556,REQ0150,SRC05,2024-12-26,20241226,S1,1,Rejected,R01,0
APP06557,REQ0150,SRC03,2024-11-27,20241127,S8,8,Hired,R99,1
APP06558,REQ0150,SRC06,2025-01-01,20250101,S1,1,Rejected,R08,0
APP06559,REQ0150,SRC07,2024-11-24,20241124,S1,1,Rejected,R01,0
APP06560,REQ0150,SRC02,2024-12-24,20241224,S1,1,Rejected,R01,0
APP06561,REQ0150,SRC06,2024-11-23,20241123,S1,1,Rejected,R01,0
APP06562,REQ0150,SRC06,2024-11-16,20241116,S1,1,Rejected,R01,0
APP06563,REQ0150,SRC05,2024-12-26,20241226,S1,1,Withdrew,R05,0
APP06564,REQ0150,SRC05,2025-01-08,20250108,S1,1,Rejected,R01,0
APP06565,REQ0150,SRC03,2024-12-04,20241204,S2,2,Withdrew,R04,0
APP06566,REQ0150,SRC07,2024-11-22,20241122,S2,2,Rejected,R01,0
APP06567,REQ0150,SRC08,2025-01-04,20250104,S5,5,Rejected,R07,0
APP06568,REQ0150,SRC02,2024-12-02,20241202,S1,1,Rejected,R01,0
APP06569,REQ0150,SRC01,2025-01-04,20250104,S3,3,Rejected,R01,0
APP06570,REQ0150,SRC06,2024-12-19,20241219,S1,1,Withdrew,R05,0
APP06571,REQ0150,SRC08,2024-12-28,20241228,S1,1,Rejected,R01,0
APP06572,REQ0150,SRC08,2024-12-08,20241208,S1,1,Withdrew,R05,0
APP06573,REQ0150,SRC01,2024-12-26,20241226,S1,1,Rejected,R01,0
APP06574,REQ0150,SRC02,2025-01-03,20250103,S1,1,Rejected,R01,0
APP06575,REQ0150,SRC04,2024-12-15,20241215,S4,4,Rejected,R02,0
APP06576,REQ0150,SRC01,2024-12-12,20241212,S5,5,Rejected,R07,0
APP06577,REQ0150,SRC02,2024-11-21,20241121,S1,1,Rejected,R01,0
APP06578,REQ0150,SRC08,2024-11-28,20241128,S1,1,Rejected,R01,0
APP06579,REQ0150,SRC01,2024-12-02,20241202,S1,1,Rejected,R08,0
APP06580,REQ0150,SRC08,2024-12-21,20241221,S2,2,Rejected,R01,0
APP06581,REQ0150,SRC06,2024-11-30,20241130,S1,1,Rejected,R01,0
APP06582,REQ0150,SRC01,2024-12-10,20241210,S2,2,Rejected,R01,0
APP06583,REQ0150,SRC01,2024-11-18,20241118,S1,1,Withdrew,R05,0
APP06584,REQ0150,SRC01,2024-12-01,20241201,S6,6,Rejected,R03,0
APP06585,REQ0150,SRC08,2024-12-26,20241226,S7,7,Rejected,R07,0
APP06586,REQ0150,SRC06,2025-01-11,20250111,S3,3,Withdrew,R05,0
APP06587,REQ0150,SRC02,2024-12-10,20241210,S1,1,Rejected,R01,0
APP06588,REQ0150,SRC06,2024-12-11,20241211,S1,1,Rejected,R01,0
APP06589,REQ0150,SRC06,2024-11-20,20241120,S1,1,Rejected,R01,0
APP06590,REQ0150,SRC07,2024-12-12,20241212,S2,2,Rejected,R01,0
APP06591,REQ0150,SRC08,2024-12-30,20241230,S1,1,Rejected,R01,0
APP06592,REQ0150,SRC02,2024-12-11,20241211,S1,1,Rejected,R01,0
APP06593,REQ0150,SRC03,2024-12-23,20241223,S1,1,Rejected,R01,0
APP06594,REQ0150,SRC04,2024-12-23,20241223,S1,1,Rejected,R01,0
APP06595,REQ0150,SRC01,2024-12-05,20241205,S1,1,Withdrew,R05,0
APP06596,REQ0151,SRC05,2026-02-27,20260227,S1,1,Rejected,R08,0
APP06597,REQ0151,SRC06,2026-02-14,20260214,S1,1,Rejected,R08,0
APP06598,REQ0151,SRC01,2026-02-19,20260219,S3,3,Rejected,R01,0
APP06599,REQ0151,SRC06,2026-03-18,20260318,S1,1,Rejected,R08,0
APP06600,REQ0151,SRC06,2026-03-23,20260323,S7,7,Withdrew,R06,0
APP06601,REQ0151,SRC07,2026-04-04,20260404,S2,2,Withdrew,R04,0
APP06602,REQ0151,SRC06,2026-02-26,20260226,S1,1,Rejected,R01,0
APP06603,REQ0151,SRC02,2026-03-05,20260305,S1,1,Rejected,R01,0
APP06604,REQ0151,SRC01,2026-03-24,20260324,S1,1,Rejected,R01,0
APP06605,REQ0151,SRC01,2026-02-20,20260220,S1,1,Withdrew,R05,0
APP06606,REQ0151,SRC05,2026-01-29,20260129,S2,2,Rejected,R01,0
APP06607,REQ0151,SRC01,2026-02-01,20260201,S2,2,Withdrew,R04,0
APP06608,REQ0151,SRC01,2026-03-16,20260316,S1,1,Withdrew,R05,0
APP06609,REQ0151,SRC06,2026-02-17,20260217,S1,1,Withdrew,R05,0
APP06610,REQ0151,SRC05,2026-04-07,20260407,S1,1,Rejected,R08,0
APP06611,REQ0151,SRC01,2026-03-17,20260317,S1,1,Rejected,R08,0
APP06612,REQ0151,SRC02,2026-02-06,20260206,S1,1,Rejected,R01,0
APP06613,REQ0151,SRC01,2026-04-01,20260401,S4,4,Rejected,R02,0
APP06614,REQ0151,SRC01,2026-02-08,20260208,S1,1,Rejected,R01,0
APP06615,REQ0151,SRC06,2026-02-10,20260210,S1,1,Rejected,R01,0
APP06616,REQ0151,SRC05,2026-02-09,20260209,S4,4,Rejected,R02,0
APP06617,REQ0151,SRC07,2026-03-14,20260314,S3,3,Rejected,R01,0
APP06618,REQ0151,SRC06,2026-03-20,20260320,S1,1,Rejected,R01,0
APP06619,REQ0151,SRC01,2026-03-10,20260310,S1,1,Withdrew,R05,0
APP06620,REQ0151,SRC01,2026-03-31,20260331,S4,4,Withdrew,R04,0
APP06621,REQ0151,SRC02,2026-03-12,20260312,S1,1,Rejected,R01,0
APP06622,REQ0151,SRC06,2026-02-25,20260225,S1,1,Rejected,R01,0
APP06623,REQ0151,SRC02,2026-02-10,20260210,S1,1,Withdrew,R05,0
APP06624,REQ0151,SRC06,2026-02-09,20260209,S2,2,Rejected,R03,0
APP06625,REQ0151,SRC06,2026-01-30,20260130,S1,1,Rejected,R01,0
APP06626,REQ0151,SRC07,2026-03-29,20260329,S2,2,Rejected,R08,0
APP06627,REQ0151,SRC01,2026-03-11,20260311,S1,1,Withdrew,R05,0
APP06628,REQ0151,SRC06,2026-03-11,20260311,S2,2,Rejected,R08,0
APP06629,REQ0151,SRC04,2026-02-22,20260222,S3,3,Withdrew,R04,0
APP06630,REQ0151,SRC01,2026-02-21,20260221,S1,1,Rejected,R01,0
APP06631,REQ0151,SRC04,2026-03-24,20260324,S5,5,Rejected,R07,0
APP06632,REQ0151,SRC02,2026-03-31,20260331,S2,2,Rejected,R03,0
APP06633,REQ0151,SRC06,2026-02-04,20260204,S1,1,Rejected,R01,0
APP06634,REQ0151,SRC01,2026-03-06,20260306,S1,1,Rejected,R01,0
APP06635,REQ0151,SRC01,2026-03-17,20260317,S1,1,Rejected,R01,0
APP06636,REQ0151,SRC03,2026-02-24,20260224,S5,5,Rejected,R03,0
APP06637,REQ0151,SRC01,2026-02-15,20260215,S4,4,Rejected,R02,0
APP06638,REQ0151,SRC05,2026-02-04,20260204,S1,1,Rejected,R01,0
APP06639,REQ0151,SRC05,2026-04-02,20260402,S6,6,Withdrew,R04,0
APP06640,REQ0151,SRC08,2026-02-12,20260212,S1,1,Rejected,R01,0
APP06641,REQ0151,SRC04,2026-04-02,20260402,S2,2,Rejected,R01,0
APP06642,REQ0151,SRC08,2026-02-19,20260219,S2,2,Withdrew,R04,0
APP06643,REQ0151,SRC06,2026-02-23,20260223,S2,2,Rejected,R03,0
APP06644,REQ0151,SRC01,2026-02-07,20260207,S1,1,Rejected,R01,0
APP06645,REQ0151,SRC07,2026-04-06,20260406,S1,1,Rejected,R01,0
APP06646,REQ0151,SRC02,2026-03-08,20260308,S2,2,Rejected,R08,0
APP06647,REQ0151,SRC03,2026-03-24,20260324,S2,2,Rejected,R01,0
APP06648,REQ0151,SRC08,2026-02-02,20260202,S1,1,Rejected,R01,0
APP06649,REQ0151,SRC06,2026-04-03,20260403,S8,8,Hired,R99,1
APP06650,REQ0151,SRC01,2026-02-02,20260202,S4,4,Withdrew,R04,0
APP06651,REQ0151,SRC06,2026-02-02,20260202,S1,1,Rejected,R01,0
APP06652,REQ0151,SRC02,2026-03-30,20260330,S1,1,Rejected,R01,0
APP06653,REQ0151,SRC04,2026-03-17,20260317,S2,2,Rejected,R08,0
APP06654,REQ0151,SRC01,2026-02-10,20260210,S1,1,Rejected,R01,0
APP06655,REQ0151,SRC08,2026-02-12,20260212,S1,1,Rejected,R01,0
APP06656,REQ0151,SRC03,2026-02-28,20260228,S1,1,Rejected,R01,0
APP06657,REQ0151,SRC05,2026-04-04,20260404,S1,1,Rejected,R01,0
APP06658,REQ0151,SRC04,2026-03-06,20260306,S8,8,Hired,R99,1
APP06659,REQ0151,SRC01,2026-01-29,20260129,S3,3,Withdrew,R04,0
APP06660,REQ0152,SRC08,2025-07-07,20250707,S1,1,Withdrew,R05,0
APP06661,REQ0152,SRC06,2025-07-09,20250709,S2,2,Rejected,R01,0
APP06662,REQ0152,SRC03,2025-05-09,20250509,S4,4,Withdrew,R04,0
APP06663,REQ0152,SRC08,2025-06-12,20250612,S1,1,Rejected,R01,0
APP06664,REQ0152,SRC06,2025-07-02,20250702,S1,1,Rejected,R08,0
APP06665,REQ0152,SRC04,2025-05-11,20250511,S2,2,Rejected,R03,0
APP06666,REQ0152,SRC02,2025-06-14,20250614,S3,3,Withdrew,R04,0
APP06667,REQ0152,SRC02,2025-06-01,20250601,S1,1,Withdrew,R05,0
APP06668,REQ0152,SRC06,2025-06-09,20250609,S8,8,Hired,R99,1
APP06669,REQ0152,SRC07,2025-06-09,20250609,S1,1,Rejected,R08,0
APP06670,REQ0152,SRC01,2025-07-04,20250704,S1,1,Rejected,R01,0
APP06671,REQ0152,SRC08,2025-07-10,20250710,S1,1,Rejected,R08,0
APP06672,REQ0152,SRC04,2025-05-11,20250511,S1,1,Rejected,R01,0
APP06673,REQ0152,SRC07,2025-07-13,20250713,S1,1,Rejected,R01,0
APP06674,REQ0152,SRC07,2025-06-29,20250629,S1,1,Rejected,R08,0
APP06675,REQ0152,SRC03,2025-05-15,20250515,S6,6,Rejected,R03,0
APP06676,REQ0152,SRC01,2025-05-28,20250528,S1,1,Rejected,R01,0
APP06677,REQ0152,SRC02,2025-06-25,20250625,S1,1,Rejected,R01,0
APP06678,REQ0152,SRC05,2025-07-14,20250714,S2,2,Withdrew,R05,0
APP06679,REQ0152,SRC01,2025-06-04,20250604,S1,1,Rejected,R08,0
APP06680,REQ0152,SRC08,2025-06-23,20250623,S2,2,Rejected,R08,0
APP06681,REQ0152,SRC04,2025-06-18,20250618,S1,1,Rejected,R01,0
APP06682,REQ0152,SRC02,2025-07-14,20250714,S1,1,Rejected,R01,0
APP06683,REQ0152,SRC04,2025-05-22,20250522,S3,3,Withdrew,R05,0
APP06684,REQ0152,SRC06,2025-05-25,20250525,S3,3,Withdrew,R05,0
APP06685,REQ0152,SRC06,2025-06-03,20250603,S1,1,Rejected,R01,0
APP06686,REQ0152,SRC04,2025-06-10,20250610,S1,1,Withdrew,R05,0
APP06687,REQ0152,SRC06,2025-07-10,20250710,S1,1,Rejected,R01,0
APP06688,REQ0152,SRC02,2025-05-22,20250522,S1,1,Withdrew,R05,0
APP06689,REQ0152,SRC06,2025-06-09,20250609,S2,2,Rejected,R01,0
APP06690,REQ0152,SRC02,2025-07-10,20250710,S2,2,Withdrew,R04,0
APP06691,REQ0152,SRC03,2025-05-28,20250528,S1,1,Rejected,R01,0
APP06692,REQ0152,SRC02,2025-06-18,20250618,S1,1,Rejected,R08,0
APP06693,REQ0152,SRC01,2025-07-01,20250701,S1,1,Withdrew,R05,0
APP06694,REQ0152,SRC04,2025-05-12,20250512,S1,1,Rejected,R01,0
APP06695,REQ0152,SRC08,2025-06-15,20250615,S1,1,Rejected,R01,0
APP06696,REQ0152,SRC07,2025-05-15,20250515,S1,1,Withdrew,R05,0
APP06697,REQ0152,SRC04,2025-06-21,20250621,S2,2,Rejected,R01,0
APP06698,REQ0152,SRC01,2025-06-24,20250624,S1,1,Rejected,R01,0
APP06699,REQ0152,SRC06,2025-06-30,20250630,S2,2,Withdrew,R04,0
APP06700,REQ0152,SRC01,2025-06-09,20250609,S1,1,Rejected,R01,0
APP06701,REQ0152,SRC02,2025-05-13,20250513,S3,3,Rejected,R01,0
APP06702,REQ0152,SRC08,2025-06-20,20250620,S1,1,Rejected,R01,0
APP06703,REQ0152,SRC01,2025-05-22,20250522,S1,1,Withdrew,R05,0
APP06704,REQ0152,SRC07,2025-07-09,20250709,S2,2,Rejected,R08,0
APP06705,REQ0152,SRC06,2025-05-15,20250515,S1,1,Rejected,R01,0
APP06706,REQ0152,SRC02,2025-06-01,20250601,S3,3,Rejected,R02,0
APP06707,REQ0152,SRC06,2025-06-14,20250614,S1,1,Withdrew,R05,0
APP06708,REQ0152,SRC06,2025-06-29,20250629,S1,1,Rejected,R08,0
APP06709,REQ0153,SRC05,2026-06-03,20260603,S1,1,Rejected,R01,0
APP06710,REQ0153,SRC01,2026-06-21,20260621,S1,1,Rejected,R01,0
APP06711,REQ0153,SRC05,2026-06-03,20260603,S1,1,Rejected,R08,0
APP06712,REQ0153,SRC02,2026-05-08,20260508,S2,2,Withdrew,R05,0
APP06713,REQ0153,SRC08,2026-04-30,20260430,S2,2,Rejected,R03,0
APP06714,REQ0153,SRC01,2026-05-14,20260514,S1,1,Rejected,R01,0
APP06715,REQ0153,SRC02,2026-05-22,20260522,S1,1,Rejected,R08,0
APP06716,REQ0153,SRC07,2026-05-05,20260505,S1,1,Withdrew,R05,0
APP06717,REQ0153,SRC02,2026-05-29,20260529,S1,1,Rejected,R01,0
APP06718,REQ0153,SRC08,2026-05-18,20260518,S1,1,Rejected,R08,0
APP06719,REQ0153,SRC02,2026-05-23,20260523,S1,1,Rejected,R01,0
APP06720,REQ0153,SRC05,2026-05-13,20260513,S1,1,Rejected,R08,0
APP06721,REQ0153,SRC03,2026-06-21,20260621,S1,1,Rejected,R08,0
APP06722,REQ0153,SRC06,2026-05-23,20260523,S3,3,Rejected,R07,0
APP06723,REQ0153,SRC06,2026-06-05,20260605,S2,2,Rejected,R01,0
APP06724,REQ0153,SRC08,2026-06-06,20260606,S1,1,Rejected,R01,0
APP06725,REQ0153,SRC01,2026-05-25,20260525,S2,2,Rejected,R08,0
APP06726,REQ0153,SRC08,2026-05-09,20260509,S1,1,Rejected,R01,0
APP06727,REQ0153,SRC07,2026-06-01,20260601,S2,2,Rejected,R03,0
APP06728,REQ0153,SRC06,2026-05-25,20260525,S1,1,Rejected,R01,0
APP06729,REQ0153,SRC08,2026-05-25,20260525,S3,3,Rejected,R01,0
APP06730,REQ0153,SRC02,2026-05-19,20260519,S2,2,Rejected,R03,0
APP06731,REQ0153,SRC01,2026-06-08,20260608,S1,1,Rejected,R08,0
APP06732,REQ0153,SRC02,2026-04-30,20260430,S1,1,Rejected,R01,0
APP06733,REQ0153,SRC03,2026-06-01,20260601,S3,3,Rejected,R01,0
APP06734,REQ0153,SRC03,2026-06-14,20260614,S1,1,Rejected,R01,0
APP06735,REQ0153,SRC01,2026-06-16,20260616,S1,1,Withdrew,R05,0
APP06736,REQ0153,SRC06,2026-05-25,20260525,S1,1,Rejected,R01,0
APP06737,REQ0153,SRC04,2026-05-23,20260523,S1,1,Withdrew,R05,0
APP06738,REQ0153,SRC01,2026-05-06,20260506,S1,1,Rejected,R01,0
APP06739,REQ0153,SRC02,2026-06-01,20260601,S1,1,Rejected,R08,0
APP06740,REQ0153,SRC07,2026-06-18,20260618,S1,1,Rejected,R01,0
APP06741,REQ0153,SRC02,2026-05-14,20260514,S1,1,Rejected,R01,0
APP06742,REQ0153,SRC01,2026-05-06,20260506,S3,3,Rejected,R02,0
APP06743,REQ0153,SRC07,2026-06-23,20260623,S1,1,Rejected,R01,0
APP06744,REQ0153,SRC04,2026-05-24,20260524,S1,1,Rejected,R01,0
APP06745,REQ0153,SRC01,2026-05-04,20260504,S3,3,Withdrew,R04,0
APP06746,REQ0153,SRC01,2026-06-07,20260607,S1,1,Rejected,R01,0
APP06747,REQ0153,SRC02,2026-06-06,20260606,S1,1,Rejected,R01,0
APP06748,REQ0154,SRC07,2024-09-09,20240909,S1,1,Rejected,R01,0
APP06749,REQ0154,SRC03,2024-09-10,20240910,S1,1,Rejected,R01,0
APP06750,REQ0154,SRC07,2024-08-26,20240826,S1,1,Rejected,R08,0
APP06751,REQ0154,SRC06,2024-08-17,20240817,S4,4,Rejected,R07,0
APP06752,REQ0154,SRC04,2024-08-20,20240820,S1,1,Rejected,R01,0
APP06753,REQ0154,SRC01,2024-09-09,20240909,S1,1,Rejected,R01,0
APP06754,REQ0154,SRC01,2024-08-19,20240819,S3,3,Withdrew,R05,0
APP06755,REQ0154,SRC03,2024-08-26,20240826,S1,1,Rejected,R08,0
APP06756,REQ0154,SRC01,2024-08-25,20240825,S2,2,Rejected,R03,0
APP06757,REQ0154,SRC03,2024-08-31,20240831,S2,2,Rejected,R08,0
APP06758,REQ0154,SRC01,2024-08-16,20240816,S1,1,Rejected,R08,0
APP06759,REQ0154,SRC01,2024-08-20,20240820,S1,1,Withdrew,R05,0
APP06760,REQ0154,SRC01,2024-08-31,20240831,S1,1,Rejected,R01,0
APP06761,REQ0154,SRC02,2024-08-12,20240812,S1,1,Rejected,R01,0
APP06762,REQ0154,SRC01,2024-08-27,20240827,S7,7,Rejected,R07,0
APP06763,REQ0154,SRC05,2024-09-01,20240901,S4,4,Rejected,R02,0
APP06764,REQ0154,SRC02,2024-08-23,20240823,S2,2,Rejected,R01,0
APP06765,REQ0154,SRC01,2024-08-30,20240830,S2,2,Withdrew,R04,0
APP06766,REQ0154,SRC03,2024-09-07,20240907,S1,1,Withdrew,R05,0
APP06767,REQ0154,SRC04,2024-09-07,20240907,S1,1,Rejected,R01,0
APP06768,REQ0154,SRC02,2024-09-09,20240909,S1,1,Rejected,R01,0
APP06769,REQ0154,SRC01,2024-08-24,20240824,S1,1,Rejected,R01,0
APP06770,REQ0154,SRC06,2024-08-24,20240824,S3,3,Rejected,R01,0
APP06771,REQ0154,SRC03,2024-08-16,20240816,S1,1,Rejected,R01,0
APP06772,REQ0154,SRC02,2024-08-28,20240828,S3,3,Withdrew,R04,0
APP06773,REQ0154,SRC01,2024-08-31,20240831,S1,1,Rejected,R01,0
APP06774,REQ0154,SRC02,2024-08-12,20240812,S1,1,Rejected,R01,0
APP06775,REQ0154,SRC04,2024-09-09,20240909,S1,1,Withdrew,R05,0
APP06776,REQ0154,SRC01,2024-09-10,20240910,S1,1,Withdrew,R05,0
APP06777,REQ0154,SRC02,2024-09-06,20240906,S2,2,Withdrew,R04,0
APP06778,REQ0154,SRC03,2024-09-05,20240905,S2,2,Withdrew,R05,0
APP06779,REQ0154,SRC01,2024-08-14,20240814,S3,3,Rejected,R02,0
APP06780,REQ0154,SRC02,2024-09-03,20240903,S1,1,Rejected,R01,0
APP06781,REQ0154,SRC06,2024-08-30,20240830,S1,1,Rejected,R01,0
APP06782,REQ0154,SRC08,2024-09-04,20240904,S1,1,Rejected,R01,0
APP06783,REQ0154,SRC06,2024-08-23,20240823,S2,2,Rejected,R01,0
APP06784,REQ0154,SRC01,2024-08-13,20240813,S1,1,Withdrew,R05,0
APP06785,REQ0154,SRC08,2024-08-28,20240828,S1,1,Rejected,R01,0
APP06786,REQ0154,SRC01,2024-09-06,20240906,S1,1,Rejected,R01,0
APP06787,REQ0154,SRC07,2024-08-23,20240823,S1,1,Rejected,R01,0
APP06788,REQ0154,SRC02,2024-09-03,20240903,S1,1,Rejected,R01,0
APP06789,REQ0154,SRC08,2024-09-03,20240903,S3,3,Rejected,R07,0
APP06790,REQ0154,SRC01,2024-09-01,20240901,S1,1,Rejected,R08,0
APP06791,REQ0154,SRC01,2024-09-05,20240905,S3,3,Rejected,R01,0
APP06792,REQ0154,SRC01,2024-09-01,20240901,S2,2,Rejected,R08,0
APP06793,REQ0154,SRC01,2024-08-19,20240819,S2,2,Withdrew,R05,0
APP06794,REQ0154,SRC06,2024-08-20,20240820,S3,3,Rejected,R01,0
APP06795,REQ0154,SRC02,2024-08-25,20240825,S1,1,Rejected,R01,0
APP06796,REQ0154,SRC06,2024-08-31,20240831,S1,1,Rejected,R01,0
APP06797,REQ0154,SRC01,2024-08-24,20240824,S8,8,Hired,R99,1
APP06798,REQ0154,SRC05,2024-09-07,20240907,S1,1,Rejected,R01,0
APP06799,REQ0154,SRC02,2024-08-27,20240827,S1,1,Rejected,R01,0
APP06800,REQ0154,SRC03,2024-08-22,20240822,S1,1,Rejected,R01,0
APP06801,REQ0154,SRC02,2024-08-22,20240822,S1,1,Rejected,R08,0
APP06802,REQ0154,SRC06,2024-09-07,20240907,S1,1,Rejected,R01,0
APP06803,REQ0154,SRC08,2024-08-16,20240816,S1,1,Withdrew,R05,0
APP06804,REQ0154,SRC07,2024-09-10,20240910,S7,7,Rejected,R07,0
APP06805,REQ0155,SRC01,2025-06-05,20250605,S1,1,Rejected,R08,0
APP06806,REQ0155,SRC02,2025-06-08,20250608,S1,1,Rejected,R01,0
APP06807,REQ0155,SRC01,2025-06-01,20250601,S6,6,Rejected,R02,0
APP06808,REQ0155,SRC03,2025-05-28,20250528,S1,1,Rejected,R01,0
APP06809,REQ0155,SRC01,2025-05-28,20250528,S1,1,Rejected,R01,0
APP06810,REQ0155,SRC01,2025-06-03,20250603,S1,1,Rejected,R01,0
APP06811,REQ0155,SRC07,2025-06-03,20250603,S1,1,Rejected,R01,0
APP06812,REQ0155,SRC01,2025-05-29,20250529,S1,1,Withdrew,R05,0
APP06813,REQ0155,SRC01,2025-05-27,20250527,S1,1,Rejected,R01,0
APP06814,REQ0155,SRC06,2025-06-08,20250608,S1,1,Rejected,R01,0
APP06815,REQ0155,SRC03,2025-06-04,20250604,S1,1,Rejected,R08,0
APP06816,REQ0155,SRC01,2025-05-27,20250527,S6,6,Rejected,R03,0
APP06817,REQ0155,SRC03,2025-06-02,20250602,S3,3,Rejected,R01,0
APP06818,REQ0155,SRC07,2025-06-02,20250602,S1,1,Rejected,R01,0
APP06819,REQ0155,SRC03,2025-06-04,20250604,S1,1,Rejected,R08,0
APP06820,REQ0155,SRC01,2025-05-30,20250530,S1,1,Withdrew,R05,0
APP06821,REQ0155,SRC01,2025-06-06,20250606,S1,1,Rejected,R01,0
APP06822,REQ0155,SRC07,2025-05-30,20250530,S1,1,Rejected,R01,0
APP06823,REQ0155,SRC08,2025-06-01,20250601,S2,2,Withdrew,R04,0
APP06824,REQ0155,SRC01,2025-05-30,20250530,S1,1,Rejected,R01,0
APP06825,REQ0155,SRC01,2025-05-31,20250531,S3,3,Rejected,R01,0
APP06826,REQ0155,SRC07,2025-06-08,20250608,S2,2,Rejected,R01,0
APP06827,REQ0155,SRC03,2025-06-02,20250602,S3,3,Rejected,R01,0
APP06828,REQ0155,SRC03,2025-05-27,20250527,S1,1,Rejected,R08,0
APP06829,REQ0155,SRC02,2025-06-02,20250602,S3,3,Rejected,R01,0
APP06830,REQ0155,SRC01,2025-06-05,20250605,S3,3,Rejected,R02,0
APP06831,REQ0155,SRC02,2025-06-01,20250601,S3,3,Rejected,R07,0
APP06832,REQ0155,SRC03,2025-05-29,20250529,S1,1,Rejected,R01,0
APP06833,REQ0155,SRC02,2025-06-05,20250605,S1,1,Rejected,R08,0
APP06834,REQ0155,SRC06,2025-06-08,20250608,S2,2,Rejected,R03,0
APP06835,REQ0155,SRC02,2025-06-04,20250604,S1,1,Withdrew,R05,0
APP06836,REQ0155,SRC08,2025-06-08,20250608,S2,2,Rejected,R01,0
APP06837,REQ0155,SRC02,2025-06-04,20250604,S1,1,Withdrew,R05,0
APP06838,REQ0155,SRC08,2025-06-08,20250608,S2,2,Withdrew,R05,0
APP06839,REQ0155,SRC02,2025-06-07,20250607,S3,3,Withdrew,R04,0
APP06840,REQ0155,SRC02,2025-05-28,20250528,S2,2,Rejected,R08,0
APP06841,REQ0155,SRC02,2025-05-28,20250528,S2,2,Withdrew,R05,0
APP06842,REQ0155,SRC05,2025-05-29,20250529,S1,1,Rejected,R01,0
APP06843,REQ0155,SRC01,2025-05-30,20250530,S1,1,Rejected,R01,0
APP06844,REQ0155,SRC08,2025-05-29,20250529,S2,2,Withdrew,R05,0
APP06845,REQ0155,SRC05,2025-06-09,20250609,S4,4,Withdrew,R04,0
APP06846,REQ0155,SRC08,2025-05-29,20250529,S1,1,Rejected,R08,0
APP06847,REQ0155,SRC08,2025-05-30,20250530,S1,1,Rejected,R01,0
APP06848,REQ0155,SRC05,2025-06-04,20250604,S1,1,Rejected,R01,0
APP06849,REQ0155,SRC08,2025-06-02,20250602,S1,1,Rejected,R01,0
APP06850,REQ0155,SRC02,2025-06-03,20250603,S6,6,Rejected,R02,0
APP06851,REQ0155,SRC01,2025-06-03,20250603,S2,2,Withdrew,R04,0
APP06852,REQ0155,SRC01,2025-05-29,20250529,S1,1,Rejected,R08,0
APP06853,REQ0155,SRC01,2025-06-03,20250603,S1,1,Rejected,R01,0
APP06854,REQ0155,SRC03,2025-05-30,20250530,S1,1,Rejected,R08,0
APP06855,REQ0155,SRC08,2025-06-09,20250609,S3,3,Withdrew,R04,0
APP06856,REQ0155,SRC08,2025-05-28,20250528,S1,1,Rejected,R01,0
APP06857,REQ0155,SRC06,2025-06-07,20250607,S1,1,Rejected,R08,0
APP06858,REQ0155,SRC01,2025-06-01,20250601,S3,3,Rejected,R02,0
APP06859,REQ0155,SRC04,2025-06-01,20250601,S2,2,Rejected,R01,0
APP06860,REQ0155,SRC01,2025-06-02,20250602,S1,1,Withdrew,R05,0
APP06861,REQ0155,SRC07,2025-06-04,20250604,S2,2,Rejected,R01,0
APP06862,REQ0155,SRC01,2025-05-28,20250528,S7,7,Rejected,R07,0
APP06863,REQ0155,SRC07,2025-06-09,20250609,S1,1,Rejected,R08,0
APP06864,REQ0155,SRC04,2025-06-04,20250604,S1,1,Rejected,R01,0
APP06865,REQ0155,SRC05,2025-06-07,20250607,S1,1,Withdrew,R05,0
APP06866,REQ0155,SRC02,2025-06-05,20250605,S1,1,Rejected,R01,0
APP06867,REQ0155,SRC06,2025-05-27,20250527,S1,1,Withdrew,R05,0
APP06868,REQ0155,SRC01,2025-06-05,20250605,S1,1,Rejected,R01,0
APP06869,REQ0155,SRC01,2025-06-03,20250603,S1,1,Withdrew,R05,0
APP06870,REQ0155,SRC08,2025-05-27,20250527,S6,6,Rejected,R02,0
APP06871,REQ0155,SRC01,2025-06-09,20250609,S3,3,Rejected,R07,0
APP06872,REQ0155,SRC06,2025-06-05,20250605,S1,1,Rejected,R01,0
APP06873,REQ0155,SRC01,2025-05-29,20250529,S5,5,Rejected,R07,0
APP06874,REQ0155,SRC06,2025-05-30,20250530,S1,1,Rejected,R01,0
APP06875,REQ0156,SRC01,2025-12-29,20251229,S1,1,Rejected,R01,0
APP06876,REQ0156,SRC05,2026-01-01,20260101,S2,2,Rejected,R03,0
APP06877,REQ0156,SRC02,2026-01-01,20260101,S1,1,Rejected,R01,0
APP06878,REQ0156,SRC06,2026-01-07,20260107,S1,1,Rejected,R08,0
APP06879,REQ0156,SRC05,2025-12-31,20251231,S1,1,Rejected,R01,0
APP06880,REQ0156,SRC06,2025-12-27,20251227,S1,1,Withdrew,R05,0
APP06881,REQ0156,SRC01,2026-01-01,20260101,S2,2,Withdrew,R05,0
APP06882,REQ0156,SRC03,2025-12-31,20251231,S3,3,Rejected,R02,0
APP06883,REQ0156,SRC07,2026-01-07,20260107,S1,1,Withdrew,R05,0
APP06884,REQ0156,SRC02,2026-01-07,20260107,S3,3,Rejected,R07,0
APP06885,REQ0156,SRC01,2026-01-08,20260108,S1,1,Withdrew,R05,0
APP06886,REQ0156,SRC01,2025-12-31,20251231,S1,1,Rejected,R01,0
APP06887,REQ0156,SRC02,2025-12-26,20251226,S3,3,Rejected,R07,0
APP06888,REQ0156,SRC06,2026-01-08,20260108,S1,1,Rejected,R01,0
APP06889,REQ0156,SRC04,2026-01-07,20260107,S1,1,Rejected,R01,0
APP06890,REQ0156,SRC01,2025-12-29,20251229,S1,1,Rejected,R08,0
APP06891,REQ0156,SRC06,2026-01-08,20260108,S1,1,Rejected,R01,0
APP06892,REQ0156,SRC08,2025-12-27,20251227,S2,2,Rejected,R01,0
APP06893,REQ0156,SRC01,2026-01-09,20260109,S1,1,Rejected,R08,0
APP06894,REQ0156,SRC01,2026-01-10,20260110,S4,4,Rejected,R02,0
APP06895,REQ0156,SRC06,2025-12-29,20251229,S4,4,Rejected,R02,0
APP06896,REQ0156,SRC02,2026-01-07,20260107,S1,1,Withdrew,R05,0
APP06897,REQ0156,SRC01,2026-01-08,20260108,S1,1,Rejected,R01,0
APP06898,REQ0156,SRC08,2026-01-02,20260102,S3,3,Rejected,R01,0
APP06899,REQ0156,SRC01,2026-01-08,20260108,S1,1,Withdrew,R05,0
APP06900,REQ0156,SRC01,2025-12-29,20251229,S3,3,Withdrew,R04,0
APP06901,REQ0156,SRC04,2026-01-07,20260107,S1,1,Rejected,R08,0
APP06902,REQ0157,SRC01,2025-07-31,20250731,S5,5,Rejected,R02,0
APP06903,REQ0157,SRC01,2025-08-28,20250828,S2,2,Withdrew,R04,0
APP06904,REQ0157,SRC02,2025-07-12,20250712,S1,1,Rejected,R01,0
APP06905,REQ0157,SRC08,2025-08-19,20250819,S3,3,Withdrew,R05,0
APP06906,REQ0157,SRC06,2025-07-27,20250727,S1,1,Rejected,R01,0
APP06907,REQ0157,SRC01,2025-08-26,20250826,S1,1,Rejected,R08,0
APP06908,REQ0157,SRC03,2025-09-11,20250911,S1,1,Rejected,R08,0
APP06909,REQ0157,SRC03,2025-09-04,20250904,S1,1,Rejected,R01,0
APP06910,REQ0157,SRC02,2025-06-28,20250628,S3,3,Rejected,R01,0
APP06911,REQ0157,SRC01,2025-08-28,20250828,S1,1,Rejected,R01,0
APP06912,REQ0157,SRC03,2025-06-26,20250626,S1,1,Rejected,R01,0
APP06913,REQ0157,SRC01,2025-09-11,20250911,S1,1,Rejected,R01,0
APP06914,REQ0157,SRC07,2025-08-19,20250819,S1,1,Withdrew,R05,0
APP06915,REQ0157,SRC05,2025-07-21,20250721,S2,2,Rejected,R01,0
APP06916,REQ0157,SRC01,2025-09-14,20250914,S2,2,Withdrew,R05,0
APP06917,REQ0157,SRC05,2025-08-20,20250820,S3,3,Withdrew,R05,0
APP06918,REQ0157,SRC02,2025-09-10,20250910,S1,1,Rejected,R08,0
APP06919,REQ0157,SRC02,2025-09-07,20250907,S1,1,Rejected,R08,0
APP06920,REQ0157,SRC01,2025-09-14,20250914,S1,1,Rejected,R08,0
APP06921,REQ0157,SRC03,2025-07-19,20250719,S1,1,Rejected,R01,0
APP06922,REQ0157,SRC01,2025-08-29,20250829,S1,1,Rejected,R01,0
APP06923,REQ0157,SRC02,2025-09-15,20250915,S1,1,Withdrew,R05,0
APP06924,REQ0157,SRC06,2025-09-12,20250912,S1,1,Rejected,R08,0
APP06925,REQ0157,SRC06,2025-07-02,20250702,S1,1,Rejected,R01,0
APP06926,REQ0157,SRC08,2025-08-14,20250814,S1,1,Rejected,R01,0
APP06927,REQ0157,SRC01,2025-08-09,20250809,S1,1,Rejected,R01,0
APP06928,REQ0157,SRC06,2025-09-09,20250909,S2,2,Withdrew,R04,0
APP06929,REQ0157,SRC06,2025-07-13,20250713,S3,3,Rejected,R01,0
APP06930,REQ0157,SRC06,2025-08-23,20250823,S3,3,Withdrew,R05,0
APP06931,REQ0157,SRC06,2025-08-30,20250830,S3,3,Withdrew,R04,0
APP06932,REQ0157,SRC04,2025-07-03,20250703,S3,3,Rejected,R07,0
APP06933,REQ0157,SRC02,2025-08-16,20250816,S2,2,Rejected,R01,0
APP06934,REQ0157,SRC01,2025-09-01,20250901,S4,4,Rejected,R02,0
APP06935,REQ0157,SRC02,2025-07-05,20250705,S1,1,Rejected,R01,0
APP06936,REQ0157,SRC07,2025-07-15,20250715,S2,2,Rejected,R01,0
APP06937,REQ0157,SRC06,2025-07-09,20250709,S1,1,Withdrew,R05,0
APP06938,REQ0157,SRC02,2025-09-15,20250915,S3,3,Withdrew,R05,0
APP06939,REQ0157,SRC07,2025-06-30,20250630,S1,1,Withdrew,R05,0
APP06940,REQ0157,SRC07,2025-07-12,20250712,S1,1,Rejected,R01,0
APP06941,REQ0157,SRC02,2025-07-10,20250710,S3,3,Rejected,R07,0
APP06942,REQ0158,SRC01,2025-09-30,20250930,S4,4,Rejected,R02,0
APP06943,REQ0158,SRC06,2025-10-28,20251028,S1,1,Rejected,R01,0
APP06944,REQ0158,SRC08,2025-09-16,20250916,S1,1,Rejected,R01,0
APP06945,REQ0158,SRC01,2025-10-28,20251028,S1,1,Withdrew,R05,0
APP06946,REQ0158,SRC03,2025-10-29,20251029,S8,8,Hired,R99,1
APP06947,REQ0158,SRC08,2025-10-06,20251006,S1,1,Withdrew,R05,0
APP06948,REQ0158,SRC07,2025-09-12,20250912,S2,2,Rejected,R08,0
APP06949,REQ0158,SRC03,2025-09-10,20250910,S2,2,Rejected,R01,0
APP06950,REQ0158,SRC06,2025-09-19,20250919,S1,1,Rejected,R01,0
APP06951,REQ0158,SRC02,2025-10-24,20251024,S1,1,Withdrew,R05,0
APP06952,REQ0158,SRC06,2025-09-19,20250919,S2,2,Withdrew,R04,0
APP06953,REQ0158,SRC04,2025-09-27,20250927,S1,1,Rejected,R08,0
APP06954,REQ0158,SRC08,2025-11-01,20251101,S1,1,Rejected,R08,0
APP06955,REQ0158,SRC03,2025-10-15,20251015,S1,1,Rejected,R08,0
APP06956,REQ0158,SRC01,2025-10-07,20251007,S2,2,Withdrew,R04,0
APP06957,REQ0158,SRC05,2025-10-31,20251031,S2,2,Withdrew,R04,0
APP06958,REQ0158,SRC06,2025-11-03,20251103,S1,1,Rejected,R01,0
APP06959,REQ0158,SRC01,2025-09-28,20250928,S1,1,Rejected,R01,0
APP06960,REQ0158,SRC06,2025-10-16,20251016,S1,1,Rejected,R08,0
APP06961,REQ0158,SRC01,2025-10-27,20251027,S1,1,Rejected,R08,0
APP06962,REQ0158,SRC03,2025-10-18,20251018,S1,1,Rejected,R01,0
APP06963,REQ0158,SRC08,2025-11-03,20251103,S1,1,Withdrew,R05,0
APP06964,REQ0158,SRC06,2025-10-06,20251006,S3,3,Rejected,R01,0
APP06965,REQ0158,SRC01,2025-09-21,20250921,S1,1,Rejected,R08,0
APP06966,REQ0158,SRC01,2025-11-03,20251103,S1,1,Rejected,R01,0
APP06967,REQ0158,SRC04,2025-11-04,20251104,S1,1,Rejected,R01,0
APP06968,REQ0158,SRC04,2025-10-28,20251028,S2,2,Rejected,R08,0
APP06969,REQ0158,SRC06,2025-10-28,20251028,S2,2,Withdrew,R04,0
APP06970,REQ0158,SRC01,2025-11-04,20251104,S1,1,Withdrew,R05,0
APP06971,REQ0158,SRC08,2025-10-26,20251026,S2,2,Rejected,R01,0
APP06972,REQ0158,SRC01,2025-09-12,20250912,S1,1,Rejected,R01,0
APP06973,REQ0158,SRC04,2025-11-03,20251103,S1,1,Rejected,R01,0
APP06974,REQ0158,SRC06,2025-10-30,20251030,S1,1,Withdrew,R05,0
APP06975,REQ0158,SRC08,2025-10-19,20251019,S1,1,Rejected,R01,0
APP06976,REQ0158,SRC08,2025-09-16,20250916,S3,3,Rejected,R01,0
APP06977,REQ0158,SRC07,2025-09-23,20250923,S1,1,Rejected,R01,0
APP06978,REQ0158,SRC08,2025-09-11,20250911,S3,3,Rejected,R02,0
APP06979,REQ0158,SRC06,2025-09-26,20250926,S1,1,Rejected,R01,0
APP06980,REQ0158,SRC03,2025-10-01,20251001,S1,1,Withdrew,R05,0
APP06981,REQ0158,SRC06,2025-10-24,20251024,S1,1,Rejected,R01,0
APP06982,REQ0158,SRC01,2025-11-01,20251101,S1,1,Rejected,R01,0
APP06983,REQ0158,SRC01,2025-10-21,20251021,S2,2,Rejected,R01,0
APP06984,REQ0158,SRC08,2025-10-06,20251006,S2,2,Rejected,R08,0
APP06985,REQ0158,SRC06,2025-10-28,20251028,S1,1,Withdrew,R05,0
APP06986,REQ0158,SRC02,2025-09-18,20250918,S1,1,Rejected,R01,0
APP06987,REQ0158,SRC07,2025-10-28,20251028,S4,4,Rejected,R07,0
APP06988,REQ0158,SRC06,2025-10-11,20251011,S8,8,Hired,R99,1
APP06989,REQ0158,SRC01,2025-11-03,20251103,S3,3,Rejected,R07,0
APP06990,REQ0158,SRC08,2025-10-26,20251026,S1,1,Rejected,R01,0
APP06991,REQ0158,SRC01,2025-10-07,20251007,S1,1,Rejected,R01,0
APP06992,REQ0158,SRC03,2025-09-22,20250922,S5,5,Rejected,R02,0
APP06993,REQ0158,SRC01,2025-10-09,20251009,S1,1,Rejected,R01,0
APP06994,REQ0158,SRC02,2025-09-14,20250914,S1,1,Withdrew,R05,0
APP06995,REQ0158,SRC03,2025-10-30,20251030,S1,1,Rejected,R01,0
APP06996,REQ0159,SRC03,2025-08-11,20250811,S1,1,Rejected,R08,0
APP06997,REQ0159,SRC01,2025-09-17,20250917,S4,4,Rejected,R07,0
APP06998,REQ0159,SRC07,2025-09-18,20250918,S1,1,Withdrew,R05,0
APP06999,REQ0159,SRC01,2025-08-07,20250807,S3,3,Withdrew,R05,0
APP07000,REQ0159,SRC01,2025-08-29,20250829,S1,1,Rejected,R01,0
APP07001,REQ0159,SRC05,2025-09-17,20250917,S2,2,Rejected,R01,0
APP07002,REQ0159,SRC01,2025-08-07,20250807,S5,5,Withdrew,R04,0
APP07003,REQ0159,SRC02,2025-08-29,20250829,S2,2,Withdrew,R05,0
APP07004,REQ0159,SRC02,2025-08-24,20250824,S2,2,Withdrew,R04,0
APP07005,REQ0159,SRC01,2025-08-02,20250802,S3,3,Withdrew,R05,0
APP07006,REQ0159,SRC01,2025-08-08,20250808,S1,1,Rejected,R01,0
APP07007,REQ0159,SRC02,2025-08-08,20250808,S2,2,Rejected,R01,0
APP07008,REQ0159,SRC01,2025-08-20,20250820,S3,3,Rejected,R02,0
APP07009,REQ0159,SRC02,2025-09-17,20250917,S1,1,Rejected,R08,0
APP07010,REQ0159,SRC03,2025-07-30,20250730,S1,1,Rejected,R01,0
APP07011,REQ0159,SRC01,2025-08-23,20250823,S1,1,Rejected,R08,0
APP07012,REQ0159,SRC05,2025-08-25,20250825,S1,1,Rejected,R01,0
APP07013,REQ0159,SRC02,2025-08-18,20250818,S4,4,Withdrew,R04,0
APP07014,REQ0159,SRC04,2025-08-12,20250812,S1,1,Rejected,R01,0
APP07015,REQ0159,SRC06,2025-08-16,20250816,S1,1,Rejected,R01,0
APP07016,REQ0159,SRC01,2025-09-19,20250919,S1,1,Rejected,R01,0
APP07017,REQ0159,SRC03,2025-08-01,20250801,S2,2,Rejected,R08,0
APP07018,REQ0159,SRC02,2025-09-07,20250907,S2,2,Rejected,R03,0
APP07019,REQ0159,SRC01,2025-09-01,20250901,S1,1,Rejected,R01,0
APP07020,REQ0159,SRC06,2025-09-03,20250903,S4,4,Rejected,R02,0
APP07021,REQ0159,SRC02,2025-09-15,20250915,S3,3,Rejected,R02,0
APP07022,REQ0159,SRC01,2025-08-05,20250805,S3,3,Withdrew,R04,0
APP07023,REQ0159,SRC06,2025-09-15,20250915,S1,1,Rejected,R01,0
APP07024,REQ0159,SRC07,2025-08-14,20250814,S1,1,Rejected,R01,0
APP07025,REQ0159,SRC03,2025-09-15,20250915,S1,1,Rejected,R01,0
APP07026,REQ0159,SRC08,2025-08-05,20250805,S4,4,Rejected,R02,0
APP07027,REQ0159,SRC02,2025-09-14,20250914,S1,1,Rejected,R01,0
APP07028,REQ0159,SRC05,2025-09-18,20250918,S1,1,Rejected,R08,0
APP07029,REQ0159,SRC01,2025-08-19,20250819,S3,3,Rejected,R07,0
APP07030,REQ0159,SRC08,2025-09-03,20250903,S1,1,Rejected,R01,0
APP07031,REQ0159,SRC06,2025-09-18,20250918,S2,2,Withdrew,R04,0
APP07032,REQ0159,SRC06,2025-09-02,20250902,S6,6,Rejected,R07,0
APP07033,REQ0159,SRC03,2025-09-02,20250902,S1,1,Rejected,R08,0
APP07034,REQ0159,SRC01,2025-08-08,20250808,S2,2,Withdrew,R04,0
APP07035,REQ0159,SRC02,2025-09-17,20250917,S2,2,Rejected,R03,0
APP07036,REQ0159,SRC03,2025-08-18,20250818,S1,1,Rejected,R08,0
APP07037,REQ0159,SRC05,2025-09-18,20250918,S3,3,Withdrew,R04,0
APP07038,REQ0159,SRC01,2025-08-29,20250829,S1,1,Rejected,R01,0
APP07039,REQ0159,SRC08,2025-08-14,20250814,S1,1,Withdrew,R05,0
APP07040,REQ0159,SRC03,2025-08-25,20250825,S1,1,Rejected,R01,0
APP07041,REQ0159,SRC02,2025-08-19,20250819,S3,3,Withdrew,R05,0
APP07042,REQ0159,SRC06,2025-09-10,20250910,S2,2,Withdrew,R05,0
APP07043,REQ0159,SRC03,2025-08-29,20250829,S2,2,Rejected,R03,0
APP07044,REQ0159,SRC04,2025-09-11,20250911,S1,1,Rejected,R01,0
APP07045,REQ0159,SRC02,2025-09-21,20250921,S1,1,Rejected,R01,0
APP07046,REQ0159,SRC04,2025-09-12,20250912,S1,1,Rejected,R01,0
APP07047,REQ0159,SRC06,2025-09-18,20250918,S1,1,Rejected,R01,0
APP07048,REQ0159,SRC01,2025-09-02,20250902,S2,2,Withdrew,R04,0
APP07049,REQ0159,SRC08,2025-07-29,20250729,S8,8,Hired,R99,1
APP07050,REQ0159,SRC06,2025-08-09,20250809,S1,1,Withdrew,R05,0
APP07051,REQ0159,SRC06,2025-08-12,20250812,S1,1,Rejected,R01,0
APP07052,REQ0159,SRC03,2025-09-11,20250911,S1,1,Rejected,R01,0
APP07053,REQ0159,SRC07,2025-08-12,20250812,S1,1,Rejected,R01,0
APP07054,REQ0159,SRC02,2025-09-16,20250916,S2,2,Rejected,R03,0
APP07055,REQ0159,SRC06,2025-07-31,20250731,S1,1,Rejected,R01,0
APP07056,REQ0159,SRC03,2025-08-23,20250823,S2,2,Rejected,R01,0
APP07057,REQ0159,SRC04,2025-09-12,20250912,S1,1,Withdrew,R05,0
APP07058,REQ0159,SRC01,2025-08-23,20250823,S2,2,Withdrew,R05,0
APP07059,REQ0159,SRC01,2025-09-18,20250918,S5,5,Rejected,R03,0
APP07060,REQ0159,SRC04,2025-07-30,20250730,S2,2,Withdrew,R05,0
APP07061,REQ0159,SRC06,2025-09-19,20250919,S1,1,Rejected,R08,0
APP07062,REQ0160,SRC01,2024-07-13,20240713,S2,2,Rejected,R08,0
APP07063,REQ0160,SRC06,2024-07-08,20240708,S1,1,Rejected,R08,0
APP07064,REQ0160,SRC03,2024-07-05,20240705,S1,1,Rejected,R08,0
APP07065,REQ0160,SRC01,2024-07-16,20240716,S3,3,Withdrew,R04,0
APP07066,REQ0160,SRC06,2024-07-11,20240711,S4,4,Rejected,R02,0
APP07067,REQ0160,SRC02,2024-07-05,20240705,S2,2,Rejected,R03,0
APP07068,REQ0160,SRC01,2024-07-06,20240706,S2,2,Rejected,R03,0
APP07069,REQ0160,SRC01,2024-07-11,20240711,S5,5,Rejected,R07,0
APP07070,REQ0160,SRC08,2024-07-07,20240707,S1,1,Rejected,R01,0
APP07071,REQ0160,SRC02,2024-07-14,20240714,S8,8,Hired,R99,1
APP07072,REQ0160,SRC06,2024-07-14,20240714,S7,7,Rejected,R03,0
APP07073,REQ0160,SRC01,2024-07-06,20240706,S1,1,Rejected,R01,0
APP07074,REQ0160,SRC02,2024-07-06,20240706,S3,3,Withdrew,R04,0
APP07075,REQ0160,SRC05,2024-07-10,20240710,S4,4,Rejected,R02,0
APP07076,REQ0160,SRC05,2024-07-17,20240717,S1,1,Rejected,R01,0
APP07077,REQ0160,SRC06,2024-07-08,20240708,S4,4,Rejected,R07,0
APP07078,REQ0160,SRC02,2024-07-15,20240715,S3,3,Withdrew,R05,0
APP07079,REQ0160,SRC02,2024-07-13,20240713,S1,1,Withdrew,R05,0
APP07080,REQ0160,SRC06,2024-07-11,20240711,S1,1,Rejected,R01,0
APP07081,REQ0160,SRC02,2024-07-06,20240706,S1,1,Rejected,R08,0
APP07082,REQ0160,SRC07,2024-07-06,20240706,S4,4,Rejected,R07,0
APP07083,REQ0160,SRC07,2024-07-16,20240716,S1,1,Rejected,R08,0
APP07084,REQ0160,SRC06,2024-07-10,20240710,S1,1,Rejected,R01,0
APP07085,REQ0160,SRC07,2024-07-09,20240709,S1,1,Rejected,R01,0
APP07086,REQ0160,SRC06,2024-07-14,20240714,S1,1,Rejected,R01,0
APP07087,REQ0160,SRC06,2024-07-09,20240709,S2,2,Withdrew,R04,0
APP07088,REQ0160,SRC02,2024-07-16,20240716,S1,1,Rejected,R01,0
APP07089,REQ0160,SRC07,2024-07-06,20240706,S1,1,Withdrew,R05,0
APP07090,REQ0160,SRC07,2024-07-09,20240709,S3,3,Withdrew,R05,0
APP07091,REQ0160,SRC06,2024-07-05,20240705,S1,1,Withdrew,R05,0
