EventID,ApplicationID,ReqID,StageID,EnterDate,EnterDateKey,ExitDate,DaysInStage,Outcome
EVT000001,APP00001,REQ0001,S1,2025-09-08,20250908,2025-09-10,2,Rejected
EVT000002,APP00002,REQ0001,S1,2025-09-24,20250924,2025-09-25,1,Rejected
EVT000003,APP00003,REQ0001,S1,2025-10-17,20251017,2025-10-20,3,Rejected
EVT000004,APP00004,REQ0001,S1,2025-08-22,20250822,2025-08-25,3,Advanced
EVT000005,APP00004,REQ0001,S2,2025-08-25,20250825,2025-08-28,3,Advanced
EVT000006,APP00004,REQ0001,S3,2025-08-28,20250828,2025-09-09,12,Rejected
EVT000007,APP00005,REQ0001,S1,2025-11-05,20251105,2025-11-07,2,Rejected
EVT000008,APP00006,REQ0001,S1,2025-09-07,20250907,2025-09-09,2,Rejected
EVT000009,APP00007,REQ0001,S1,2025-09-06,20250906,2025-09-07,1,Advanced
EVT000010,APP00007,REQ0001,S2,2025-09-07,20250907,2025-09-13,6,Advanced
EVT000011,APP00007,REQ0001,S3,2025-09-13,20250913,2025-09-21,8,Rejected
EVT000012,APP00008,REQ0001,S1,2025-08-26,20250826,2025-08-27,1,Rejected
EVT000013,APP00009,REQ0001,S1,2025-09-13,20250913,2025-09-14,1,Advanced
EVT000014,APP00009,REQ0001,S2,2025-09-14,20250914,2025-09-16,2,Advanced
EVT000015,APP00009,REQ0001,S3,2025-09-16,20250916,2025-09-20,4,Rejected
EVT000016,APP00010,REQ0001,S1,2025-09-09,20250909,2025-09-12,3,Rejected
EVT000017,APP00011,REQ0001,S1,2025-08-21,20250821,2025-08-22,1,Rejected
EVT000018,APP00012,REQ0001,S1,2025-09-05,20250905,2025-09-06,1,Rejected
EVT000019,APP00013,REQ0001,S1,2025-10-05,20251005,2025-10-07,2,Rejected
EVT000020,APP00014,REQ0001,S1,2025-09-17,20250917,2025-09-19,2,Rejected
EVT000021,APP00015,REQ0001,S1,2025-08-16,20250816,2025-08-18,2,Rejected
EVT000022,APP00016,REQ0001,S1,2025-09-02,20250902,2025-09-03,1,Advanced
EVT000023,APP00016,REQ0001,S2,2025-09-03,20250903,2025-09-06,3,Rejected
EVT000024,APP00017,REQ0001,S1,2025-09-18,20250918,2025-09-19,1,Advanced
EVT000025,APP00017,REQ0001,S2,2025-09-19,20250919,2025-09-20,1,Advanced
EVT000026,APP00017,REQ0001,S3,2025-09-20,20250920,2025-09-25,5,Rejected
EVT000027,APP00018,REQ0001,S1,2025-09-06,20250906,2025-09-08,2,Advanced
EVT000028,APP00018,REQ0001,S2,2025-09-08,20250908,2025-09-14,6,Rejected
EVT000029,APP00019,REQ0001,S1,2025-10-20,20251020,2025-10-21,1,Rejected
EVT000030,APP00020,REQ0001,S1,2025-11-02,20251102,2025-11-03,1,Rejected
EVT000031,APP00021,REQ0001,S1,2025-10-17,20251017,2025-10-19,2,Advanced
EVT000032,APP00021,REQ0001,S2,2025-10-19,20251019,2025-10-22,3,Advanced
EVT000033,APP00021,REQ0001,S3,2025-10-22,20251022,2025-10-30,8,Advanced
EVT000034,APP00021,REQ0001,S4,2025-10-30,20251030,2025-11-03,4,Advanced
EVT000035,APP00021,REQ0001,S5,2025-11-03,20251103,2025-11-09,6,Advanced
EVT000036,APP00021,REQ0001,S6,2025-11-09,20251109,2025-11-13,4,Advanced
EVT000037,APP00021,REQ0001,S7,2025-11-13,20251113,2025-11-17,4,Advanced
EVT000038,APP00021,REQ0001,S8,2025-11-17,20251117,2025-11-17,0,Hired
EVT000039,APP00022,REQ0001,S1,2025-09-21,20250921,2025-09-22,1,Rejected
EVT000040,APP00023,REQ0001,S1,2025-10-31,20251031,2025-11-02,2,Rejected
EVT000041,APP00024,REQ0001,S1,2025-10-29,20251029,2025-11-01,3,Advanced
EVT000042,APP00024,REQ0001,S2,2025-11-01,20251101,2025-11-05,4,Rejected
EVT000043,APP00025,REQ0001,S1,2025-09-30,20250930,2025-10-01,1,Advanced
EVT000044,APP00025,REQ0001,S2,2025-10-01,20251001,2025-10-02,1,Rejected
EVT000045,APP00026,REQ0001,S1,2025-10-11,20251011,2025-10-13,2,Rejected
EVT000046,APP00027,REQ0001,S1,2025-08-22,20250822,2025-08-24,2,Advanced
EVT000047,APP00027,REQ0001,S2,2025-08-24,20250824,2025-08-26,2,Advanced
EVT000048,APP00027,REQ0001,S3,2025-08-26,20250826,2025-09-09,14,Rejected
EVT000049,APP00028,REQ0001,S1,2025-08-16,20250816,2025-08-17,1,Rejected
EVT000050,APP00029,REQ0002,S1,2026-04-30,20260430,2026-05-02,2,Rejected
EVT000051,APP00030,REQ0002,S1,2026-04-16,20260416,2026-04-19,3,Rejected
EVT000052,APP00031,REQ0002,S1,2026-04-15,20260415,2026-04-16,1,Advanced
EVT000053,APP00031,REQ0002,S2,2026-04-16,20260416,2026-04-21,5,Rejected
EVT000054,APP00032,REQ0002,S1,2026-04-14,20260414,2026-04-15,1,Advanced
EVT000055,APP00032,REQ0002,S2,2026-04-15,20260415,2026-04-17,2,Rejected
EVT000056,APP00033,REQ0002,S1,2026-05-07,20260507,2026-05-08,1,Rejected
EVT000057,APP00034,REQ0002,S1,2026-05-07,20260507,2026-05-09,2,Rejected
EVT000058,APP00035,REQ0002,S1,2026-04-12,20260412,2026-04-15,3,Rejected
EVT000059,APP00036,REQ0002,S1,2026-04-25,20260425,2026-04-26,1,Rejected
EVT000060,APP00037,REQ0002,S1,2026-04-18,20260418,2026-04-19,1,Rejected
EVT000061,APP00038,REQ0002,S1,2026-04-20,20260420,2026-04-21,1,Rejected
EVT000062,APP00039,REQ0002,S1,2026-04-26,20260426,2026-04-27,1,Advanced
EVT000063,APP00039,REQ0002,S2,2026-04-27,20260427,2026-04-30,3,Rejected
EVT000064,APP00040,REQ0002,S1,2026-04-23,20260423,2026-04-26,3,Advanced
EVT000065,APP00040,REQ0002,S2,2026-04-26,20260426,2026-04-29,3,Advanced
EVT000066,APP00040,REQ0002,S3,2026-04-29,20260429,2026-05-07,8,Advanced
EVT000067,APP00040,REQ0002,S4,2026-05-07,20260507,2026-05-14,7,Advanced
EVT000068,APP00040,REQ0002,S5,2026-05-14,20260514,2026-05-25,11,Advanced
EVT000069,APP00040,REQ0002,S6,2026-05-25,20260525,2026-05-31,6,Advanced
EVT000070,APP00040,REQ0002,S7,2026-05-31,20260531,2026-06-07,7,Advanced
EVT000071,APP00040,REQ0002,S8,2026-06-07,20260607,2026-06-07,0,Hired
EVT000072,APP00041,REQ0002,S1,2026-05-02,20260502,2026-05-04,2,Advanced
EVT000073,APP00041,REQ0002,S2,2026-05-04,20260504,2026-05-06,2,Rejected
EVT000074,APP00042,REQ0002,S1,2026-05-06,20260506,2026-05-08,2,Rejected
EVT000075,APP00043,REQ0002,S1,2026-05-05,20260505,2026-05-08,3,Advanced
EVT000076,APP00043,REQ0002,S2,2026-05-08,20260508,2026-05-12,4,Rejected
EVT000077,APP00044,REQ0002,S1,2026-04-16,20260416,2026-04-19,3,Rejected
EVT000078,APP00045,REQ0002,S1,2026-04-23,20260423,2026-04-24,1,Rejected
EVT000079,APP00046,REQ0002,S1,2026-05-07,20260507,2026-05-09,2,Rejected
EVT000080,APP00047,REQ0002,S1,2026-04-19,20260419,2026-04-22,3,Advanced
EVT000081,APP00047,REQ0002,S2,2026-04-22,20260422,2026-04-27,5,Advanced
EVT000082,APP00047,REQ0002,S3,2026-04-27,20260427,2026-05-03,6,Rejected
EVT000083,APP00048,REQ0003,S1,2024-03-04,20240304,2024-03-05,1,Rejected
EVT000084,APP00049,REQ0003,S1,2024-02-09,20240209,2024-02-12,3,Rejected
EVT000085,APP00050,REQ0003,S1,2024-03-07,20240307,2024-03-08,1,Advanced
EVT000086,APP00050,REQ0003,S2,2024-03-08,20240308,2024-03-10,2,Advanced
EVT000087,APP00050,REQ0003,S3,2024-03-10,20240310,2024-03-14,4,Rejected
EVT000088,APP00051,REQ0003,S1,2024-02-03,20240203,2024-02-04,1,Advanced
EVT000089,APP00051,REQ0003,S2,2024-02-04,20240204,2024-02-08,4,Advanced
EVT000090,APP00051,REQ0003,S3,2024-02-08,20240208,2024-02-12,4,Rejected
EVT000091,APP00052,REQ0003,S1,2024-02-01,20240201,2024-02-02,1,Rejected
EVT000092,APP00053,REQ0003,S1,2024-03-08,20240308,2024-03-09,1,Rejected
EVT000093,APP00054,REQ0003,S1,2024-02-07,20240207,2024-02-10,3,Rejected
EVT000094,APP00055,REQ0003,S1,2024-03-09,20240309,2024-03-11,2,Advanced
EVT000095,APP00055,REQ0003,S2,2024-03-11,20240311,2024-03-14,3,Rejected
EVT000096,APP00056,REQ0003,S1,2024-02-26,20240226,2024-02-28,2,Advanced
EVT000097,APP00056,REQ0003,S2,2024-02-28,20240228,2024-03-04,5,Rejected
EVT000098,APP00057,REQ0003,S1,2024-02-05,20240205,2024-02-06,1,Rejected
EVT000099,APP00058,REQ0003,S1,2024-02-26,20240226,2024-02-28,2,Rejected
EVT000100,APP00059,REQ0003,S1,2024-02-28,20240228,2024-02-29,1,Rejected
EVT000101,APP00060,REQ0003,S1,2024-02-06,20240206,2024-02-09,3,Rejected
EVT000102,APP00061,REQ0003,S1,2024-01-18,20240118,2024-01-19,1,Advanced
EVT000103,APP00061,REQ0003,S2,2024-01-19,20240119,2024-01-25,6,Rejected
EVT000104,APP00062,REQ0003,S1,2024-01-17,20240117,2024-01-18,1,Advanced
EVT000105,APP00062,REQ0003,S2,2024-01-18,20240118,2024-01-19,1,Advanced
EVT000106,APP00062,REQ0003,S3,2024-01-19,20240119,2024-01-26,7,Advanced
EVT000107,APP00062,REQ0003,S4,2024-01-26,20240126,2024-02-01,6,Advanced
EVT000108,APP00062,REQ0003,S5,2024-02-01,20240201,2024-02-10,9,Advanced
EVT000109,APP00062,REQ0003,S6,2024-02-10,20240210,2024-02-17,7,Rejected
EVT000110,APP00063,REQ0003,S1,2024-02-15,20240215,2024-02-16,1,Advanced
EVT000111,APP00063,REQ0003,S2,2024-02-16,20240216,2024-02-19,3,Advanced
EVT000112,APP00063,REQ0003,S3,2024-02-19,20240219,2024-02-27,8,Rejected
EVT000113,APP00064,REQ0003,S1,2024-02-06,20240206,2024-02-08,2,Rejected
EVT000114,APP00065,REQ0003,S1,2024-02-13,20240213,2024-02-15,2,Rejected
EVT000115,APP00066,REQ0003,S1,2024-01-29,20240129,2024-01-30,1,Advanced
EVT000116,APP00066,REQ0003,S2,2024-01-30,20240130,2024-02-01,2,Advanced
EVT000117,APP00066,REQ0003,S3,2024-02-01,20240201,2024-02-08,7,Rejected
EVT000118,APP00067,REQ0003,S1,2024-02-06,20240206,2024-02-07,1,Rejected
EVT000119,APP00068,REQ0003,S1,2024-02-23,20240223,2024-02-25,2,Rejected
EVT000120,APP00069,REQ0003,S1,2024-03-09,20240309,2024-03-10,1,Rejected
EVT000121,APP00070,REQ0003,S1,2024-02-01,20240201,2024-02-04,3,Rejected
EVT000122,APP00071,REQ0003,S1,2024-03-08,20240308,2024-03-09,1,Advanced
EVT000123,APP00071,REQ0003,S2,2024-03-09,20240309,2024-03-13,4,Advanced
EVT000124,APP00071,REQ0003,S3,2024-03-13,20240313,2024-03-22,9,Advanced
EVT000125,APP00071,REQ0003,S4,2024-03-22,20240322,2024-03-28,6,Advanced
EVT000126,APP00071,REQ0003,S5,2024-03-28,20240328,2024-04-08,11,Advanced
EVT000127,APP00071,REQ0003,S6,2024-04-08,20240408,2024-04-12,4,Rejected
EVT000128,APP00072,REQ0003,S1,2024-01-29,20240129,2024-01-30,1,Rejected
EVT000129,APP00073,REQ0003,S1,2024-02-24,20240224,2024-02-26,2,Rejected
EVT000130,APP00074,REQ0003,S1,2024-02-04,20240204,2024-02-06,2,Rejected
EVT000131,APP00075,REQ0003,S1,2024-01-19,20240119,2024-01-20,1,Rejected
EVT000132,APP00076,REQ0003,S1,2024-02-13,20240213,2024-02-14,1,Advanced
EVT000133,APP00076,REQ0003,S2,2024-02-14,20240214,2024-02-17,3,Rejected
EVT000134,APP00077,REQ0003,S1,2024-02-08,20240208,2024-02-10,2,Advanced
EVT000135,APP00077,REQ0003,S2,2024-02-10,20240210,2024-02-12,2,Advanced
EVT000136,APP00077,REQ0003,S3,2024-02-12,20240212,2024-02-18,6,Rejected
EVT000137,APP00078,REQ0003,S1,2024-02-09,20240209,2024-02-11,2,Advanced
EVT000138,APP00078,REQ0003,S2,2024-02-11,20240211,2024-02-15,4,Advanced
EVT000139,APP00078,REQ0003,S3,2024-02-15,20240215,2024-02-21,6,Advanced
EVT000140,APP00078,REQ0003,S4,2024-02-21,20240221,2024-02-28,7,Advanced
EVT000141,APP00078,REQ0003,S5,2024-02-28,20240228,2024-03-04,5,Advanced
EVT000142,APP00078,REQ0003,S6,2024-03-04,20240304,2024-03-08,4,Rejected
EVT000143,APP00079,REQ0003,S1,2024-03-10,20240310,2024-03-12,2,Advanced
EVT000144,APP00079,REQ0003,S2,2024-03-12,20240312,2024-03-14,2,Advanced
EVT000145,APP00079,REQ0003,S3,2024-03-14,20240314,2024-03-25,11,Rejected
EVT000146,APP00080,REQ0003,S1,2024-02-16,20240216,2024-02-18,2,Rejected
EVT000147,APP00081,REQ0003,S1,2024-02-24,20240224,2024-02-26,2,Rejected
EVT000148,APP00082,REQ0003,S1,2024-03-01,20240301,2024-03-04,3,Advanced
EVT000149,APP00082,REQ0003,S2,2024-03-04,20240304,2024-03-10,6,Advanced
EVT000150,APP00082,REQ0003,S3,2024-03-10,20240310,2024-03-24,14,Advanced
EVT000151,APP00082,REQ0003,S4,2024-03-24,20240324,2024-03-30,6,Advanced
EVT000152,APP00082,REQ0003,S5,2024-03-30,20240330,2024-04-09,10,Advanced
EVT000153,APP00082,REQ0003,S6,2024-04-09,20240409,2024-04-18,9,Rejected
EVT000154,APP00083,REQ0003,S1,2024-03-10,20240310,2024-03-11,1,Rejected
EVT000155,APP00084,REQ0003,S1,2024-02-11,20240211,2024-02-12,1,Rejected
EVT000156,APP00085,REQ0003,S1,2024-02-08,20240208,2024-02-09,1,Rejected
EVT000157,APP00086,REQ0003,S1,2024-02-25,20240225,2024-02-26,1,Rejected
EVT000158,APP00087,REQ0003,S1,2024-01-17,20240117,2024-01-18,1,Rejected
EVT000159,APP00088,REQ0003,S1,2024-02-17,20240217,2024-02-19,2,Rejected
EVT000160,APP00089,REQ0003,S1,2024-02-01,20240201,2024-02-03,2,Rejected
EVT000161,APP00090,REQ0003,S1,2024-01-24,20240124,2024-01-25,1,Rejected
EVT000162,APP00091,REQ0003,S1,2024-02-16,20240216,2024-02-17,1,Rejected
EVT000163,APP00092,REQ0003,S1,2024-03-03,20240303,2024-03-05,2,Rejected
EVT000164,APP00093,REQ0003,S1,2024-02-29,20240229,2024-03-03,3,Rejected
EVT000165,APP00094,REQ0003,S1,2024-02-14,20240214,2024-02-16,2,Rejected
EVT000166,APP00095,REQ0003,S1,2024-02-05,20240205,2024-02-06,1,Rejected
EVT000167,APP00096,REQ0003,S1,2024-01-23,20240123,2024-01-26,3,Advanced
EVT000168,APP00096,REQ0003,S2,2024-01-26,20240126,2024-01-31,5,Advanced
EVT000169,APP00096,REQ0003,S3,2024-01-31,20240131,2024-02-06,6,Advanced
EVT000170,APP00096,REQ0003,S4,2024-02-06,20240206,2024-02-14,8,Advanced
EVT000171,APP00096,REQ0003,S5,2024-02-14,20240214,2024-02-20,6,Advanced
EVT000172,APP00096,REQ0003,S6,2024-02-20,20240220,2024-02-25,5,Rejected
EVT000173,APP00097,REQ0003,S1,2024-01-17,20240117,2024-01-20,3,Rejected
EVT000174,APP00098,REQ0003,S1,2024-02-17,20240217,2024-02-18,1,Rejected
EVT000175,APP00099,REQ0003,S1,2024-02-23,20240223,2024-02-24,1,Rejected
EVT000176,APP00100,REQ0003,S1,2024-02-18,20240218,2024-02-21,3,Advanced
EVT000177,APP00100,REQ0003,S2,2024-02-21,20240221,2024-02-23,2,Rejected
EVT000178,APP00101,REQ0003,S1,2024-02-04,20240204,2024-02-05,1,Advanced
EVT000179,APP00101,REQ0003,S2,2024-02-05,20240205,2024-02-07,2,Rejected
EVT000180,APP00102,REQ0003,S1,2024-01-20,20240120,2024-01-22,2,Rejected
EVT000181,APP00103,REQ0003,S1,2024-01-22,20240122,2024-01-23,1,Advanced
EVT000182,APP00103,REQ0003,S2,2024-01-23,20240123,2024-01-25,2,Rejected
EVT000183,APP00104,REQ0003,S1,2024-02-23,20240223,2024-02-25,2,Advanced
EVT000184,APP00104,REQ0003,S2,2024-02-25,20240225,2024-02-27,2,Advanced
EVT000185,APP00104,REQ0003,S3,2024-02-27,20240227,2024-03-01,3,Rejected
EVT000186,APP00105,REQ0003,S1,2024-03-10,20240310,2024-03-11,1,Advanced
EVT000187,APP00105,REQ0003,S2,2024-03-11,20240311,2024-03-13,2,Rejected
EVT000188,APP00106,REQ0003,S1,2024-01-23,20240123,2024-01-24,1,Advanced
EVT000189,APP00106,REQ0003,S2,2024-01-24,20240124,2024-01-28,4,Rejected
EVT000190,APP00107,REQ0003,S1,2024-01-23,20240123,2024-01-26,3,Rejected
EVT000191,APP00108,REQ0004,S1,2026-04-23,20260423,2026-04-26,3,Advanced
EVT000192,APP00108,REQ0004,S2,2026-04-26,20260426,2026-04-29,3,Advanced
EVT000193,APP00108,REQ0004,S3,2026-04-29,20260429,2026-05-09,10,Advanced
EVT000194,APP00108,REQ0004,S4,2026-05-09,20260509,2026-05-13,4,Rejected
EVT000195,APP00109,REQ0004,S1,2026-06-08,20260608,2026-06-09,1,Rejected
EVT000196,APP00110,REQ0004,S1,2026-06-04,20260604,2026-06-06,2,Advanced
EVT000197,APP00110,REQ0004,S2,2026-06-06,20260606,2026-06-10,4,Rejected
EVT000198,APP00111,REQ0004,S1,2026-04-20,20260420,2026-04-23,3,Advanced
EVT000199,APP00111,REQ0004,S2,2026-04-23,20260423,2026-04-27,4,Advanced
EVT000200,APP00111,REQ0004,S3,2026-04-27,20260427,2026-05-05,8,Rejected
EVT000201,APP00112,REQ0004,S1,2026-06-16,20260616,2026-06-18,2,Rejected
EVT000202,APP00113,REQ0004,S1,2026-03-18,20260318,2026-03-19,1,Rejected
EVT000203,APP00114,REQ0004,S1,2026-03-05,20260305,2026-03-07,2,Rejected
EVT000204,APP00115,REQ0004,S1,2026-03-14,20260314,2026-03-16,2,Rejected
EVT000205,APP00116,REQ0004,S1,2026-04-08,20260408,2026-04-09,1,Rejected
EVT000206,APP00117,REQ0004,S1,2026-05-26,20260526,2026-05-28,2,Rejected
EVT000207,APP00118,REQ0004,S1,2026-03-15,20260315,2026-03-16,1,Rejected
EVT000208,APP00119,REQ0004,S1,2026-05-15,20260515,2026-05-17,2,Advanced
EVT000209,APP00119,REQ0004,S2,2026-05-17,20260517,2026-05-19,2,Rejected
EVT000210,APP00120,REQ0004,S1,2026-03-21,20260321,2026-03-23,2,Rejected
EVT000211,APP00121,REQ0004,S1,2026-03-05,20260305,2026-03-08,3,Rejected
EVT000212,APP00122,REQ0004,S1,2026-03-20,20260320,2026-03-22,2,Rejected
EVT000213,APP00123,REQ0004,S1,2026-03-04,20260304,2026-03-05,1,Advanced
EVT000214,APP00123,REQ0004,S2,2026-03-05,20260305,2026-03-08,3,Rejected
EVT000215,APP00124,REQ0004,S1,2026-04-04,20260404,2026-04-07,3,Rejected
EVT000216,APP00125,REQ0004,S1,2026-05-04,20260504,2026-05-05,1,Rejected
EVT000217,APP00126,REQ0004,S1,2026-03-31,20260331,2026-04-03,3,Rejected
EVT000218,APP00127,REQ0004,S1,2026-05-22,20260522,2026-05-23,1,Advanced
EVT000219,APP00127,REQ0004,S2,2026-05-23,20260523,2026-05-27,4,Rejected
EVT000220,APP00128,REQ0004,S1,2026-03-23,20260323,2026-03-26,3,Advanced
EVT000221,APP00128,REQ0004,S2,2026-03-26,20260326,2026-03-31,5,Advanced
EVT000222,APP00128,REQ0004,S3,2026-03-31,20260331,2026-04-07,7,Advanced
EVT000223,APP00128,REQ0004,S4,2026-04-07,20260407,2026-04-14,7,Advanced
EVT000224,APP00128,REQ0004,S5,2026-04-14,20260414,2026-04-20,6,Advanced
EVT000225,APP00128,REQ0004,S6,2026-04-20,20260420,2026-04-26,6,Rejected
EVT000226,APP00129,REQ0004,S1,2026-06-12,20260612,2026-06-13,1,Rejected
EVT000227,APP00130,REQ0004,S1,2026-03-13,20260313,2026-03-14,1,Advanced
EVT000228,APP00130,REQ0004,S2,2026-03-14,20260314,2026-03-17,3,Advanced
EVT000229,APP00130,REQ0004,S3,2026-03-17,20260317,2026-03-31,14,Advanced
EVT000230,APP00130,REQ0004,S4,2026-03-31,20260331,2026-04-08,8,Advanced
EVT000231,APP00130,REQ0004,S5,2026-04-08,20260408,2026-04-18,10,Rejected
EVT000232,APP00131,REQ0004,S1,2026-03-07,20260307,2026-03-08,1,Advanced
EVT000233,APP00131,REQ0004,S2,2026-03-08,20260308,2026-03-10,2,Rejected
EVT000234,APP00132,REQ0004,S1,2026-06-10,20260610,2026-06-11,1,Advanced
EVT000235,APP00132,REQ0004,S2,2026-06-11,20260611,2026-06-15,4,Advanced
EVT000236,APP00132,REQ0004,S3,2026-06-15,20260615,2026-06-23,8,Rejected
EVT000237,APP00133,REQ0004,S1,2026-04-20,20260420,2026-04-22,2,Rejected
EVT000238,APP00134,REQ0004,S1,2026-03-06,20260306,2026-03-09,3,Rejected
EVT000239,APP00135,REQ0004,S1,2026-06-04,20260604,2026-06-06,2,Advanced
EVT000240,APP00135,REQ0004,S2,2026-06-06,20260606,2026-06-09,3,Rejected
EVT000241,APP00136,REQ0004,S1,2026-05-08,20260508,2026-05-10,2,Advanced
EVT000242,APP00136,REQ0004,S2,2026-05-10,20260510,2026-05-12,2,Advanced
EVT000243,APP00136,REQ0004,S3,2026-05-12,20260512,2026-05-16,4,Rejected
EVT000244,APP00137,REQ0004,S1,2026-05-21,20260521,2026-05-24,3,Advanced
EVT000245,APP00137,REQ0004,S2,2026-05-24,20260524,2026-05-29,5,Advanced
EVT000246,APP00137,REQ0004,S3,2026-05-29,20260529,2026-06-07,9,Advanced
EVT000247,APP00137,REQ0004,S4,2026-06-07,20260607,2026-06-15,8,Advanced
EVT000248,APP00137,REQ0004,S5,2026-06-15,20260615,2026-06-22,7,Rejected
EVT000249,APP00138,REQ0004,S1,2026-04-26,20260426,2026-04-27,1,Rejected
EVT000250,APP00139,REQ0004,S1,2026-04-06,20260406,2026-04-09,3,Rejected
EVT000251,APP00140,REQ0004,S1,2026-04-24,20260424,2026-04-26,2,Rejected
EVT000252,APP00141,REQ0004,S1,2026-03-21,20260321,2026-03-22,1,Rejected
EVT000253,APP00142,REQ0004,S1,2026-05-14,20260514,2026-05-17,3,Advanced
EVT000254,APP00142,REQ0004,S2,2026-05-17,20260517,2026-05-20,3,Rejected
EVT000255,APP00143,REQ0004,S1,2026-05-19,20260519,2026-05-22,3,Advanced
EVT000256,APP00143,REQ0004,S2,2026-05-22,20260522,2026-05-27,5,Rejected
EVT000257,APP00144,REQ0004,S1,2026-05-27,20260527,2026-05-29,2,Rejected
EVT000258,APP00145,REQ0004,S1,2026-03-23,20260323,2026-03-24,1,Advanced
EVT000259,APP00145,REQ0004,S2,2026-03-24,20260324,2026-03-25,1,Rejected
EVT000260,APP00146,REQ0004,S1,2026-05-02,20260502,2026-05-03,1,Advanced
EVT000261,APP00146,REQ0004,S2,2026-05-03,20260503,2026-05-04,1,Rejected
EVT000262,APP00147,REQ0004,S1,2026-06-05,20260605,2026-06-06,1,Rejected
EVT000263,APP00148,REQ0004,S1,2026-04-06,20260406,2026-04-07,1,Rejected
EVT000264,APP00149,REQ0004,S1,2026-03-31,20260331,2026-04-01,1,Advanced
EVT000265,APP00149,REQ0004,S2,2026-04-01,20260401,2026-04-03,2,Advanced
EVT000266,APP00149,REQ0004,S3,2026-04-03,20260403,2026-04-08,5,Rejected
EVT000267,APP00150,REQ0004,S1,2026-04-05,20260405,2026-04-07,2,Rejected
EVT000268,APP00151,REQ0004,S1,2026-03-21,20260321,2026-03-23,2,Rejected
EVT000269,APP00152,REQ0004,S1,2026-04-21,20260421,2026-04-22,1,Rejected
EVT000270,APP00153,REQ0004,S1,2026-06-05,20260605,2026-06-06,1,Advanced
EVT000271,APP00153,REQ0004,S2,2026-06-06,20260606,2026-06-10,4,Rejected
EVT000272,APP00154,REQ0004,S1,2026-03-18,20260318,2026-03-21,3,Rejected
EVT000273,APP00155,REQ0004,S1,2026-04-13,20260413,2026-04-14,1,Advanced
EVT000274,APP00155,REQ0004,S2,2026-04-14,20260414,2026-04-15,1,Advanced
EVT000275,APP00155,REQ0004,S3,2026-04-15,20260415,2026-04-21,6,Rejected
EVT000276,APP00156,REQ0004,S1,2026-04-20,20260420,2026-04-21,1,Rejected
EVT000277,APP00157,REQ0004,S1,2026-06-04,20260604,2026-06-05,1,Rejected
EVT000278,APP00158,REQ0004,S1,2026-05-21,20260521,2026-05-23,2,Rejected
EVT000279,APP00159,REQ0004,S1,2026-04-27,20260427,2026-04-28,1,Advanced
EVT000280,APP00159,REQ0004,S2,2026-04-28,20260428,2026-05-01,3,Rejected
EVT000281,APP00160,REQ0004,S1,2026-06-19,20260619,2026-06-21,2,Rejected
EVT000282,APP00161,REQ0004,S1,2026-05-07,20260507,2026-05-09,2,Advanced
EVT000283,APP00161,REQ0004,S2,2026-05-09,20260509,2026-05-15,6,Rejected
EVT000284,APP00162,REQ0005,S1,2025-12-23,20251223,2025-12-25,2,Rejected
EVT000285,APP00163,REQ0005,S1,2026-01-04,20260104,2026-01-05,1,Rejected
EVT000286,APP00164,REQ0005,S1,2025-12-13,20251213,2025-12-15,2,Rejected
EVT000287,APP00165,REQ0005,S1,2025-12-11,20251211,2025-12-12,1,Advanced
EVT000288,APP00165,REQ0005,S2,2025-12-12,20251212,2025-12-16,4,Rejected
EVT000289,APP00166,REQ0005,S1,2026-01-19,20260119,2026-01-22,3,Rejected
EVT000290,APP00167,REQ0005,S1,2026-01-22,20260122,2026-01-23,1,Advanced
EVT000291,APP00167,REQ0005,S2,2026-01-23,20260123,2026-01-27,4,Rejected
EVT000292,APP00168,REQ0005,S1,2025-12-31,20251231,2026-01-01,1,Advanced
EVT000293,APP00168,REQ0005,S2,2026-01-01,20260101,2026-01-02,1,Rejected
EVT000294,APP00169,REQ0005,S1,2026-01-01,20260101,2026-01-03,2,Rejected
EVT000295,APP00170,REQ0005,S1,2025-12-19,20251219,2025-12-21,2,Advanced
EVT000296,APP00170,REQ0005,S2,2025-12-21,20251221,2025-12-25,4,Rejected
EVT000297,APP00171,REQ0005,S1,2026-01-27,20260127,2026-01-28,1,Advanced
EVT000298,APP00171,REQ0005,S2,2026-01-28,20260128,2026-02-02,5,Advanced
EVT000299,APP00171,REQ0005,S3,2026-02-02,20260202,2026-02-07,5,Rejected
EVT000300,APP00172,REQ0005,S1,2026-01-28,20260128,2026-01-30,2,Rejected
EVT000301,APP00173,REQ0005,S1,2025-12-27,20251227,2025-12-30,3,Rejected
EVT000302,APP00174,REQ0005,S1,2026-01-03,20260103,2026-01-05,2,Rejected
EVT000303,APP00175,REQ0005,S1,2026-01-01,20260101,2026-01-03,2,Rejected
EVT000304,APP00176,REQ0005,S1,2025-12-08,20251208,2025-12-10,2,Advanced
EVT000305,APP00176,REQ0005,S2,2025-12-10,20251210,2025-12-12,2,Rejected
EVT000306,APP00177,REQ0005,S1,2025-12-18,20251218,2025-12-20,2,Rejected
EVT000307,APP00178,REQ0005,S1,2026-01-14,20260114,2026-01-15,1,Rejected
EVT000308,APP00179,REQ0005,S1,2026-01-11,20260111,2026-01-14,3,Rejected
EVT000309,APP00180,REQ0005,S1,2026-01-08,20260108,2026-01-10,2,Rejected
EVT000310,APP00181,REQ0005,S1,2025-12-17,20251217,2025-12-18,1,Advanced
EVT000311,APP00181,REQ0005,S2,2025-12-18,20251218,2025-12-24,6,Rejected
EVT000312,APP00182,REQ0005,S1,2025-12-19,20251219,2025-12-21,2,Rejected
EVT000313,APP00183,REQ0005,S1,2025-12-06,20251206,2025-12-08,2,Rejected
EVT000314,APP00184,REQ0005,S1,2026-01-10,20260110,2026-01-11,1,Rejected
EVT000315,APP00185,REQ0005,S1,2026-01-12,20260112,2026-01-14,2,Rejected
EVT000316,APP00186,REQ0005,S1,2026-01-18,20260118,2026-01-19,1,Rejected
EVT000317,APP00187,REQ0005,S1,2025-12-09,20251209,2025-12-10,1,Rejected
EVT000318,APP00188,REQ0005,S1,2025-12-11,20251211,2025-12-13,2,Advanced
EVT000319,APP00188,REQ0005,S2,2025-12-13,20251213,2025-12-15,2,Advanced
EVT000320,APP00188,REQ0005,S3,2025-12-15,20251215,2025-12-24,9,Advanced
EVT000321,APP00188,REQ0005,S4,2025-12-24,20251224,2026-01-01,8,Rejected
EVT000322,APP00189,REQ0005,S1,2025-12-28,20251228,2025-12-29,1,Rejected
EVT000323,APP00190,REQ0005,S1,2025-12-10,20251210,2025-12-12,2,Advanced
EVT000324,APP00190,REQ0005,S2,2025-12-12,20251212,2025-12-14,2,Rejected
EVT000325,APP00191,REQ0005,S1,2026-01-02,20260102,2026-01-04,2,Rejected
EVT000326,APP00192,REQ0005,S1,2026-01-10,20260110,2026-01-12,2,Advanced
EVT000327,APP00192,REQ0005,S2,2026-01-12,20260112,2026-01-17,5,Advanced
EVT000328,APP00192,REQ0005,S3,2026-01-17,20260117,2026-01-25,8,Advanced
EVT000329,APP00192,REQ0005,S4,2026-01-25,20260125,2026-01-29,4,Advanced
EVT000330,APP00192,REQ0005,S5,2026-01-29,20260129,2026-02-09,11,Advanced
EVT000331,APP00192,REQ0005,S6,2026-02-09,20260209,2026-02-16,7,Rejected
EVT000332,APP00193,REQ0005,S1,2025-12-09,20251209,2025-12-11,2,Rejected
EVT000333,APP00194,REQ0005,S1,2025-12-10,20251210,2025-12-11,1,Rejected
EVT000334,APP00195,REQ0005,S1,2025-12-08,20251208,2025-12-10,2,Rejected
EVT000335,APP00196,REQ0005,S1,2025-12-17,20251217,2025-12-19,2,Advanced
EVT000336,APP00196,REQ0005,S2,2025-12-19,20251219,2025-12-21,2,Rejected
EVT000337,APP00197,REQ0005,S1,2025-12-12,20251212,2025-12-14,2,Advanced
EVT000338,APP00197,REQ0005,S2,2025-12-14,20251214,2025-12-16,2,Rejected
EVT000339,APP00198,REQ0005,S1,2025-12-16,20251216,2025-12-17,1,Rejected
EVT000340,APP00199,REQ0005,S1,2025-12-12,20251212,2025-12-13,1,Rejected
EVT000341,APP00200,REQ0005,S1,2026-01-12,20260112,2026-01-13,1,Rejected
EVT000342,APP00201,REQ0005,S1,2025-12-29,20251229,2025-12-30,1,Advanced
EVT000343,APP00201,REQ0005,S2,2025-12-30,20251230,2026-01-02,3,Rejected
EVT000344,APP00202,REQ0005,S1,2025-12-06,20251206,2025-12-07,1,Advanced
EVT000345,APP00202,REQ0005,S2,2025-12-07,20251207,2025-12-11,4,Advanced
EVT000346,APP00202,REQ0005,S3,2025-12-11,20251211,2025-12-18,7,Advanced
EVT000347,APP00202,REQ0005,S4,2025-12-18,20251218,2025-12-25,7,Advanced
EVT000348,APP00202,REQ0005,S5,2025-12-25,20251225,2026-01-05,11,Advanced
EVT000349,APP00202,REQ0005,S6,2026-01-05,20260105,2026-01-08,3,Rejected
EVT000350,APP00203,REQ0005,S1,2026-01-21,20260121,2026-01-23,2,Rejected
EVT000351,APP00204,REQ0005,S1,2026-01-14,20260114,2026-01-17,3,Advanced
EVT000352,APP00204,REQ0005,S2,2026-01-17,20260117,2026-01-21,4,Advanced
EVT000353,APP00204,REQ0005,S3,2026-01-21,20260121,2026-01-28,7,Rejected
EVT000354,APP00205,REQ0005,S1,2026-01-11,20260111,2026-01-13,2,Rejected
EVT000355,APP00206,REQ0005,S1,2026-01-11,20260111,2026-01-12,1,Rejected
EVT000356,APP00207,REQ0005,S1,2025-12-14,20251214,2025-12-15,1,Rejected
EVT000357,APP00208,REQ0005,S1,2025-12-17,20251217,2025-12-18,1,Rejected
EVT000358,APP00209,REQ0005,S1,2025-12-18,20251218,2025-12-21,3,Advanced
EVT000359,APP00209,REQ0005,S2,2025-12-21,20251221,2025-12-26,5,Advanced
EVT000360,APP00209,REQ0005,S3,2025-12-26,20251226,2026-01-05,10,Rejected
EVT000361,APP00210,REQ0005,S1,2025-12-19,20251219,2025-12-21,2,Rejected
EVT000362,APP00211,REQ0005,S1,2026-01-09,20260109,2026-01-10,1,Rejected
EVT000363,APP00212,REQ0005,S1,2026-01-12,20260112,2026-01-13,1,Rejected
EVT000364,APP00213,REQ0005,S1,2025-12-06,20251206,2025-12-07,1,Rejected
EVT000365,APP00214,REQ0005,S1,2026-01-28,20260128,2026-01-29,1,Rejected
EVT000366,APP00215,REQ0005,S1,2026-01-05,20260105,2026-01-07,2,Advanced
EVT000367,APP00215,REQ0005,S2,2026-01-07,20260107,2026-01-09,2,Advanced
EVT000368,APP00215,REQ0005,S3,2026-01-09,20260109,2026-01-14,5,Advanced
EVT000369,APP00215,REQ0005,S4,2026-01-14,20260114,2026-01-19,5,Advanced
EVT000370,APP00215,REQ0005,S5,2026-01-19,20260119,2026-01-27,8,Rejected
EVT000371,APP00216,REQ0005,S1,2025-12-18,20251218,2025-12-19,1,Rejected
EVT000372,APP00217,REQ0005,S1,2026-01-14,20260114,2026-01-15,1,Rejected
EVT000373,APP00218,REQ0005,S1,2026-01-17,20260117,2026-01-20,3,Advanced
EVT000374,APP00218,REQ0005,S2,2026-01-20,20260120,2026-01-24,4,Advanced
EVT000375,APP00218,REQ0005,S3,2026-01-24,20260124,2026-01-29,5,Rejected
EVT000376,APP00219,REQ0005,S1,2026-01-17,20260117,2026-01-19,2,Rejected
EVT000377,APP00220,REQ0005,S1,2026-01-22,20260122,2026-01-23,1,Rejected
EVT000378,APP00221,REQ0005,S1,2026-01-10,20260110,2026-01-11,1,Advanced
EVT000379,APP00221,REQ0005,S2,2026-01-11,20260111,2026-01-15,4,Advanced
EVT000380,APP00221,REQ0005,S3,2026-01-15,20260115,2026-01-24,9,Advanced
EVT000381,APP00221,REQ0005,S4,2026-01-24,20260124,2026-02-01,8,Advanced
EVT000382,APP00221,REQ0005,S5,2026-02-01,20260201,2026-02-11,10,Advanced
EVT000383,APP00221,REQ0005,S6,2026-02-11,20260211,2026-02-20,9,Advanced
EVT000384,APP00221,REQ0005,S7,2026-02-20,20260220,2026-03-03,11,Rejected
EVT000385,APP00222,REQ0005,S1,2025-12-06,20251206,2025-12-08,2,Advanced
EVT000386,APP00222,REQ0005,S2,2025-12-08,20251208,2025-12-14,6,Rejected
EVT000387,APP00223,REQ0005,S1,2026-01-05,20260105,2026-01-07,2,Advanced
EVT000388,APP00223,REQ0005,S2,2026-01-07,20260107,2026-01-09,2,Advanced
EVT000389,APP00223,REQ0005,S3,2026-01-09,20260109,2026-01-18,9,Advanced
EVT000390,APP00223,REQ0005,S4,2026-01-18,20260118,2026-01-24,6,Rejected
EVT000391,APP00224,REQ0005,S1,2025-12-14,20251214,2025-12-15,1,Advanced
EVT000392,APP00224,REQ0005,S2,2025-12-15,20251215,2025-12-21,6,Advanced
EVT000393,APP00224,REQ0005,S3,2025-12-21,20251221,2025-12-30,9,Advanced
EVT000394,APP00224,REQ0005,S4,2025-12-30,20251230,2026-01-07,8,Advanced
EVT000395,APP00224,REQ0005,S5,2026-01-07,20260107,2026-01-15,8,Rejected
EVT000396,APP00225,REQ0005,S1,2026-01-13,20260113,2026-01-14,1,Advanced
EVT000397,APP00225,REQ0005,S2,2026-01-14,20260114,2026-01-15,1,Rejected
EVT000398,APP00226,REQ0005,S1,2026-01-23,20260123,2026-01-26,3,Rejected
EVT000399,APP00227,REQ0005,S1,2026-01-02,20260102,2026-01-03,1,Rejected
EVT000400,APP00228,REQ0005,S1,2025-12-21,20251221,2025-12-22,1,Advanced
EVT000401,APP00228,REQ0005,S2,2025-12-22,20251222,2025-12-25,3,Rejected
EVT000402,APP00229,REQ0005,S1,2026-01-11,20260111,2026-01-12,1,Advanced
EVT000403,APP00229,REQ0005,S2,2026-01-12,20260112,2026-01-17,5,Advanced
EVT000404,APP00229,REQ0005,S3,2026-01-17,20260117,2026-01-30,13,Rejected
EVT000405,APP00230,REQ0005,S1,2026-01-26,20260126,2026-01-27,1,Rejected
EVT000406,APP00231,REQ0005,S1,2025-12-12,20251212,2025-12-13,1,Rejected
EVT000407,APP00232,REQ0006,S1,2024-01-14,20240114,2024-01-17,3,Advanced
EVT000408,APP00232,REQ0006,S2,2024-01-17,20240117,2024-01-20,3,Rejected
EVT000409,APP00233,REQ0006,S1,2024-02-19,20240219,2024-02-21,2,Advanced
EVT000410,APP00233,REQ0006,S2,2024-02-21,20240221,2024-02-27,6,Advanced
EVT000411,APP00233,REQ0006,S3,2024-02-27,20240227,2024-03-02,4,Rejected
EVT000412,APP00234,REQ0006,S1,2024-01-19,20240119,2024-01-22,3,Rejected
EVT000413,APP00235,REQ0006,S1,2024-01-30,20240130,2024-02-02,3,Rejected
EVT000414,APP00236,REQ0006,S1,2024-01-04,20240104,2024-01-05,1,Rejected
EVT000415,APP00237,REQ0006,S1,2024-01-06,20240106,2024-01-08,2,Advanced
EVT000416,APP00237,REQ0006,S2,2024-01-08,20240108,2024-01-10,2,Rejected
EVT000417,APP00238,REQ0006,S1,2024-01-30,20240130,2024-01-31,1,Rejected
EVT000418,APP00239,REQ0006,S1,2024-02-09,20240209,2024-02-11,2,Advanced
EVT000419,APP00239,REQ0006,S2,2024-02-11,20240211,2024-02-16,5,Advanced
EVT000420,APP00239,REQ0006,S3,2024-02-16,20240216,2024-03-01,14,Advanced
EVT000421,APP00239,REQ0006,S4,2024-03-01,20240301,2024-03-04,3,Advanced
EVT000422,APP00239,REQ0006,S5,2024-03-04,20240304,2024-03-09,5,Advanced
EVT000423,APP00239,REQ0006,S6,2024-03-09,20240309,2024-03-16,7,Rejected
EVT000424,APP00240,REQ0006,S1,2024-01-21,20240121,2024-01-23,2,Advanced
EVT000425,APP00240,REQ0006,S2,2024-01-23,20240123,2024-01-27,4,Advanced
EVT000426,APP00240,REQ0006,S3,2024-01-27,20240127,2024-01-29,2,Advanced
EVT000427,APP00240,REQ0006,S4,2024-01-29,20240129,2024-02-05,7,Advanced
EVT000428,APP00240,REQ0006,S5,2024-02-05,20240205,2024-02-15,10,Advanced
EVT000429,APP00240,REQ0006,S6,2024-02-15,20240215,2024-02-19,4,Advanced
EVT000430,APP00240,REQ0006,S7,2024-02-19,20240219,2024-02-29,10,Rejected
EVT000431,APP00241,REQ0006,S1,2024-01-25,20240125,2024-01-26,1,Advanced
EVT000432,APP00241,REQ0006,S2,2024-01-26,20240126,2024-01-27,1,Advanced
EVT000433,APP00241,REQ0006,S3,2024-01-27,20240127,2024-02-03,7,Rejected
EVT000434,APP00242,REQ0006,S1,2024-01-16,20240116,2024-01-19,3,Rejected
EVT000435,APP00243,REQ0006,S1,2024-02-09,20240209,2024-02-10,1,Advanced
EVT000436,APP00243,REQ0006,S2,2024-02-10,20240210,2024-02-13,3,Rejected
EVT000437,APP00244,REQ0006,S1,2024-01-26,20240126,2024-01-28,2,Rejected
EVT000438,APP00245,REQ0006,S1,2024-02-13,20240213,2024-02-14,1,Advanced
EVT000439,APP00245,REQ0006,S2,2024-02-14,20240214,2024-02-16,2,Advanced
EVT000440,APP00245,REQ0006,S3,2024-02-16,20240216,2024-02-20,4,Rejected
EVT000441,APP00246,REQ0006,S1,2024-01-06,20240106,2024-01-09,3,Rejected
EVT000442,APP00247,REQ0006,S1,2024-02-03,20240203,2024-02-05,2,Advanced
EVT000443,APP00247,REQ0006,S2,2024-02-05,20240205,2024-02-06,1,Advanced
EVT000444,APP00247,REQ0006,S3,2024-02-06,20240206,2024-02-09,3,Advanced
EVT000445,APP00247,REQ0006,S4,2024-02-09,20240209,2024-02-15,6,Rejected
EVT000446,APP00248,REQ0006,S1,2024-01-25,20240125,2024-01-26,1,Advanced
EVT000447,APP00248,REQ0006,S2,2024-01-26,20240126,2024-01-30,4,Rejected
EVT000448,APP00249,REQ0006,S1,2024-02-02,20240202,2024-02-03,1,Advanced
EVT000449,APP00249,REQ0006,S2,2024-02-03,20240203,2024-02-04,1,Advanced
EVT000450,APP00249,REQ0006,S3,2024-02-04,20240204,2024-02-13,9,Rejected
EVT000451,APP00250,REQ0006,S1,2024-02-03,20240203,2024-02-06,3,Rejected
EVT000452,APP00251,REQ0006,S1,2024-02-14,20240214,2024-02-15,1,Rejected
EVT000453,APP00252,REQ0006,S1,2024-01-25,20240125,2024-01-27,2,Rejected
EVT000454,APP00253,REQ0006,S1,2024-01-12,20240112,2024-01-13,1,Advanced
EVT000455,APP00253,REQ0006,S2,2024-01-13,20240113,2024-01-15,2,Rejected
EVT000456,APP00254,REQ0006,S1,2024-01-26,20240126,2024-01-27,1,Advanced
EVT000457,APP00254,REQ0006,S2,2024-01-27,20240127,2024-01-31,4,Rejected
EVT000458,APP00255,REQ0006,S1,2024-01-31,20240131,2024-02-02,2,Rejected
EVT000459,APP00256,REQ0006,S1,2024-01-03,20240103,2024-01-04,1,Advanced
EVT000460,APP00256,REQ0006,S2,2024-01-04,20240104,2024-01-05,1,Rejected
EVT000461,APP00257,REQ0006,S1,2024-01-25,20240125,2024-01-27,2,Advanced
EVT000462,APP00257,REQ0006,S2,2024-01-27,20240127,2024-01-29,2,Rejected
EVT000463,APP00258,REQ0006,S1,2024-01-29,20240129,2024-01-30,1,Rejected
EVT000464,APP00259,REQ0006,S1,2024-01-23,20240123,2024-01-24,1,Rejected
EVT000465,APP00260,REQ0006,S1,2024-01-21,20240121,2024-01-23,2,Advanced
EVT000466,APP00260,REQ0006,S2,2024-01-23,20240123,2024-01-25,2,Advanced
EVT000467,APP00260,REQ0006,S3,2024-01-25,20240125,2024-02-03,9,Rejected
EVT000468,APP00261,REQ0006,S1,2024-01-29,20240129,2024-01-31,2,Advanced
EVT000469,APP00261,REQ0006,S2,2024-01-31,20240131,2024-02-02,2,Rejected
EVT000470,APP00262,REQ0006,S1,2024-02-11,20240211,2024-02-13,2,Rejected
EVT000471,APP00263,REQ0006,S1,2024-01-12,20240112,2024-01-13,1,Rejected
EVT000472,APP00264,REQ0006,S1,2024-01-15,20240115,2024-01-17,2,Rejected
EVT000473,APP00265,REQ0006,S1,2024-01-03,20240103,2024-01-04,1,Advanced
EVT000474,APP00265,REQ0006,S2,2024-01-04,20240104,2024-01-06,2,Rejected
EVT000475,APP00266,REQ0007,S1,2025-04-12,20250412,2025-04-15,3,Advanced
EVT000476,APP00266,REQ0007,S2,2025-04-15,20250415,2025-04-21,6,Advanced
EVT000477,APP00266,REQ0007,S3,2025-04-21,20250421,2025-04-26,5,Rejected
EVT000478,APP00267,REQ0007,S1,2025-03-22,20250322,2025-03-24,2,Advanced
EVT000479,APP00267,REQ0007,S2,2025-03-24,20250324,2025-03-26,2,Advanced
EVT000480,APP00267,REQ0007,S3,2025-03-26,20250326,2025-03-31,5,Rejected
EVT000481,APP00268,REQ0007,S1,2025-04-27,20250427,2025-04-28,1,Advanced
EVT000482,APP00268,REQ0007,S2,2025-04-28,20250428,2025-05-01,3,Advanced
EVT000483,APP00268,REQ0007,S3,2025-05-01,20250501,2025-05-08,7,Advanced
EVT000484,APP00268,REQ0007,S4,2025-05-08,20250508,2025-05-13,5,Advanced
EVT000485,APP00268,REQ0007,S5,2025-05-13,20250513,2025-05-19,6,Advanced
EVT000486,APP00268,REQ0007,S6,2025-05-19,20250519,2025-05-22,3,Advanced
EVT000487,APP00268,REQ0007,S7,2025-05-22,20250522,2025-06-01,10,Advanced
EVT000488,APP00268,REQ0007,S8,2025-06-01,20250601,2025-06-01,0,Hired
EVT000489,APP00269,REQ0007,S1,2025-04-03,20250403,2025-04-04,1,Advanced
EVT000490,APP00269,REQ0007,S2,2025-04-04,20250404,2025-04-06,2,Advanced
EVT000491,APP00269,REQ0007,S3,2025-04-06,20250406,2025-04-09,3,Advanced
EVT000492,APP00269,REQ0007,S4,2025-04-09,20250409,2025-04-12,3,Advanced
EVT000493,APP00269,REQ0007,S5,2025-04-12,20250412,2025-04-16,4,Rejected
EVT000494,APP00270,REQ0007,S1,2025-04-30,20250430,2025-05-01,1,Rejected
EVT000495,APP00271,REQ0007,S1,2025-04-27,20250427,2025-04-28,1,Advanced
EVT000496,APP00271,REQ0007,S2,2025-04-28,20250428,2025-05-02,4,Rejected
EVT000497,APP00272,REQ0007,S1,2025-04-06,20250406,2025-04-08,2,Advanced
EVT000498,APP00272,REQ0007,S2,2025-04-08,20250408,2025-04-13,5,Advanced
EVT000499,APP00272,REQ0007,S3,2025-04-13,20250413,2025-04-22,9,Advanced
EVT000500,APP00272,REQ0007,S4,2025-04-22,20250422,2025-04-29,7,Advanced
EVT000501,APP00272,REQ0007,S5,2025-04-29,20250429,2025-05-10,11,Advanced
EVT000502,APP00272,REQ0007,S6,2025-05-10,20250510,2025-05-14,4,Advanced
EVT000503,APP00272,REQ0007,S7,2025-05-14,20250514,2025-05-19,5,Advanced
EVT000504,APP00272,REQ0007,S8,2025-05-19,20250519,2025-05-19,0,Hired
EVT000505,APP00273,REQ0007,S1,2025-03-29,20250329,2025-03-30,1,Rejected
EVT000506,APP00274,REQ0007,S1,2025-04-17,20250417,2025-04-18,1,Advanced
EVT000507,APP00274,REQ0007,S2,2025-04-18,20250418,2025-04-22,4,Advanced
EVT000508,APP00274,REQ0007,S3,2025-04-22,20250422,2025-05-04,12,Rejected
EVT000509,APP00275,REQ0007,S1,2025-04-04,20250404,2025-04-06,2,Advanced
EVT000510,APP00275,REQ0007,S2,2025-04-06,20250406,2025-04-07,1,Rejected
EVT000511,APP00276,REQ0007,S1,2025-04-08,20250408,2025-04-10,2,Rejected
EVT000512,APP00277,REQ0007,S1,2025-03-19,20250319,2025-03-22,3,Advanced
EVT000513,APP00277,REQ0007,S2,2025-03-22,20250322,2025-03-25,3,Advanced
EVT000514,APP00277,REQ0007,S3,2025-03-25,20250325,2025-04-06,12,Rejected
EVT000515,APP00278,REQ0007,S1,2025-03-25,20250325,2025-03-28,3,Advanced
EVT000516,APP00278,REQ0007,S2,2025-03-28,20250328,2025-04-02,5,Advanced
EVT000517,APP00278,REQ0007,S3,2025-04-02,20250402,2025-04-16,14,Advanced
EVT000518,APP00278,REQ0007,S4,2025-04-16,20250416,2025-04-23,7,Advanced
EVT000519,APP00278,REQ0007,S5,2025-04-23,20250423,2025-05-03,10,Advanced
EVT000520,APP00278,REQ0007,S6,2025-05-03,20250503,2025-05-09,6,Advanced
EVT000521,APP00278,REQ0007,S7,2025-05-09,20250509,2025-05-15,6,Advanced
EVT000522,APP00278,REQ0007,S8,2025-05-15,20250515,2025-05-15,0,Hired
EVT000523,APP00279,REQ0007,S1,2025-05-01,20250501,2025-05-04,3,Advanced
EVT000524,APP00279,REQ0007,S2,2025-05-04,20250504,2025-05-10,6,Advanced
EVT000525,APP00279,REQ0007,S3,2025-05-10,20250510,2025-05-22,12,Advanced
EVT000526,APP00279,REQ0007,S4,2025-05-22,20250522,2025-05-25,3,Advanced
EVT000527,APP00279,REQ0007,S5,2025-05-25,20250525,2025-05-31,6,Rejected
EVT000528,APP00280,REQ0007,S1,2025-04-09,20250409,2025-04-11,2,Rejected
EVT000529,APP00281,REQ0007,S1,2025-04-29,20250429,2025-04-30,1,Advanced
EVT000530,APP00281,REQ0007,S2,2025-04-30,20250430,2025-05-03,3,Advanced
EVT000531,APP00281,REQ0007,S3,2025-05-03,20250503,2025-05-09,6,Advanced
EVT000532,APP00281,REQ0007,S4,2025-05-09,20250509,2025-05-12,3,Advanced
EVT000533,APP00281,REQ0007,S5,2025-05-12,20250512,2025-05-22,10,Rejected
EVT000534,APP00282,REQ0007,S1,2025-03-31,20250331,2025-04-02,2,Rejected
EVT000535,APP00283,REQ0007,S1,2025-03-18,20250318,2025-03-20,2,Rejected
EVT000536,APP00284,REQ0007,S1,2025-04-08,20250408,2025-04-11,3,Advanced
EVT000537,APP00284,REQ0007,S2,2025-04-11,20250411,2025-04-13,2,Rejected
EVT000538,APP00285,REQ0007,S1,2025-04-04,20250404,2025-04-06,2,Rejected
EVT000539,APP00286,REQ0007,S1,2025-03-28,20250328,2025-03-31,3,Rejected
EVT000540,APP00287,REQ0007,S1,2025-03-20,20250320,2025-03-21,1,Advanced
EVT000541,APP00287,REQ0007,S2,2025-03-21,20250321,2025-03-25,4,Rejected
EVT000542,APP00288,REQ0007,S1,2025-04-28,20250428,2025-04-30,2,Rejected
EVT000543,APP00289,REQ0008,S1,2025-04-08,20250408,2025-04-11,3,Rejected
EVT000544,APP00290,REQ0008,S1,2025-04-13,20250413,2025-04-16,3,Advanced
EVT000545,APP00290,REQ0008,S2,2025-04-16,20250416,2025-04-18,2,Advanced
EVT000546,APP00290,REQ0008,S3,2025-04-18,20250418,2025-05-01,13,Rejected
EVT000547,APP00291,REQ0008,S1,2025-04-14,20250414,2025-04-16,2,Rejected
EVT000548,APP00292,REQ0008,S1,2025-03-21,20250321,2025-03-22,1,Advanced
EVT000549,APP00292,REQ0008,S2,2025-03-22,20250322,2025-03-25,3,Advanced
EVT000550,APP00292,REQ0008,S3,2025-03-25,20250325,2025-04-02,8,Rejected
EVT000551,APP00293,REQ0008,S1,2025-03-27,20250327,2025-03-28,1,Rejected
EVT000552,APP00294,REQ0008,S1,2025-04-04,20250404,2025-04-06,2,Rejected
EVT000553,APP00295,REQ0008,S1,2025-04-15,20250415,2025-04-17,2,Rejected
EVT000554,APP00296,REQ0008,S1,2025-03-12,20250312,2025-03-14,2,Rejected
EVT000555,APP00297,REQ0008,S1,2025-03-24,20250324,2025-03-25,1,Rejected
EVT000556,APP00298,REQ0008,S1,2025-03-13,20250313,2025-03-14,1,Advanced
EVT000557,APP00298,REQ0008,S2,2025-03-14,20250314,2025-03-18,4,Advanced
EVT000558,APP00298,REQ0008,S3,2025-03-18,20250318,2025-03-29,11,Rejected
EVT000559,APP00299,REQ0008,S1,2025-04-16,20250416,2025-04-19,3,Advanced
EVT000560,APP00299,REQ0008,S2,2025-04-19,20250419,2025-04-25,6,Advanced
EVT000561,APP00299,REQ0008,S3,2025-04-25,20250425,2025-05-01,6,Rejected
EVT000562,APP00300,REQ0008,S1,2025-03-21,20250321,2025-03-23,2,Rejected
EVT000563,APP00301,REQ0008,S1,2025-03-06,20250306,2025-03-09,3,Rejected
EVT000564,APP00302,REQ0008,S1,2025-04-05,20250405,2025-04-06,1,Rejected
EVT000565,APP00303,REQ0008,S1,2025-03-20,20250320,2025-03-21,1,Rejected
EVT000566,APP00304,REQ0008,S1,2025-04-01,20250401,2025-04-02,1,Rejected
EVT000567,APP00305,REQ0008,S1,2025-03-26,20250326,2025-03-27,1,Advanced
EVT000568,APP00305,REQ0008,S2,2025-03-27,20250327,2025-03-29,2,Rejected
EVT000569,APP00306,REQ0008,S1,2025-04-11,20250411,2025-04-13,2,Advanced
EVT000570,APP00306,REQ0008,S2,2025-04-13,20250413,2025-04-19,6,Advanced
EVT000571,APP00306,REQ0008,S3,2025-04-19,20250419,2025-05-02,13,Advanced
EVT000572,APP00306,REQ0008,S4,2025-05-02,20250502,2025-05-10,8,Advanced
EVT000573,APP00306,REQ0008,S5,2025-05-10,20250510,2025-05-20,10,Rejected
EVT000574,APP00307,REQ0008,S1,2025-03-31,20250331,2025-04-02,2,Advanced
EVT000575,APP00307,REQ0008,S2,2025-04-02,20250402,2025-04-04,2,Rejected
EVT000576,APP00308,REQ0008,S1,2025-03-18,20250318,2025-03-19,1,Advanced
EVT000577,APP00308,REQ0008,S2,2025-03-19,20250319,2025-03-25,6,Rejected
EVT000578,APP00309,REQ0008,S1,2025-03-30,20250330,2025-04-01,2,Advanced
EVT000579,APP00309,REQ0008,S2,2025-04-01,20250401,2025-04-07,6,Advanced
EVT000580,APP00309,REQ0008,S3,2025-04-07,20250407,2025-04-15,8,Rejected
EVT000581,APP00310,REQ0008,S1,2025-03-31,20250331,2025-04-01,1,Advanced
EVT000582,APP00310,REQ0008,S2,2025-04-01,20250401,2025-04-03,2,Advanced
EVT000583,APP00310,REQ0008,S3,2025-04-03,20250403,2025-04-07,4,Advanced
EVT000584,APP00310,REQ0008,S4,2025-04-07,20250407,2025-04-13,6,Advanced
EVT000585,APP00310,REQ0008,S5,2025-04-13,20250413,2025-04-23,10,Advanced
EVT000586,APP00310,REQ0008,S6,2025-04-23,20250423,2025-04-29,6,Advanced
EVT000587,APP00310,REQ0008,S7,2025-04-29,20250429,2025-05-03,4,Advanced
EVT000588,APP00310,REQ0008,S8,2025-05-03,20250503,2025-05-03,0,Hired
EVT000589,APP00311,REQ0008,S1,2025-03-19,20250319,2025-03-20,1,Advanced
EVT000590,APP00311,REQ0008,S2,2025-03-20,20250320,2025-03-22,2,Rejected
EVT000591,APP00312,REQ0008,S1,2025-03-20,20250320,2025-03-21,1,Rejected
EVT000592,APP00313,REQ0008,S1,2025-03-29,20250329,2025-03-31,2,Rejected
EVT000593,APP00314,REQ0008,S1,2025-04-04,20250404,2025-04-05,1,Rejected
EVT000594,APP00315,REQ0008,S1,2025-03-15,20250315,2025-03-17,2,Advanced
EVT000595,APP00315,REQ0008,S2,2025-03-17,20250317,2025-03-19,2,Advanced
EVT000596,APP00315,REQ0008,S3,2025-03-19,20250319,2025-03-24,5,Advanced
EVT000597,APP00315,REQ0008,S4,2025-03-24,20250324,2025-03-30,6,Advanced
EVT000598,APP00315,REQ0008,S5,2025-03-30,20250330,2025-04-07,8,Advanced
EVT000599,APP00315,REQ0008,S6,2025-04-07,20250407,2025-04-16,9,Rejected
EVT000600,APP00316,REQ0008,S1,2025-03-05,20250305,2025-03-07,2,Rejected
EVT000601,APP00317,REQ0008,S1,2025-04-16,20250416,2025-04-18,2,Rejected
EVT000602,APP00318,REQ0008,S1,2025-04-11,20250411,2025-04-12,1,Advanced
EVT000603,APP00318,REQ0008,S2,2025-04-12,20250412,2025-04-13,1,Advanced
EVT000604,APP00318,REQ0008,S3,2025-04-13,20250413,2025-04-16,3,Advanced
EVT000605,APP00318,REQ0008,S4,2025-04-16,20250416,2025-04-19,3,Advanced
EVT000606,APP00318,REQ0008,S5,2025-04-19,20250419,2025-04-25,6,Advanced
EVT000607,APP00318,REQ0008,S6,2025-04-25,20250425,2025-05-02,7,Advanced
EVT000608,APP00318,REQ0008,S7,2025-05-02,20250502,2025-05-09,7,Advanced
EVT000609,APP00318,REQ0008,S8,2025-05-09,20250509,2025-05-09,0,Hired
EVT000610,APP00319,REQ0008,S1,2025-03-11,20250311,2025-03-12,1,Rejected
EVT000611,APP00320,REQ0008,S1,2025-04-15,20250415,2025-04-17,2,Rejected
EVT000612,APP00321,REQ0008,S1,2025-03-20,20250320,2025-03-22,2,Rejected
EVT000613,APP00322,REQ0008,S1,2025-04-09,20250409,2025-04-10,1,Rejected
EVT000614,APP00323,REQ0008,S1,2025-03-16,20250316,2025-03-19,3,Rejected
EVT000615,APP00324,REQ0008,S1,2025-03-05,20250305,2025-03-07,2,Rejected
EVT000616,APP00325,REQ0008,S1,2025-03-23,20250323,2025-03-26,3,Advanced
EVT000617,APP00325,REQ0008,S2,2025-03-26,20250326,2025-03-29,3,Rejected
EVT000618,APP00326,REQ0008,S1,2025-03-08,20250308,2025-03-10,2,Rejected
EVT000619,APP00327,REQ0008,S1,2025-04-13,20250413,2025-04-15,2,Rejected
EVT000620,APP00328,REQ0008,S1,2025-03-27,20250327,2025-03-30,3,Rejected
EVT000621,APP00329,REQ0008,S1,2025-04-11,20250411,2025-04-12,1,Rejected
EVT000622,APP00330,REQ0008,S1,2025-04-01,20250401,2025-04-04,3,Rejected
EVT000623,APP00331,REQ0008,S1,2025-04-16,20250416,2025-04-19,3,Advanced
EVT000624,APP00331,REQ0008,S2,2025-04-19,20250419,2025-04-22,3,Advanced
EVT000625,APP00331,REQ0008,S3,2025-04-22,20250422,2025-05-05,13,Rejected
EVT000626,APP00332,REQ0008,S1,2025-04-01,20250401,2025-04-02,1,Rejected
EVT000627,APP00333,REQ0009,S1,2024-10-24,20241024,2024-10-25,1,Rejected
EVT000628,APP00334,REQ0009,S1,2024-11-08,20241108,2024-11-09,1,Advanced
EVT000629,APP00334,REQ0009,S2,2024-11-09,20241109,2024-11-13,4,Rejected
EVT000630,APP00335,REQ0009,S1,2024-11-10,20241110,2024-11-12,2,Rejected
EVT000631,APP00336,REQ0009,S1,2024-11-06,20241106,2024-11-07,1,Advanced
EVT000632,APP00336,REQ0009,S2,2024-11-07,20241107,2024-11-09,2,Advanced
EVT000633,APP00336,REQ0009,S3,2024-11-09,20241109,2024-11-17,8,Rejected
EVT000634,APP00337,REQ0009,S1,2024-10-18,20241018,2024-10-20,2,Advanced
EVT000635,APP00337,REQ0009,S2,2024-10-20,20241020,2024-10-22,2,Advanced
EVT000636,APP00337,REQ0009,S3,2024-10-22,20241022,2024-10-27,5,Advanced
EVT000637,APP00337,REQ0009,S4,2024-10-27,20241027,2024-11-01,5,Advanced
EVT000638,APP00337,REQ0009,S5,2024-11-01,20241101,2024-11-09,8,Advanced
EVT000639,APP00337,REQ0009,S6,2024-11-09,20241109,2024-11-12,3,Rejected
EVT000640,APP00338,REQ0009,S1,2024-11-13,20241113,2024-11-14,1,Rejected
EVT000641,APP00339,REQ0009,S1,2024-10-08,20241008,2024-10-11,3,Advanced
EVT000642,APP00339,REQ0009,S2,2024-10-11,20241011,2024-10-13,2,Advanced
EVT000643,APP00339,REQ0009,S3,2024-10-13,20241013,2024-10-23,10,Rejected
EVT000644,APP00340,REQ0009,S1,2024-11-11,20241111,2024-11-13,2,Advanced
EVT000645,APP00340,REQ0009,S2,2024-11-13,20241113,2024-11-17,4,Advanced
EVT000646,APP00340,REQ0009,S3,2024-11-17,20241117,2024-11-21,4,Rejected
EVT000647,APP00341,REQ0009,S1,2024-11-05,20241105,2024-11-06,1,Rejected
EVT000648,APP00342,REQ0009,S1,2024-11-09,20241109,2024-11-12,3,Rejected
EVT000649,APP00343,REQ0009,S1,2024-11-07,20241107,2024-11-08,1,Rejected
EVT000650,APP00344,REQ0009,S1,2024-10-27,20241027,2024-10-28,1,Rejected
EVT000651,APP00345,REQ0009,S1,2024-10-22,20241022,2024-10-23,1,Advanced
EVT000652,APP00345,REQ0009,S2,2024-10-23,20241023,2024-10-25,2,Advanced
EVT000653,APP00345,REQ0009,S3,2024-10-25,20241025,2024-10-29,4,Advanced
EVT000654,APP00345,REQ0009,S4,2024-10-29,20241029,2024-11-06,8,Advanced
EVT000655,APP00345,REQ0009,S5,2024-11-06,20241106,2024-11-15,9,Rejected
EVT000656,APP00346,REQ0009,S1,2024-11-03,20241103,2024-11-05,2,Advanced
EVT000657,APP00346,REQ0009,S2,2024-11-05,20241105,2024-11-07,2,Advanced
EVT000658,APP00346,REQ0009,S3,2024-11-07,20241107,2024-11-15,8,Rejected
EVT000659,APP00347,REQ0009,S1,2024-10-25,20241025,2024-10-28,3,Advanced
EVT000660,APP00347,REQ0009,S2,2024-10-28,20241028,2024-11-02,5,Advanced
EVT000661,APP00347,REQ0009,S3,2024-11-02,20241102,2024-11-07,5,Rejected
EVT000662,APP00348,REQ0009,S1,2024-11-05,20241105,2024-11-07,2,Advanced
EVT000663,APP00348,REQ0009,S2,2024-11-07,20241107,2024-11-09,2,Rejected
EVT000664,APP00349,REQ0009,S1,2024-11-14,20241114,2024-11-17,3,Rejected
EVT000665,APP00350,REQ0009,S1,2024-10-23,20241023,2024-10-25,2,Rejected
EVT000666,APP00351,REQ0009,S1,2024-10-25,20241025,2024-10-27,2,Advanced
EVT000667,APP00351,REQ0009,S2,2024-10-27,20241027,2024-11-02,6,Rejected
EVT000668,APP00352,REQ0009,S1,2024-10-10,20241010,2024-10-11,1,Rejected
EVT000669,APP00353,REQ0009,S1,2024-11-02,20241102,2024-11-05,3,Rejected
EVT000670,APP00354,REQ0009,S1,2024-11-07,20241107,2024-11-08,1,Rejected
EVT000671,APP00355,REQ0009,S1,2024-11-06,20241106,2024-11-09,3,Advanced
EVT000672,APP00355,REQ0009,S2,2024-11-09,20241109,2024-11-15,6,Advanced
EVT000673,APP00355,REQ0009,S3,2024-11-15,20241115,2024-11-21,6,Rejected
EVT000674,APP00356,REQ0009,S1,2024-10-22,20241022,2024-10-23,1,Advanced
EVT000675,APP00356,REQ0009,S2,2024-10-23,20241023,2024-10-26,3,Advanced
EVT000676,APP00356,REQ0009,S3,2024-10-26,20241026,2024-10-28,2,Rejected
EVT000677,APP00357,REQ0009,S1,2024-11-13,20241113,2024-11-14,1,Rejected
EVT000678,APP00358,REQ0009,S1,2024-11-12,20241112,2024-11-15,3,Advanced
EVT000679,APP00358,REQ0009,S2,2024-11-15,20241115,2024-11-19,4,Advanced
EVT000680,APP00358,REQ0009,S3,2024-11-19,20241119,2024-11-27,8,Rejected
EVT000681,APP00359,REQ0009,S1,2024-10-15,20241015,2024-10-16,1,Advanced
EVT000682,APP00359,REQ0009,S2,2024-10-16,20241016,2024-10-19,3,Advanced
EVT000683,APP00359,REQ0009,S3,2024-10-19,20241019,2024-10-27,8,Rejected
EVT000684,APP00360,REQ0009,S1,2024-10-30,20241030,2024-11-02,3,Rejected
EVT000685,APP00361,REQ0009,S1,2024-10-12,20241012,2024-10-14,2,Rejected
EVT000686,APP00362,REQ0009,S1,2024-10-29,20241029,2024-11-01,3,Advanced
EVT000687,APP00362,REQ0009,S2,2024-11-01,20241101,2024-11-05,4,Advanced
EVT000688,APP00362,REQ0009,S3,2024-11-05,20241105,2024-11-09,4,Rejected
EVT000689,APP00363,REQ0009,S1,2024-10-16,20241016,2024-10-19,3,Rejected
EVT000690,APP00364,REQ0009,S1,2024-10-31,20241031,2024-11-02,2,Advanced
EVT000691,APP00364,REQ0009,S2,2024-11-02,20241102,2024-11-08,6,Rejected
EVT000692,APP00365,REQ0009,S1,2024-11-02,20241102,2024-11-05,3,Rejected
EVT000693,APP00366,REQ0009,S1,2024-10-17,20241017,2024-10-18,1,Rejected
EVT000694,APP00367,REQ0009,S1,2024-10-13,20241013,2024-10-15,2,Rejected
EVT000695,APP00368,REQ0009,S1,2024-10-16,20241016,2024-10-17,1,Advanced
EVT000696,APP00368,REQ0009,S2,2024-10-17,20241017,2024-10-22,5,Advanced
EVT000697,APP00368,REQ0009,S3,2024-10-22,20241022,2024-11-02,11,Advanced
EVT000698,APP00368,REQ0009,S4,2024-11-02,20241102,2024-11-10,8,Advanced
EVT000699,APP00368,REQ0009,S5,2024-11-10,20241110,2024-11-21,11,Advanced
EVT000700,APP00368,REQ0009,S6,2024-11-21,20241121,2024-11-28,7,Rejected
EVT000701,APP00369,REQ0009,S1,2024-11-04,20241104,2024-11-05,1,Advanced
EVT000702,APP00369,REQ0009,S2,2024-11-05,20241105,2024-11-10,5,Rejected
EVT000703,APP00370,REQ0009,S1,2024-11-01,20241101,2024-11-03,2,Rejected
EVT000704,APP00371,REQ0009,S1,2024-10-15,20241015,2024-10-17,2,Rejected
EVT000705,APP00372,REQ0009,S1,2024-10-11,20241011,2024-10-14,3,Advanced
EVT000706,APP00372,REQ0009,S2,2024-10-14,20241014,2024-10-19,5,Rejected
EVT000707,APP00373,REQ0009,S1,2024-10-11,20241011,2024-10-14,3,Rejected
EVT000708,APP00374,REQ0009,S1,2024-10-12,20241012,2024-10-14,2,Rejected
EVT000709,APP00375,REQ0009,S1,2024-11-05,20241105,2024-11-06,1,Advanced
EVT000710,APP00375,REQ0009,S2,2024-11-06,20241106,2024-11-08,2,Advanced
EVT000711,APP00375,REQ0009,S3,2024-11-08,20241108,2024-11-17,9,Rejected
EVT000712,APP00376,REQ0009,S1,2024-10-29,20241029,2024-10-31,2,Rejected
EVT000713,APP00377,REQ0009,S1,2024-11-02,20241102,2024-11-03,1,Advanced
EVT000714,APP00377,REQ0009,S2,2024-11-03,20241103,2024-11-04,1,Advanced
EVT000715,APP00377,REQ0009,S3,2024-11-04,20241104,2024-11-10,6,Advanced
EVT000716,APP00377,REQ0009,S4,2024-11-10,20241110,2024-11-15,5,Advanced
EVT000717,APP00377,REQ0009,S5,2024-11-15,20241115,2024-11-21,6,Advanced
EVT000718,APP00377,REQ0009,S6,2024-11-21,20241121,2024-11-28,7,Advanced
EVT000719,APP00377,REQ0009,S7,2024-11-28,20241128,2024-12-03,5,Advanced
EVT000720,APP00377,REQ0009,S8,2024-12-03,20241203,2024-12-03,0,Hired
EVT000721,APP00378,REQ0009,S1,2024-10-14,20241014,2024-10-15,1,Advanced
EVT000722,APP00378,REQ0009,S2,2024-10-15,20241015,2024-10-16,1,Advanced
EVT000723,APP00378,REQ0009,S3,2024-10-16,20241016,2024-10-25,9,Rejected
EVT000724,APP00379,REQ0009,S1,2024-10-11,20241011,2024-10-13,2,Rejected
EVT000725,APP00380,REQ0009,S1,2024-10-10,20241010,2024-10-11,1,Rejected
EVT000726,APP00381,REQ0009,S1,2024-10-11,20241011,2024-10-13,2,Rejected
EVT000727,APP00382,REQ0009,S1,2024-10-26,20241026,2024-10-27,1,Rejected
EVT000728,APP00383,REQ0009,S1,2024-10-25,20241025,2024-10-28,3,Rejected
EVT000729,APP00384,REQ0009,S1,2024-10-16,20241016,2024-10-18,2,Advanced
EVT000730,APP00384,REQ0009,S2,2024-10-18,20241018,2024-10-22,4,Advanced
EVT000731,APP00384,REQ0009,S3,2024-10-22,20241022,2024-10-26,4,Advanced
EVT000732,APP00384,REQ0009,S4,2024-10-26,20241026,2024-11-03,8,Advanced
EVT000733,APP00384,REQ0009,S5,2024-11-03,20241103,2024-11-12,9,Advanced
EVT000734,APP00384,REQ0009,S6,2024-11-12,20241112,2024-11-20,8,Advanced
EVT000735,APP00384,REQ0009,S7,2024-11-20,20241120,2024-11-25,5,Advanced
EVT000736,APP00384,REQ0009,S8,2024-11-25,20241125,2024-11-25,0,Hired
EVT000737,APP00385,REQ0009,S1,2024-11-04,20241104,2024-11-06,2,Rejected
EVT000738,APP00386,REQ0009,S1,2024-11-08,20241108,2024-11-10,2,Rejected
EVT000739,APP00387,REQ0009,S1,2024-11-10,20241110,2024-11-12,2,Advanced
EVT000740,APP00387,REQ0009,S2,2024-11-12,20241112,2024-11-17,5,Rejected
EVT000741,APP00388,REQ0010,S1,2025-09-02,20250902,2025-09-03,1,Rejected
EVT000742,APP00389,REQ0010,S1,2025-09-06,20250906,2025-09-07,1,Rejected
EVT000743,APP00390,REQ0010,S1,2025-09-01,20250901,2025-09-02,1,Rejected
EVT000744,APP00391,REQ0010,S1,2025-09-03,20250903,2025-09-06,3,Rejected
EVT000745,APP00392,REQ0010,S1,2025-09-03,20250903,2025-09-05,2,Rejected
EVT000746,APP00393,REQ0010,S1,2025-09-02,20250902,2025-09-04,2,Rejected
EVT000747,APP00394,REQ0010,S1,2025-09-03,20250903,2025-09-05,2,Rejected
EVT000748,APP00395,REQ0010,S1,2025-09-11,20250911,2025-09-13,2,Rejected
EVT000749,APP00396,REQ0010,S1,2025-08-27,20250827,2025-08-28,1,Rejected
EVT000750,APP00397,REQ0010,S1,2025-09-10,20250910,2025-09-11,1,Rejected
EVT000751,APP00398,REQ0010,S1,2025-08-28,20250828,2025-08-30,2,Advanced
EVT000752,APP00398,REQ0010,S2,2025-08-30,20250830,2025-09-05,6,Advanced
EVT000753,APP00398,REQ0010,S3,2025-09-05,20250905,2025-09-09,4,Rejected
EVT000754,APP00399,REQ0010,S1,2025-09-01,20250901,2025-09-02,1,Rejected
EVT000755,APP00400,REQ0010,S1,2025-08-30,20250830,2025-09-01,2,Rejected
EVT000756,APP00401,REQ0010,S1,2025-08-27,20250827,2025-08-29,2,Rejected
EVT000757,APP00402,REQ0010,S1,2025-08-27,20250827,2025-08-30,3,Rejected
EVT000758,APP00403,REQ0010,S1,2025-09-06,20250906,2025-09-09,3,Advanced
EVT000759,APP00403,REQ0010,S2,2025-09-09,20250909,2025-09-14,5,Rejected
EVT000760,APP00404,REQ0010,S1,2025-09-05,20250905,2025-09-07,2,Advanced
EVT000761,APP00404,REQ0010,S2,2025-09-07,20250907,2025-09-12,5,Advanced
EVT000762,APP00404,REQ0010,S3,2025-09-12,20250912,2025-09-16,4,Advanced
EVT000763,APP00404,REQ0010,S4,2025-09-16,20250916,2025-09-21,5,Advanced
EVT000764,APP00404,REQ0010,S5,2025-09-21,20250921,2025-09-25,4,Advanced
EVT000765,APP00404,REQ0010,S6,2025-09-25,20250925,2025-09-29,4,Advanced
EVT000766,APP00404,REQ0010,S7,2025-09-29,20250929,2025-10-06,7,Advanced
EVT000767,APP00404,REQ0010,S8,2025-10-06,20251006,2025-10-06,0,Hired
EVT000768,APP00405,REQ0010,S1,2025-09-09,20250909,2025-09-10,1,Advanced
EVT000769,APP00405,REQ0010,S2,2025-09-10,20250910,2025-09-13,3,Advanced
EVT000770,APP00405,REQ0010,S3,2025-09-13,20250913,2025-09-21,8,Advanced
EVT000771,APP00405,REQ0010,S4,2025-09-21,20250921,2025-09-28,7,Rejected
EVT000772,APP00406,REQ0010,S1,2025-09-01,20250901,2025-09-03,2,Advanced
EVT000773,APP00406,REQ0010,S2,2025-09-03,20250903,2025-09-08,5,Rejected
EVT000774,APP00407,REQ0010,S1,2025-09-01,20250901,2025-09-02,1,Rejected
EVT000775,APP00408,REQ0010,S1,2025-09-11,20250911,2025-09-13,2,Rejected
EVT000776,APP00409,REQ0010,S1,2025-09-05,20250905,2025-09-06,1,Rejected
EVT000777,APP00410,REQ0010,S1,2025-08-28,20250828,2025-08-29,1,Rejected
EVT000778,APP00411,REQ0010,S1,2025-08-29,20250829,2025-09-01,3,Advanced
EVT000779,APP00411,REQ0010,S2,2025-09-01,20250901,2025-09-07,6,Rejected
EVT000780,APP00412,REQ0010,S1,2025-09-11,20250911,2025-09-12,1,Rejected
EVT000781,APP00413,REQ0010,S1,2025-08-29,20250829,2025-09-01,3,Rejected
EVT000782,APP00414,REQ0010,S1,2025-09-05,20250905,2025-09-07,2,Advanced
EVT000783,APP00414,REQ0010,S2,2025-09-07,20250907,2025-09-09,2,Advanced
EVT000784,APP00414,REQ0010,S3,2025-09-09,20250909,2025-09-20,11,Advanced
EVT000785,APP00414,REQ0010,S4,2025-09-20,20250920,2025-09-24,4,Rejected
EVT000786,APP00415,REQ0010,S1,2025-09-09,20250909,2025-09-12,3,Rejected
EVT000787,APP00416,REQ0010,S1,2025-08-30,20250830,2025-09-01,2,Rejected
EVT000788,APP00417,REQ0010,S1,2025-09-06,20250906,2025-09-08,2,Rejected
EVT000789,APP00418,REQ0010,S1,2025-09-02,20250902,2025-09-04,2,Advanced
EVT000790,APP00418,REQ0010,S2,2025-09-04,20250904,2025-09-06,2,Rejected
EVT000791,APP00419,REQ0010,S1,2025-08-31,20250831,2025-09-02,2,Rejected
EVT000792,APP00420,REQ0010,S1,2025-09-07,20250907,2025-09-08,1,Rejected
EVT000793,APP00421,REQ0010,S1,2025-09-06,20250906,2025-09-07,1,Rejected
EVT000794,APP00422,REQ0010,S1,2025-08-28,20250828,2025-08-30,2,Rejected
EVT000795,APP00423,REQ0010,S1,2025-09-06,20250906,2025-09-08,2,Rejected
EVT000796,APP00424,REQ0010,S1,2025-09-02,20250902,2025-09-03,1,Advanced
EVT000797,APP00424,REQ0010,S2,2025-09-03,20250903,2025-09-04,1,Rejected
EVT000798,APP00425,REQ0010,S1,2025-08-28,20250828,2025-08-31,3,Rejected
EVT000799,APP00426,REQ0010,S1,2025-08-29,20250829,2025-08-31,2,Advanced
EVT000800,APP00426,REQ0010,S2,2025-08-31,20250831,2025-09-02,2,Rejected
EVT000801,APP00427,REQ0010,S1,2025-09-03,20250903,2025-09-04,1,Rejected
EVT000802,APP00428,REQ0010,S1,2025-08-27,20250827,2025-08-28,1,Advanced
EVT000803,APP00428,REQ0010,S2,2025-08-28,20250828,2025-09-02,5,Advanced
EVT000804,APP00428,REQ0010,S3,2025-09-02,20250902,2025-09-06,4,Advanced
EVT000805,APP00428,REQ0010,S4,2025-09-06,20250906,2025-09-13,7,Rejected
EVT000806,APP00429,REQ0010,S1,2025-09-07,20250907,2025-09-08,1,Rejected
EVT000807,APP00430,REQ0010,S1,2025-09-03,20250903,2025-09-05,2,Rejected
EVT000808,APP00431,REQ0010,S1,2025-09-02,20250902,2025-09-03,1,Rejected
EVT000809,APP00432,REQ0010,S1,2025-09-01,20250901,2025-09-02,1,Rejected
EVT000810,APP00433,REQ0010,S1,2025-09-03,20250903,2025-09-04,1,Rejected
EVT000811,APP00434,REQ0010,S1,2025-09-11,20250911,2025-09-14,3,Advanced
EVT000812,APP00434,REQ0010,S2,2025-09-14,20250914,2025-09-20,6,Rejected
EVT000813,APP00435,REQ0010,S1,2025-08-27,20250827,2025-08-30,3,Rejected
EVT000814,APP00436,REQ0010,S1,2025-08-28,20250828,2025-08-31,3,Rejected
EVT000815,APP00437,REQ0010,S1,2025-09-06,20250906,2025-09-09,3,Advanced
EVT000816,APP00437,REQ0010,S2,2025-09-09,20250909,2025-09-11,2,Rejected
EVT000817,APP00438,REQ0010,S1,2025-09-09,20250909,2025-09-12,3,Rejected
EVT000818,APP00439,REQ0010,S1,2025-08-31,20250831,2025-09-02,2,Rejected
EVT000819,APP00440,REQ0010,S1,2025-09-07,20250907,2025-09-10,3,Rejected
EVT000820,APP00441,REQ0010,S1,2025-09-03,20250903,2025-09-06,3,Advanced
EVT000821,APP00441,REQ0010,S2,2025-09-06,20250906,2025-09-09,3,Rejected
EVT000822,APP00442,REQ0010,S1,2025-09-03,20250903,2025-09-04,1,Advanced
EVT000823,APP00442,REQ0010,S2,2025-09-04,20250904,2025-09-08,4,Advanced
EVT000824,APP00442,REQ0010,S3,2025-09-08,20250908,2025-09-20,12,Rejected
EVT000825,APP00443,REQ0010,S1,2025-08-28,20250828,2025-08-30,2,Rejected
EVT000826,APP00444,REQ0010,S1,2025-08-28,20250828,2025-08-31,3,Rejected
EVT000827,APP00445,REQ0010,S1,2025-09-09,20250909,2025-09-12,3,Advanced
EVT000828,APP00445,REQ0010,S2,2025-09-12,20250912,2025-09-18,6,Advanced
EVT000829,APP00445,REQ0010,S3,2025-09-18,20250918,2025-09-28,10,Rejected
EVT000830,APP00446,REQ0010,S1,2025-09-06,20250906,2025-09-08,2,Rejected
EVT000831,APP00447,REQ0010,S1,2025-09-08,20250908,2025-09-09,1,Rejected
EVT000832,APP00448,REQ0010,S1,2025-09-07,20250907,2025-09-08,1,Rejected
EVT000833,APP00449,REQ0010,S1,2025-09-02,20250902,2025-09-04,2,Advanced
EVT000834,APP00449,REQ0010,S2,2025-09-04,20250904,2025-09-07,3,Advanced
EVT000835,APP00449,REQ0010,S3,2025-09-07,20250907,2025-09-14,7,Advanced
EVT000836,APP00449,REQ0010,S4,2025-09-14,20250914,2025-09-22,8,Advanced
EVT000837,APP00449,REQ0010,S5,2025-09-22,20250922,2025-09-28,6,Advanced
EVT000838,APP00449,REQ0010,S6,2025-09-28,20250928,2025-10-06,8,Advanced
EVT000839,APP00449,REQ0010,S7,2025-10-06,20251006,2025-10-15,9,Advanced
EVT000840,APP00449,REQ0010,S8,2025-10-15,20251015,2025-10-15,0,Hired
EVT000841,APP00450,REQ0010,S1,2025-08-27,20250827,2025-08-29,2,Advanced
EVT000842,APP00450,REQ0010,S2,2025-08-29,20250829,2025-08-31,2,Advanced
EVT000843,APP00450,REQ0010,S3,2025-08-31,20250831,2025-09-09,9,Advanced
EVT000844,APP00450,REQ0010,S4,2025-09-09,20250909,2025-09-16,7,Rejected
EVT000845,APP00451,REQ0010,S1,2025-09-10,20250910,2025-09-13,3,Rejected
EVT000846,APP00452,REQ0010,S1,2025-08-31,20250831,2025-09-02,2,Rejected
EVT000847,APP00453,REQ0010,S1,2025-09-10,20250910,2025-09-12,2,Advanced
EVT000848,APP00453,REQ0010,S2,2025-09-12,20250912,2025-09-13,1,Rejected
EVT000849,APP00454,REQ0010,S1,2025-08-27,20250827,2025-08-28,1,Rejected
EVT000850,APP00455,REQ0010,S1,2025-09-08,20250908,2025-09-11,3,Advanced
EVT000851,APP00455,REQ0010,S2,2025-09-11,20250911,2025-09-15,4,Rejected
EVT000852,APP00456,REQ0010,S1,2025-09-10,20250910,2025-09-13,3,Rejected
EVT000853,APP00457,REQ0011,S1,2025-12-25,20251225,2025-12-26,1,Rejected
EVT000854,APP00458,REQ0011,S1,2025-12-06,20251206,2025-12-08,2,Rejected
EVT000855,APP00459,REQ0011,S1,2025-12-06,20251206,2025-12-07,1,Rejected
EVT000856,APP00460,REQ0011,S1,2025-12-04,20251204,2025-12-06,2,Advanced
EVT000857,APP00460,REQ0011,S2,2025-12-06,20251206,2025-12-12,6,Advanced
EVT000858,APP00460,REQ0011,S3,2025-12-12,20251212,2025-12-26,14,Advanced
EVT000859,APP00460,REQ0011,S4,2025-12-26,20251226,2025-12-29,3,Advanced
EVT000860,APP00460,REQ0011,S5,2025-12-29,20251229,2026-01-02,4,Advanced
EVT000861,APP00460,REQ0011,S6,2026-01-02,20260102,2026-01-08,6,Rejected
EVT000862,APP00461,REQ0011,S1,2025-11-15,20251115,2025-11-17,2,Rejected
EVT000863,APP00462,REQ0011,S1,2025-12-01,20251201,2025-12-02,1,Advanced
EVT000864,APP00462,REQ0011,S2,2025-12-02,20251202,2025-12-04,2,Advanced
EVT000865,APP00462,REQ0011,S3,2025-12-04,20251204,2025-12-06,2,Advanced
EVT000866,APP00462,REQ0011,S4,2025-12-06,20251206,2025-12-09,3,Advanced
EVT000867,APP00462,REQ0011,S5,2025-12-09,20251209,2025-12-14,5,Rejected
EVT000868,APP00463,REQ0011,S1,2025-12-04,20251204,2025-12-06,2,Advanced
EVT000869,APP00463,REQ0011,S2,2025-12-06,20251206,2025-12-12,6,Rejected
EVT000870,APP00464,REQ0011,S1,2025-12-19,20251219,2025-12-21,2,Rejected
EVT000871,APP00465,REQ0011,S1,2025-12-02,20251202,2025-12-03,1,Rejected
EVT000872,APP00466,REQ0011,S1,2025-11-23,20251123,2025-11-24,1,Advanced
EVT000873,APP00466,REQ0011,S2,2025-11-24,20251124,2025-11-26,2,Rejected
EVT000874,APP00467,REQ0011,S1,2025-11-24,20251124,2025-11-26,2,Advanced
EVT000875,APP00467,REQ0011,S2,2025-11-26,20251126,2025-11-29,3,Advanced
EVT000876,APP00467,REQ0011,S3,2025-11-29,20251129,2025-12-04,5,Rejected
EVT000877,APP00468,REQ0011,S1,2025-11-07,20251107,2025-11-09,2,Rejected
EVT000878,APP00469,REQ0011,S1,2025-12-21,20251221,2025-12-24,3,Advanced
EVT000879,APP00469,REQ0011,S2,2025-12-24,20251224,2025-12-30,6,Rejected
EVT000880,APP00470,REQ0011,S1,2025-10-31,20251031,2025-11-01,1,Rejected
EVT000881,APP00471,REQ0011,S1,2025-11-01,20251101,2025-11-04,3,Rejected
EVT000882,APP00472,REQ0011,S1,2025-11-09,20251109,2025-11-12,3,Rejected
EVT000883,APP00473,REQ0011,S1,2025-11-26,20251126,2025-11-28,2,Advanced
EVT000884,APP00473,REQ0011,S2,2025-11-28,20251128,2025-11-30,2,Advanced
EVT000885,APP00473,REQ0011,S3,2025-11-30,20251130,2025-12-11,11,Advanced
EVT000886,APP00473,REQ0011,S4,2025-12-11,20251211,2025-12-17,6,Rejected
EVT000887,APP00474,REQ0011,S1,2025-12-27,20251227,2025-12-28,1,Advanced
EVT000888,APP00474,REQ0011,S2,2025-12-28,20251228,2026-01-01,4,Advanced
EVT000889,APP00474,REQ0011,S3,2026-01-01,20260101,2026-01-10,9,Rejected
EVT000890,APP00475,REQ0011,S1,2025-12-07,20251207,2025-12-08,1,Advanced
EVT000891,APP00475,REQ0011,S2,2025-12-08,20251208,2025-12-10,2,Advanced
EVT000892,APP00475,REQ0011,S3,2025-12-10,20251210,2025-12-17,7,Rejected
EVT000893,APP00476,REQ0011,S1,2025-11-12,20251112,2025-11-14,2,Rejected
EVT000894,APP00477,REQ0011,S1,2025-12-02,20251202,2025-12-03,1,Rejected
EVT000895,APP00478,REQ0011,S1,2025-12-16,20251216,2025-12-18,2,Rejected
EVT000896,APP00479,REQ0011,S1,2025-11-10,20251110,2025-11-13,3,Rejected
EVT000897,APP00480,REQ0011,S1,2025-11-29,20251129,2025-12-01,2,Rejected
EVT000898,APP00481,REQ0011,S1,2025-12-26,20251226,2025-12-27,1,Rejected
EVT000899,APP00482,REQ0011,S1,2025-11-10,20251110,2025-11-11,1,Rejected
EVT000900,APP00483,REQ0011,S1,2025-12-03,20251203,2025-12-05,2,Advanced
EVT000901,APP00483,REQ0011,S2,2025-12-05,20251205,2025-12-07,2,Advanced
EVT000902,APP00483,REQ0011,S3,2025-12-07,20251207,2025-12-21,14,Rejected
EVT000903,APP00484,REQ0011,S1,2025-11-23,20251123,2025-11-24,1,Rejected
EVT000904,APP00485,REQ0011,S1,2025-12-07,20251207,2025-12-08,1,Rejected
EVT000905,APP00486,REQ0011,S1,2025-12-07,20251207,2025-12-09,2,Advanced
EVT000906,APP00486,REQ0011,S2,2025-12-09,20251209,2025-12-12,3,Advanced
EVT000907,APP00486,REQ0011,S3,2025-12-12,20251212,2025-12-18,6,Advanced
EVT000908,APP00486,REQ0011,S4,2025-12-18,20251218,2025-12-25,7,Rejected
EVT000909,APP00487,REQ0011,S1,2025-12-22,20251222,2025-12-23,1,Rejected
EVT000910,APP00488,REQ0012,S1,2026-05-30,20260530,2026-05-31,1,Rejected
EVT000911,APP00489,REQ0012,S1,2026-05-03,20260503,2026-05-04,1,Rejected
EVT000912,APP00490,REQ0012,S1,2026-05-01,20260501,2026-05-02,1,Rejected
EVT000913,APP00491,REQ0012,S1,2026-05-23,20260523,2026-05-25,2,Rejected
EVT000914,APP00492,REQ0012,S1,2026-05-27,20260527,2026-05-30,3,Advanced
EVT000915,APP00492,REQ0012,S2,2026-05-30,20260530,2026-06-05,6,Advanced
EVT000916,APP00492,REQ0012,S3,2026-06-05,20260605,2026-06-17,12,Rejected
EVT000917,APP00493,REQ0012,S1,2026-05-19,20260519,2026-05-22,3,Rejected
EVT000918,APP00494,REQ0012,S1,2026-05-30,20260530,2026-06-01,2,Advanced
EVT000919,APP00494,REQ0012,S2,2026-06-01,20260601,2026-06-06,5,Advanced
EVT000920,APP00494,REQ0012,S3,2026-06-06,20260606,2026-06-10,4,Rejected
EVT000921,APP00495,REQ0012,S1,2026-06-14,20260614,2026-06-15,1,Rejected
EVT000922,APP00496,REQ0012,S1,2026-05-11,20260511,2026-05-13,2,Rejected
EVT000923,APP00497,REQ0012,S1,2026-05-24,20260524,2026-05-25,1,Advanced
EVT000924,APP00497,REQ0012,S2,2026-05-25,20260525,2026-05-29,4,Advanced
EVT000925,APP00497,REQ0012,S3,2026-05-29,20260529,2026-06-02,4,Rejected
EVT000926,APP00498,REQ0012,S1,2026-05-27,20260527,2026-05-29,2,Advanced
EVT000927,APP00498,REQ0012,S2,2026-05-29,20260529,2026-05-30,1,Rejected
EVT000928,APP00499,REQ0012,S1,2026-04-29,20260429,2026-04-30,1,Rejected
EVT000929,APP00500,REQ0012,S1,2026-06-02,20260602,2026-06-03,1,Advanced
EVT000930,APP00500,REQ0012,S2,2026-06-03,20260603,2026-06-05,2,Advanced
EVT000931,APP00500,REQ0012,S3,2026-06-05,20260605,2026-06-09,4,Advanced
EVT000932,APP00500,REQ0012,S4,2026-06-09,20260609,2026-06-14,5,Advanced
EVT000933,APP00500,REQ0012,S5,2026-06-14,20260614,2026-06-24,10,Rejected
EVT000934,APP00501,REQ0012,S1,2026-06-13,20260613,2026-06-14,1,Advanced
EVT000935,APP00501,REQ0012,S2,2026-06-14,20260614,2026-06-17,3,Rejected
EVT000936,APP00502,REQ0012,S1,2026-06-07,20260607,2026-06-08,1,Rejected
EVT000937,APP00503,REQ0012,S1,2026-06-22,20260622,2026-06-23,1,Rejected
EVT000938,APP00504,REQ0012,S1,2026-06-22,20260622,2026-06-25,3,Advanced
EVT000939,APP00504,REQ0012,S2,2026-06-25,20260625,2026-06-28,3,Advanced
EVT000940,APP00504,REQ0012,S3,2026-06-28,20260628,,2,In Process
EVT000941,APP00505,REQ0012,S1,2026-06-14,20260614,2026-06-16,2,Rejected
EVT000942,APP00506,REQ0012,S1,2026-06-18,20260618,2026-06-19,1,Advanced
EVT000943,APP00506,REQ0012,S2,2026-06-19,20260619,2026-06-23,4,Advanced
EVT000944,APP00506,REQ0012,S3,2026-06-23,20260623,2026-06-29,6,Advanced
EVT000945,APP00506,REQ0012,S4,2026-06-29,20260629,,1,In Process
EVT000946,APP00507,REQ0012,S1,2026-06-20,20260620,2026-06-21,1,Advanced
EVT000947,APP00507,REQ0012,S2,2026-06-21,20260621,2026-06-24,3,Advanced
EVT000948,APP00507,REQ0012,S3,2026-06-24,20260624,2026-06-28,4,Advanced
EVT000949,APP00507,REQ0012,S4,2026-06-28,20260628,,2,In Process
EVT000950,APP00508,REQ0012,S1,2026-05-02,20260502,2026-05-05,3,Advanced
EVT000951,APP00508,REQ0012,S2,2026-05-05,20260505,2026-05-11,6,Rejected
EVT000952,APP00509,REQ0012,S1,2026-05-03,20260503,2026-05-04,1,Rejected
EVT000953,APP00510,REQ0012,S1,2026-06-03,20260603,2026-06-05,2,Rejected
EVT000954,APP00511,REQ0012,S1,2026-04-30,20260430,2026-05-03,3,Rejected
EVT000955,APP00512,REQ0012,S1,2026-06-22,20260622,2026-06-23,1,Advanced
EVT000956,APP00512,REQ0012,S2,2026-06-23,20260623,2026-06-24,1,Rejected
EVT000957,APP00513,REQ0012,S1,2026-06-11,20260611,2026-06-12,1,Advanced
EVT000958,APP00513,REQ0012,S2,2026-06-12,20260612,2026-06-16,4,Rejected
EVT000959,APP00514,REQ0012,S1,2026-05-19,20260519,2026-05-22,3,Rejected
EVT000960,APP00515,REQ0012,S1,2026-04-26,20260426,2026-04-27,1,Advanced
EVT000961,APP00515,REQ0012,S2,2026-04-27,20260427,2026-04-30,3,Rejected
EVT000962,APP00516,REQ0012,S1,2026-06-23,20260623,2026-06-25,2,Rejected
EVT000963,APP00517,REQ0012,S1,2026-05-31,20260531,2026-06-01,1,Rejected
EVT000964,APP00518,REQ0012,S1,2026-05-15,20260515,2026-05-17,2,Advanced
EVT000965,APP00518,REQ0012,S2,2026-05-17,20260517,2026-05-19,2,Advanced
EVT000966,APP00518,REQ0012,S3,2026-05-19,20260519,2026-06-01,13,Rejected
EVT000967,APP00519,REQ0012,S1,2026-05-12,20260512,2026-05-13,1,Advanced
EVT000968,APP00519,REQ0012,S2,2026-05-13,20260513,2026-05-17,4,Advanced
EVT000969,APP00519,REQ0012,S3,2026-05-17,20260517,2026-05-30,13,Advanced
EVT000970,APP00519,REQ0012,S4,2026-05-30,20260530,2026-06-07,8,Advanced
EVT000971,APP00519,REQ0012,S5,2026-06-07,20260607,2026-06-11,4,Advanced
EVT000972,APP00519,REQ0012,S6,2026-06-11,20260611,2026-06-14,3,Rejected
EVT000973,APP00520,REQ0012,S1,2026-06-10,20260610,2026-06-11,1,Advanced
EVT000974,APP00520,REQ0012,S2,2026-06-11,20260611,2026-06-13,2,Advanced
EVT000975,APP00520,REQ0012,S3,2026-06-13,20260613,2026-06-20,7,Advanced
EVT000976,APP00520,REQ0012,S4,2026-06-20,20260620,2026-06-25,5,Advanced
EVT000977,APP00520,REQ0012,S5,2026-06-25,20260625,2026-06-30,5,Rejected
EVT000978,APP00521,REQ0012,S1,2026-05-22,20260522,2026-05-24,2,Rejected
EVT000979,APP00522,REQ0012,S1,2026-05-23,20260523,2026-05-25,2,Advanced
EVT000980,APP00522,REQ0012,S2,2026-05-25,20260525,2026-05-30,5,Rejected
EVT000981,APP00523,REQ0012,S1,2026-05-13,20260513,2026-05-14,1,Advanced
EVT000982,APP00523,REQ0012,S2,2026-05-14,20260514,2026-05-16,2,Rejected
EVT000983,APP00524,REQ0012,S1,2026-05-06,20260506,2026-05-07,1,Advanced
EVT000984,APP00524,REQ0012,S2,2026-05-07,20260507,2026-05-11,4,Rejected
EVT000985,APP00525,REQ0012,S1,2026-05-26,20260526,2026-05-29,3,Rejected
EVT000986,APP00526,REQ0012,S1,2026-06-21,20260621,2026-06-22,1,Advanced
EVT000987,APP00526,REQ0012,S2,2026-06-22,20260622,2026-06-27,5,Rejected
EVT000988,APP00527,REQ0012,S1,2026-05-25,20260525,2026-05-28,3,Advanced
EVT000989,APP00527,REQ0012,S2,2026-05-28,20260528,2026-05-30,2,Advanced
EVT000990,APP00527,REQ0012,S3,2026-05-30,20260530,2026-06-03,4,Rejected
EVT000991,APP00528,REQ0012,S1,2026-05-12,20260512,2026-05-14,2,Advanced
EVT000992,APP00528,REQ0012,S2,2026-05-14,20260514,2026-05-18,4,Advanced
EVT000993,APP00528,REQ0012,S3,2026-05-18,20260518,2026-05-28,10,Advanced
EVT000994,APP00528,REQ0012,S4,2026-05-28,20260528,2026-06-04,7,Advanced
EVT000995,APP00528,REQ0012,S5,2026-06-04,20260604,2026-06-12,8,Advanced
EVT000996,APP00528,REQ0012,S6,2026-06-12,20260612,2026-06-20,8,Advanced
EVT000997,APP00528,REQ0012,S7,2026-06-20,20260620,2026-06-24,4,Advanced
EVT000998,APP00528,REQ0012,S8,2026-06-24,20260624,2026-06-24,0,Hired
EVT000999,APP00529,REQ0012,S1,2026-06-23,20260623,2026-06-26,3,Advanced
EVT001000,APP00529,REQ0012,S2,2026-06-26,20260626,,4,In Process
EVT001001,APP00530,REQ0012,S1,2026-06-26,20260626,2026-06-27,1,Rejected
EVT001002,APP00531,REQ0012,S1,2026-05-11,20260511,2026-05-12,1,Rejected
EVT001003,APP00532,REQ0012,S1,2026-06-21,20260621,2026-06-22,1,Rejected
EVT001004,APP00533,REQ0012,S1,2026-06-20,20260620,2026-06-21,1,Advanced
EVT001005,APP00533,REQ0012,S2,2026-06-21,20260621,2026-06-27,6,Advanced
EVT001006,APP00533,REQ0012,S3,2026-06-27,20260627,,3,In Process
EVT001007,APP00534,REQ0012,S1,2026-05-18,20260518,2026-05-19,1,Rejected
EVT001008,APP00535,REQ0012,S1,2026-06-22,20260622,2026-06-23,1,Advanced
EVT001009,APP00535,REQ0012,S2,2026-06-23,20260623,2026-06-25,2,Rejected
EVT001010,APP00536,REQ0012,S1,2026-06-17,20260617,2026-06-19,2,Rejected
EVT001011,APP00537,REQ0012,S1,2026-06-24,20260624,2026-06-25,1,Advanced
EVT001012,APP00537,REQ0012,S2,2026-06-25,20260625,2026-06-26,1,Advanced
EVT001013,APP00537,REQ0012,S3,2026-06-26,20260626,2026-06-28,2,Advanced
EVT001014,APP00537,REQ0012,S4,2026-06-28,20260628,,2,In Process
EVT001015,APP00538,REQ0012,S1,2026-05-22,20260522,2026-05-23,1,Rejected
EVT001016,APP00539,REQ0012,S1,2026-06-24,20260624,2026-06-25,1,Advanced
EVT001017,APP00539,REQ0012,S2,2026-06-25,20260625,2026-06-29,4,Advanced
EVT001018,APP00539,REQ0012,S3,2026-06-29,20260629,,1,In Process
EVT001019,APP00540,REQ0012,S1,2026-04-30,20260430,2026-05-02,2,Rejected
EVT001020,APP00541,REQ0012,S1,2026-06-23,20260623,2026-06-25,2,Advanced
EVT001021,APP00541,REQ0012,S2,2026-06-25,20260625,2026-06-29,4,Advanced
EVT001022,APP00541,REQ0012,S3,2026-06-29,20260629,,1,In Process
EVT001023,APP00542,REQ0012,S1,2026-06-07,20260607,2026-06-10,3,Advanced
EVT001024,APP00542,REQ0012,S2,2026-06-10,20260610,2026-06-15,5,Rejected
EVT001025,APP00543,REQ0012,S1,2026-05-05,20260505,2026-05-06,1,Rejected
EVT001026,APP00544,REQ0012,S1,2026-06-22,20260622,2026-06-24,2,Rejected
EVT001027,APP00545,REQ0013,S1,2026-03-30,20260330,2026-04-02,3,Rejected
EVT001028,APP00546,REQ0013,S1,2026-03-29,20260329,2026-03-31,2,Advanced
EVT001029,APP00546,REQ0013,S2,2026-03-31,20260331,2026-04-02,2,Advanced
EVT001030,APP00546,REQ0013,S3,2026-04-02,20260402,2026-04-09,7,Advanced
EVT001031,APP00546,REQ0013,S4,2026-04-09,20260409,2026-04-15,6,Rejected
EVT001032,APP00547,REQ0013,S1,2026-04-14,20260414,2026-04-16,2,Rejected
EVT001033,APP00548,REQ0013,S1,2026-04-02,20260402,2026-04-03,1,Advanced
EVT001034,APP00548,REQ0013,S2,2026-04-03,20260403,2026-04-06,3,Advanced
EVT001035,APP00548,REQ0013,S3,2026-04-06,20260406,2026-04-13,7,Rejected
EVT001036,APP00549,REQ0013,S1,2026-04-08,20260408,2026-04-10,2,Rejected
EVT001037,APP00550,REQ0013,S1,2026-04-07,20260407,2026-04-10,3,Rejected
EVT001038,APP00551,REQ0013,S1,2026-05-18,20260518,2026-05-20,2,Rejected
EVT001039,APP00552,REQ0013,S1,2026-03-26,20260326,2026-03-28,2,Rejected
EVT001040,APP00553,REQ0013,S1,2026-05-14,20260514,2026-05-15,1,Rejected
EVT001041,APP00554,REQ0013,S1,2026-05-03,20260503,2026-05-04,1,Rejected
EVT001042,APP00555,REQ0013,S1,2026-03-06,20260306,2026-03-09,3,Rejected
EVT001043,APP00556,REQ0013,S1,2026-05-31,20260531,2026-06-03,3,Rejected
EVT001044,APP00557,REQ0013,S1,2026-06-23,20260623,2026-06-26,3,Rejected
EVT001045,APP00558,REQ0013,S1,2026-03-05,20260305,2026-03-07,2,Advanced
EVT001046,APP00558,REQ0013,S2,2026-03-07,20260307,2026-03-09,2,Advanced
EVT001047,APP00558,REQ0013,S3,2026-03-09,20260309,2026-03-21,12,Advanced
EVT001048,APP00558,REQ0013,S4,2026-03-21,20260321,2026-03-28,7,Advanced
EVT001049,APP00558,REQ0013,S5,2026-03-28,20260328,2026-04-03,6,Advanced
EVT001050,APP00558,REQ0013,S6,2026-04-03,20260403,2026-04-09,6,Advanced
EVT001051,APP00558,REQ0013,S7,2026-04-09,20260409,2026-04-21,12,Rejected
EVT001052,APP00559,REQ0013,S1,2026-05-18,20260518,2026-05-20,2,Rejected
EVT001053,APP00560,REQ0013,S1,2026-04-19,20260419,2026-04-20,1,Rejected
EVT001054,APP00561,REQ0013,S1,2026-06-11,20260611,2026-06-12,1,Advanced
EVT001055,APP00561,REQ0013,S2,2026-06-12,20260612,2026-06-17,5,Rejected
EVT001056,APP00562,REQ0013,S1,2026-05-12,20260512,2026-05-13,1,Advanced
EVT001057,APP00562,REQ0013,S2,2026-05-13,20260513,2026-05-17,4,Rejected
EVT001058,APP00563,REQ0013,S1,2026-03-07,20260307,2026-03-09,2,Advanced
EVT001059,APP00563,REQ0013,S2,2026-03-09,20260309,2026-03-14,5,Advanced
EVT001060,APP00563,REQ0013,S3,2026-03-14,20260314,2026-03-25,11,Advanced
EVT001061,APP00563,REQ0013,S4,2026-03-25,20260325,2026-04-01,7,Advanced
EVT001062,APP00563,REQ0013,S5,2026-04-01,20260401,2026-04-05,4,Advanced
EVT001063,APP00563,REQ0013,S6,2026-04-05,20260405,2026-04-08,3,Advanced
EVT001064,APP00563,REQ0013,S7,2026-04-08,20260408,2026-04-17,9,Rejected
EVT001065,APP00564,REQ0013,S1,2026-03-02,20260302,2026-03-04,2,Rejected
EVT001066,APP00565,REQ0013,S1,2026-03-09,20260309,2026-03-10,1,Rejected
EVT001067,APP00566,REQ0013,S1,2026-04-21,20260421,2026-04-22,1,Advanced
EVT001068,APP00566,REQ0013,S2,2026-04-22,20260422,2026-04-24,2,Rejected
EVT001069,APP00567,REQ0013,S1,2026-05-31,20260531,2026-06-02,2,Rejected
EVT001070,APP00568,REQ0013,S1,2026-04-22,20260422,2026-04-23,1,Advanced
EVT001071,APP00568,REQ0013,S2,2026-04-23,20260423,2026-04-29,6,Rejected
EVT001072,APP00569,REQ0013,S1,2026-05-30,20260530,2026-06-01,2,Advanced
EVT001073,APP00569,REQ0013,S2,2026-06-01,20260601,2026-06-05,4,Rejected
EVT001074,APP00570,REQ0013,S1,2026-04-06,20260406,2026-04-07,1,Advanced
EVT001075,APP00570,REQ0013,S2,2026-04-07,20260407,2026-04-09,2,Rejected
EVT001076,APP00571,REQ0013,S1,2026-04-12,20260412,2026-04-13,1,Rejected
EVT001077,APP00572,REQ0013,S1,2026-03-07,20260307,2026-03-08,1,Advanced
EVT001078,APP00572,REQ0013,S2,2026-03-08,20260308,2026-03-12,4,Rejected
EVT001079,APP00573,REQ0013,S1,2026-03-05,20260305,2026-03-07,2,Advanced
EVT001080,APP00573,REQ0013,S2,2026-03-07,20260307,2026-03-08,1,Rejected
EVT001081,APP00574,REQ0013,S1,2026-05-28,20260528,2026-05-29,1,Rejected
EVT001082,APP00575,REQ0013,S1,2026-03-04,20260304,2026-03-07,3,Rejected
EVT001083,APP00576,REQ0013,S1,2026-05-13,20260513,2026-05-14,1,Advanced
EVT001084,APP00576,REQ0013,S2,2026-05-14,20260514,2026-05-16,2,Rejected
EVT001085,APP00577,REQ0013,S1,2026-04-16,20260416,2026-04-18,2,Advanced
EVT001086,APP00577,REQ0013,S2,2026-04-18,20260418,2026-04-21,3,Rejected
EVT001087,APP00578,REQ0013,S1,2026-03-30,20260330,2026-03-31,1,Rejected
EVT001088,APP00579,REQ0013,S1,2026-05-11,20260511,2026-05-12,1,Rejected
EVT001089,APP00580,REQ0013,S1,2026-05-16,20260516,2026-05-18,2,Rejected
EVT001090,APP00581,REQ0013,S1,2026-03-12,20260312,2026-03-13,1,Rejected
EVT001091,APP00582,REQ0013,S1,2026-06-13,20260613,2026-06-16,3,Rejected
EVT001092,APP00583,REQ0013,S1,2026-04-21,20260421,2026-04-22,1,Rejected
EVT001093,APP00584,REQ0013,S1,2026-05-23,20260523,2026-05-24,1,Advanced
EVT001094,APP00584,REQ0013,S2,2026-05-24,20260524,2026-05-27,3,Rejected
EVT001095,APP00585,REQ0013,S1,2026-04-05,20260405,2026-04-06,1,Rejected
EVT001096,APP00586,REQ0013,S1,2026-03-18,20260318,2026-03-20,2,Advanced
EVT001097,APP00586,REQ0013,S2,2026-03-20,20260320,2026-03-25,5,Rejected
EVT001098,APP00587,REQ0013,S1,2026-05-18,20260518,2026-05-21,3,Rejected
EVT001099,APP00588,REQ0013,S1,2026-03-20,20260320,2026-03-21,1,Rejected
EVT001100,APP00589,REQ0013,S1,2026-04-05,20260405,2026-04-07,2,Rejected
EVT001101,APP00590,REQ0013,S1,2026-04-23,20260423,2026-04-24,1,Advanced
EVT001102,APP00590,REQ0013,S2,2026-04-24,20260424,2026-04-26,2,Rejected
EVT001103,APP00591,REQ0013,S1,2026-03-25,20260325,2026-03-27,2,Advanced
EVT001104,APP00591,REQ0013,S2,2026-03-27,20260327,2026-04-01,5,Advanced
EVT001105,APP00591,REQ0013,S3,2026-04-01,20260401,2026-04-07,6,Advanced
EVT001106,APP00591,REQ0013,S4,2026-04-07,20260407,2026-04-13,6,Rejected
EVT001107,APP00592,REQ0013,S1,2026-06-15,20260615,2026-06-17,2,Rejected
EVT001108,APP00593,REQ0013,S1,2026-04-02,20260402,2026-04-05,3,Advanced
EVT001109,APP00593,REQ0013,S2,2026-04-05,20260405,2026-04-07,2,Advanced
EVT001110,APP00593,REQ0013,S3,2026-04-07,20260407,2026-04-12,5,Advanced
EVT001111,APP00593,REQ0013,S4,2026-04-12,20260412,2026-04-19,7,Advanced
EVT001112,APP00593,REQ0013,S5,2026-04-19,20260419,2026-04-30,11,Rejected
EVT001113,APP00594,REQ0013,S1,2026-06-02,20260602,2026-06-03,1,Rejected
EVT001114,APP00595,REQ0013,S1,2026-04-12,20260412,2026-04-15,3,Rejected
EVT001115,APP00596,REQ0013,S1,2026-06-07,20260607,2026-06-08,1,Rejected
EVT001116,APP00597,REQ0013,S1,2026-04-18,20260418,2026-04-19,1,Advanced
EVT001117,APP00597,REQ0013,S2,2026-04-19,20260419,2026-04-21,2,Advanced
EVT001118,APP00597,REQ0013,S3,2026-04-21,20260421,2026-04-23,2,Advanced
EVT001119,APP00597,REQ0013,S4,2026-04-23,20260423,2026-04-27,4,Rejected
EVT001120,APP00598,REQ0013,S1,2026-04-28,20260428,2026-05-01,3,Rejected
EVT001121,APP00599,REQ0014,S1,2024-08-06,20240806,2024-08-07,1,Advanced
EVT001122,APP00599,REQ0014,S2,2024-08-07,20240807,2024-08-12,5,Rejected
EVT001123,APP00600,REQ0014,S1,2024-07-22,20240722,2024-07-23,1,Advanced
EVT001124,APP00600,REQ0014,S2,2024-07-23,20240723,2024-07-24,1,Rejected
EVT001125,APP00601,REQ0014,S1,2024-08-10,20240810,2024-08-13,3,Rejected
EVT001126,APP00602,REQ0014,S1,2024-08-12,20240812,2024-08-14,2,Rejected
EVT001127,APP00603,REQ0014,S1,2024-08-12,20240812,2024-08-14,2,Advanced
EVT001128,APP00603,REQ0014,S2,2024-08-14,20240814,2024-08-17,3,Advanced
EVT001129,APP00603,REQ0014,S3,2024-08-17,20240817,2024-08-23,6,Rejected
EVT001130,APP00604,REQ0014,S1,2024-08-07,20240807,2024-08-08,1,Advanced
EVT001131,APP00604,REQ0014,S2,2024-08-08,20240808,2024-08-12,4,Advanced
EVT001132,APP00604,REQ0014,S3,2024-08-12,20240812,2024-08-16,4,Rejected
EVT001133,APP00605,REQ0014,S1,2024-07-20,20240720,2024-07-22,2,Rejected
EVT001134,APP00606,REQ0014,S1,2024-07-22,20240722,2024-07-25,3,Advanced
EVT001135,APP00606,REQ0014,S2,2024-07-25,20240725,2024-07-31,6,Advanced
EVT001136,APP00606,REQ0014,S3,2024-07-31,20240731,2024-08-06,6,Rejected
EVT001137,APP00607,REQ0014,S1,2024-08-04,20240804,2024-08-06,2,Rejected
EVT001138,APP00608,REQ0014,S1,2024-08-11,20240811,2024-08-12,1,Advanced
EVT001139,APP00608,REQ0014,S2,2024-08-12,20240812,2024-08-14,2,Advanced
EVT001140,APP00608,REQ0014,S3,2024-08-14,20240814,2024-08-18,4,Rejected
EVT001141,APP00609,REQ0014,S1,2024-07-23,20240723,2024-07-24,1,Advanced
EVT001142,APP00609,REQ0014,S2,2024-07-24,20240724,2024-07-27,3,Advanced
EVT001143,APP00609,REQ0014,S3,2024-07-27,20240727,2024-08-02,6,Advanced
EVT001144,APP00609,REQ0014,S4,2024-08-02,20240802,2024-08-06,4,Rejected
EVT001145,APP00610,REQ0014,S1,2024-08-02,20240802,2024-08-03,1,Rejected
EVT001146,APP00611,REQ0014,S1,2024-07-21,20240721,2024-07-22,1,Rejected
EVT001147,APP00612,REQ0014,S1,2024-08-08,20240808,2024-08-11,3,Advanced
EVT001148,APP00612,REQ0014,S2,2024-08-11,20240811,2024-08-15,4,Rejected
EVT001149,APP00613,REQ0014,S1,2024-07-30,20240730,2024-08-01,2,Rejected
EVT001150,APP00614,REQ0014,S1,2024-08-11,20240811,2024-08-14,3,Advanced
EVT001151,APP00614,REQ0014,S2,2024-08-14,20240814,2024-08-20,6,Advanced
EVT001152,APP00614,REQ0014,S3,2024-08-20,20240820,2024-08-26,6,Rejected
EVT001153,APP00615,REQ0014,S1,2024-07-20,20240720,2024-07-21,1,Rejected
EVT001154,APP00616,REQ0014,S1,2024-07-27,20240727,2024-07-28,1,Rejected
EVT001155,APP00617,REQ0014,S1,2024-08-01,20240801,2024-08-03,2,Rejected
EVT001156,APP00618,REQ0014,S1,2024-07-28,20240728,2024-07-31,3,Rejected
EVT001157,APP00619,REQ0014,S1,2024-08-12,20240812,2024-08-15,3,Advanced
EVT001158,APP00619,REQ0014,S2,2024-08-15,20240815,2024-08-17,2,Rejected
EVT001159,APP00620,REQ0014,S1,2024-08-03,20240803,2024-08-04,1,Advanced
EVT001160,APP00620,REQ0014,S2,2024-08-04,20240804,2024-08-08,4,Rejected
EVT001161,APP00621,REQ0014,S1,2024-07-31,20240731,2024-08-01,1,Advanced
EVT001162,APP00621,REQ0014,S2,2024-08-01,20240801,2024-08-06,5,Rejected
EVT001163,APP00622,REQ0014,S1,2024-07-26,20240726,2024-07-29,3,Advanced
EVT001164,APP00622,REQ0014,S2,2024-07-29,20240729,2024-08-03,5,Rejected
EVT001165,APP00623,REQ0014,S1,2024-07-28,20240728,2024-07-29,1,Rejected
EVT001166,APP00624,REQ0014,S1,2024-08-04,20240804,2024-08-06,2,Advanced
EVT001167,APP00624,REQ0014,S2,2024-08-06,20240806,2024-08-08,2,Advanced
EVT001168,APP00624,REQ0014,S3,2024-08-08,20240808,2024-08-16,8,Advanced
EVT001169,APP00624,REQ0014,S4,2024-08-16,20240816,2024-08-19,3,Rejected
EVT001170,APP00625,REQ0014,S1,2024-07-25,20240725,2024-07-26,1,Advanced
EVT001171,APP00625,REQ0014,S2,2024-07-26,20240726,2024-08-01,6,Advanced
EVT001172,APP00625,REQ0014,S3,2024-08-01,20240801,2024-08-07,6,Advanced
EVT001173,APP00625,REQ0014,S4,2024-08-07,20240807,2024-08-11,4,Advanced
EVT001174,APP00625,REQ0014,S5,2024-08-11,20240811,2024-08-16,5,Rejected
EVT001175,APP00626,REQ0014,S1,2024-08-03,20240803,2024-08-06,3,Rejected
EVT001176,APP00627,REQ0014,S1,2024-08-13,20240813,2024-08-16,3,Rejected
EVT001177,APP00628,REQ0014,S1,2024-07-25,20240725,2024-07-26,1,Rejected
EVT001178,APP00629,REQ0014,S1,2024-07-23,20240723,2024-07-26,3,Advanced
EVT001179,APP00629,REQ0014,S2,2024-07-26,20240726,2024-08-01,6,Advanced
EVT001180,APP00629,REQ0014,S3,2024-08-01,20240801,2024-08-10,9,Advanced
EVT001181,APP00629,REQ0014,S4,2024-08-10,20240810,2024-08-18,8,Advanced
EVT001182,APP00629,REQ0014,S5,2024-08-18,20240818,2024-08-28,10,Advanced
EVT001183,APP00629,REQ0014,S6,2024-08-28,20240828,2024-09-03,6,Rejected
EVT001184,APP00630,REQ0014,S1,2024-08-10,20240810,2024-08-12,2,Advanced
EVT001185,APP00630,REQ0014,S2,2024-08-12,20240812,2024-08-14,2,Rejected
EVT001186,APP00631,REQ0014,S1,2024-08-02,20240802,2024-08-03,1,Rejected
EVT001187,APP00632,REQ0014,S1,2024-07-24,20240724,2024-07-25,1,Rejected
EVT001188,APP00633,REQ0014,S1,2024-08-13,20240813,2024-08-14,1,Rejected
EVT001189,APP00634,REQ0014,S1,2024-08-02,20240802,2024-08-03,1,Advanced
EVT001190,APP00634,REQ0014,S2,2024-08-03,20240803,2024-08-09,6,Advanced
EVT001191,APP00634,REQ0014,S3,2024-08-09,20240809,2024-08-16,7,Rejected
EVT001192,APP00635,REQ0014,S1,2024-07-27,20240727,2024-07-28,1,Rejected
EVT001193,APP00636,REQ0014,S1,2024-07-20,20240720,2024-07-23,3,Advanced
EVT001194,APP00636,REQ0014,S2,2024-07-23,20240723,2024-07-29,6,Rejected
EVT001195,APP00637,REQ0014,S1,2024-08-09,20240809,2024-08-10,1,Advanced
EVT001196,APP00637,REQ0014,S2,2024-08-10,20240810,2024-08-16,6,Advanced
EVT001197,APP00637,REQ0014,S3,2024-08-16,20240816,2024-08-22,6,Rejected
EVT001198,APP00638,REQ0014,S1,2024-07-24,20240724,2024-07-25,1,Rejected
EVT001199,APP00639,REQ0014,S1,2024-08-09,20240809,2024-08-11,2,Rejected
EVT001200,APP00640,REQ0014,S1,2024-07-23,20240723,2024-07-24,1,Advanced
EVT001201,APP00640,REQ0014,S2,2024-07-24,20240724,2024-07-25,1,Rejected
EVT001202,APP00641,REQ0015,S1,2024-10-31,20241031,2024-11-01,1,Advanced
EVT001203,APP00641,REQ0015,S2,2024-11-01,20241101,2024-11-04,3,Rejected
EVT001204,APP00642,REQ0015,S1,2024-12-14,20241214,2024-12-17,3,Advanced
EVT001205,APP00642,REQ0015,S2,2024-12-17,20241217,2024-12-21,4,Advanced
EVT001206,APP00642,REQ0015,S3,2024-12-21,20241221,2025-01-02,12,Advanced
EVT001207,APP00642,REQ0015,S4,2025-01-02,20250102,2025-01-08,6,Advanced
EVT001208,APP00642,REQ0015,S5,2025-01-08,20250108,2025-01-15,7,Advanced
EVT001209,APP00642,REQ0015,S6,2025-01-15,20250115,2025-01-20,5,Advanced
EVT001210,APP00642,REQ0015,S7,2025-01-20,20250120,2025-01-24,4,Advanced
EVT001211,APP00642,REQ0015,S8,2025-01-24,20250124,2025-01-24,0,Hired
EVT001212,APP00643,REQ0015,S1,2024-12-04,20241204,2024-12-05,1,Rejected
EVT001213,APP00644,REQ0015,S1,2024-11-02,20241102,2024-11-04,2,Advanced
EVT001214,APP00644,REQ0015,S2,2024-11-04,20241104,2024-11-08,4,Rejected
EVT001215,APP00645,REQ0015,S1,2024-11-16,20241116,2024-11-17,1,Rejected
EVT001216,APP00646,REQ0015,S1,2024-12-16,20241216,2024-12-17,1,Advanced
EVT001217,APP00646,REQ0015,S2,2024-12-17,20241217,2024-12-21,4,Advanced
EVT001218,APP00646,REQ0015,S3,2024-12-21,20241221,2024-12-28,7,Advanced
EVT001219,APP00646,REQ0015,S4,2024-12-28,20241228,2024-12-31,3,Advanced
EVT001220,APP00646,REQ0015,S5,2024-12-31,20241231,2025-01-10,10,Advanced
EVT001221,APP00646,REQ0015,S6,2025-01-10,20250110,2025-01-14,4,Rejected
EVT001222,APP00647,REQ0015,S1,2024-11-28,20241128,2024-11-30,2,Rejected
EVT001223,APP00648,REQ0015,S1,2024-12-06,20241206,2024-12-09,3,Rejected
EVT001224,APP00649,REQ0015,S1,2024-11-13,20241113,2024-11-16,3,Rejected
EVT001225,APP00650,REQ0015,S1,2024-11-27,20241127,2024-11-28,1,Advanced
EVT001226,APP00650,REQ0015,S2,2024-11-28,20241128,2024-11-30,2,Advanced
EVT001227,APP00650,REQ0015,S3,2024-11-30,20241130,2024-12-06,6,Rejected
EVT001228,APP00651,REQ0015,S1,2024-10-14,20241014,2024-10-16,2,Rejected
EVT001229,APP00652,REQ0015,S1,2024-10-09,20241009,2024-10-10,1,Advanced
EVT001230,APP00652,REQ0015,S2,2024-10-10,20241010,2024-10-14,4,Rejected
EVT001231,APP00653,REQ0015,S1,2024-11-21,20241121,2024-11-24,3,Advanced
EVT001232,APP00653,REQ0015,S2,2024-11-24,20241124,2024-11-30,6,Advanced
EVT001233,APP00653,REQ0015,S3,2024-11-30,20241130,2024-12-10,10,Advanced
EVT001234,APP00653,REQ0015,S4,2024-12-10,20241210,2024-12-17,7,Advanced
EVT001235,APP00653,REQ0015,S5,2024-12-17,20241217,2024-12-21,4,Advanced
EVT001236,APP00653,REQ0015,S6,2024-12-21,20241221,2024-12-26,5,Advanced
EVT001237,APP00653,REQ0015,S7,2024-12-26,20241226,2025-01-06,11,Advanced
EVT001238,APP00653,REQ0015,S8,2025-01-06,20250106,2025-01-06,0,Hired
EVT001239,APP00654,REQ0015,S1,2024-12-08,20241208,2024-12-11,3,Rejected
EVT001240,APP00655,REQ0015,S1,2024-12-10,20241210,2024-12-12,2,Advanced
EVT001241,APP00655,REQ0015,S2,2024-12-12,20241212,2024-12-14,2,Advanced
EVT001242,APP00655,REQ0015,S3,2024-12-14,20241214,2024-12-17,3,Rejected
EVT001243,APP00656,REQ0015,S1,2024-12-12,20241212,2024-12-13,1,Rejected
EVT001244,APP00657,REQ0015,S1,2024-11-04,20241104,2024-11-06,2,Rejected
EVT001245,APP00658,REQ0015,S1,2024-11-04,20241104,2024-11-06,2,Advanced
EVT001246,APP00658,REQ0015,S2,2024-11-06,20241106,2024-11-10,4,Advanced
EVT001247,APP00658,REQ0015,S3,2024-11-10,20241110,2024-11-15,5,Rejected
EVT001248,APP00659,REQ0015,S1,2024-11-15,20241115,2024-11-18,3,Advanced
EVT001249,APP00659,REQ0015,S2,2024-11-18,20241118,2024-11-21,3,Advanced
EVT001250,APP00659,REQ0015,S3,2024-11-21,20241121,2024-12-05,14,Advanced
EVT001251,APP00659,REQ0015,S4,2024-12-05,20241205,2024-12-13,8,Advanced
EVT001252,APP00659,REQ0015,S5,2024-12-13,20241213,2024-12-18,5,Advanced
EVT001253,APP00659,REQ0015,S6,2024-12-18,20241218,2024-12-22,4,Rejected
EVT001254,APP00660,REQ0015,S1,2024-11-20,20241120,2024-11-21,1,Rejected
EVT001255,APP00661,REQ0015,S1,2024-11-19,20241119,2024-11-21,2,Advanced
EVT001256,APP00661,REQ0015,S2,2024-11-21,20241121,2024-11-25,4,Advanced
EVT001257,APP00661,REQ0015,S3,2024-11-25,20241125,2024-12-07,12,Advanced
EVT001258,APP00661,REQ0015,S4,2024-12-07,20241207,2024-12-15,8,Advanced
EVT001259,APP00661,REQ0015,S5,2024-12-15,20241215,2024-12-23,8,Advanced
EVT001260,APP00661,REQ0015,S6,2024-12-23,20241223,2024-12-29,6,Advanced
EVT001261,APP00661,REQ0015,S7,2024-12-29,20241229,2025-01-05,7,Rejected
EVT001262,APP00662,REQ0015,S1,2024-11-22,20241122,2024-11-23,1,Rejected
EVT001263,APP00663,REQ0015,S1,2024-12-12,20241212,2024-12-13,1,Rejected
EVT001264,APP00664,REQ0015,S1,2024-10-21,20241021,2024-10-22,1,Advanced
EVT001265,APP00664,REQ0015,S2,2024-10-22,20241022,2024-10-25,3,Advanced
EVT001266,APP00664,REQ0015,S3,2024-10-25,20241025,2024-11-02,8,Rejected
EVT001267,APP00665,REQ0015,S1,2024-12-12,20241212,2024-12-13,1,Rejected
EVT001268,APP00666,REQ0015,S1,2024-11-11,20241111,2024-11-12,1,Rejected
EVT001269,APP00667,REQ0015,S1,2024-11-07,20241107,2024-11-10,3,Advanced
EVT001270,APP00667,REQ0015,S2,2024-11-10,20241110,2024-11-13,3,Advanced
EVT001271,APP00667,REQ0015,S3,2024-11-13,20241113,2024-11-25,12,Advanced
EVT001272,APP00667,REQ0015,S4,2024-11-25,20241125,2024-12-03,8,Advanced
EVT001273,APP00667,REQ0015,S5,2024-12-03,20241203,2024-12-10,7,Rejected
EVT001274,APP00668,REQ0015,S1,2024-11-28,20241128,2024-11-29,1,Advanced
EVT001275,APP00668,REQ0015,S2,2024-11-29,20241129,2024-12-01,2,Advanced
EVT001276,APP00668,REQ0015,S3,2024-12-01,20241201,2024-12-10,9,Rejected
EVT001277,APP00669,REQ0015,S1,2024-11-14,20241114,2024-11-15,1,Advanced
EVT001278,APP00669,REQ0015,S2,2024-11-15,20241115,2024-11-17,2,Rejected
EVT001279,APP00670,REQ0015,S1,2024-12-03,20241203,2024-12-04,1,Rejected
EVT001280,APP00671,REQ0015,S1,2024-10-27,20241027,2024-10-29,2,Rejected
EVT001281,APP00672,REQ0015,S1,2024-10-04,20241004,2024-10-05,1,Advanced
EVT001282,APP00672,REQ0015,S2,2024-10-05,20241005,2024-10-11,6,Rejected
EVT001283,APP00673,REQ0015,S1,2024-10-12,20241012,2024-10-14,2,Rejected
EVT001284,APP00674,REQ0015,S1,2024-10-05,20241005,2024-10-07,2,Rejected
EVT001285,APP00675,REQ0015,S1,2024-10-24,20241024,2024-10-25,1,Advanced
EVT001286,APP00675,REQ0015,S2,2024-10-25,20241025,2024-10-26,1,Advanced
EVT001287,APP00675,REQ0015,S3,2024-10-26,20241026,2024-10-29,3,Rejected
EVT001288,APP00676,REQ0015,S1,2024-10-19,20241019,2024-10-22,3,Rejected
EVT001289,APP00677,REQ0015,S1,2024-12-09,20241209,2024-12-11,2,Advanced
EVT001290,APP00677,REQ0015,S2,2024-12-11,20241211,2024-12-16,5,Rejected
EVT001291,APP00678,REQ0015,S1,2024-11-18,20241118,2024-11-21,3,Rejected
EVT001292,APP00679,REQ0015,S1,2024-11-09,20241109,2024-11-10,1,Rejected
EVT001293,APP00680,REQ0015,S1,2024-11-04,20241104,2024-11-06,2,Rejected
EVT001294,APP00681,REQ0015,S1,2024-10-17,20241017,2024-10-18,1,Advanced
EVT001295,APP00681,REQ0015,S2,2024-10-18,20241018,2024-10-20,2,Advanced
EVT001296,APP00681,REQ0015,S3,2024-10-20,20241020,2024-10-25,5,Rejected
EVT001297,APP00682,REQ0015,S1,2024-12-14,20241214,2024-12-17,3,Advanced
EVT001298,APP00682,REQ0015,S2,2024-12-17,20241217,2024-12-23,6,Advanced
EVT001299,APP00682,REQ0015,S3,2024-12-23,20241223,2024-12-31,8,Advanced
EVT001300,APP00682,REQ0015,S4,2024-12-31,20241231,2025-01-05,5,Rejected
EVT001301,APP00683,REQ0015,S1,2024-12-04,20241204,2024-12-06,2,Rejected
EVT001302,APP00684,REQ0015,S1,2024-11-01,20241101,2024-11-02,1,Advanced
EVT001303,APP00684,REQ0015,S2,2024-11-02,20241102,2024-11-07,5,Rejected
EVT001304,APP00685,REQ0015,S1,2024-12-16,20241216,2024-12-18,2,Rejected
EVT001305,APP00686,REQ0015,S1,2024-10-09,20241009,2024-10-10,1,Advanced
EVT001306,APP00686,REQ0015,S2,2024-10-10,20241010,2024-10-11,1,Rejected
EVT001307,APP00687,REQ0015,S1,2024-11-19,20241119,2024-11-22,3,Rejected
EVT001308,APP00688,REQ0015,S1,2024-11-11,20241111,2024-11-13,2,Rejected
EVT001309,APP00689,REQ0015,S1,2024-10-23,20241023,2024-10-25,2,Advanced
EVT001310,APP00689,REQ0015,S2,2024-10-25,20241025,2024-10-26,1,Advanced
EVT001311,APP00689,REQ0015,S3,2024-10-26,20241026,2024-10-30,4,Rejected
EVT001312,APP00690,REQ0015,S1,2024-10-08,20241008,2024-10-09,1,Rejected
EVT001313,APP00691,REQ0015,S1,2024-10-19,20241019,2024-10-20,1,Rejected
EVT001314,APP00692,REQ0015,S1,2024-10-22,20241022,2024-10-23,1,Rejected
EVT001315,APP00693,REQ0015,S1,2024-12-15,20241215,2024-12-16,1,Rejected
EVT001316,APP00694,REQ0015,S1,2024-12-14,20241214,2024-12-15,1,Rejected
EVT001317,APP00695,REQ0015,S1,2024-12-01,20241201,2024-12-03,2,Rejected
EVT001318,APP00696,REQ0015,S1,2024-10-13,20241013,2024-10-16,3,Advanced
EVT001319,APP00696,REQ0015,S2,2024-10-16,20241016,2024-10-20,4,Rejected
EVT001320,APP00697,REQ0015,S1,2024-12-10,20241210,2024-12-11,1,Advanced
EVT001321,APP00697,REQ0015,S2,2024-12-11,20241211,2024-12-15,4,Advanced
EVT001322,APP00697,REQ0015,S3,2024-12-15,20241215,2024-12-18,3,Advanced
EVT001323,APP00697,REQ0015,S4,2024-12-18,20241218,2024-12-25,7,Advanced
EVT001324,APP00697,REQ0015,S5,2024-12-25,20241225,2025-01-05,11,Rejected
EVT001325,APP00698,REQ0015,S1,2024-10-06,20241006,2024-10-09,3,Rejected
EVT001326,APP00699,REQ0015,S1,2024-11-24,20241124,2024-11-26,2,Advanced
EVT001327,APP00699,REQ0015,S2,2024-11-26,20241126,2024-12-01,5,Advanced
EVT001328,APP00699,REQ0015,S3,2024-12-01,20241201,2024-12-13,12,Rejected
EVT001329,APP00700,REQ0015,S1,2024-12-10,20241210,2024-12-11,1,Rejected
EVT001330,APP00701,REQ0015,S1,2024-10-27,20241027,2024-10-29,2,Rejected
EVT001331,APP00702,REQ0015,S1,2024-11-14,20241114,2024-11-15,1,Advanced
EVT001332,APP00702,REQ0015,S2,2024-11-15,20241115,2024-11-17,2,Advanced
EVT001333,APP00702,REQ0015,S3,2024-11-17,20241117,2024-11-22,5,Rejected
EVT001334,APP00703,REQ0015,S1,2024-10-24,20241024,2024-10-27,3,Rejected
EVT001335,APP00704,REQ0015,S1,2024-10-31,20241031,2024-11-03,3,Advanced
EVT001336,APP00704,REQ0015,S2,2024-11-03,20241103,2024-11-05,2,Rejected
EVT001337,APP00705,REQ0015,S1,2024-10-06,20241006,2024-10-07,1,Rejected
EVT001338,APP00706,REQ0015,S1,2024-11-22,20241122,2024-11-24,2,Rejected
EVT001339,APP00707,REQ0015,S1,2024-12-06,20241206,2024-12-08,2,Rejected
EVT001340,APP00708,REQ0015,S1,2024-12-12,20241212,2024-12-15,3,Rejected
EVT001341,APP00709,REQ0016,S1,2025-01-26,20250126,2025-01-29,3,Rejected
EVT001342,APP00710,REQ0016,S1,2025-01-27,20250127,2025-01-28,1,Advanced
EVT001343,APP00710,REQ0016,S2,2025-01-28,20250128,2025-02-01,4,Rejected
EVT001344,APP00711,REQ0016,S1,2025-01-28,20250128,2025-01-29,1,Advanced
EVT001345,APP00711,REQ0016,S2,2025-01-29,20250129,2025-01-31,2,Advanced
EVT001346,APP00711,REQ0016,S3,2025-01-31,20250131,2025-02-09,9,Advanced
EVT001347,APP00711,REQ0016,S4,2025-02-09,20250209,2025-02-12,3,Rejected
EVT001348,APP00712,REQ0016,S1,2025-01-24,20250124,2025-01-26,2,Advanced
EVT001349,APP00712,REQ0016,S2,2025-01-26,20250126,2025-01-31,5,Advanced
EVT001350,APP00712,REQ0016,S3,2025-01-31,20250131,2025-02-11,11,Rejected
EVT001351,APP00713,REQ0016,S1,2025-01-24,20250124,2025-01-27,3,Rejected
EVT001352,APP00714,REQ0016,S1,2025-01-28,20250128,2025-01-29,1,Rejected
EVT001353,APP00715,REQ0016,S1,2025-01-20,20250120,2025-01-22,2,Advanced
EVT001354,APP00715,REQ0016,S2,2025-01-22,20250122,2025-01-26,4,Advanced
EVT001355,APP00715,REQ0016,S3,2025-01-26,20250126,2025-02-08,13,Rejected
EVT001356,APP00716,REQ0016,S1,2025-01-22,20250122,2025-01-23,1,Advanced
EVT001357,APP00716,REQ0016,S2,2025-01-23,20250123,2025-01-27,4,Rejected
EVT001358,APP00717,REQ0016,S1,2025-01-22,20250122,2025-01-24,2,Advanced
EVT001359,APP00717,REQ0016,S2,2025-01-24,20250124,2025-01-29,5,Rejected
EVT001360,APP00718,REQ0016,S1,2025-01-23,20250123,2025-01-26,3,Advanced
EVT001361,APP00718,REQ0016,S2,2025-01-26,20250126,2025-01-31,5,Rejected
EVT001362,APP00719,REQ0016,S1,2025-01-20,20250120,2025-01-22,2,Rejected
EVT001363,APP00720,REQ0016,S1,2025-01-24,20250124,2025-01-26,2,Advanced
EVT001364,APP00720,REQ0016,S2,2025-01-26,20250126,2025-01-31,5,Advanced
EVT001365,APP00720,REQ0016,S3,2025-01-31,20250131,2025-02-12,12,Advanced
EVT001366,APP00720,REQ0016,S4,2025-02-12,20250212,2025-02-18,6,Advanced
EVT001367,APP00720,REQ0016,S5,2025-02-18,20250218,2025-02-28,10,Advanced
EVT001368,APP00720,REQ0016,S6,2025-02-28,20250228,2025-03-08,8,Rejected
EVT001369,APP00721,REQ0016,S1,2025-01-21,20250121,2025-01-23,2,Advanced
EVT001370,APP00721,REQ0016,S2,2025-01-23,20250123,2025-01-25,2,Advanced
EVT001371,APP00721,REQ0016,S3,2025-01-25,20250125,2025-01-31,6,Advanced
EVT001372,APP00721,REQ0016,S4,2025-01-31,20250131,2025-02-08,8,Advanced
EVT001373,APP00721,REQ0016,S5,2025-02-08,20250208,2025-02-13,5,Advanced
EVT001374,APP00721,REQ0016,S6,2025-02-13,20250213,2025-02-18,5,Advanced
EVT001375,APP00721,REQ0016,S7,2025-02-18,20250218,2025-02-23,5,Advanced
EVT001376,APP00721,REQ0016,S8,2025-02-23,20250223,2025-02-23,0,Hired
EVT001377,APP00722,REQ0016,S1,2025-01-21,20250121,2025-01-22,1,Advanced
EVT001378,APP00722,REQ0016,S2,2025-01-22,20250122,2025-01-26,4,Rejected
EVT001379,APP00723,REQ0016,S1,2025-01-19,20250119,2025-01-20,1,Advanced
EVT001380,APP00723,REQ0016,S2,2025-01-20,20250120,2025-01-26,6,Rejected
EVT001381,APP00724,REQ0016,S1,2025-01-28,20250128,2025-01-30,2,Rejected
EVT001382,APP00725,REQ0016,S1,2025-01-21,20250121,2025-01-22,1,Rejected
EVT001383,APP00726,REQ0016,S1,2025-01-23,20250123,2025-01-26,3,Advanced
EVT001384,APP00726,REQ0016,S2,2025-01-26,20250126,2025-02-01,6,Advanced
EVT001385,APP00726,REQ0016,S3,2025-02-01,20250201,2025-02-09,8,Advanced
EVT001386,APP00726,REQ0016,S4,2025-02-09,20250209,2025-02-16,7,Advanced
EVT001387,APP00726,REQ0016,S5,2025-02-16,20250216,2025-02-20,4,Rejected
EVT001388,APP00727,REQ0017,S1,2024-09-28,20240928,2024-09-30,2,Advanced
EVT001389,APP00727,REQ0017,S2,2024-09-30,20240930,2024-10-05,5,Advanced
EVT001390,APP00727,REQ0017,S3,2024-10-05,20241005,2024-10-10,5,Advanced
EVT001391,APP00727,REQ0017,S4,2024-10-10,20241010,2024-10-15,5,Advanced
EVT001392,APP00727,REQ0017,S5,2024-10-15,20241015,2024-10-22,7,Advanced
EVT001393,APP00727,REQ0017,S6,2024-10-22,20241022,2024-10-27,5,Advanced
EVT001394,APP00727,REQ0017,S7,2024-10-27,20241027,2024-11-05,9,Rejected
EVT001395,APP00728,REQ0017,S1,2024-10-13,20241013,2024-10-15,2,Advanced
EVT001396,APP00728,REQ0017,S2,2024-10-15,20241015,2024-10-16,1,Advanced
EVT001397,APP00728,REQ0017,S3,2024-10-16,20241016,2024-10-25,9,Advanced
EVT001398,APP00728,REQ0017,S4,2024-10-25,20241025,2024-10-28,3,Rejected
EVT001399,APP00729,REQ0017,S1,2024-10-21,20241021,2024-10-22,1,Advanced
EVT001400,APP00729,REQ0017,S2,2024-10-22,20241022,2024-10-27,5,Advanced
EVT001401,APP00729,REQ0017,S3,2024-10-27,20241027,2024-11-01,5,Advanced
EVT001402,APP00729,REQ0017,S4,2024-11-01,20241101,2024-11-08,7,Advanced
EVT001403,APP00729,REQ0017,S5,2024-11-08,20241108,2024-11-16,8,Rejected
EVT001404,APP00730,REQ0017,S1,2024-09-08,20240908,2024-09-09,1,Advanced
EVT001405,APP00730,REQ0017,S2,2024-09-09,20240909,2024-09-12,3,Rejected
EVT001406,APP00731,REQ0017,S1,2024-10-26,20241026,2024-10-29,3,Rejected
EVT001407,APP00732,REQ0017,S1,2024-10-23,20241023,2024-10-24,1,Rejected
EVT001408,APP00733,REQ0017,S1,2024-10-30,20241030,2024-11-01,2,Rejected
EVT001409,APP00734,REQ0017,S1,2024-09-29,20240929,2024-09-30,1,Advanced
EVT001410,APP00734,REQ0017,S2,2024-09-30,20240930,2024-10-05,5,Advanced
EVT001411,APP00734,REQ0017,S3,2024-10-05,20241005,2024-10-18,13,Rejected
EVT001412,APP00735,REQ0017,S1,2024-10-13,20241013,2024-10-14,1,Advanced
EVT001413,APP00735,REQ0017,S2,2024-10-14,20241014,2024-10-19,5,Advanced
EVT001414,APP00735,REQ0017,S3,2024-10-19,20241019,2024-10-28,9,Advanced
EVT001415,APP00735,REQ0017,S4,2024-10-28,20241028,2024-11-04,7,Advanced
EVT001416,APP00735,REQ0017,S5,2024-11-04,20241104,2024-11-13,9,Advanced
EVT001417,APP00735,REQ0017,S6,2024-11-13,20241113,2024-11-20,7,Advanced
EVT001418,APP00735,REQ0017,S7,2024-11-20,20241120,2024-11-26,6,Rejected
EVT001419,APP00736,REQ0017,S1,2024-09-30,20240930,2024-10-02,2,Rejected
EVT001420,APP00737,REQ0017,S1,2024-10-16,20241016,2024-10-17,1,Advanced
EVT001421,APP00737,REQ0017,S2,2024-10-17,20241017,2024-10-22,5,Rejected
EVT001422,APP00738,REQ0017,S1,2024-10-31,20241031,2024-11-01,1,Rejected
EVT001423,APP00739,REQ0017,S1,2024-09-22,20240922,2024-09-24,2,Advanced
EVT001424,APP00739,REQ0017,S2,2024-09-24,20240924,2024-09-25,1,Advanced
EVT001425,APP00739,REQ0017,S3,2024-09-25,20240925,2024-09-29,4,Rejected
EVT001426,APP00740,REQ0017,S1,2024-09-27,20240927,2024-09-28,1,Advanced
EVT001427,APP00740,REQ0017,S2,2024-09-28,20240928,2024-10-03,5,Advanced
EVT001428,APP00740,REQ0017,S3,2024-10-03,20241003,2024-10-07,4,Rejected
EVT001429,APP00741,REQ0017,S1,2024-09-23,20240923,2024-09-25,2,Rejected
EVT001430,APP00742,REQ0017,S1,2024-10-14,20241014,2024-10-15,1,Rejected
EVT001431,APP00743,REQ0017,S1,2024-09-05,20240905,2024-09-06,1,Rejected
EVT001432,APP00744,REQ0017,S1,2024-10-13,20241013,2024-10-15,2,Rejected
EVT001433,APP00745,REQ0017,S1,2024-10-14,20241014,2024-10-15,1,Rejected
EVT001434,APP00746,REQ0017,S1,2024-09-13,20240913,2024-09-14,1,Rejected
EVT001435,APP00747,REQ0017,S1,2024-11-01,20241101,2024-11-02,1,Advanced
EVT001436,APP00747,REQ0017,S2,2024-11-02,20241102,2024-11-07,5,Rejected
EVT001437,APP00748,REQ0017,S1,2024-09-09,20240909,2024-09-10,1,Rejected
EVT001438,APP00749,REQ0017,S1,2024-10-20,20241020,2024-10-21,1,Rejected
EVT001439,APP00750,REQ0017,S1,2024-09-18,20240918,2024-09-21,3,Advanced
EVT001440,APP00750,REQ0017,S2,2024-09-21,20240921,2024-09-24,3,Rejected
EVT001441,APP00751,REQ0017,S1,2024-10-12,20241012,2024-10-15,3,Advanced
EVT001442,APP00751,REQ0017,S2,2024-10-15,20241015,2024-10-17,2,Advanced
EVT001443,APP00751,REQ0017,S3,2024-10-17,20241017,2024-10-25,8,Rejected
EVT001444,APP00752,REQ0017,S1,2024-10-03,20241003,2024-10-04,1,Rejected
EVT001445,APP00753,REQ0017,S1,2024-10-04,20241004,2024-10-05,1,Advanced
EVT001446,APP00753,REQ0017,S2,2024-10-05,20241005,2024-10-07,2,Advanced
EVT001447,APP00753,REQ0017,S3,2024-10-07,20241007,2024-10-14,7,Advanced
EVT001448,APP00753,REQ0017,S4,2024-10-14,20241014,2024-10-22,8,Advanced
EVT001449,APP00753,REQ0017,S5,2024-10-22,20241022,2024-11-02,11,Advanced
EVT001450,APP00753,REQ0017,S6,2024-11-02,20241102,2024-11-05,3,Advanced
EVT001451,APP00753,REQ0017,S7,2024-11-05,20241105,2024-11-12,7,Advanced
EVT001452,APP00753,REQ0017,S8,2024-11-12,20241112,2024-11-12,0,Hired
EVT001453,APP00754,REQ0017,S1,2024-10-04,20241004,2024-10-07,3,Rejected
EVT001454,APP00755,REQ0017,S1,2024-09-05,20240905,2024-09-06,1,Advanced
EVT001455,APP00755,REQ0017,S2,2024-09-06,20240906,2024-09-10,4,Rejected
EVT001456,APP00756,REQ0017,S1,2024-11-01,20241101,2024-11-02,1,Advanced
EVT001457,APP00756,REQ0017,S2,2024-11-02,20241102,2024-11-05,3,Advanced
EVT001458,APP00756,REQ0017,S3,2024-11-05,20241105,2024-11-09,4,Advanced
EVT001459,APP00756,REQ0017,S4,2024-11-09,20241109,2024-11-13,4,Rejected
EVT001460,APP00757,REQ0017,S1,2024-09-13,20240913,2024-09-16,3,Rejected
EVT001461,APP00758,REQ0017,S1,2024-10-28,20241028,2024-10-30,2,Advanced
EVT001462,APP00758,REQ0017,S2,2024-10-30,20241030,2024-11-03,4,Advanced
EVT001463,APP00758,REQ0017,S3,2024-11-03,20241103,2024-11-07,4,Advanced
EVT001464,APP00758,REQ0017,S4,2024-11-07,20241107,2024-11-13,6,Advanced
EVT001465,APP00758,REQ0017,S5,2024-11-13,20241113,2024-11-17,4,Advanced
EVT001466,APP00758,REQ0017,S6,2024-11-17,20241117,2024-11-26,9,Advanced
EVT001467,APP00758,REQ0017,S7,2024-11-26,20241126,2024-12-08,12,Rejected
EVT001468,APP00759,REQ0017,S1,2024-10-03,20241003,2024-10-06,3,Rejected
EVT001469,APP00760,REQ0017,S1,2024-09-30,20240930,2024-10-02,2,Rejected
EVT001470,APP00761,REQ0017,S1,2024-10-18,20241018,2024-10-19,1,Rejected
EVT001471,APP00762,REQ0017,S1,2024-09-24,20240924,2024-09-25,1,Advanced
EVT001472,APP00762,REQ0017,S2,2024-09-25,20240925,2024-09-27,2,Advanced
EVT001473,APP00762,REQ0017,S3,2024-09-27,20240927,2024-10-07,10,Rejected
EVT001474,APP00763,REQ0017,S1,2024-10-20,20241020,2024-10-22,2,Advanced
EVT001475,APP00763,REQ0017,S2,2024-10-22,20241022,2024-10-23,1,Advanced
EVT001476,APP00763,REQ0017,S3,2024-10-23,20241023,2024-10-30,7,Rejected
EVT001477,APP00764,REQ0017,S1,2024-10-05,20241005,2024-10-07,2,Advanced
EVT001478,APP00764,REQ0017,S2,2024-10-07,20241007,2024-10-11,4,Rejected
EVT001479,APP00765,REQ0017,S1,2024-10-19,20241019,2024-10-22,3,Rejected
EVT001480,APP00766,REQ0017,S1,2024-09-25,20240925,2024-09-27,2,Advanced
EVT001481,APP00766,REQ0017,S2,2024-09-27,20240927,2024-09-30,3,Rejected
EVT001482,APP00767,REQ0017,S1,2024-10-17,20241017,2024-10-18,1,Rejected
EVT001483,APP00768,REQ0017,S1,2024-09-07,20240907,2024-09-08,1,Rejected
EVT001484,APP00769,REQ0017,S1,2024-09-14,20240914,2024-09-15,1,Rejected
EVT001485,APP00770,REQ0017,S1,2024-09-20,20240920,2024-09-22,2,Advanced
EVT001486,APP00770,REQ0017,S2,2024-09-22,20240922,2024-09-23,1,Advanced
EVT001487,APP00770,REQ0017,S3,2024-09-23,20240923,2024-09-30,7,Rejected
EVT001488,APP00771,REQ0017,S1,2024-10-15,20241015,2024-10-17,2,Rejected
EVT001489,APP00772,REQ0017,S1,2024-09-13,20240913,2024-09-15,2,Advanced
EVT001490,APP00772,REQ0017,S2,2024-09-15,20240915,2024-09-17,2,Advanced
EVT001491,APP00772,REQ0017,S3,2024-09-17,20240917,2024-09-24,7,Rejected
EVT001492,APP00773,REQ0017,S1,2024-09-06,20240906,2024-09-07,1,Rejected
EVT001493,APP00774,REQ0017,S1,2024-09-19,20240919,2024-09-20,1,Advanced
EVT001494,APP00774,REQ0017,S2,2024-09-20,20240920,2024-09-21,1,Advanced
EVT001495,APP00774,REQ0017,S3,2024-09-21,20240921,2024-09-28,7,Advanced
EVT001496,APP00774,REQ0017,S4,2024-09-28,20240928,2024-10-03,5,Advanced
EVT001497,APP00774,REQ0017,S5,2024-10-03,20241003,2024-10-08,5,Advanced
EVT001498,APP00774,REQ0017,S6,2024-10-08,20241008,2024-10-13,5,Rejected
EVT001499,APP00775,REQ0017,S1,2024-09-19,20240919,2024-09-21,2,Rejected
EVT001500,APP00776,REQ0017,S1,2024-09-16,20240916,2024-09-17,1,Rejected
EVT001501,APP00777,REQ0017,S1,2024-10-03,20241003,2024-10-05,2,Rejected
EVT001502,APP00778,REQ0017,S1,2024-09-07,20240907,2024-09-08,1,Advanced
EVT001503,APP00778,REQ0017,S2,2024-09-08,20240908,2024-09-10,2,Rejected
EVT001504,APP00779,REQ0017,S1,2024-10-09,20241009,2024-10-10,1,Rejected
EVT001505,APP00780,REQ0017,S1,2024-10-25,20241025,2024-10-27,2,Rejected
EVT001506,APP00781,REQ0017,S1,2024-09-04,20240904,2024-09-06,2,Rejected
EVT001507,APP00782,REQ0017,S1,2024-09-29,20240929,2024-10-02,3,Rejected
EVT001508,APP00783,REQ0017,S1,2024-09-14,20240914,2024-09-16,2,Advanced
EVT001509,APP00783,REQ0017,S2,2024-09-16,20240916,2024-09-20,4,Advanced
EVT001510,APP00783,REQ0017,S3,2024-09-20,20240920,2024-09-25,5,Rejected
EVT001511,APP00784,REQ0017,S1,2024-09-25,20240925,2024-09-26,1,Advanced
EVT001512,APP00784,REQ0017,S2,2024-09-26,20240926,2024-09-28,2,Rejected
EVT001513,APP00785,REQ0017,S1,2024-09-05,20240905,2024-09-06,1,Rejected
EVT001514,APP00786,REQ0018,S1,2025-06-09,20250609,2025-06-11,2,Rejected
EVT001515,APP00787,REQ0018,S1,2025-05-30,20250530,2025-06-01,2,Rejected
EVT001516,APP00788,REQ0018,S1,2025-05-28,20250528,2025-05-29,1,Rejected
EVT001517,APP00789,REQ0018,S1,2025-06-10,20250610,2025-06-11,1,Rejected
EVT001518,APP00790,REQ0018,S1,2025-05-28,20250528,2025-05-29,1,Rejected
EVT001519,APP00791,REQ0018,S1,2025-06-01,20250601,2025-06-02,1,Rejected
EVT001520,APP00792,REQ0018,S1,2025-06-03,20250603,2025-06-04,1,Rejected
EVT001521,APP00793,REQ0018,S1,2025-06-07,20250607,2025-06-08,1,Rejected
EVT001522,APP00794,REQ0018,S1,2025-06-05,20250605,2025-06-08,3,Rejected
EVT001523,APP00795,REQ0018,S1,2025-05-31,20250531,2025-06-02,2,Rejected
EVT001524,APP00796,REQ0018,S1,2025-05-27,20250527,2025-05-28,1,Advanced
EVT001525,APP00796,REQ0018,S2,2025-05-28,20250528,2025-06-03,6,Advanced
EVT001526,APP00796,REQ0018,S3,2025-06-03,20250603,2025-06-13,10,Rejected
EVT001527,APP00797,REQ0018,S1,2025-06-01,20250601,2025-06-03,2,Rejected
EVT001528,APP00798,REQ0018,S1,2025-06-05,20250605,2025-06-06,1,Advanced
EVT001529,APP00798,REQ0018,S2,2025-06-06,20250606,2025-06-07,1,Rejected
EVT001530,APP00799,REQ0018,S1,2025-06-04,20250604,2025-06-07,3,Advanced
EVT001531,APP00799,REQ0018,S2,2025-06-07,20250607,2025-06-13,6,Rejected
EVT001532,APP00800,REQ0018,S1,2025-06-10,20250610,2025-06-12,2,Rejected
EVT001533,APP00801,REQ0018,S1,2025-05-29,20250529,2025-05-30,1,Advanced
EVT001534,APP00801,REQ0018,S2,2025-05-30,20250530,2025-05-31,1,Rejected
EVT001535,APP00802,REQ0018,S1,2025-06-08,20250608,2025-06-09,1,Advanced
EVT001536,APP00802,REQ0018,S2,2025-06-09,20250609,2025-06-11,2,Rejected
EVT001537,APP00803,REQ0018,S1,2025-05-28,20250528,2025-05-29,1,Advanced
EVT001538,APP00803,REQ0018,S2,2025-05-29,20250529,2025-05-31,2,Advanced
EVT001539,APP00803,REQ0018,S3,2025-05-31,20250531,2025-06-08,8,Advanced
EVT001540,APP00803,REQ0018,S4,2025-06-08,20250608,2025-06-13,5,Advanced
EVT001541,APP00803,REQ0018,S5,2025-06-13,20250613,2025-06-22,9,Advanced
EVT001542,APP00803,REQ0018,S6,2025-06-22,20250622,2025-06-26,4,Advanced
EVT001543,APP00803,REQ0018,S7,2025-06-26,20250626,2025-07-05,9,Advanced
EVT001544,APP00803,REQ0018,S8,2025-07-05,20250705,2025-07-05,0,Hired
EVT001545,APP00804,REQ0018,S1,2025-06-03,20250603,2025-06-06,3,Rejected
EVT001546,APP00805,REQ0018,S1,2025-05-27,20250527,2025-05-28,1,Advanced
EVT001547,APP00805,REQ0018,S2,2025-05-28,20250528,2025-06-03,6,Advanced
EVT001548,APP00805,REQ0018,S3,2025-06-03,20250603,2025-06-12,9,Rejected
EVT001549,APP00806,REQ0018,S1,2025-06-08,20250608,2025-06-11,3,Rejected
EVT001550,APP00807,REQ0018,S1,2025-06-10,20250610,2025-06-13,3,Advanced
EVT001551,APP00807,REQ0018,S2,2025-06-13,20250613,2025-06-15,2,Advanced
EVT001552,APP00807,REQ0018,S3,2025-06-15,20250615,2025-06-26,11,Rejected
EVT001553,APP00808,REQ0018,S1,2025-05-27,20250527,2025-05-28,1,Rejected
EVT001554,APP00809,REQ0018,S1,2025-06-08,20250608,2025-06-09,1,Rejected
EVT001555,APP00810,REQ0018,S1,2025-05-30,20250530,2025-06-01,2,Advanced
EVT001556,APP00810,REQ0018,S2,2025-06-01,20250601,2025-06-04,3,Rejected
EVT001557,APP00811,REQ0018,S1,2025-05-31,20250531,2025-06-02,2,Rejected
EVT001558,APP00812,REQ0018,S1,2025-06-05,20250605,2025-06-06,1,Rejected
EVT001559,APP00813,REQ0018,S1,2025-05-28,20250528,2025-05-29,1,Rejected
EVT001560,APP00814,REQ0018,S1,2025-06-11,20250611,2025-06-13,2,Rejected
EVT001561,APP00815,REQ0018,S1,2025-05-30,20250530,2025-06-02,3,Rejected
EVT001562,APP00816,REQ0018,S1,2025-06-07,20250607,2025-06-10,3,Rejected
EVT001563,APP00817,REQ0018,S1,2025-06-10,20250610,2025-06-11,1,Advanced
EVT001564,APP00817,REQ0018,S2,2025-06-11,20250611,2025-06-13,2,Advanced
EVT001565,APP00817,REQ0018,S3,2025-06-13,20250613,2025-06-21,8,Rejected
EVT001566,APP00818,REQ0018,S1,2025-05-29,20250529,2025-05-31,2,Rejected
EVT001567,APP00819,REQ0018,S1,2025-06-04,20250604,2025-06-07,3,Rejected
EVT001568,APP00820,REQ0018,S1,2025-06-04,20250604,2025-06-05,1,Rejected
EVT001569,APP00821,REQ0018,S1,2025-06-07,20250607,2025-06-10,3,Rejected
EVT001570,APP00822,REQ0018,S1,2025-05-31,20250531,2025-06-01,1,Rejected
EVT001571,APP00823,REQ0019,S1,2024-11-04,20241104,2024-11-05,1,Advanced
EVT001572,APP00823,REQ0019,S2,2024-11-05,20241105,2024-11-07,2,Advanced
EVT001573,APP00823,REQ0019,S3,2024-11-07,20241107,2024-11-10,3,Rejected
EVT001574,APP00824,REQ0019,S1,2024-11-22,20241122,2024-11-24,2,Rejected
EVT001575,APP00825,REQ0019,S1,2024-10-19,20241019,2024-10-20,1,Rejected
EVT001576,APP00826,REQ0019,S1,2024-11-09,20241109,2024-11-12,3,Rejected
EVT001577,APP00827,REQ0019,S1,2024-10-24,20241024,2024-10-25,1,Advanced
EVT001578,APP00827,REQ0019,S2,2024-10-25,20241025,2024-10-29,4,Rejected
EVT001579,APP00828,REQ0019,S1,2024-10-22,20241022,2024-10-25,3,Rejected
EVT001580,APP00829,REQ0019,S1,2024-11-01,20241101,2024-11-03,2,Advanced
EVT001581,APP00829,REQ0019,S2,2024-11-03,20241103,2024-11-07,4,Rejected
EVT001582,APP00830,REQ0019,S1,2024-11-12,20241112,2024-11-14,2,Rejected
EVT001583,APP00831,REQ0019,S1,2024-11-10,20241110,2024-11-11,1,Rejected
EVT001584,APP00832,REQ0019,S1,2024-10-30,20241030,2024-10-31,1,Rejected
EVT001585,APP00833,REQ0019,S1,2024-11-24,20241124,2024-11-26,2,Rejected
EVT001586,APP00834,REQ0019,S1,2024-10-20,20241020,2024-10-22,2,Advanced
EVT001587,APP00834,REQ0019,S2,2024-10-22,20241022,2024-10-28,6,Rejected
EVT001588,APP00835,REQ0019,S1,2024-11-17,20241117,2024-11-19,2,Advanced
EVT001589,APP00835,REQ0019,S2,2024-11-19,20241119,2024-11-21,2,Advanced
EVT001590,APP00835,REQ0019,S3,2024-11-21,20241121,2024-12-04,13,Rejected
EVT001591,APP00836,REQ0019,S1,2024-11-12,20241112,2024-11-14,2,Rejected
EVT001592,APP00837,REQ0019,S1,2024-10-28,20241028,2024-10-30,2,Rejected
EVT001593,APP00838,REQ0019,S1,2024-11-22,20241122,2024-11-23,1,Rejected
EVT001594,APP00839,REQ0019,S1,2024-10-26,20241026,2024-10-28,2,Advanced
EVT001595,APP00839,REQ0019,S2,2024-10-28,20241028,2024-11-01,4,Rejected
EVT001596,APP00840,REQ0019,S1,2024-11-20,20241120,2024-11-21,1,Advanced
EVT001597,APP00840,REQ0019,S2,2024-11-21,20241121,2024-11-23,2,Advanced
EVT001598,APP00840,REQ0019,S3,2024-11-23,20241123,2024-11-29,6,Rejected
EVT001599,APP00841,REQ0019,S1,2024-10-28,20241028,2024-10-29,1,Advanced
EVT001600,APP00841,REQ0019,S2,2024-10-29,20241029,2024-10-31,2,Rejected
EVT001601,APP00842,REQ0019,S1,2024-10-24,20241024,2024-10-25,1,Rejected
EVT001602,APP00843,REQ0019,S1,2024-11-02,20241102,2024-11-04,2,Rejected
EVT001603,APP00844,REQ0019,S1,2024-11-11,20241111,2024-11-12,1,Advanced
EVT001604,APP00844,REQ0019,S2,2024-11-12,20241112,2024-11-14,2,Advanced
EVT001605,APP00844,REQ0019,S3,2024-11-14,20241114,2024-11-23,9,Advanced
EVT001606,APP00844,REQ0019,S4,2024-11-23,20241123,2024-11-29,6,Advanced
EVT001607,APP00844,REQ0019,S5,2024-11-29,20241129,2024-12-09,10,Rejected
EVT001608,APP00845,REQ0019,S1,2024-11-12,20241112,2024-11-13,1,Advanced
EVT001609,APP00845,REQ0019,S2,2024-11-13,20241113,2024-11-16,3,Rejected
EVT001610,APP00846,REQ0019,S1,2024-11-17,20241117,2024-11-20,3,Rejected
EVT001611,APP00847,REQ0019,S1,2024-11-01,20241101,2024-11-03,2,Advanced
EVT001612,APP00847,REQ0019,S2,2024-11-03,20241103,2024-11-06,3,Rejected
EVT001613,APP00848,REQ0019,S1,2024-11-19,20241119,2024-11-20,1,Advanced
EVT001614,APP00848,REQ0019,S2,2024-11-20,20241120,2024-11-24,4,Advanced
EVT001615,APP00848,REQ0019,S3,2024-11-24,20241124,2024-11-30,6,Advanced
EVT001616,APP00848,REQ0019,S4,2024-11-30,20241130,2024-12-06,6,Advanced
EVT001617,APP00848,REQ0019,S5,2024-12-06,20241206,2024-12-13,7,Advanced
EVT001618,APP00848,REQ0019,S6,2024-12-13,20241213,2024-12-20,7,Advanced
EVT001619,APP00848,REQ0019,S7,2024-12-20,20241220,2024-12-25,5,Advanced
EVT001620,APP00848,REQ0019,S8,2024-12-25,20241225,2024-12-25,0,Hired
EVT001621,APP00849,REQ0019,S1,2024-10-24,20241024,2024-10-25,1,Rejected
EVT001622,APP00850,REQ0019,S1,2024-10-28,20241028,2024-10-31,3,Rejected
EVT001623,APP00851,REQ0019,S1,2024-11-26,20241126,2024-11-28,2,Rejected
EVT001624,APP00852,REQ0020,S1,2026-06-23,20260623,2026-06-24,1,Rejected
EVT001625,APP00853,REQ0020,S1,2026-06-04,20260604,2026-06-05,1,Advanced
EVT001626,APP00853,REQ0020,S2,2026-06-05,20260605,2026-06-10,5,Advanced
EVT001627,APP00853,REQ0020,S3,2026-06-10,20260610,2026-06-22,12,Rejected
EVT001628,APP00854,REQ0020,S1,2026-05-11,20260511,2026-05-12,1,Advanced
EVT001629,APP00854,REQ0020,S2,2026-05-12,20260512,2026-05-18,6,Rejected
EVT001630,APP00855,REQ0020,S1,2026-06-24,20260624,2026-06-25,1,Rejected
EVT001631,APP00856,REQ0020,S1,2026-04-29,20260429,2026-04-30,1,Advanced
EVT001632,APP00856,REQ0020,S2,2026-04-30,20260430,2026-05-06,6,Advanced
EVT001633,APP00856,REQ0020,S3,2026-05-06,20260506,2026-05-12,6,Rejected
EVT001634,APP00857,REQ0020,S1,2026-04-29,20260429,2026-04-30,1,Advanced
EVT001635,APP00857,REQ0020,S2,2026-04-30,20260430,2026-05-03,3,Rejected
EVT001636,APP00858,REQ0020,S1,2026-06-01,20260601,2026-06-04,3,Rejected
EVT001637,APP00859,REQ0020,S1,2026-06-08,20260608,2026-06-11,3,Rejected
EVT001638,APP00860,REQ0020,S1,2026-06-12,20260612,2026-06-13,1,Rejected
EVT001639,APP00861,REQ0020,S1,2026-06-18,20260618,2026-06-21,3,Advanced
EVT001640,APP00861,REQ0020,S2,2026-06-21,20260621,2026-06-25,4,Advanced
EVT001641,APP00861,REQ0020,S3,2026-06-25,20260625,,5,In Process
EVT001642,APP00862,REQ0020,S1,2026-05-22,20260522,2026-05-23,1,Rejected
EVT001643,APP00863,REQ0020,S1,2026-05-29,20260529,2026-05-30,1,Rejected
EVT001644,APP00864,REQ0020,S1,2026-06-22,20260622,2026-06-23,1,Rejected
EVT001645,APP00865,REQ0020,S1,2026-05-02,20260502,2026-05-05,3,Rejected
EVT001646,APP00866,REQ0020,S1,2026-05-09,20260509,2026-05-10,1,Rejected
EVT001647,APP00867,REQ0020,S1,2026-06-13,20260613,2026-06-14,1,Rejected
EVT001648,APP00868,REQ0020,S1,2026-06-09,20260609,2026-06-11,2,Rejected
EVT001649,APP00869,REQ0020,S1,2026-06-23,20260623,2026-06-24,1,Rejected
EVT001650,APP00870,REQ0020,S1,2026-05-29,20260529,2026-05-30,1,Rejected
EVT001651,APP00871,REQ0020,S1,2026-05-14,20260514,2026-05-15,1,Advanced
EVT001652,APP00871,REQ0020,S2,2026-05-15,20260515,2026-05-19,4,Advanced
EVT001653,APP00871,REQ0020,S3,2026-05-19,20260519,2026-06-01,13,Rejected
EVT001654,APP00872,REQ0020,S1,2026-06-18,20260618,2026-06-19,1,Advanced
EVT001655,APP00872,REQ0020,S2,2026-06-19,20260619,2026-06-22,3,Rejected
EVT001656,APP00873,REQ0020,S1,2026-05-18,20260518,2026-05-19,1,Advanced
EVT001657,APP00873,REQ0020,S2,2026-05-19,20260519,2026-05-21,2,Advanced
EVT001658,APP00873,REQ0020,S3,2026-05-21,20260521,2026-05-27,6,Advanced
EVT001659,APP00873,REQ0020,S4,2026-05-27,20260527,2026-06-01,5,Rejected
EVT001660,APP00874,REQ0020,S1,2026-06-25,20260625,2026-06-28,3,Advanced
EVT001661,APP00874,REQ0020,S2,2026-06-28,20260628,,2,In Process
EVT001662,APP00875,REQ0020,S1,2026-06-16,20260616,2026-06-18,2,Rejected
EVT001663,APP00876,REQ0020,S1,2026-05-17,20260517,2026-05-19,2,Rejected
EVT001664,APP00877,REQ0020,S1,2026-04-26,20260426,2026-04-29,3,Advanced
EVT001665,APP00877,REQ0020,S2,2026-04-29,20260429,2026-05-03,4,Advanced
EVT001666,APP00877,REQ0020,S3,2026-05-03,20260503,2026-05-10,7,Advanced
EVT001667,APP00877,REQ0020,S4,2026-05-10,20260510,2026-05-18,8,Rejected
EVT001668,APP00878,REQ0020,S1,2026-04-29,20260429,2026-04-30,1,Advanced
EVT001669,APP00878,REQ0020,S2,2026-04-30,20260430,2026-05-03,3,Advanced
EVT001670,APP00878,REQ0020,S3,2026-05-03,20260503,2026-05-15,12,Rejected
EVT001671,APP00879,REQ0020,S1,2026-06-19,20260619,2026-06-20,1,Advanced
EVT001672,APP00879,REQ0020,S2,2026-06-20,20260620,2026-06-23,3,Advanced
EVT001673,APP00879,REQ0020,S3,2026-06-23,20260623,2026-06-27,4,Advanced
EVT001674,APP00879,REQ0020,S4,2026-06-27,20260627,,3,In Process
EVT001675,APP00880,REQ0020,S1,2026-06-06,20260606,2026-06-07,1,Advanced
EVT001676,APP00880,REQ0020,S2,2026-06-07,20260607,2026-06-10,3,Advanced
EVT001677,APP00880,REQ0020,S3,2026-06-10,20260610,2026-06-14,4,Advanced
EVT001678,APP00880,REQ0020,S4,2026-06-14,20260614,2026-06-19,5,Rejected
EVT001679,APP00881,REQ0020,S1,2026-04-25,20260425,2026-04-26,1,Rejected
EVT001680,APP00882,REQ0020,S1,2026-05-28,20260528,2026-05-29,1,Advanced
EVT001681,APP00882,REQ0020,S2,2026-05-29,20260529,2026-06-02,4,Advanced
EVT001682,APP00882,REQ0020,S3,2026-06-02,20260602,2026-06-05,3,Rejected
EVT001683,APP00883,REQ0020,S1,2026-06-22,20260622,2026-06-25,3,Rejected
EVT001684,APP00884,REQ0020,S1,2026-05-11,20260511,2026-05-14,3,Rejected
EVT001685,APP00885,REQ0020,S1,2026-06-02,20260602,2026-06-04,2,Advanced
EVT001686,APP00885,REQ0020,S2,2026-06-04,20260604,2026-06-10,6,Rejected
EVT001687,APP00886,REQ0020,S1,2026-05-20,20260520,2026-05-22,2,Advanced
EVT001688,APP00886,REQ0020,S2,2026-05-22,20260522,2026-05-23,1,Rejected
EVT001689,APP00887,REQ0020,S1,2026-05-30,20260530,2026-05-31,1,Rejected
EVT001690,APP00888,REQ0020,S1,2026-04-24,20260424,2026-04-25,1,Rejected
EVT001691,APP00889,REQ0020,S1,2026-06-03,20260603,2026-06-05,2,Rejected
EVT001692,APP00890,REQ0020,S1,2026-04-27,20260427,2026-04-28,1,Rejected
EVT001693,APP00891,REQ0021,S1,2025-10-27,20251027,2025-10-29,2,Rejected
EVT001694,APP00892,REQ0021,S1,2025-11-10,20251110,2025-11-13,3,Rejected
EVT001695,APP00893,REQ0021,S1,2025-10-15,20251015,2025-10-16,1,Rejected
EVT001696,APP00894,REQ0021,S1,2025-12-04,20251204,2025-12-05,1,Rejected
EVT001697,APP00895,REQ0021,S1,2025-10-12,20251012,2025-10-15,3,Rejected
EVT001698,APP00896,REQ0021,S1,2025-11-05,20251105,2025-11-07,2,Rejected
EVT001699,APP00897,REQ0021,S1,2025-11-14,20251114,2025-11-15,1,Advanced
EVT001700,APP00897,REQ0021,S2,2025-11-15,20251115,2025-11-19,4,Advanced
EVT001701,APP00897,REQ0021,S3,2025-11-19,20251119,2025-11-26,7,Advanced
EVT001702,APP00897,REQ0021,S4,2025-11-26,20251126,2025-11-30,4,Advanced
EVT001703,APP00897,REQ0021,S5,2025-11-30,20251130,2025-12-07,7,Advanced
EVT001704,APP00897,REQ0021,S6,2025-12-07,20251207,2025-12-15,8,Rejected
EVT001705,APP00898,REQ0021,S1,2025-10-29,20251029,2025-10-30,1,Rejected
EVT001706,APP00899,REQ0021,S1,2025-11-05,20251105,2025-11-07,2,Advanced
EVT001707,APP00899,REQ0021,S2,2025-11-07,20251107,2025-11-11,4,Rejected
EVT001708,APP00900,REQ0021,S1,2025-10-23,20251023,2025-10-24,1,Advanced
EVT001709,APP00900,REQ0021,S2,2025-10-24,20251024,2025-10-26,2,Advanced
EVT001710,APP00900,REQ0021,S3,2025-10-26,20251026,2025-10-30,4,Advanced
EVT001711,APP00900,REQ0021,S4,2025-10-30,20251030,2025-11-04,5,Advanced
EVT001712,APP00900,REQ0021,S5,2025-11-04,20251104,2025-11-12,8,Rejected
EVT001713,APP00901,REQ0021,S1,2025-10-19,20251019,2025-10-21,2,Advanced
EVT001714,APP00901,REQ0021,S2,2025-10-21,20251021,2025-10-25,4,Advanced
EVT001715,APP00901,REQ0021,S3,2025-10-25,20251025,2025-11-05,11,Advanced
EVT001716,APP00901,REQ0021,S4,2025-11-05,20251105,2025-11-10,5,Advanced
EVT001717,APP00901,REQ0021,S5,2025-11-10,20251110,2025-11-21,11,Advanced
EVT001718,APP00901,REQ0021,S6,2025-11-21,20251121,2025-11-24,3,Rejected
EVT001719,APP00902,REQ0021,S1,2025-12-17,20251217,2025-12-19,2,Advanced
EVT001720,APP00902,REQ0021,S2,2025-12-19,20251219,2025-12-21,2,Advanced
EVT001721,APP00902,REQ0021,S3,2025-12-21,20251221,2025-12-27,6,Rejected
EVT001722,APP00903,REQ0021,S1,2025-10-14,20251014,2025-10-16,2,Advanced
EVT001723,APP00903,REQ0021,S2,2025-10-16,20251016,2025-10-21,5,Advanced
EVT001724,APP00903,REQ0021,S3,2025-10-21,20251021,2025-10-29,8,Advanced
EVT001725,APP00903,REQ0021,S4,2025-10-29,20251029,2025-11-02,4,Advanced
EVT001726,APP00903,REQ0021,S5,2025-11-02,20251102,2025-11-11,9,Rejected
EVT001727,APP00904,REQ0021,S1,2025-12-23,20251223,2025-12-26,3,Advanced
EVT001728,APP00904,REQ0021,S2,2025-12-26,20251226,2025-12-28,2,Advanced
EVT001729,APP00904,REQ0021,S3,2025-12-28,20251228,2026-01-05,8,Rejected
EVT001730,APP00905,REQ0021,S1,2025-12-20,20251220,2025-12-23,3,Rejected
EVT001731,APP00906,REQ0021,S1,2025-12-12,20251212,2025-12-15,3,Rejected
EVT001732,APP00907,REQ0021,S1,2025-10-30,20251030,2025-10-31,1,Rejected
EVT001733,APP00908,REQ0021,S1,2025-10-21,20251021,2025-10-22,1,Advanced
EVT001734,APP00908,REQ0021,S2,2025-10-22,20251022,2025-10-24,2,Rejected
EVT001735,APP00909,REQ0021,S1,2025-10-30,20251030,2025-10-31,1,Rejected
EVT001736,APP00910,REQ0021,S1,2025-10-10,20251010,2025-10-11,1,Rejected
EVT001737,APP00911,REQ0021,S1,2025-10-04,20251004,2025-10-06,2,Advanced
EVT001738,APP00911,REQ0021,S2,2025-10-06,20251006,2025-10-11,5,Rejected
EVT001739,APP00912,REQ0021,S1,2025-10-25,20251025,2025-10-28,3,Rejected
EVT001740,APP00913,REQ0021,S1,2025-11-06,20251106,2025-11-09,3,Advanced
EVT001741,APP00913,REQ0021,S2,2025-11-09,20251109,2025-11-14,5,Advanced
EVT001742,APP00913,REQ0021,S3,2025-11-14,20251114,2025-11-27,13,Rejected
EVT001743,APP00914,REQ0021,S1,2025-11-07,20251107,2025-11-09,2,Rejected
EVT001744,APP00915,REQ0021,S1,2025-12-06,20251206,2025-12-07,1,Advanced
EVT001745,APP00915,REQ0021,S2,2025-12-07,20251207,2025-12-13,6,Advanced
EVT001746,APP00915,REQ0021,S3,2025-12-13,20251213,2025-12-20,7,Rejected
EVT001747,APP00916,REQ0021,S1,2025-12-22,20251222,2025-12-24,2,Rejected
EVT001748,APP00917,REQ0021,S1,2025-12-13,20251213,2025-12-14,1,Rejected
EVT001749,APP00918,REQ0021,S1,2025-10-19,20251019,2025-10-20,1,Rejected
EVT001750,APP00919,REQ0021,S1,2025-11-21,20251121,2025-11-22,1,Rejected
EVT001751,APP00920,REQ0021,S1,2025-12-17,20251217,2025-12-18,1,Rejected
EVT001752,APP00921,REQ0021,S1,2025-10-24,20251024,2025-10-25,1,Rejected
EVT001753,APP00922,REQ0021,S1,2025-10-10,20251010,2025-10-11,1,Rejected
EVT001754,APP00923,REQ0021,S1,2025-12-17,20251217,2025-12-19,2,Rejected
EVT001755,APP00924,REQ0021,S1,2025-12-18,20251218,2025-12-19,1,Advanced
EVT001756,APP00924,REQ0021,S2,2025-12-19,20251219,2025-12-21,2,Rejected
EVT001757,APP00925,REQ0021,S1,2025-11-13,20251113,2025-11-14,1,Advanced
EVT001758,APP00925,REQ0021,S2,2025-11-14,20251114,2025-11-18,4,Advanced
EVT001759,APP00925,REQ0021,S3,2025-11-18,20251118,2025-11-23,5,Rejected
EVT001760,APP00926,REQ0021,S1,2025-11-21,20251121,2025-11-24,3,Rejected
EVT001761,APP00927,REQ0021,S1,2025-11-06,20251106,2025-11-07,1,Advanced
EVT001762,APP00927,REQ0021,S2,2025-11-07,20251107,2025-11-10,3,Rejected
EVT001763,APP00928,REQ0021,S1,2025-10-22,20251022,2025-10-25,3,Advanced
EVT001764,APP00928,REQ0021,S2,2025-10-25,20251025,2025-10-29,4,Advanced
EVT001765,APP00928,REQ0021,S3,2025-10-29,20251029,2025-11-05,7,Rejected
EVT001766,APP00929,REQ0021,S1,2025-10-24,20251024,2025-10-26,2,Advanced
EVT001767,APP00929,REQ0021,S2,2025-10-26,20251026,2025-10-27,1,Advanced
EVT001768,APP00929,REQ0021,S3,2025-10-27,20251027,2025-11-03,7,Advanced
EVT001769,APP00929,REQ0021,S4,2025-11-03,20251103,2025-11-09,6,Advanced
EVT001770,APP00929,REQ0021,S5,2025-11-09,20251109,2025-11-14,5,Advanced
EVT001771,APP00929,REQ0021,S6,2025-11-14,20251114,2025-11-20,6,Advanced
EVT001772,APP00929,REQ0021,S7,2025-11-20,20251120,2025-11-24,4,Advanced
EVT001773,APP00929,REQ0021,S8,2025-11-24,20251124,2025-11-24,0,Hired
EVT001774,APP00930,REQ0021,S1,2025-11-23,20251123,2025-11-25,2,Rejected
EVT001775,APP00931,REQ0021,S1,2025-12-26,20251226,2025-12-27,1,Rejected
EVT001776,APP00932,REQ0021,S1,2025-10-28,20251028,2025-10-30,2,Rejected
EVT001777,APP00933,REQ0021,S1,2025-12-21,20251221,2025-12-23,2,Rejected
EVT001778,APP00934,REQ0021,S1,2025-11-07,20251107,2025-11-09,2,Rejected
EVT001779,APP00935,REQ0021,S1,2025-10-27,20251027,2025-10-28,1,Advanced
EVT001780,APP00935,REQ0021,S2,2025-10-28,20251028,2025-11-01,4,Advanced
EVT001781,APP00935,REQ0021,S3,2025-11-01,20251101,2025-11-12,11,Rejected
EVT001782,APP00936,REQ0021,S1,2025-12-10,20251210,2025-12-11,1,Advanced
EVT001783,APP00936,REQ0021,S2,2025-12-11,20251211,2025-12-12,1,Advanced
EVT001784,APP00936,REQ0021,S3,2025-12-12,20251212,2025-12-16,4,Rejected
EVT001785,APP00937,REQ0021,S1,2025-12-12,20251212,2025-12-13,1,Rejected
EVT001786,APP00938,REQ0021,S1,2025-10-14,20251014,2025-10-17,3,Rejected
EVT001787,APP00939,REQ0021,S1,2025-11-09,20251109,2025-11-10,1,Rejected
EVT001788,APP00940,REQ0021,S1,2025-10-08,20251008,2025-10-09,1,Rejected
EVT001789,APP00941,REQ0021,S1,2025-11-03,20251103,2025-11-04,1,Rejected
EVT001790,APP00942,REQ0021,S1,2025-11-23,20251123,2025-11-24,1,Advanced
EVT001791,APP00942,REQ0021,S2,2025-11-24,20251124,2025-11-27,3,Advanced
EVT001792,APP00942,REQ0021,S3,2025-11-27,20251127,2025-12-01,4,Advanced
EVT001793,APP00942,REQ0021,S4,2025-12-01,20251201,2025-12-07,6,Advanced
EVT001794,APP00942,REQ0021,S5,2025-12-07,20251207,2025-12-18,11,Advanced
EVT001795,APP00942,REQ0021,S6,2025-12-18,20251218,2025-12-25,7,Advanced
EVT001796,APP00942,REQ0021,S7,2025-12-25,20251225,2026-01-03,9,Advanced
EVT001797,APP00942,REQ0021,S8,2026-01-03,20260103,2026-01-03,0,Hired
EVT001798,APP00943,REQ0022,S1,2024-04-10,20240410,2024-04-12,2,Rejected
EVT001799,APP00944,REQ0022,S1,2024-04-05,20240405,2024-04-06,1,Rejected
EVT001800,APP00945,REQ0022,S1,2024-04-13,20240413,2024-04-14,1,Advanced
EVT001801,APP00945,REQ0022,S2,2024-04-14,20240414,2024-04-16,2,Advanced
EVT001802,APP00945,REQ0022,S3,2024-04-16,20240416,2024-04-26,10,Rejected
EVT001803,APP00946,REQ0022,S1,2024-04-02,20240402,2024-04-04,2,Rejected
EVT001804,APP00947,REQ0022,S1,2024-04-08,20240408,2024-04-10,2,Rejected
EVT001805,APP00948,REQ0022,S1,2024-04-04,20240404,2024-04-07,3,Advanced
EVT001806,APP00948,REQ0022,S2,2024-04-07,20240407,2024-04-10,3,Advanced
EVT001807,APP00948,REQ0022,S3,2024-04-10,20240410,2024-04-22,12,Rejected
EVT001808,APP00949,REQ0022,S1,2024-04-08,20240408,2024-04-10,2,Advanced
EVT001809,APP00949,REQ0022,S2,2024-04-10,20240410,2024-04-12,2,Advanced
EVT001810,APP00949,REQ0022,S3,2024-04-12,20240412,2024-04-17,5,Rejected
EVT001811,APP00950,REQ0022,S1,2024-04-09,20240409,2024-04-10,1,Rejected
EVT001812,APP00951,REQ0022,S1,2024-04-04,20240404,2024-04-06,2,Advanced
EVT001813,APP00951,REQ0022,S2,2024-04-06,20240406,2024-04-09,3,Advanced
EVT001814,APP00951,REQ0022,S3,2024-04-09,20240409,2024-04-22,13,Advanced
EVT001815,APP00951,REQ0022,S4,2024-04-22,20240422,2024-04-29,7,Rejected
EVT001816,APP00952,REQ0022,S1,2024-04-04,20240404,2024-04-05,1,Rejected
EVT001817,APP00953,REQ0022,S1,2024-04-04,20240404,2024-04-07,3,Advanced
EVT001818,APP00953,REQ0022,S2,2024-04-07,20240407,2024-04-11,4,Rejected
EVT001819,APP00954,REQ0022,S1,2024-04-13,20240413,2024-04-14,1,Rejected
EVT001820,APP00955,REQ0022,S1,2024-04-09,20240409,2024-04-12,3,Rejected
EVT001821,APP00956,REQ0022,S1,2024-04-05,20240405,2024-04-06,1,Advanced
EVT001822,APP00956,REQ0022,S2,2024-04-06,20240406,2024-04-07,1,Rejected
EVT001823,APP00957,REQ0022,S1,2024-04-08,20240408,2024-04-11,3,Rejected
EVT001824,APP00958,REQ0022,S1,2024-04-03,20240403,2024-04-04,1,Rejected
EVT001825,APP00959,REQ0022,S1,2024-04-02,20240402,2024-04-05,3,Rejected
EVT001826,APP00960,REQ0022,S1,2024-04-07,20240407,2024-04-09,2,Rejected
EVT001827,APP00961,REQ0022,S1,2024-04-04,20240404,2024-04-07,3,Rejected
EVT001828,APP00962,REQ0022,S1,2024-04-10,20240410,2024-04-11,1,Rejected
EVT001829,APP00963,REQ0022,S1,2024-04-12,20240412,2024-04-13,1,Rejected
EVT001830,APP00964,REQ0022,S1,2024-04-13,20240413,2024-04-16,3,Advanced
EVT001831,APP00964,REQ0022,S2,2024-04-16,20240416,2024-04-21,5,Advanced
EVT001832,APP00964,REQ0022,S3,2024-04-21,20240421,2024-04-29,8,Advanced
EVT001833,APP00964,REQ0022,S4,2024-04-29,20240429,2024-05-06,7,Rejected
EVT001834,APP00965,REQ0022,S1,2024-04-11,20240411,2024-04-13,2,Advanced
EVT001835,APP00965,REQ0022,S2,2024-04-13,20240413,2024-04-15,2,Advanced
EVT001836,APP00965,REQ0022,S3,2024-04-15,20240415,2024-04-28,13,Advanced
EVT001837,APP00965,REQ0022,S4,2024-04-28,20240428,2024-05-02,4,Advanced
EVT001838,APP00965,REQ0022,S5,2024-05-02,20240502,2024-05-11,9,Advanced
EVT001839,APP00965,REQ0022,S6,2024-05-11,20240511,2024-05-18,7,Advanced
EVT001840,APP00965,REQ0022,S7,2024-05-18,20240518,2024-05-24,6,Rejected
EVT001841,APP00966,REQ0022,S1,2024-04-10,20240410,2024-04-12,2,Rejected
EVT001842,APP00967,REQ0022,S1,2024-04-11,20240411,2024-04-13,2,Rejected
EVT001843,APP00968,REQ0022,S1,2024-04-06,20240406,2024-04-09,3,Rejected
EVT001844,APP00969,REQ0022,S1,2024-04-12,20240412,2024-04-14,2,Advanced
EVT001845,APP00969,REQ0022,S2,2024-04-14,20240414,2024-04-18,4,Advanced
EVT001846,APP00969,REQ0022,S3,2024-04-18,20240418,2024-04-24,6,Advanced
EVT001847,APP00969,REQ0022,S4,2024-04-24,20240424,2024-04-27,3,Advanced
EVT001848,APP00969,REQ0022,S5,2024-04-27,20240427,2024-05-07,10,Advanced
EVT001849,APP00969,REQ0022,S6,2024-05-07,20240507,2024-05-12,5,Advanced
EVT001850,APP00969,REQ0022,S7,2024-05-12,20240512,2024-05-24,12,Advanced
EVT001851,APP00969,REQ0022,S8,2024-05-24,20240524,2024-05-24,0,Hired
EVT001852,APP00970,REQ0022,S1,2024-04-05,20240405,2024-04-08,3,Advanced
EVT001853,APP00970,REQ0022,S2,2024-04-08,20240408,2024-04-10,2,Rejected
EVT001854,APP00971,REQ0022,S1,2024-04-08,20240408,2024-04-10,2,Rejected
EVT001855,APP00972,REQ0022,S1,2024-04-07,20240407,2024-04-09,2,Rejected
EVT001856,APP00973,REQ0022,S1,2024-04-08,20240408,2024-04-11,3,Advanced
EVT001857,APP00973,REQ0022,S2,2024-04-11,20240411,2024-04-15,4,Advanced
EVT001858,APP00973,REQ0022,S3,2024-04-15,20240415,2024-04-24,9,Advanced
EVT001859,APP00973,REQ0022,S4,2024-04-24,20240424,2024-04-30,6,Rejected
EVT001860,APP00974,REQ0022,S1,2024-04-03,20240403,2024-04-04,1,Rejected
EVT001861,APP00975,REQ0022,S1,2024-04-13,20240413,2024-04-15,2,Advanced
EVT001862,APP00975,REQ0022,S2,2024-04-15,20240415,2024-04-17,2,Advanced
EVT001863,APP00975,REQ0022,S3,2024-04-17,20240417,2024-04-28,11,Advanced
EVT001864,APP00975,REQ0022,S4,2024-04-28,20240428,2024-05-06,8,Advanced
EVT001865,APP00975,REQ0022,S5,2024-05-06,20240506,2024-05-14,8,Rejected
EVT001866,APP00976,REQ0022,S1,2024-04-04,20240404,2024-04-07,3,Rejected
EVT001867,APP00977,REQ0022,S1,2024-04-13,20240413,2024-04-14,1,Rejected
EVT001868,APP00978,REQ0022,S1,2024-04-11,20240411,2024-04-12,1,Rejected
EVT001869,APP00979,REQ0022,S1,2024-04-03,20240403,2024-04-06,3,Rejected
EVT001870,APP00980,REQ0022,S1,2024-04-04,20240404,2024-04-07,3,Rejected
EVT001871,APP00981,REQ0022,S1,2024-04-09,20240409,2024-04-10,1,Advanced
EVT001872,APP00981,REQ0022,S2,2024-04-10,20240410,2024-04-11,1,Advanced
EVT001873,APP00981,REQ0022,S3,2024-04-11,20240411,2024-04-19,8,Rejected
EVT001874,APP00982,REQ0022,S1,2024-04-05,20240405,2024-04-06,1,Advanced
EVT001875,APP00982,REQ0022,S2,2024-04-06,20240406,2024-04-10,4,Advanced
EVT001876,APP00982,REQ0022,S3,2024-04-10,20240410,2024-04-19,9,Rejected
EVT001877,APP00983,REQ0022,S1,2024-04-07,20240407,2024-04-10,3,Rejected
EVT001878,APP00984,REQ0022,S1,2024-04-05,20240405,2024-04-08,3,Rejected
EVT001879,APP00985,REQ0023,S1,2025-08-19,20250819,2025-08-22,3,Rejected
EVT001880,APP00986,REQ0023,S1,2025-10-15,20251015,2025-10-18,3,Rejected
EVT001881,APP00987,REQ0023,S1,2025-09-20,20250920,2025-09-22,2,Rejected
EVT001882,APP00988,REQ0023,S1,2025-09-17,20250917,2025-09-19,2,Advanced
EVT001883,APP00988,REQ0023,S2,2025-09-19,20250919,2025-09-25,6,Rejected
EVT001884,APP00989,REQ0023,S1,2025-09-18,20250918,2025-09-19,1,Rejected
EVT001885,APP00990,REQ0023,S1,2025-07-31,20250731,2025-08-01,1,Advanced
EVT001886,APP00990,REQ0023,S2,2025-08-01,20250801,2025-08-05,4,Advanced
EVT001887,APP00990,REQ0023,S3,2025-08-05,20250805,2025-08-13,8,Rejected
EVT001888,APP00991,REQ0023,S1,2025-09-27,20250927,2025-09-28,1,Advanced
EVT001889,APP00991,REQ0023,S2,2025-09-28,20250928,2025-10-01,3,Advanced
EVT001890,APP00991,REQ0023,S3,2025-10-01,20251001,2025-10-11,10,Advanced
EVT001891,APP00991,REQ0023,S4,2025-10-11,20251011,2025-10-14,3,Advanced
EVT001892,APP00991,REQ0023,S5,2025-10-14,20251014,2025-10-20,6,Rejected
EVT001893,APP00992,REQ0023,S1,2025-09-03,20250903,2025-09-06,3,Rejected
EVT001894,APP00993,REQ0023,S1,2025-07-31,20250731,2025-08-02,2,Rejected
EVT001895,APP00994,REQ0023,S1,2025-10-14,20251014,2025-10-16,2,Rejected
EVT001896,APP00995,REQ0023,S1,2025-08-04,20250804,2025-08-05,1,Rejected
EVT001897,APP00996,REQ0023,S1,2025-09-15,20250915,2025-09-17,2,Rejected
EVT001898,APP00997,REQ0023,S1,2025-08-16,20250816,2025-08-17,1,Advanced
EVT001899,APP00997,REQ0023,S2,2025-08-17,20250817,2025-08-21,4,Rejected
EVT001900,APP00998,REQ0023,S1,2025-09-12,20250912,2025-09-14,2,Rejected
EVT001901,APP00999,REQ0023,S1,2025-08-22,20250822,2025-08-24,2,Rejected
EVT001902,APP01000,REQ0023,S1,2025-09-18,20250918,2025-09-19,1,Advanced
EVT001903,APP01000,REQ0023,S2,2025-09-19,20250919,2025-09-22,3,Advanced
EVT001904,APP01000,REQ0023,S3,2025-09-22,20250922,2025-09-28,6,Rejected
EVT001905,APP01001,REQ0023,S1,2025-07-31,20250731,2025-08-01,1,Advanced
EVT001906,APP01001,REQ0023,S2,2025-08-01,20250801,2025-08-06,5,Advanced
EVT001907,APP01001,REQ0023,S3,2025-08-06,20250806,2025-08-17,11,Rejected
EVT001908,APP01002,REQ0023,S1,2025-10-16,20251016,2025-10-18,2,Rejected
EVT001909,APP01003,REQ0023,S1,2025-08-26,20250826,2025-08-28,2,Advanced
EVT001910,APP01003,REQ0023,S2,2025-08-28,20250828,2025-09-03,6,Rejected
EVT001911,APP01004,REQ0023,S1,2025-08-10,20250810,2025-08-11,1,Rejected
EVT001912,APP01005,REQ0023,S1,2025-08-24,20250824,2025-08-25,1,Advanced
EVT001913,APP01005,REQ0023,S2,2025-08-25,20250825,2025-08-26,1,Advanced
EVT001914,APP01005,REQ0023,S3,2025-08-26,20250826,2025-08-28,2,Advanced
EVT001915,APP01005,REQ0023,S4,2025-08-28,20250828,2025-09-01,4,Advanced
EVT001916,APP01005,REQ0023,S5,2025-09-01,20250901,2025-09-11,10,Advanced
EVT001917,APP01005,REQ0023,S6,2025-09-11,20250911,2025-09-19,8,Rejected
EVT001918,APP01006,REQ0023,S1,2025-09-10,20250910,2025-09-12,2,Rejected
EVT001919,APP01007,REQ0023,S1,2025-10-20,20251020,2025-10-22,2,Rejected
EVT001920,APP01008,REQ0023,S1,2025-08-27,20250827,2025-08-29,2,Advanced
EVT001921,APP01008,REQ0023,S2,2025-08-29,20250829,2025-09-01,3,Rejected
EVT001922,APP01009,REQ0023,S1,2025-10-26,20251026,2025-10-29,3,Advanced
EVT001923,APP01009,REQ0023,S2,2025-10-29,20251029,2025-11-01,3,Advanced
EVT001924,APP01009,REQ0023,S3,2025-11-01,20251101,2025-11-15,14,Advanced
EVT001925,APP01009,REQ0023,S4,2025-11-15,20251115,2025-11-20,5,Advanced
EVT001926,APP01009,REQ0023,S5,2025-11-20,20251120,2025-11-26,6,Rejected
EVT001927,APP01010,REQ0023,S1,2025-10-07,20251007,2025-10-09,2,Rejected
EVT001928,APP01011,REQ0023,S1,2025-08-30,20250830,2025-08-31,1,Advanced
EVT001929,APP01011,REQ0023,S2,2025-08-31,20250831,2025-09-02,2,Advanced
EVT001930,APP01011,REQ0023,S3,2025-09-02,20250902,2025-09-06,4,Rejected
EVT001931,APP01012,REQ0023,S1,2025-09-13,20250913,2025-09-14,1,Rejected
EVT001932,APP01013,REQ0023,S1,2025-10-14,20251014,2025-10-15,1,Rejected
EVT001933,APP01014,REQ0023,S1,2025-08-14,20250814,2025-08-15,1,Rejected
EVT001934,APP01015,REQ0023,S1,2025-07-29,20250729,2025-07-31,2,Rejected
EVT001935,APP01016,REQ0023,S1,2025-09-12,20250912,2025-09-13,1,Rejected
EVT001936,APP01017,REQ0023,S1,2025-08-15,20250815,2025-08-18,3,Advanced
EVT001937,APP01017,REQ0023,S2,2025-08-18,20250818,2025-08-24,6,Rejected
EVT001938,APP01018,REQ0023,S1,2025-09-04,20250904,2025-09-07,3,Advanced
EVT001939,APP01018,REQ0023,S2,2025-09-07,20250907,2025-09-11,4,Rejected
EVT001940,APP01019,REQ0023,S1,2025-09-21,20250921,2025-09-22,1,Rejected
EVT001941,APP01020,REQ0023,S1,2025-08-11,20250811,2025-08-12,1,Rejected
EVT001942,APP01021,REQ0023,S1,2025-08-08,20250808,2025-08-09,1,Advanced
EVT001943,APP01021,REQ0023,S2,2025-08-09,20250809,2025-08-14,5,Advanced
EVT001944,APP01021,REQ0023,S3,2025-08-14,20250814,2025-08-24,10,Rejected
EVT001945,APP01022,REQ0023,S1,2025-10-16,20251016,2025-10-18,2,Advanced
EVT001946,APP01022,REQ0023,S2,2025-10-18,20251018,2025-10-24,6,Advanced
EVT001947,APP01022,REQ0023,S3,2025-10-24,20251024,2025-10-29,5,Advanced
EVT001948,APP01022,REQ0023,S4,2025-10-29,20251029,2025-11-05,7,Advanced
EVT001949,APP01022,REQ0023,S5,2025-11-05,20251105,2025-11-14,9,Advanced
EVT001950,APP01022,REQ0023,S6,2025-11-14,20251114,2025-11-19,5,Advanced
EVT001951,APP01022,REQ0023,S7,2025-11-19,20251119,2025-11-25,6,Advanced
EVT001952,APP01022,REQ0023,S8,2025-11-25,20251125,2025-11-25,0,Hired
EVT001953,APP01023,REQ0023,S1,2025-10-20,20251020,2025-10-21,1,Rejected
EVT001954,APP01024,REQ0023,S1,2025-08-11,20250811,2025-08-14,3,Rejected
EVT001955,APP01025,REQ0023,S1,2025-08-17,20250817,2025-08-19,2,Advanced
EVT001956,APP01025,REQ0023,S2,2025-08-19,20250819,2025-08-21,2,Rejected
EVT001957,APP01026,REQ0023,S1,2025-08-09,20250809,2025-08-10,1,Rejected
EVT001958,APP01027,REQ0023,S1,2025-08-13,20250813,2025-08-15,2,Rejected
EVT001959,APP01028,REQ0023,S1,2025-10-26,20251026,2025-10-27,1,Advanced
EVT001960,APP01028,REQ0023,S2,2025-10-27,20251027,2025-11-01,5,Advanced
EVT001961,APP01028,REQ0023,S3,2025-11-01,20251101,2025-11-05,4,Advanced
EVT001962,APP01028,REQ0023,S4,2025-11-05,20251105,2025-11-12,7,Advanced
EVT001963,APP01028,REQ0023,S5,2025-11-12,20251112,2025-11-18,6,Rejected
EVT001964,APP01029,REQ0023,S1,2025-10-08,20251008,2025-10-11,3,Rejected
EVT001965,APP01030,REQ0023,S1,2025-09-02,20250902,2025-09-03,1,Rejected
EVT001966,APP01031,REQ0023,S1,2025-08-09,20250809,2025-08-10,1,Rejected
EVT001967,APP01032,REQ0023,S1,2025-10-17,20251017,2025-10-20,3,Advanced
EVT001968,APP01032,REQ0023,S2,2025-10-20,20251020,2025-10-25,5,Rejected
EVT001969,APP01033,REQ0023,S1,2025-08-17,20250817,2025-08-18,1,Advanced
EVT001970,APP01033,REQ0023,S2,2025-08-18,20250818,2025-08-21,3,Advanced
EVT001971,APP01033,REQ0023,S3,2025-08-21,20250821,2025-08-28,7,Rejected
EVT001972,APP01034,REQ0023,S1,2025-10-04,20251004,2025-10-05,1,Advanced
EVT001973,APP01034,REQ0023,S2,2025-10-05,20251005,2025-10-07,2,Rejected
EVT001974,APP01035,REQ0023,S1,2025-08-10,20250810,2025-08-11,1,Rejected
EVT001975,APP01036,REQ0023,S1,2025-08-18,20250818,2025-08-20,2,Rejected
EVT001976,APP01037,REQ0023,S1,2025-09-08,20250908,2025-09-09,1,Rejected
EVT001977,APP01038,REQ0023,S1,2025-08-29,20250829,2025-08-30,1,Advanced
EVT001978,APP01038,REQ0023,S2,2025-08-30,20250830,2025-09-04,5,Rejected
EVT001979,APP01039,REQ0023,S1,2025-09-17,20250917,2025-09-20,3,Rejected
EVT001980,APP01040,REQ0023,S1,2025-10-01,20251001,2025-10-03,2,Advanced
EVT001981,APP01040,REQ0023,S2,2025-10-03,20251003,2025-10-07,4,Rejected
EVT001982,APP01041,REQ0023,S1,2025-08-24,20250824,2025-08-26,2,Advanced
EVT001983,APP01041,REQ0023,S2,2025-08-26,20250826,2025-08-28,2,Advanced
EVT001984,APP01041,REQ0023,S3,2025-08-28,20250828,2025-09-04,7,Advanced
EVT001985,APP01041,REQ0023,S4,2025-09-04,20250904,2025-09-07,3,Advanced
EVT001986,APP01041,REQ0023,S5,2025-09-07,20250907,2025-09-13,6,Advanced
EVT001987,APP01041,REQ0023,S6,2025-09-13,20250913,2025-09-18,5,Advanced
EVT001988,APP01041,REQ0023,S7,2025-09-18,20250918,2025-09-26,8,Advanced
EVT001989,APP01041,REQ0023,S8,2025-09-26,20250926,2025-09-26,0,Hired
EVT001990,APP01042,REQ0023,S1,2025-09-11,20250911,2025-09-13,2,Advanced
EVT001991,APP01042,REQ0023,S2,2025-09-13,20250913,2025-09-17,4,Rejected
EVT001992,APP01043,REQ0023,S1,2025-10-07,20251007,2025-10-08,1,Advanced
EVT001993,APP01043,REQ0023,S2,2025-10-08,20251008,2025-10-10,2,Advanced
EVT001994,APP01043,REQ0023,S3,2025-10-10,20251010,2025-10-14,4,Advanced
EVT001995,APP01043,REQ0023,S4,2025-10-14,20251014,2025-10-19,5,Advanced
EVT001996,APP01043,REQ0023,S5,2025-10-19,20251019,2025-10-27,8,Rejected
EVT001997,APP01044,REQ0023,S1,2025-10-12,20251012,2025-10-13,1,Advanced
EVT001998,APP01044,REQ0023,S2,2025-10-13,20251013,2025-10-16,3,Advanced
EVT001999,APP01044,REQ0023,S3,2025-10-16,20251016,2025-10-22,6,Advanced
EVT002000,APP01044,REQ0023,S4,2025-10-22,20251022,2025-10-27,5,Advanced
EVT002001,APP01044,REQ0023,S5,2025-10-27,20251027,2025-11-04,8,Advanced
EVT002002,APP01044,REQ0023,S6,2025-11-04,20251104,2025-11-09,5,Advanced
EVT002003,APP01044,REQ0023,S7,2025-11-09,20251109,2025-11-17,8,Rejected
EVT002004,APP01045,REQ0023,S1,2025-09-22,20250922,2025-09-24,2,Rejected
EVT002005,APP01046,REQ0023,S1,2025-08-20,20250820,2025-08-21,1,Rejected
EVT002006,APP01047,REQ0023,S1,2025-08-03,20250803,2025-08-05,2,Rejected
EVT002007,APP01048,REQ0023,S1,2025-09-10,20250910,2025-09-12,2,Advanced
EVT002008,APP01048,REQ0023,S2,2025-09-12,20250912,2025-09-16,4,Rejected
EVT002009,APP01049,REQ0023,S1,2025-09-02,20250902,2025-09-05,3,Advanced
EVT002010,APP01049,REQ0023,S2,2025-09-05,20250905,2025-09-11,6,Rejected
EVT002011,APP01050,REQ0024,S1,2026-03-02,20260302,2026-03-03,1,Rejected
EVT002012,APP01051,REQ0024,S1,2026-02-25,20260225,2026-02-27,2,Advanced
EVT002013,APP01051,REQ0024,S2,2026-02-27,20260227,2026-03-03,4,Rejected
EVT002014,APP01052,REQ0024,S1,2026-02-26,20260226,2026-02-27,1,Rejected
EVT002015,APP01053,REQ0024,S1,2026-02-24,20260224,2026-02-25,1,Advanced
EVT002016,APP01053,REQ0024,S2,2026-02-25,20260225,2026-02-27,2,Advanced
EVT002017,APP01053,REQ0024,S3,2026-02-27,20260227,2026-03-03,4,Rejected
EVT002018,APP01054,REQ0024,S1,2026-02-26,20260226,2026-02-27,1,Rejected
EVT002019,APP01055,REQ0024,S1,2026-02-25,20260225,2026-02-26,1,Rejected
EVT002020,APP01056,REQ0024,S1,2026-02-23,20260223,2026-02-25,2,Rejected
EVT002021,APP01057,REQ0024,S1,2026-02-25,20260225,2026-02-27,2,Rejected
EVT002022,APP01058,REQ0024,S1,2026-03-06,20260306,2026-03-08,2,Rejected
EVT002023,APP01059,REQ0024,S1,2026-02-22,20260222,2026-02-24,2,Rejected
EVT002024,APP01060,REQ0024,S1,2026-03-02,20260302,2026-03-03,1,Rejected
EVT002025,APP01061,REQ0024,S1,2026-02-28,20260228,2026-03-02,2,Advanced
EVT002026,APP01061,REQ0024,S2,2026-03-02,20260302,2026-03-06,4,Advanced
EVT002027,APP01061,REQ0024,S3,2026-03-06,20260306,2026-03-13,7,Advanced
EVT002028,APP01061,REQ0024,S4,2026-03-13,20260313,2026-03-21,8,Rejected
EVT002029,APP01062,REQ0024,S1,2026-03-02,20260302,2026-03-05,3,Rejected
EVT002030,APP01063,REQ0024,S1,2026-02-20,20260220,2026-02-22,2,Rejected
EVT002031,APP01064,REQ0024,S1,2026-02-15,20260215,2026-02-16,1,Rejected
EVT002032,APP01065,REQ0024,S1,2026-02-16,20260216,2026-02-17,1,Rejected
EVT002033,APP01066,REQ0024,S1,2026-02-28,20260228,2026-03-02,2,Rejected
EVT002034,APP01067,REQ0024,S1,2026-02-23,20260223,2026-02-25,2,Rejected
EVT002035,APP01068,REQ0024,S1,2026-02-25,20260225,2026-02-27,2,Rejected
EVT002036,APP01069,REQ0024,S1,2026-02-17,20260217,2026-02-18,1,Advanced
EVT002037,APP01069,REQ0024,S2,2026-02-18,20260218,2026-02-22,4,Rejected
EVT002038,APP01070,REQ0024,S1,2026-02-15,20260215,2026-02-16,1,Advanced
EVT002039,APP01070,REQ0024,S2,2026-02-16,20260216,2026-02-19,3,Advanced
EVT002040,APP01070,REQ0024,S3,2026-02-19,20260219,2026-02-28,9,Advanced
EVT002041,APP01070,REQ0024,S4,2026-02-28,20260228,2026-03-06,6,Advanced
EVT002042,APP01070,REQ0024,S5,2026-03-06,20260306,2026-03-13,7,Advanced
EVT002043,APP01070,REQ0024,S6,2026-03-13,20260313,2026-03-19,6,Advanced
EVT002044,APP01070,REQ0024,S7,2026-03-19,20260319,2026-03-29,10,Advanced
EVT002045,APP01070,REQ0024,S8,2026-03-29,20260329,2026-03-29,0,Hired
EVT002046,APP01071,REQ0024,S1,2026-03-03,20260303,2026-03-05,2,Rejected
EVT002047,APP01072,REQ0024,S1,2026-03-01,20260301,2026-03-02,1,Rejected
EVT002048,APP01073,REQ0024,S1,2026-02-24,20260224,2026-02-25,1,Advanced
EVT002049,APP01073,REQ0024,S2,2026-02-25,20260225,2026-03-01,4,Rejected
EVT002050,APP01074,REQ0024,S1,2026-03-04,20260304,2026-03-05,1,Advanced
EVT002051,APP01074,REQ0024,S2,2026-03-05,20260305,2026-03-09,4,Rejected
EVT002052,APP01075,REQ0024,S1,2026-03-04,20260304,2026-03-05,1,Rejected
EVT002053,APP01076,REQ0024,S1,2026-02-18,20260218,2026-02-20,2,Rejected
EVT002054,APP01077,REQ0024,S1,2026-02-20,20260220,2026-02-22,2,Rejected
EVT002055,APP01078,REQ0024,S1,2026-02-22,20260222,2026-02-23,1,Rejected
EVT002056,APP01079,REQ0024,S1,2026-02-20,20260220,2026-02-21,1,Advanced
EVT002057,APP01079,REQ0024,S2,2026-02-21,20260221,2026-02-24,3,Advanced
EVT002058,APP01079,REQ0024,S3,2026-02-24,20260224,2026-02-28,4,Advanced
EVT002059,APP01079,REQ0024,S4,2026-02-28,20260228,2026-03-07,7,Advanced
EVT002060,APP01079,REQ0024,S5,2026-03-07,20260307,2026-03-16,9,Rejected
EVT002061,APP01080,REQ0024,S1,2026-03-04,20260304,2026-03-05,1,Rejected
EVT002062,APP01081,REQ0024,S1,2026-03-02,20260302,2026-03-03,1,Rejected
EVT002063,APP01082,REQ0024,S1,2026-03-06,20260306,2026-03-08,2,Rejected
EVT002064,APP01083,REQ0024,S1,2026-02-22,20260222,2026-02-24,2,Rejected
EVT002065,APP01084,REQ0024,S1,2026-02-18,20260218,2026-02-19,1,Rejected
EVT002066,APP01085,REQ0024,S1,2026-02-20,20260220,2026-02-23,3,Advanced
EVT002067,APP01085,REQ0024,S2,2026-02-23,20260223,2026-02-26,3,Rejected
EVT002068,APP01086,REQ0024,S1,2026-02-21,20260221,2026-02-22,1,Rejected
EVT002069,APP01087,REQ0024,S1,2026-02-14,20260214,2026-02-16,2,Advanced
EVT002070,APP01087,REQ0024,S2,2026-02-16,20260216,2026-02-21,5,Advanced
EVT002071,APP01087,REQ0024,S3,2026-02-21,20260221,2026-03-06,13,Rejected
EVT002072,APP01088,REQ0024,S1,2026-02-24,20260224,2026-02-26,2,Rejected
EVT002073,APP01089,REQ0024,S1,2026-03-01,20260301,2026-03-03,2,Advanced
EVT002074,APP01089,REQ0024,S2,2026-03-03,20260303,2026-03-06,3,Rejected
EVT002075,APP01090,REQ0025,S1,2024-12-04,20241204,2024-12-07,3,Advanced
EVT002076,APP01090,REQ0025,S2,2024-12-07,20241207,2024-12-10,3,Advanced
EVT002077,APP01090,REQ0025,S3,2024-12-10,20241210,2024-12-16,6,Rejected
EVT002078,APP01091,REQ0025,S1,2024-11-28,20241128,2024-11-29,1,Rejected
EVT002079,APP01092,REQ0025,S1,2024-11-20,20241120,2024-11-21,1,Advanced
EVT002080,APP01092,REQ0025,S2,2024-11-21,20241121,2024-11-27,6,Rejected
EVT002081,APP01093,REQ0025,S1,2024-11-29,20241129,2024-12-01,2,Advanced
EVT002082,APP01093,REQ0025,S2,2024-12-01,20241201,2024-12-07,6,Rejected
EVT002083,APP01094,REQ0025,S1,2024-11-08,20241108,2024-11-10,2,Advanced
EVT002084,APP01094,REQ0025,S2,2024-11-10,20241110,2024-11-16,6,Rejected
EVT002085,APP01095,REQ0025,S1,2024-12-08,20241208,2024-12-10,2,Advanced
EVT002086,APP01095,REQ0025,S2,2024-12-10,20241210,2024-12-13,3,Advanced
EVT002087,APP01095,REQ0025,S3,2024-12-13,20241213,2024-12-17,4,Rejected
EVT002088,APP01096,REQ0025,S1,2024-12-08,20241208,2024-12-09,1,Rejected
EVT002089,APP01097,REQ0025,S1,2024-12-11,20241211,2024-12-12,1,Rejected
EVT002090,APP01098,REQ0025,S1,2024-11-28,20241128,2024-11-30,2,Advanced
EVT002091,APP01098,REQ0025,S2,2024-11-30,20241130,2024-12-05,5,Advanced
EVT002092,APP01098,REQ0025,S3,2024-12-05,20241205,2024-12-12,7,Rejected
EVT002093,APP01099,REQ0025,S1,2024-11-25,20241125,2024-11-28,3,Rejected
EVT002094,APP01100,REQ0025,S1,2024-12-17,20241217,2024-12-18,1,Rejected
EVT002095,APP01101,REQ0025,S1,2024-11-04,20241104,2024-11-05,1,Rejected
EVT002096,APP01102,REQ0025,S1,2024-12-05,20241205,2024-12-07,2,Advanced
EVT002097,APP01102,REQ0025,S2,2024-12-07,20241207,2024-12-09,2,Advanced
EVT002098,APP01102,REQ0025,S3,2024-12-09,20241209,2024-12-12,3,Rejected
EVT002099,APP01103,REQ0025,S1,2024-11-05,20241105,2024-11-08,3,Rejected
EVT002100,APP01104,REQ0025,S1,2024-12-11,20241211,2024-12-12,1,Rejected
EVT002101,APP01105,REQ0025,S1,2024-11-29,20241129,2024-11-30,1,Rejected
EVT002102,APP01106,REQ0025,S1,2024-11-17,20241117,2024-11-18,1,Advanced
EVT002103,APP01106,REQ0025,S2,2024-11-18,20241118,2024-11-20,2,Rejected
EVT002104,APP01107,REQ0025,S1,2024-11-29,20241129,2024-12-01,2,Rejected
EVT002105,APP01108,REQ0025,S1,2024-12-12,20241212,2024-12-15,3,Advanced
EVT002106,APP01108,REQ0025,S2,2024-12-15,20241215,2024-12-19,4,Advanced
EVT002107,APP01108,REQ0025,S3,2024-12-19,20241219,2024-12-26,7,Advanced
EVT002108,APP01108,REQ0025,S4,2024-12-26,20241226,2025-01-02,7,Advanced
EVT002109,APP01108,REQ0025,S5,2025-01-02,20250102,2025-01-08,6,Rejected
EVT002110,APP01109,REQ0025,S1,2024-11-10,20241110,2024-11-13,3,Advanced
EVT002111,APP01109,REQ0025,S2,2024-11-13,20241113,2024-11-17,4,Rejected
EVT002112,APP01110,REQ0025,S1,2024-12-01,20241201,2024-12-04,3,Rejected
EVT002113,APP01111,REQ0025,S1,2024-12-11,20241211,2024-12-12,1,Advanced
EVT002114,APP01111,REQ0025,S2,2024-12-12,20241212,2024-12-17,5,Rejected
EVT002115,APP01112,REQ0025,S1,2024-12-12,20241212,2024-12-15,3,Rejected
EVT002116,APP01113,REQ0025,S1,2024-12-06,20241206,2024-12-08,2,Rejected
EVT002117,APP01114,REQ0025,S1,2024-11-20,20241120,2024-11-21,1,Advanced
EVT002118,APP01114,REQ0025,S2,2024-11-21,20241121,2024-11-25,4,Rejected
EVT002119,APP01115,REQ0025,S1,2024-11-02,20241102,2024-11-04,2,Rejected
EVT002120,APP01116,REQ0025,S1,2024-11-27,20241127,2024-11-29,2,Rejected
EVT002121,APP01117,REQ0025,S1,2024-12-07,20241207,2024-12-09,2,Advanced
EVT002122,APP01117,REQ0025,S2,2024-12-09,20241209,2024-12-11,2,Advanced
EVT002123,APP01117,REQ0025,S3,2024-12-11,20241211,2024-12-16,5,Advanced
EVT002124,APP01117,REQ0025,S4,2024-12-16,20241216,2024-12-19,3,Advanced
EVT002125,APP01117,REQ0025,S5,2024-12-19,20241219,2024-12-25,6,Advanced
EVT002126,APP01117,REQ0025,S6,2024-12-25,20241225,2025-01-02,8,Advanced
EVT002127,APP01117,REQ0025,S7,2025-01-02,20250102,2025-01-06,4,Advanced
EVT002128,APP01117,REQ0025,S8,2025-01-06,20250106,2025-01-06,0,Hired
EVT002129,APP01118,REQ0025,S1,2024-11-09,20241109,2024-11-12,3,Advanced
EVT002130,APP01118,REQ0025,S2,2024-11-12,20241112,2024-11-15,3,Rejected
EVT002131,APP01119,REQ0025,S1,2024-11-20,20241120,2024-11-22,2,Rejected
EVT002132,APP01120,REQ0025,S1,2024-12-12,20241212,2024-12-14,2,Rejected
EVT002133,APP01121,REQ0025,S1,2024-11-19,20241119,2024-11-21,2,Advanced
EVT002134,APP01121,REQ0025,S2,2024-11-21,20241121,2024-11-25,4,Rejected
EVT002135,APP01122,REQ0025,S1,2024-12-03,20241203,2024-12-05,2,Advanced
EVT002136,APP01122,REQ0025,S2,2024-12-05,20241205,2024-12-10,5,Rejected
EVT002137,APP01123,REQ0025,S1,2024-11-10,20241110,2024-11-12,2,Advanced
EVT002138,APP01123,REQ0025,S2,2024-11-12,20241112,2024-11-16,4,Advanced
EVT002139,APP01123,REQ0025,S3,2024-11-16,20241116,2024-11-23,7,Advanced
EVT002140,APP01123,REQ0025,S4,2024-11-23,20241123,2024-11-29,6,Advanced
EVT002141,APP01123,REQ0025,S5,2024-11-29,20241129,2024-12-08,9,Advanced
EVT002142,APP01123,REQ0025,S6,2024-12-08,20241208,2024-12-14,6,Rejected
EVT002143,APP01124,REQ0025,S1,2024-11-09,20241109,2024-11-10,1,Rejected
EVT002144,APP01125,REQ0025,S1,2024-11-04,20241104,2024-11-07,3,Rejected
EVT002145,APP01126,REQ0025,S1,2024-11-13,20241113,2024-11-15,2,Rejected
EVT002146,APP01127,REQ0025,S1,2024-11-11,20241111,2024-11-12,1,Rejected
EVT002147,APP01128,REQ0025,S1,2024-12-02,20241202,2024-12-03,1,Rejected
EVT002148,APP01129,REQ0025,S1,2024-11-25,20241125,2024-11-26,1,Rejected
EVT002149,APP01130,REQ0025,S1,2024-11-02,20241102,2024-11-03,1,Rejected
EVT002150,APP01131,REQ0025,S1,2024-12-07,20241207,2024-12-08,1,Rejected
EVT002151,APP01132,REQ0025,S1,2024-11-10,20241110,2024-11-11,1,Rejected
EVT002152,APP01133,REQ0025,S1,2024-11-12,20241112,2024-11-13,1,Rejected
EVT002153,APP01134,REQ0025,S1,2024-11-04,20241104,2024-11-05,1,Advanced
EVT002154,APP01134,REQ0025,S2,2024-11-05,20241105,2024-11-07,2,Advanced
EVT002155,APP01134,REQ0025,S3,2024-11-07,20241107,2024-11-16,9,Rejected
EVT002156,APP01135,REQ0025,S1,2024-11-20,20241120,2024-11-23,3,Rejected
EVT002157,APP01136,REQ0025,S1,2024-11-30,20241130,2024-12-01,1,Advanced
EVT002158,APP01136,REQ0025,S2,2024-12-01,20241201,2024-12-04,3,Advanced
EVT002159,APP01136,REQ0025,S3,2024-12-04,20241204,2024-12-13,9,Advanced
EVT002160,APP01136,REQ0025,S4,2024-12-13,20241213,2024-12-17,4,Advanced
EVT002161,APP01136,REQ0025,S5,2024-12-17,20241217,2024-12-25,8,Rejected
EVT002162,APP01137,REQ0025,S1,2024-12-07,20241207,2024-12-08,1,Rejected
EVT002163,APP01138,REQ0026,S1,2025-02-13,20250213,2025-02-15,2,Advanced
EVT002164,APP01138,REQ0026,S2,2025-02-15,20250215,2025-02-20,5,Rejected
EVT002165,APP01139,REQ0026,S1,2025-02-17,20250217,2025-02-20,3,Advanced
EVT002166,APP01139,REQ0026,S2,2025-02-20,20250220,2025-02-24,4,Advanced
EVT002167,APP01139,REQ0026,S3,2025-02-24,20250224,2025-03-09,13,Advanced
EVT002168,APP01139,REQ0026,S4,2025-03-09,20250309,2025-03-17,8,Advanced
EVT002169,APP01139,REQ0026,S5,2025-03-17,20250317,2025-03-22,5,Advanced
EVT002170,APP01139,REQ0026,S6,2025-03-22,20250322,2025-03-28,6,Advanced
EVT002171,APP01139,REQ0026,S7,2025-03-28,20250328,2025-04-09,12,Advanced
EVT002172,APP01139,REQ0026,S8,2025-04-09,20250409,2025-04-09,0,Hired
EVT002173,APP01140,REQ0026,S1,2025-02-27,20250227,2025-02-28,1,Advanced
EVT002174,APP01140,REQ0026,S2,2025-02-28,20250228,2025-03-04,4,Rejected
EVT002175,APP01141,REQ0026,S1,2025-01-22,20250122,2025-01-23,1,Advanced
EVT002176,APP01141,REQ0026,S2,2025-01-23,20250123,2025-01-28,5,Rejected
EVT002177,APP01142,REQ0026,S1,2025-01-29,20250129,2025-01-30,1,Rejected
EVT002178,APP01143,REQ0026,S1,2025-01-14,20250114,2025-01-17,3,Advanced
EVT002179,APP01143,REQ0026,S2,2025-01-17,20250117,2025-01-22,5,Advanced
EVT002180,APP01143,REQ0026,S3,2025-01-22,20250122,2025-01-28,6,Rejected
EVT002181,APP01144,REQ0026,S1,2025-01-28,20250128,2025-01-29,1,Rejected
EVT002182,APP01145,REQ0026,S1,2025-02-07,20250207,2025-02-09,2,Advanced
EVT002183,APP01145,REQ0026,S2,2025-02-09,20250209,2025-02-15,6,Rejected
EVT002184,APP01146,REQ0026,S1,2025-03-07,20250307,2025-03-08,1,Advanced
EVT002185,APP01146,REQ0026,S2,2025-03-08,20250308,2025-03-12,4,Rejected
EVT002186,APP01147,REQ0026,S1,2025-01-17,20250117,2025-01-19,2,Rejected
EVT002187,APP01148,REQ0026,S1,2025-02-19,20250219,2025-02-20,1,Rejected
EVT002188,APP01149,REQ0026,S1,2025-03-15,20250315,2025-03-16,1,Advanced
EVT002189,APP01149,REQ0026,S2,2025-03-16,20250316,2025-03-19,3,Rejected
EVT002190,APP01150,REQ0026,S1,2025-02-14,20250214,2025-02-16,2,Rejected
EVT002191,APP01151,REQ0026,S1,2025-03-04,20250304,2025-03-05,1,Advanced
EVT002192,APP01151,REQ0026,S2,2025-03-05,20250305,2025-03-08,3,Advanced
EVT002193,APP01151,REQ0026,S3,2025-03-08,20250308,2025-03-13,5,Rejected
EVT002194,APP01152,REQ0026,S1,2025-02-02,20250202,2025-02-04,2,Advanced
EVT002195,APP01152,REQ0026,S2,2025-02-04,20250204,2025-02-06,2,Rejected
EVT002196,APP01153,REQ0026,S1,2025-02-03,20250203,2025-02-05,2,Advanced
EVT002197,APP01153,REQ0026,S2,2025-02-05,20250205,2025-02-09,4,Advanced
EVT002198,APP01153,REQ0026,S3,2025-02-09,20250209,2025-02-21,12,Advanced
EVT002199,APP01153,REQ0026,S4,2025-02-21,20250221,2025-03-01,8,Rejected
EVT002200,APP01154,REQ0026,S1,2025-03-15,20250315,2025-03-17,2,Advanced
EVT002201,APP01154,REQ0026,S2,2025-03-17,20250317,2025-03-21,4,Advanced
EVT002202,APP01154,REQ0026,S3,2025-03-21,20250321,2025-03-30,9,Rejected
EVT002203,APP01155,REQ0026,S1,2025-02-08,20250208,2025-02-11,3,Advanced
EVT002204,APP01155,REQ0026,S2,2025-02-11,20250211,2025-02-13,2,Rejected
EVT002205,APP01156,REQ0026,S1,2025-02-13,20250213,2025-02-16,3,Rejected
EVT002206,APP01157,REQ0026,S1,2025-02-26,20250226,2025-02-27,1,Rejected
EVT002207,APP01158,REQ0026,S1,2025-03-11,20250311,2025-03-13,2,Rejected
EVT002208,APP01159,REQ0026,S1,2025-02-17,20250217,2025-02-19,2,Advanced
EVT002209,APP01159,REQ0026,S2,2025-02-19,20250219,2025-02-25,6,Advanced
EVT002210,APP01159,REQ0026,S3,2025-02-25,20250225,2025-03-11,14,Rejected
EVT002211,APP01160,REQ0026,S1,2025-01-15,20250115,2025-01-16,1,Rejected
EVT002212,APP01161,REQ0026,S1,2025-01-24,20250124,2025-01-26,2,Rejected
EVT002213,APP01162,REQ0026,S1,2025-02-06,20250206,2025-02-07,1,Rejected
EVT002214,APP01163,REQ0026,S1,2025-03-10,20250310,2025-03-12,2,Rejected
EVT002215,APP01164,REQ0026,S1,2025-03-17,20250317,2025-03-19,2,Advanced
EVT002216,APP01164,REQ0026,S2,2025-03-19,20250319,2025-03-22,3,Rejected
EVT002217,APP01165,REQ0026,S1,2025-02-08,20250208,2025-02-11,3,Rejected
EVT002218,APP01166,REQ0026,S1,2025-01-22,20250122,2025-01-24,2,Rejected
EVT002219,APP01167,REQ0026,S1,2025-03-02,20250302,2025-03-04,2,Advanced
EVT002220,APP01167,REQ0026,S2,2025-03-04,20250304,2025-03-09,5,Advanced
EVT002221,APP01167,REQ0026,S3,2025-03-09,20250309,2025-03-17,8,Advanced
EVT002222,APP01167,REQ0026,S4,2025-03-17,20250317,2025-03-23,6,Rejected
EVT002223,APP01168,REQ0027,S1,2024-10-07,20241007,2024-10-10,3,Rejected
EVT002224,APP01169,REQ0027,S1,2024-10-09,20241009,2024-10-10,1,Advanced
EVT002225,APP01169,REQ0027,S2,2024-10-10,20241010,2024-10-11,1,Advanced
EVT002226,APP01169,REQ0027,S3,2024-10-11,20241011,2024-10-20,9,Advanced
EVT002227,APP01169,REQ0027,S4,2024-10-20,20241020,2024-10-27,7,Rejected
EVT002228,APP01170,REQ0027,S1,2024-09-28,20240928,2024-09-29,1,Advanced
EVT002229,APP01170,REQ0027,S2,2024-09-29,20240929,2024-10-03,4,Advanced
EVT002230,APP01170,REQ0027,S3,2024-10-03,20241003,2024-10-10,7,Rejected
EVT002231,APP01171,REQ0027,S1,2024-10-20,20241020,2024-10-22,2,Rejected
EVT002232,APP01172,REQ0027,S1,2024-10-14,20241014,2024-10-15,1,Rejected
EVT002233,APP01173,REQ0027,S1,2024-10-24,20241024,2024-10-26,2,Rejected
EVT002234,APP01174,REQ0027,S1,2024-10-10,20241010,2024-10-11,1,Rejected
EVT002235,APP01175,REQ0027,S1,2024-10-10,20241010,2024-10-12,2,Rejected
EVT002236,APP01176,REQ0027,S1,2024-10-03,20241003,2024-10-04,1,Rejected
EVT002237,APP01177,REQ0027,S1,2024-10-10,20241010,2024-10-11,1,Advanced
EVT002238,APP01177,REQ0027,S2,2024-10-11,20241011,2024-10-14,3,Advanced
EVT002239,APP01177,REQ0027,S3,2024-10-14,20241014,2024-10-19,5,Rejected
EVT002240,APP01178,REQ0027,S1,2024-09-19,20240919,2024-09-22,3,Rejected
EVT002241,APP01179,REQ0027,S1,2024-10-18,20241018,2024-10-20,2,Rejected
EVT002242,APP01180,REQ0027,S1,2024-09-21,20240921,2024-09-24,3,Advanced
EVT002243,APP01180,REQ0027,S2,2024-09-24,20240924,2024-09-30,6,Rejected
EVT002244,APP01181,REQ0027,S1,2024-10-22,20241022,2024-10-23,1,Rejected
EVT002245,APP01182,REQ0027,S1,2024-09-22,20240922,2024-09-23,1,Rejected
EVT002246,APP01183,REQ0027,S1,2024-10-18,20241018,2024-10-19,1,Rejected
EVT002247,APP01184,REQ0027,S1,2024-09-30,20240930,2024-10-01,1,Advanced
EVT002248,APP01184,REQ0027,S2,2024-10-01,20241001,2024-10-04,3,Advanced
EVT002249,APP01184,REQ0027,S3,2024-10-04,20241004,2024-10-08,4,Advanced
EVT002250,APP01184,REQ0027,S4,2024-10-08,20241008,2024-10-11,3,Advanced
EVT002251,APP01184,REQ0027,S5,2024-10-11,20241011,2024-10-18,7,Rejected
EVT002252,APP01185,REQ0027,S1,2024-10-02,20241002,2024-10-03,1,Advanced
EVT002253,APP01185,REQ0027,S2,2024-10-03,20241003,2024-10-05,2,Rejected
EVT002254,APP01186,REQ0027,S1,2024-09-18,20240918,2024-09-21,3,Rejected
EVT002255,APP01187,REQ0027,S1,2024-10-22,20241022,2024-10-24,2,Rejected
EVT002256,APP01188,REQ0027,S1,2024-09-26,20240926,2024-09-27,1,Rejected
EVT002257,APP01189,REQ0027,S1,2024-10-08,20241008,2024-10-10,2,Rejected
EVT002258,APP01190,REQ0027,S1,2024-09-27,20240927,2024-09-28,1,Advanced
EVT002259,APP01190,REQ0027,S2,2024-09-28,20240928,2024-09-30,2,Rejected
EVT002260,APP01191,REQ0027,S1,2024-10-04,20241004,2024-10-06,2,Rejected
EVT002261,APP01192,REQ0027,S1,2024-10-11,20241011,2024-10-14,3,Rejected
EVT002262,APP01193,REQ0027,S1,2024-09-30,20240930,2024-10-03,3,Rejected
EVT002263,APP01194,REQ0027,S1,2024-10-03,20241003,2024-10-04,1,Advanced
EVT002264,APP01194,REQ0027,S2,2024-10-04,20241004,2024-10-06,2,Rejected
EVT002265,APP01195,REQ0027,S1,2024-09-20,20240920,2024-09-23,3,Advanced
EVT002266,APP01195,REQ0027,S2,2024-09-23,20240923,2024-09-28,5,Advanced
EVT002267,APP01195,REQ0027,S3,2024-09-28,20240928,2024-10-07,9,Rejected
EVT002268,APP01196,REQ0027,S1,2024-10-10,20241010,2024-10-11,1,Rejected
EVT002269,APP01197,REQ0027,S1,2024-10-02,20241002,2024-10-03,1,Rejected
EVT002270,APP01198,REQ0027,S1,2024-09-18,20240918,2024-09-20,2,Advanced
EVT002271,APP01198,REQ0027,S2,2024-09-20,20240920,2024-09-23,3,Rejected
EVT002272,APP01199,REQ0027,S1,2024-10-13,20241013,2024-10-15,2,Rejected
EVT002273,APP01200,REQ0027,S1,2024-09-25,20240925,2024-09-26,1,Advanced
EVT002274,APP01200,REQ0027,S2,2024-09-26,20240926,2024-10-01,5,Advanced
EVT002275,APP01200,REQ0027,S3,2024-10-01,20241001,2024-10-07,6,Rejected
EVT002276,APP01201,REQ0027,S1,2024-10-16,20241016,2024-10-17,1,Rejected
EVT002277,APP01202,REQ0027,S1,2024-10-09,20241009,2024-10-10,1,Advanced
EVT002278,APP01202,REQ0027,S2,2024-10-10,20241010,2024-10-11,1,Advanced
EVT002279,APP01202,REQ0027,S3,2024-10-11,20241011,2024-10-14,3,Rejected
EVT002280,APP01203,REQ0027,S1,2024-10-14,20241014,2024-10-16,2,Advanced
EVT002281,APP01203,REQ0027,S2,2024-10-16,20241016,2024-10-19,3,Advanced
EVT002282,APP01203,REQ0027,S3,2024-10-19,20241019,2024-10-28,9,Rejected
EVT002283,APP01204,REQ0027,S1,2024-10-07,20241007,2024-10-08,1,Advanced
EVT002284,APP01204,REQ0027,S2,2024-10-08,20241008,2024-10-14,6,Advanced
EVT002285,APP01204,REQ0027,S3,2024-10-14,20241014,2024-10-19,5,Rejected
EVT002286,APP01205,REQ0027,S1,2024-09-22,20240922,2024-09-24,2,Advanced
EVT002287,APP01205,REQ0027,S2,2024-09-24,20240924,2024-09-26,2,Rejected
EVT002288,APP01206,REQ0027,S1,2024-09-28,20240928,2024-09-29,1,Advanced
EVT002289,APP01206,REQ0027,S2,2024-09-29,20240929,2024-10-01,2,Advanced
EVT002290,APP01206,REQ0027,S3,2024-10-01,20241001,2024-10-10,9,Rejected
EVT002291,APP01207,REQ0027,S1,2024-10-03,20241003,2024-10-05,2,Rejected
EVT002292,APP01208,REQ0027,S1,2024-10-14,20241014,2024-10-15,1,Rejected
EVT002293,APP01209,REQ0027,S1,2024-09-29,20240929,2024-10-02,3,Advanced
EVT002294,APP01209,REQ0027,S2,2024-10-02,20241002,2024-10-08,6,Rejected
EVT002295,APP01210,REQ0027,S1,2024-10-02,20241002,2024-10-04,2,Rejected
EVT002296,APP01211,REQ0027,S1,2024-10-13,20241013,2024-10-15,2,Rejected
EVT002297,APP01212,REQ0027,S1,2024-10-15,20241015,2024-10-18,3,Advanced
EVT002298,APP01212,REQ0027,S2,2024-10-18,20241018,2024-10-23,5,Advanced
EVT002299,APP01212,REQ0027,S3,2024-10-23,20241023,2024-10-31,8,Advanced
EVT002300,APP01212,REQ0027,S4,2024-10-31,20241031,2024-11-04,4,Rejected
EVT002301,APP01213,REQ0027,S1,2024-09-26,20240926,2024-09-27,1,Rejected
EVT002302,APP01214,REQ0027,S1,2024-09-25,20240925,2024-09-27,2,Rejected
EVT002303,APP01215,REQ0027,S1,2024-10-07,20241007,2024-10-08,1,Advanced
EVT002304,APP01215,REQ0027,S2,2024-10-08,20241008,2024-10-14,6,Advanced
EVT002305,APP01215,REQ0027,S3,2024-10-14,20241014,2024-10-19,5,Rejected
EVT002306,APP01216,REQ0027,S1,2024-10-17,20241017,2024-10-18,1,Rejected
EVT002307,APP01217,REQ0027,S1,2024-09-19,20240919,2024-09-20,1,Advanced
EVT002308,APP01217,REQ0027,S2,2024-09-20,20240920,2024-09-25,5,Advanced
EVT002309,APP01217,REQ0027,S3,2024-09-25,20240925,2024-10-04,9,Rejected
EVT002310,APP01218,REQ0027,S1,2024-10-19,20241019,2024-10-20,1,Rejected
EVT002311,APP01219,REQ0027,S1,2024-09-20,20240920,2024-09-21,1,Rejected
EVT002312,APP01220,REQ0027,S1,2024-10-17,20241017,2024-10-20,3,Rejected
EVT002313,APP01221,REQ0027,S1,2024-10-09,20241009,2024-10-10,1,Advanced
EVT002314,APP01221,REQ0027,S2,2024-10-10,20241010,2024-10-11,1,Advanced
EVT002315,APP01221,REQ0027,S3,2024-10-11,20241011,2024-10-20,9,Rejected
EVT002316,APP01222,REQ0027,S1,2024-10-05,20241005,2024-10-06,1,Rejected
EVT002317,APP01223,REQ0027,S1,2024-09-19,20240919,2024-09-20,1,Advanced
EVT002318,APP01223,REQ0027,S2,2024-09-20,20240920,2024-09-21,1,Advanced
EVT002319,APP01223,REQ0027,S3,2024-09-21,20240921,2024-09-24,3,Rejected
EVT002320,APP01224,REQ0027,S1,2024-09-19,20240919,2024-09-21,2,Rejected
EVT002321,APP01225,REQ0027,S1,2024-10-19,20241019,2024-10-20,1,Rejected
EVT002322,APP01226,REQ0027,S1,2024-10-20,20241020,2024-10-21,1,Rejected
EVT002323,APP01227,REQ0027,S1,2024-10-05,20241005,2024-10-06,1,Advanced
EVT002324,APP01227,REQ0027,S2,2024-10-06,20241006,2024-10-09,3,Advanced
EVT002325,APP01227,REQ0027,S3,2024-10-09,20241009,2024-10-23,14,Rejected
EVT002326,APP01228,REQ0027,S1,2024-10-03,20241003,2024-10-05,2,Advanced
EVT002327,APP01228,REQ0027,S2,2024-10-05,20241005,2024-10-06,1,Advanced
EVT002328,APP01228,REQ0027,S3,2024-10-06,20241006,2024-10-10,4,Advanced
EVT002329,APP01228,REQ0027,S4,2024-10-10,20241010,2024-10-18,8,Advanced
EVT002330,APP01228,REQ0027,S5,2024-10-18,20241018,2024-10-24,6,Advanced
EVT002331,APP01228,REQ0027,S6,2024-10-24,20241024,2024-11-01,8,Advanced
EVT002332,APP01228,REQ0027,S7,2024-11-01,20241101,2024-11-09,8,Advanced
EVT002333,APP01228,REQ0027,S8,2024-11-09,20241109,2024-11-09,0,Hired
EVT002334,APP01229,REQ0027,S1,2024-09-30,20240930,2024-10-01,1,Rejected
EVT002335,APP01230,REQ0027,S1,2024-10-02,20241002,2024-10-03,1,Rejected
EVT002336,APP01231,REQ0028,S1,2025-05-30,20250530,2025-06-02,3,Advanced
EVT002337,APP01231,REQ0028,S2,2025-06-02,20250602,2025-06-07,5,Advanced
EVT002338,APP01231,REQ0028,S3,2025-06-07,20250607,2025-06-21,14,Advanced
EVT002339,APP01231,REQ0028,S4,2025-06-21,20250621,2025-06-25,4,Advanced
EVT002340,APP01231,REQ0028,S5,2025-06-25,20250625,2025-07-02,7,Advanced
EVT002341,APP01231,REQ0028,S6,2025-07-02,20250702,2025-07-11,9,Advanced
EVT002342,APP01231,REQ0028,S7,2025-07-11,20250711,2025-07-19,8,Advanced
EVT002343,APP01231,REQ0028,S8,2025-07-19,20250719,2025-07-19,0,Hired
EVT002344,APP01232,REQ0028,S1,2025-05-26,20250526,2025-05-28,2,Advanced
EVT002345,APP01232,REQ0028,S2,2025-05-28,20250528,2025-05-30,2,Rejected
EVT002346,APP01233,REQ0028,S1,2025-05-28,20250528,2025-05-29,1,Advanced
EVT002347,APP01233,REQ0028,S2,2025-05-29,20250529,2025-06-02,4,Advanced
EVT002348,APP01233,REQ0028,S3,2025-06-02,20250602,2025-06-06,4,Advanced
EVT002349,APP01233,REQ0028,S4,2025-06-06,20250606,2025-06-14,8,Advanced
EVT002350,APP01233,REQ0028,S5,2025-06-14,20250614,2025-06-18,4,Advanced
EVT002351,APP01233,REQ0028,S6,2025-06-18,20250618,2025-06-24,6,Advanced
EVT002352,APP01233,REQ0028,S7,2025-06-24,20250624,2025-07-02,8,Advanced
EVT002353,APP01233,REQ0028,S8,2025-07-02,20250702,2025-07-02,0,Hired
EVT002354,APP01234,REQ0028,S1,2025-05-21,20250521,2025-05-23,2,Rejected
EVT002355,APP01235,REQ0028,S1,2025-06-04,20250604,2025-06-06,2,Rejected
EVT002356,APP01236,REQ0028,S1,2025-05-31,20250531,2025-06-03,3,Rejected
EVT002357,APP01237,REQ0028,S1,2025-05-29,20250529,2025-05-31,2,Advanced
EVT002358,APP01237,REQ0028,S2,2025-05-31,20250531,2025-06-02,2,Advanced
EVT002359,APP01237,REQ0028,S3,2025-06-02,20250602,2025-06-05,3,Advanced
EVT002360,APP01237,REQ0028,S4,2025-06-05,20250605,2025-06-12,7,Advanced
EVT002361,APP01237,REQ0028,S5,2025-06-12,20250612,2025-06-18,6,Advanced
EVT002362,APP01237,REQ0028,S6,2025-06-18,20250618,2025-06-23,5,Advanced
EVT002363,APP01237,REQ0028,S7,2025-06-23,20250623,2025-07-05,12,Advanced
EVT002364,APP01237,REQ0028,S8,2025-07-05,20250705,2025-07-05,0,Hired
EVT002365,APP01238,REQ0028,S1,2025-06-03,20250603,2025-06-04,1,Advanced
EVT002366,APP01238,REQ0028,S2,2025-06-04,20250604,2025-06-06,2,Advanced
EVT002367,APP01238,REQ0028,S3,2025-06-06,20250606,2025-06-15,9,Advanced
EVT002368,APP01238,REQ0028,S4,2025-06-15,20250615,2025-06-18,3,Advanced
EVT002369,APP01238,REQ0028,S5,2025-06-18,20250618,2025-06-25,7,Advanced
EVT002370,APP01238,REQ0028,S6,2025-06-25,20250625,2025-06-29,4,Advanced
EVT002371,APP01238,REQ0028,S7,2025-06-29,20250629,2025-07-04,5,Advanced
EVT002372,APP01238,REQ0028,S8,2025-07-04,20250704,2025-07-04,0,Hired
EVT002373,APP01239,REQ0028,S1,2025-05-24,20250524,2025-05-25,1,Rejected
EVT002374,APP01240,REQ0028,S1,2025-05-29,20250529,2025-05-30,1,Advanced
EVT002375,APP01240,REQ0028,S2,2025-05-30,20250530,2025-06-03,4,Rejected
EVT002376,APP01241,REQ0028,S1,2025-05-21,20250521,2025-05-22,1,Rejected
EVT002377,APP01242,REQ0028,S1,2025-05-28,20250528,2025-05-29,1,Advanced
EVT002378,APP01242,REQ0028,S2,2025-05-29,20250529,2025-06-02,4,Rejected
EVT002379,APP01243,REQ0028,S1,2025-05-25,20250525,2025-05-27,2,Rejected
EVT002380,APP01244,REQ0028,S1,2025-05-27,20250527,2025-05-29,2,Advanced
EVT002381,APP01244,REQ0028,S2,2025-05-29,20250529,2025-05-31,2,Advanced
EVT002382,APP01244,REQ0028,S3,2025-05-31,20250531,2025-06-07,7,Advanced
EVT002383,APP01244,REQ0028,S4,2025-06-07,20250607,2025-06-15,8,Advanced
EVT002384,APP01244,REQ0028,S5,2025-06-15,20250615,2025-06-26,11,Rejected
EVT002385,APP01245,REQ0028,S1,2025-06-05,20250605,2025-06-06,1,Rejected
EVT002386,APP01246,REQ0028,S1,2025-05-30,20250530,2025-05-31,1,Advanced
EVT002387,APP01246,REQ0028,S2,2025-05-31,20250531,2025-06-04,4,Advanced
EVT002388,APP01246,REQ0028,S3,2025-06-04,20250604,2025-06-13,9,Advanced
EVT002389,APP01246,REQ0028,S4,2025-06-13,20250613,2025-06-21,8,Advanced
EVT002390,APP01246,REQ0028,S5,2025-06-21,20250621,2025-06-25,4,Advanced
EVT002391,APP01246,REQ0028,S6,2025-06-25,20250625,2025-07-02,7,Advanced
EVT002392,APP01246,REQ0028,S7,2025-07-02,20250702,2025-07-08,6,Advanced
EVT002393,APP01246,REQ0028,S8,2025-07-08,20250708,2025-07-08,0,Hired
EVT002394,APP01247,REQ0028,S1,2025-05-28,20250528,2025-05-30,2,Advanced
EVT002395,APP01247,REQ0028,S2,2025-05-30,20250530,2025-06-03,4,Advanced
EVT002396,APP01247,REQ0028,S3,2025-06-03,20250603,2025-06-11,8,Rejected
EVT002397,APP01248,REQ0028,S1,2025-05-21,20250521,2025-05-23,2,Rejected
EVT002398,APP01249,REQ0028,S1,2025-05-29,20250529,2025-05-31,2,Rejected
EVT002399,APP01250,REQ0028,S1,2025-05-23,20250523,2025-05-26,3,Advanced
EVT002400,APP01250,REQ0028,S2,2025-05-26,20250526,2025-05-28,2,Rejected
EVT002401,APP01251,REQ0028,S1,2025-05-31,20250531,2025-06-02,2,Rejected
EVT002402,APP01252,REQ0028,S1,2025-06-04,20250604,2025-06-06,2,Rejected
EVT002403,APP01253,REQ0028,S1,2025-05-24,20250524,2025-05-26,2,Rejected
EVT002404,APP01254,REQ0028,S1,2025-05-31,20250531,2025-06-01,1,Advanced
EVT002405,APP01254,REQ0028,S2,2025-06-01,20250601,2025-06-07,6,Rejected
EVT002406,APP01255,REQ0028,S1,2025-05-22,20250522,2025-05-23,1,Rejected
EVT002407,APP01256,REQ0028,S1,2025-06-02,20250602,2025-06-03,1,Rejected
EVT002408,APP01257,REQ0028,S1,2025-05-24,20250524,2025-05-25,1,Rejected
EVT002409,APP01258,REQ0028,S1,2025-05-24,20250524,2025-05-25,1,Rejected
EVT002410,APP01259,REQ0028,S1,2025-05-30,20250530,2025-06-01,2,Rejected
EVT002411,APP01260,REQ0028,S1,2025-05-29,20250529,2025-05-30,1,Rejected
EVT002412,APP01261,REQ0028,S1,2025-05-21,20250521,2025-05-22,1,Advanced
EVT002413,APP01261,REQ0028,S2,2025-05-22,20250522,2025-05-26,4,Rejected
EVT002414,APP01262,REQ0028,S1,2025-05-24,20250524,2025-05-25,1,Advanced
EVT002415,APP01262,REQ0028,S2,2025-05-25,20250525,2025-05-28,3,Rejected
EVT002416,APP01263,REQ0028,S1,2025-06-01,20250601,2025-06-04,3,Advanced
EVT002417,APP01263,REQ0028,S2,2025-06-04,20250604,2025-06-09,5,Advanced
EVT002418,APP01263,REQ0028,S3,2025-06-09,20250609,2025-06-21,12,Advanced
EVT002419,APP01263,REQ0028,S4,2025-06-21,20250621,2025-06-24,3,Advanced
EVT002420,APP01263,REQ0028,S5,2025-06-24,20250624,2025-07-02,8,Advanced
EVT002421,APP01263,REQ0028,S6,2025-07-02,20250702,2025-07-08,6,Rejected
EVT002422,APP01264,REQ0029,S1,2026-05-25,20260525,2026-05-27,2,Advanced
EVT002423,APP01264,REQ0029,S2,2026-05-27,20260527,2026-05-29,2,Advanced
EVT002424,APP01264,REQ0029,S3,2026-05-29,20260529,2026-06-06,8,Rejected
EVT002425,APP01265,REQ0029,S1,2026-06-22,20260622,2026-06-23,1,Advanced
EVT002426,APP01265,REQ0029,S2,2026-06-23,20260623,2026-06-27,4,Rejected
EVT002427,APP01266,REQ0029,S1,2026-05-26,20260526,2026-05-29,3,Rejected
EVT002428,APP01267,REQ0029,S1,2026-06-18,20260618,2026-06-19,1,Advanced
EVT002429,APP01267,REQ0029,S2,2026-06-19,20260619,2026-06-20,1,Advanced
EVT002430,APP01267,REQ0029,S3,2026-06-20,20260620,2026-06-28,8,Rejected
EVT002431,APP01268,REQ0029,S1,2026-06-27,20260627,2026-06-28,1,Rejected
EVT002432,APP01269,REQ0029,S1,2026-06-16,20260616,2026-06-18,2,Advanced
EVT002433,APP01269,REQ0029,S2,2026-06-18,20260618,2026-06-19,1,Advanced
EVT002434,APP01269,REQ0029,S3,2026-06-19,20260619,2026-06-28,9,Advanced
EVT002435,APP01269,REQ0029,S4,2026-06-28,20260628,,2,In Process
EVT002436,APP01270,REQ0029,S1,2026-05-26,20260526,2026-05-27,1,Rejected
EVT002437,APP01271,REQ0029,S1,2026-06-07,20260607,2026-06-08,1,Rejected
EVT002438,APP01272,REQ0029,S1,2026-06-01,20260601,2026-06-04,3,Advanced
EVT002439,APP01272,REQ0029,S2,2026-06-04,20260604,2026-06-09,5,Advanced
EVT002440,APP01272,REQ0029,S3,2026-06-09,20260609,2026-06-13,4,Advanced
EVT002441,APP01272,REQ0029,S4,2026-06-13,20260613,2026-06-18,5,Advanced
EVT002442,APP01272,REQ0029,S5,2026-06-18,20260618,2026-06-29,11,Rejected
EVT002443,APP01273,REQ0029,S1,2026-06-11,20260611,2026-06-14,3,Rejected
EVT002444,APP01274,REQ0029,S1,2026-06-09,20260609,2026-06-12,3,Rejected
EVT002445,APP01275,REQ0029,S1,2026-05-30,20260530,2026-06-02,3,Rejected
EVT002446,APP01276,REQ0029,S1,2026-06-03,20260603,2026-06-05,2,Rejected
EVT002447,APP01277,REQ0029,S1,2026-06-02,20260602,2026-06-05,3,Advanced
EVT002448,APP01277,REQ0029,S2,2026-06-05,20260605,2026-06-11,6,Advanced
EVT002449,APP01277,REQ0029,S3,2026-06-11,20260611,2026-06-21,10,Advanced
EVT002450,APP01277,REQ0029,S4,2026-06-21,20260621,2026-06-27,6,Advanced
EVT002451,APP01277,REQ0029,S5,2026-06-27,20260627,,3,In Process
EVT002452,APP01278,REQ0029,S1,2026-06-16,20260616,2026-06-17,1,Rejected
EVT002453,APP01279,REQ0029,S1,2026-06-07,20260607,2026-06-10,3,Rejected
EVT002454,APP01280,REQ0029,S1,2026-06-25,20260625,2026-06-26,1,Advanced
EVT002455,APP01280,REQ0029,S2,2026-06-26,20260626,2026-06-30,4,Rejected
EVT002456,APP01281,REQ0029,S1,2026-06-25,20260625,2026-06-27,2,Rejected
EVT002457,APP01282,REQ0029,S1,2026-06-17,20260617,2026-06-20,3,Advanced
EVT002458,APP01282,REQ0029,S2,2026-06-20,20260620,2026-06-23,3,Advanced
EVT002459,APP01282,REQ0029,S3,2026-06-23,20260623,,7,In Process
EVT002460,APP01283,REQ0029,S1,2026-06-01,20260601,2026-06-03,2,Advanced
EVT002461,APP01283,REQ0029,S2,2026-06-03,20260603,2026-06-07,4,Rejected
EVT002462,APP01284,REQ0029,S1,2026-06-02,20260602,2026-06-03,1,Advanced
EVT002463,APP01284,REQ0029,S2,2026-06-03,20260603,2026-06-05,2,Rejected
EVT002464,APP01285,REQ0029,S1,2026-06-20,20260620,2026-06-23,3,Rejected
EVT002465,APP01286,REQ0029,S1,2026-06-15,20260615,2026-06-16,1,Rejected
EVT002466,APP01287,REQ0029,S1,2026-06-09,20260609,2026-06-10,1,Advanced
EVT002467,APP01287,REQ0029,S2,2026-06-10,20260610,2026-06-12,2,Rejected
EVT002468,APP01288,REQ0029,S1,2026-06-27,20260627,2026-06-29,2,Advanced
EVT002469,APP01288,REQ0029,S2,2026-06-29,20260629,,1,In Process
EVT002470,APP01289,REQ0029,S1,2026-06-10,20260610,2026-06-13,3,Rejected
EVT002471,APP01290,REQ0029,S1,2026-06-23,20260623,2026-06-24,1,Rejected
EVT002472,APP01291,REQ0029,S1,2026-06-21,20260621,2026-06-22,1,Rejected
EVT002473,APP01292,REQ0029,S1,2026-05-24,20260524,2026-05-25,1,Advanced
EVT002474,APP01292,REQ0029,S2,2026-05-25,20260525,2026-05-28,3,Advanced
EVT002475,APP01292,REQ0029,S3,2026-05-28,20260528,2026-06-05,8,Rejected
EVT002476,APP01293,REQ0029,S1,2026-06-03,20260603,2026-06-05,2,Advanced
EVT002477,APP01293,REQ0029,S2,2026-06-05,20260605,2026-06-09,4,Rejected
EVT002478,APP01294,REQ0029,S1,2026-06-17,20260617,2026-06-19,2,Rejected
EVT002479,APP01295,REQ0029,S1,2026-06-17,20260617,2026-06-18,1,Advanced
EVT002480,APP01295,REQ0029,S2,2026-06-18,20260618,2026-06-21,3,Advanced
EVT002481,APP01295,REQ0029,S3,2026-06-21,20260621,2026-06-26,5,Rejected
EVT002482,APP01296,REQ0029,S1,2026-06-05,20260605,2026-06-06,1,Advanced
EVT002483,APP01296,REQ0029,S2,2026-06-06,20260606,2026-06-12,6,Rejected
EVT002484,APP01297,REQ0029,S1,2026-05-31,20260531,2026-06-01,1,Rejected
EVT002485,APP01298,REQ0030,S1,2026-03-31,20260331,2026-04-02,2,Advanced
EVT002486,APP01298,REQ0030,S2,2026-04-02,20260402,2026-04-04,2,Rejected
EVT002487,APP01299,REQ0030,S1,2026-03-03,20260303,2026-03-04,1,Advanced
EVT002488,APP01299,REQ0030,S2,2026-03-04,20260304,2026-03-09,5,Rejected
EVT002489,APP01300,REQ0030,S1,2026-03-12,20260312,2026-03-13,1,Rejected
EVT002490,APP01301,REQ0030,S1,2026-03-01,20260301,2026-03-02,1,Rejected
EVT002491,APP01302,REQ0030,S1,2026-03-16,20260316,2026-03-17,1,Rejected
EVT002492,APP01303,REQ0030,S1,2026-03-09,20260309,2026-03-10,1,Advanced
EVT002493,APP01303,REQ0030,S2,2026-03-10,20260310,2026-03-14,4,Advanced
EVT002494,APP01303,REQ0030,S3,2026-03-14,20260314,2026-03-17,3,Advanced
EVT002495,APP01303,REQ0030,S4,2026-03-17,20260317,2026-03-25,8,Advanced
EVT002496,APP01303,REQ0030,S5,2026-03-25,20260325,2026-03-30,5,Rejected
EVT002497,APP01304,REQ0030,S1,2026-03-12,20260312,2026-03-13,1,Rejected
EVT002498,APP01305,REQ0030,S1,2026-03-09,20260309,2026-03-10,1,Advanced
EVT002499,APP01305,REQ0030,S2,2026-03-10,20260310,2026-03-11,1,Rejected
EVT002500,APP01306,REQ0030,S1,2026-03-24,20260324,2026-03-26,2,Rejected
EVT002501,APP01307,REQ0030,S1,2026-03-14,20260314,2026-03-15,1,Rejected
EVT002502,APP01308,REQ0030,S1,2026-03-05,20260305,2026-03-08,3,Advanced
EVT002503,APP01308,REQ0030,S2,2026-03-08,20260308,2026-03-14,6,Rejected
EVT002504,APP01309,REQ0030,S1,2026-03-19,20260319,2026-03-21,2,Advanced
EVT002505,APP01309,REQ0030,S2,2026-03-21,20260321,2026-03-25,4,Rejected
EVT002506,APP01310,REQ0030,S1,2026-03-06,20260306,2026-03-08,2,Rejected
EVT002507,APP01311,REQ0030,S1,2026-03-24,20260324,2026-03-26,2,Advanced
EVT002508,APP01311,REQ0030,S2,2026-03-26,20260326,2026-03-29,3,Rejected
EVT002509,APP01312,REQ0030,S1,2026-03-19,20260319,2026-03-20,1,Rejected
EVT002510,APP01313,REQ0030,S1,2026-03-21,20260321,2026-03-24,3,Advanced
EVT002511,APP01313,REQ0030,S2,2026-03-24,20260324,2026-03-26,2,Advanced
EVT002512,APP01313,REQ0030,S3,2026-03-26,20260326,2026-04-08,13,Rejected
EVT002513,APP01314,REQ0030,S1,2026-03-22,20260322,2026-03-23,1,Advanced
EVT002514,APP01314,REQ0030,S2,2026-03-23,20260323,2026-03-26,3,Rejected
EVT002515,APP01315,REQ0030,S1,2026-03-03,20260303,2026-03-05,2,Advanced
EVT002516,APP01315,REQ0030,S2,2026-03-05,20260305,2026-03-11,6,Advanced
EVT002517,APP01315,REQ0030,S3,2026-03-11,20260311,2026-03-19,8,Advanced
EVT002518,APP01315,REQ0030,S4,2026-03-19,20260319,2026-03-23,4,Advanced
EVT002519,APP01315,REQ0030,S5,2026-03-23,20260323,2026-03-27,4,Advanced
EVT002520,APP01315,REQ0030,S6,2026-03-27,20260327,2026-04-04,8,Advanced
EVT002521,APP01315,REQ0030,S7,2026-04-04,20260404,2026-04-14,10,Rejected
EVT002522,APP01316,REQ0030,S1,2026-03-12,20260312,2026-03-13,1,Advanced
EVT002523,APP01316,REQ0030,S2,2026-03-13,20260313,2026-03-14,1,Advanced
EVT002524,APP01316,REQ0030,S3,2026-03-14,20260314,2026-03-21,7,Rejected
EVT002525,APP01317,REQ0030,S1,2026-04-02,20260402,2026-04-03,1,Rejected
EVT002526,APP01318,REQ0030,S1,2026-03-30,20260330,2026-04-01,2,Advanced
EVT002527,APP01318,REQ0030,S2,2026-04-01,20260401,2026-04-05,4,Advanced
EVT002528,APP01318,REQ0030,S3,2026-04-05,20260405,2026-04-15,10,Rejected
EVT002529,APP01319,REQ0030,S1,2026-02-27,20260227,2026-02-28,1,Rejected
EVT002530,APP01320,REQ0030,S1,2026-03-31,20260331,2026-04-02,2,Rejected
EVT002531,APP01321,REQ0030,S1,2026-03-06,20260306,2026-03-09,3,Rejected
EVT002532,APP01322,REQ0030,S1,2026-04-05,20260405,2026-04-07,2,Rejected
EVT002533,APP01323,REQ0030,S1,2026-02-26,20260226,2026-03-01,3,Rejected
EVT002534,APP01324,REQ0030,S1,2026-04-06,20260406,2026-04-08,2,Advanced
EVT002535,APP01324,REQ0030,S2,2026-04-08,20260408,2026-04-10,2,Advanced
EVT002536,APP01324,REQ0030,S3,2026-04-10,20260410,2026-04-24,14,Advanced
EVT002537,APP01324,REQ0030,S4,2026-04-24,20260424,2026-04-29,5,Rejected
EVT002538,APP01325,REQ0030,S1,2026-03-11,20260311,2026-03-12,1,Rejected
EVT002539,APP01326,REQ0030,S1,2026-03-27,20260327,2026-03-30,3,Advanced
EVT002540,APP01326,REQ0030,S2,2026-03-30,20260330,2026-04-05,6,Advanced
EVT002541,APP01326,REQ0030,S3,2026-04-05,20260405,2026-04-19,14,Advanced
EVT002542,APP01326,REQ0030,S4,2026-04-19,20260419,2026-04-27,8,Advanced
EVT002543,APP01326,REQ0030,S5,2026-04-27,20260427,2026-05-02,5,Rejected
EVT002544,APP01327,REQ0030,S1,2026-04-06,20260406,2026-04-08,2,Rejected
EVT002545,APP01328,REQ0031,S1,2024-03-23,20240323,2024-03-25,2,Rejected
EVT002546,APP01329,REQ0031,S1,2024-04-19,20240419,2024-04-21,2,Advanced
EVT002547,APP01329,REQ0031,S2,2024-04-21,20240421,2024-04-22,1,Advanced
EVT002548,APP01329,REQ0031,S3,2024-04-22,20240422,2024-04-24,2,Advanced
EVT002549,APP01329,REQ0031,S4,2024-04-24,20240424,2024-04-28,4,Advanced
EVT002550,APP01329,REQ0031,S5,2024-04-28,20240428,2024-05-09,11,Advanced
EVT002551,APP01329,REQ0031,S6,2024-05-09,20240509,2024-05-15,6,Rejected
EVT002552,APP01330,REQ0031,S1,2024-03-28,20240328,2024-03-31,3,Advanced
EVT002553,APP01330,REQ0031,S2,2024-03-31,20240331,2024-04-06,6,Advanced
EVT002554,APP01330,REQ0031,S3,2024-04-06,20240406,2024-04-15,9,Rejected
EVT002555,APP01331,REQ0031,S1,2024-04-09,20240409,2024-04-10,1,Advanced
EVT002556,APP01331,REQ0031,S2,2024-04-10,20240410,2024-04-12,2,Rejected
EVT002557,APP01332,REQ0031,S1,2024-04-18,20240418,2024-04-20,2,Rejected
EVT002558,APP01333,REQ0031,S1,2024-03-24,20240324,2024-03-25,1,Rejected
EVT002559,APP01334,REQ0031,S1,2024-04-14,20240414,2024-04-17,3,Rejected
EVT002560,APP01335,REQ0031,S1,2024-03-27,20240327,2024-03-29,2,Rejected
EVT002561,APP01336,REQ0031,S1,2024-03-24,20240324,2024-03-25,1,Advanced
EVT002562,APP01336,REQ0031,S2,2024-03-25,20240325,2024-03-30,5,Rejected
EVT002563,APP01337,REQ0031,S1,2024-04-05,20240405,2024-04-08,3,Advanced
EVT002564,APP01337,REQ0031,S2,2024-04-08,20240408,2024-04-13,5,Advanced
EVT002565,APP01337,REQ0031,S3,2024-04-13,20240413,2024-04-20,7,Rejected
EVT002566,APP01338,REQ0031,S1,2024-04-05,20240405,2024-04-07,2,Rejected
EVT002567,APP01339,REQ0031,S1,2024-04-20,20240420,2024-04-21,1,Rejected
EVT002568,APP01340,REQ0031,S1,2024-03-30,20240330,2024-04-01,2,Advanced
EVT002569,APP01340,REQ0031,S2,2024-04-01,20240401,2024-04-03,2,Rejected
EVT002570,APP01341,REQ0031,S1,2024-04-06,20240406,2024-04-07,1,Advanced
EVT002571,APP01341,REQ0031,S2,2024-04-07,20240407,2024-04-08,1,Advanced
EVT002572,APP01341,REQ0031,S3,2024-04-08,20240408,2024-04-15,7,Rejected
EVT002573,APP01342,REQ0031,S1,2024-03-25,20240325,2024-03-28,3,Advanced
EVT002574,APP01342,REQ0031,S2,2024-03-28,20240328,2024-04-02,5,Advanced
EVT002575,APP01342,REQ0031,S3,2024-04-02,20240402,2024-04-14,12,Advanced
EVT002576,APP01342,REQ0031,S4,2024-04-14,20240414,2024-04-17,3,Advanced
EVT002577,APP01342,REQ0031,S5,2024-04-17,20240417,2024-04-24,7,Advanced
EVT002578,APP01342,REQ0031,S6,2024-04-24,20240424,2024-05-02,8,Rejected
EVT002579,APP01343,REQ0031,S1,2024-03-30,20240330,2024-04-01,2,Rejected
EVT002580,APP01344,REQ0031,S1,2024-03-29,20240329,2024-03-31,2,Rejected
EVT002581,APP01345,REQ0031,S1,2024-03-24,20240324,2024-03-26,2,Rejected
EVT002582,APP01346,REQ0031,S1,2024-04-02,20240402,2024-04-05,3,Rejected
EVT002583,APP01347,REQ0031,S1,2024-04-09,20240409,2024-04-10,1,Rejected
EVT002584,APP01348,REQ0031,S1,2024-04-17,20240417,2024-04-20,3,Rejected
EVT002585,APP01349,REQ0031,S1,2024-04-02,20240402,2024-04-03,1,Rejected
EVT002586,APP01350,REQ0031,S1,2024-04-12,20240412,2024-04-13,1,Advanced
EVT002587,APP01350,REQ0031,S2,2024-04-13,20240413,2024-04-15,2,Advanced
EVT002588,APP01350,REQ0031,S3,2024-04-15,20240415,2024-04-20,5,Advanced
EVT002589,APP01350,REQ0031,S4,2024-04-20,20240420,2024-04-27,7,Rejected
EVT002590,APP01351,REQ0031,S1,2024-04-06,20240406,2024-04-09,3,Rejected
EVT002591,APP01352,REQ0031,S1,2024-04-06,20240406,2024-04-09,3,Rejected
EVT002592,APP01353,REQ0031,S1,2024-04-18,20240418,2024-04-20,2,Rejected
EVT002593,APP01354,REQ0031,S1,2024-03-31,20240331,2024-04-01,1,Rejected
EVT002594,APP01355,REQ0031,S1,2024-03-27,20240327,2024-03-29,2,Rejected
EVT002595,APP01356,REQ0031,S1,2024-04-13,20240413,2024-04-14,1,Rejected
EVT002596,APP01357,REQ0031,S1,2024-04-05,20240405,2024-04-06,1,Rejected
EVT002597,APP01358,REQ0031,S1,2024-04-21,20240421,2024-04-22,1,Advanced
EVT002598,APP01358,REQ0031,S2,2024-04-22,20240422,2024-04-27,5,Advanced
EVT002599,APP01358,REQ0031,S3,2024-04-27,20240427,2024-05-03,6,Rejected
EVT002600,APP01359,REQ0031,S1,2024-04-16,20240416,2024-04-17,1,Advanced
EVT002601,APP01359,REQ0031,S2,2024-04-17,20240417,2024-04-19,2,Rejected
EVT002602,APP01360,REQ0031,S1,2024-04-11,20240411,2024-04-12,1,Advanced
EVT002603,APP01360,REQ0031,S2,2024-04-12,20240412,2024-04-16,4,Rejected
EVT002604,APP01361,REQ0031,S1,2024-04-19,20240419,2024-04-20,1,Advanced
EVT002605,APP01361,REQ0031,S2,2024-04-20,20240420,2024-04-21,1,Advanced
EVT002606,APP01361,REQ0031,S3,2024-04-21,20240421,2024-04-26,5,Advanced
EVT002607,APP01361,REQ0031,S4,2024-04-26,20240426,2024-05-04,8,Rejected
EVT002608,APP01362,REQ0031,S1,2024-04-20,20240420,2024-04-22,2,Rejected
EVT002609,APP01363,REQ0031,S1,2024-04-01,20240401,2024-04-02,1,Advanced
EVT002610,APP01363,REQ0031,S2,2024-04-02,20240402,2024-04-03,1,Advanced
EVT002611,APP01363,REQ0031,S3,2024-04-03,20240403,2024-04-07,4,Advanced
EVT002612,APP01363,REQ0031,S4,2024-04-07,20240407,2024-04-10,3,Advanced
EVT002613,APP01363,REQ0031,S5,2024-04-10,20240410,2024-04-16,6,Advanced
EVT002614,APP01363,REQ0031,S6,2024-04-16,20240416,2024-04-25,9,Rejected
EVT002615,APP01364,REQ0031,S1,2024-04-09,20240409,2024-04-10,1,Rejected
EVT002616,APP01365,REQ0031,S1,2024-04-07,20240407,2024-04-08,1,Advanced
EVT002617,APP01365,REQ0031,S2,2024-04-08,20240408,2024-04-13,5,Rejected
EVT002618,APP01366,REQ0032,S1,2024-10-03,20241003,2024-10-04,1,Advanced
EVT002619,APP01366,REQ0032,S2,2024-10-04,20241004,2024-10-07,3,Advanced
EVT002620,APP01366,REQ0032,S3,2024-10-07,20241007,2024-10-20,13,Advanced
EVT002621,APP01366,REQ0032,S4,2024-10-20,20241020,2024-10-25,5,Advanced
EVT002622,APP01366,REQ0032,S5,2024-10-25,20241025,2024-11-05,11,Rejected
EVT002623,APP01367,REQ0032,S1,2024-10-03,20241003,2024-10-04,1,Rejected
EVT002624,APP01368,REQ0032,S1,2024-09-23,20240923,2024-09-26,3,Rejected
EVT002625,APP01369,REQ0032,S1,2024-09-23,20240923,2024-09-24,1,Rejected
EVT002626,APP01370,REQ0032,S1,2024-10-01,20241001,2024-10-04,3,Rejected
EVT002627,APP01371,REQ0032,S1,2024-09-23,20240923,2024-09-24,1,Advanced
EVT002628,APP01371,REQ0032,S2,2024-09-24,20240924,2024-09-26,2,Rejected
EVT002629,APP01372,REQ0032,S1,2024-10-11,20241011,2024-10-14,3,Rejected
EVT002630,APP01373,REQ0032,S1,2024-10-12,20241012,2024-10-15,3,Rejected
EVT002631,APP01374,REQ0032,S1,2024-10-11,20241011,2024-10-13,2,Advanced
EVT002632,APP01374,REQ0032,S2,2024-10-13,20241013,2024-10-15,2,Rejected
EVT002633,APP01375,REQ0032,S1,2024-10-03,20241003,2024-10-04,1,Advanced
EVT002634,APP01375,REQ0032,S2,2024-10-04,20241004,2024-10-05,1,Advanced
EVT002635,APP01375,REQ0032,S3,2024-10-05,20241005,2024-10-14,9,Rejected
EVT002636,APP01376,REQ0032,S1,2024-10-13,20241013,2024-10-14,1,Rejected
EVT002637,APP01377,REQ0032,S1,2024-10-06,20241006,2024-10-07,1,Advanced
EVT002638,APP01377,REQ0032,S2,2024-10-07,20241007,2024-10-11,4,Advanced
EVT002639,APP01377,REQ0032,S3,2024-10-11,20241011,2024-10-25,14,Advanced
EVT002640,APP01377,REQ0032,S4,2024-10-25,20241025,2024-10-29,4,Advanced
EVT002641,APP01377,REQ0032,S5,2024-10-29,20241029,2024-11-07,9,Advanced
EVT002642,APP01377,REQ0032,S6,2024-11-07,20241107,2024-11-13,6,Rejected
EVT002643,APP01378,REQ0032,S1,2024-10-01,20241001,2024-10-03,2,Advanced
EVT002644,APP01378,REQ0032,S2,2024-10-03,20241003,2024-10-05,2,Advanced
EVT002645,APP01378,REQ0032,S3,2024-10-05,20241005,2024-10-12,7,Rejected
EVT002646,APP01379,REQ0032,S1,2024-09-28,20240928,2024-09-30,2,Rejected
EVT002647,APP01380,REQ0032,S1,2024-10-12,20241012,2024-10-13,1,Rejected
EVT002648,APP01381,REQ0032,S1,2024-09-23,20240923,2024-09-26,3,Advanced
EVT002649,APP01381,REQ0032,S2,2024-09-26,20240926,2024-09-30,4,Advanced
EVT002650,APP01381,REQ0032,S3,2024-09-30,20240930,2024-10-10,10,Advanced
EVT002651,APP01381,REQ0032,S4,2024-10-10,20241010,2024-10-18,8,Advanced
EVT002652,APP01381,REQ0032,S5,2024-10-18,20241018,2024-10-23,5,Advanced
EVT002653,APP01381,REQ0032,S6,2024-10-23,20241023,2024-10-26,3,Advanced
EVT002654,APP01381,REQ0032,S7,2024-10-26,20241026,2024-11-05,10,Advanced
EVT002655,APP01381,REQ0032,S8,2024-11-05,20241105,2024-11-05,0,Hired
EVT002656,APP01382,REQ0032,S1,2024-10-13,20241013,2024-10-14,1,Rejected
EVT002657,APP01383,REQ0032,S1,2024-10-13,20241013,2024-10-15,2,Advanced
EVT002658,APP01383,REQ0032,S2,2024-10-15,20241015,2024-10-20,5,Rejected
EVT002659,APP01384,REQ0032,S1,2024-10-14,20241014,2024-10-17,3,Advanced
EVT002660,APP01384,REQ0032,S2,2024-10-17,20241017,2024-10-19,2,Advanced
EVT002661,APP01384,REQ0032,S3,2024-10-19,20241019,2024-10-27,8,Advanced
EVT002662,APP01384,REQ0032,S4,2024-10-27,20241027,2024-10-30,3,Rejected
EVT002663,APP01385,REQ0032,S1,2024-10-02,20241002,2024-10-05,3,Advanced
EVT002664,APP01385,REQ0032,S2,2024-10-05,20241005,2024-10-09,4,Rejected
EVT002665,APP01386,REQ0032,S1,2024-09-26,20240926,2024-09-28,2,Advanced
EVT002666,APP01386,REQ0032,S2,2024-09-28,20240928,2024-09-30,2,Rejected
EVT002667,APP01387,REQ0032,S1,2024-09-24,20240924,2024-09-26,2,Rejected
EVT002668,APP01388,REQ0032,S1,2024-10-02,20241002,2024-10-05,3,Rejected
EVT002669,APP01389,REQ0032,S1,2024-09-27,20240927,2024-09-29,2,Rejected
EVT002670,APP01390,REQ0032,S1,2024-10-07,20241007,2024-10-08,1,Rejected
EVT002671,APP01391,REQ0032,S1,2024-10-05,20241005,2024-10-07,2,Advanced
EVT002672,APP01391,REQ0032,S2,2024-10-07,20241007,2024-10-08,1,Advanced
EVT002673,APP01391,REQ0032,S3,2024-10-08,20241008,2024-10-17,9,Rejected
EVT002674,APP01392,REQ0032,S1,2024-10-09,20241009,2024-10-11,2,Advanced
EVT002675,APP01392,REQ0032,S2,2024-10-11,20241011,2024-10-14,3,Rejected
EVT002676,APP01393,REQ0032,S1,2024-09-28,20240928,2024-10-01,3,Rejected
EVT002677,APP01394,REQ0032,S1,2024-09-29,20240929,2024-09-30,1,Rejected
EVT002678,APP01395,REQ0032,S1,2024-10-06,20241006,2024-10-07,1,Advanced
EVT002679,APP01395,REQ0032,S2,2024-10-07,20241007,2024-10-10,3,Advanced
EVT002680,APP01395,REQ0032,S3,2024-10-10,20241010,2024-10-18,8,Advanced
EVT002681,APP01395,REQ0032,S4,2024-10-18,20241018,2024-10-21,3,Advanced
EVT002682,APP01395,REQ0032,S5,2024-10-21,20241021,2024-10-27,6,Advanced
EVT002683,APP01395,REQ0032,S6,2024-10-27,20241027,2024-11-02,6,Rejected
EVT002684,APP01396,REQ0032,S1,2024-10-02,20241002,2024-10-03,1,Advanced
EVT002685,APP01396,REQ0032,S2,2024-10-03,20241003,2024-10-06,3,Advanced
EVT002686,APP01396,REQ0032,S3,2024-10-06,20241006,2024-10-10,4,Advanced
EVT002687,APP01396,REQ0032,S4,2024-10-10,20241010,2024-10-13,3,Advanced
EVT002688,APP01396,REQ0032,S5,2024-10-13,20241013,2024-10-23,10,Advanced
EVT002689,APP01396,REQ0032,S6,2024-10-23,20241023,2024-10-28,5,Advanced
EVT002690,APP01396,REQ0032,S7,2024-10-28,20241028,2024-11-02,5,Advanced
EVT002691,APP01396,REQ0032,S8,2024-11-02,20241102,2024-11-02,0,Hired
EVT002692,APP01397,REQ0032,S1,2024-10-11,20241011,2024-10-14,3,Rejected
EVT002693,APP01398,REQ0032,S1,2024-10-09,20241009,2024-10-10,1,Advanced
EVT002694,APP01398,REQ0032,S2,2024-10-10,20241010,2024-10-14,4,Advanced
EVT002695,APP01398,REQ0032,S3,2024-10-14,20241014,2024-10-18,4,Rejected
EVT002696,APP01399,REQ0032,S1,2024-09-26,20240926,2024-09-28,2,Rejected
EVT002697,APP01400,REQ0032,S1,2024-09-27,20240927,2024-09-29,2,Rejected
EVT002698,APP01401,REQ0032,S1,2024-09-30,20240930,2024-10-02,2,Advanced
EVT002699,APP01401,REQ0032,S2,2024-10-02,20241002,2024-10-04,2,Advanced
EVT002700,APP01401,REQ0032,S3,2024-10-04,20241004,2024-10-12,8,Rejected
EVT002701,APP01402,REQ0032,S1,2024-09-30,20240930,2024-10-01,1,Rejected
EVT002702,APP01403,REQ0032,S1,2024-10-03,20241003,2024-10-04,1,Rejected
EVT002703,APP01404,REQ0032,S1,2024-09-24,20240924,2024-09-26,2,Rejected
EVT002704,APP01405,REQ0032,S1,2024-09-30,20240930,2024-10-01,1,Advanced
EVT002705,APP01405,REQ0032,S2,2024-10-01,20241001,2024-10-05,4,Advanced
EVT002706,APP01405,REQ0032,S3,2024-10-05,20241005,2024-10-16,11,Rejected
EVT002707,APP01406,REQ0032,S1,2024-10-07,20241007,2024-10-10,3,Rejected
EVT002708,APP01407,REQ0032,S1,2024-10-01,20241001,2024-10-04,3,Rejected
EVT002709,APP01408,REQ0032,S1,2024-10-11,20241011,2024-10-14,3,Rejected
EVT002710,APP01409,REQ0032,S1,2024-10-10,20241010,2024-10-12,2,Rejected
EVT002711,APP01410,REQ0032,S1,2024-10-09,20241009,2024-10-10,1,Rejected
EVT002712,APP01411,REQ0032,S1,2024-09-27,20240927,2024-09-28,1,Rejected
EVT002713,APP01412,REQ0032,S1,2024-10-13,20241013,2024-10-14,1,Rejected
EVT002714,APP01413,REQ0032,S1,2024-09-27,20240927,2024-09-30,3,Rejected
EVT002715,APP01414,REQ0032,S1,2024-09-30,20240930,2024-10-02,2,Rejected
EVT002716,APP01415,REQ0032,S1,2024-10-03,20241003,2024-10-05,2,Rejected
EVT002717,APP01416,REQ0032,S1,2024-10-11,20241011,2024-10-13,2,Rejected
EVT002718,APP01417,REQ0032,S1,2024-10-13,20241013,2024-10-14,1,Rejected
EVT002719,APP01418,REQ0032,S1,2024-10-10,20241010,2024-10-12,2,Rejected
EVT002720,APP01419,REQ0032,S1,2024-10-13,20241013,2024-10-16,3,Advanced
EVT002721,APP01419,REQ0032,S2,2024-10-16,20241016,2024-10-22,6,Advanced
EVT002722,APP01419,REQ0032,S3,2024-10-22,20241022,2024-11-05,14,Rejected
EVT002723,APP01420,REQ0032,S1,2024-10-14,20241014,2024-10-15,1,Advanced
EVT002724,APP01420,REQ0032,S2,2024-10-15,20241015,2024-10-17,2,Rejected
EVT002725,APP01421,REQ0032,S1,2024-09-24,20240924,2024-09-25,1,Rejected
EVT002726,APP01422,REQ0032,S1,2024-09-24,20240924,2024-09-27,3,Rejected
EVT002727,APP01423,REQ0032,S1,2024-10-11,20241011,2024-10-12,1,Advanced
EVT002728,APP01423,REQ0032,S2,2024-10-12,20241012,2024-10-14,2,Rejected
EVT002729,APP01424,REQ0032,S1,2024-10-09,20241009,2024-10-10,1,Advanced
EVT002730,APP01424,REQ0032,S2,2024-10-10,20241010,2024-10-14,4,Advanced
EVT002731,APP01424,REQ0032,S3,2024-10-14,20241014,2024-10-23,9,Rejected
EVT002732,APP01425,REQ0032,S1,2024-10-06,20241006,2024-10-09,3,Rejected
EVT002733,APP01426,REQ0032,S1,2024-10-02,20241002,2024-10-03,1,Advanced
EVT002734,APP01426,REQ0032,S2,2024-10-03,20241003,2024-10-07,4,Rejected
EVT002735,APP01427,REQ0032,S1,2024-09-30,20240930,2024-10-03,3,Rejected
EVT002736,APP01428,REQ0032,S1,2024-09-25,20240925,2024-09-26,1,Rejected
EVT002737,APP01429,REQ0033,S1,2026-05-30,20260530,2026-06-02,3,Advanced
EVT002738,APP01429,REQ0033,S2,2026-06-02,20260602,2026-06-06,4,Advanced
EVT002739,APP01429,REQ0033,S3,2026-06-06,20260606,2026-06-11,5,Rejected
EVT002740,APP01430,REQ0033,S1,2026-06-07,20260607,2026-06-10,3,Rejected
EVT002741,APP01431,REQ0033,S1,2026-06-26,20260626,2026-06-27,1,Rejected
EVT002742,APP01432,REQ0033,S1,2026-06-17,20260617,2026-06-19,2,Rejected
EVT002743,APP01433,REQ0033,S1,2026-05-31,20260531,2026-06-03,3,Advanced
EVT002744,APP01433,REQ0033,S2,2026-06-03,20260603,2026-06-09,6,Advanced
EVT002745,APP01433,REQ0033,S3,2026-06-09,20260609,2026-06-17,8,Advanced
EVT002746,APP01433,REQ0033,S4,2026-06-17,20260617,2026-06-22,5,Rejected
EVT002747,APP01434,REQ0033,S1,2026-05-14,20260514,2026-05-15,1,Rejected
EVT002748,APP01435,REQ0033,S1,2026-06-07,20260607,2026-06-08,1,Advanced
EVT002749,APP01435,REQ0033,S2,2026-06-08,20260608,2026-06-12,4,Advanced
EVT002750,APP01435,REQ0033,S3,2026-06-12,20260612,2026-06-19,7,Advanced
EVT002751,APP01435,REQ0033,S4,2026-06-19,20260619,2026-06-26,7,Rejected
EVT002752,APP01436,REQ0033,S1,2026-05-25,20260525,2026-05-26,1,Advanced
EVT002753,APP01436,REQ0033,S2,2026-05-26,20260526,2026-05-31,5,Rejected
EVT002754,APP01437,REQ0033,S1,2026-06-07,20260607,2026-06-08,1,Rejected
EVT002755,APP01438,REQ0033,S1,2026-05-23,20260523,2026-05-25,2,Rejected
EVT002756,APP01439,REQ0033,S1,2026-06-24,20260624,2026-06-25,1,Rejected
EVT002757,APP01440,REQ0033,S1,2026-06-24,20260624,2026-06-25,1,Advanced
EVT002758,APP01440,REQ0033,S2,2026-06-25,20260625,2026-06-27,2,Rejected
EVT002759,APP01441,REQ0033,S1,2026-06-06,20260606,2026-06-07,1,Rejected
EVT002760,APP01442,REQ0033,S1,2026-05-26,20260526,2026-05-28,2,Rejected
EVT002761,APP01443,REQ0033,S1,2026-06-16,20260616,2026-06-17,1,Rejected
EVT002762,APP01444,REQ0033,S1,2026-06-24,20260624,2026-06-25,1,Rejected
EVT002763,APP01445,REQ0033,S1,2026-06-15,20260615,2026-06-18,3,Rejected
EVT002764,APP01446,REQ0033,S1,2026-05-24,20260524,2026-05-25,1,Rejected
EVT002765,APP01447,REQ0033,S1,2026-06-02,20260602,2026-06-04,2,Advanced
EVT002766,APP01447,REQ0033,S2,2026-06-04,20260604,2026-06-06,2,Rejected
EVT002767,APP01448,REQ0033,S1,2026-05-20,20260520,2026-05-22,2,Advanced
EVT002768,APP01448,REQ0033,S2,2026-05-22,20260522,2026-05-24,2,Rejected
EVT002769,APP01449,REQ0033,S1,2026-05-15,20260515,2026-05-17,2,Rejected
EVT002770,APP01450,REQ0033,S1,2026-05-29,20260529,2026-05-31,2,Rejected
EVT002771,APP01451,REQ0033,S1,2026-05-14,20260514,2026-05-15,1,Advanced
EVT002772,APP01451,REQ0033,S2,2026-05-15,20260515,2026-05-19,4,Advanced
EVT002773,APP01451,REQ0033,S3,2026-05-19,20260519,2026-06-01,13,Advanced
EVT002774,APP01451,REQ0033,S4,2026-06-01,20260601,2026-06-09,8,Advanced
EVT002775,APP01451,REQ0033,S5,2026-06-09,20260609,2026-06-14,5,Rejected
EVT002776,APP01452,REQ0033,S1,2026-06-03,20260603,2026-06-06,3,Rejected
EVT002777,APP01453,REQ0033,S1,2026-06-20,20260620,2026-06-23,3,Rejected
EVT002778,APP01454,REQ0033,S1,2026-06-21,20260621,2026-06-24,3,Advanced
EVT002779,APP01454,REQ0033,S2,2026-06-24,20260624,2026-06-29,5,Rejected
EVT002780,APP01455,REQ0033,S1,2026-05-28,20260528,2026-05-30,2,Rejected
EVT002781,APP01456,REQ0033,S1,2026-05-25,20260525,2026-05-28,3,Advanced
EVT002782,APP01456,REQ0033,S2,2026-05-28,20260528,2026-05-31,3,Rejected
EVT002783,APP01457,REQ0033,S1,2026-05-30,20260530,2026-05-31,1,Rejected
EVT002784,APP01458,REQ0033,S1,2026-05-28,20260528,2026-05-29,1,Advanced
EVT002785,APP01458,REQ0033,S2,2026-05-29,20260529,2026-05-31,2,Advanced
EVT002786,APP01458,REQ0033,S3,2026-05-31,20260531,2026-06-05,5,Advanced
EVT002787,APP01458,REQ0033,S4,2026-06-05,20260605,2026-06-09,4,Advanced
EVT002788,APP01458,REQ0033,S5,2026-06-09,20260609,2026-06-19,10,Rejected
EVT002789,APP01459,REQ0033,S1,2026-05-26,20260526,2026-05-27,1,Rejected
EVT002790,APP01460,REQ0033,S1,2026-06-09,20260609,2026-06-11,2,Rejected
EVT002791,APP01461,REQ0033,S1,2026-06-19,20260619,2026-06-20,1,Advanced
EVT002792,APP01461,REQ0033,S2,2026-06-20,20260620,2026-06-22,2,Advanced
EVT002793,APP01461,REQ0033,S3,2026-06-22,20260622,2026-06-26,4,Rejected
EVT002794,APP01462,REQ0033,S1,2026-06-21,20260621,2026-06-23,2,Advanced
EVT002795,APP01462,REQ0033,S2,2026-06-23,20260623,2026-06-24,1,Advanced
EVT002796,APP01462,REQ0033,S3,2026-06-24,20260624,2026-06-29,5,Rejected
EVT002797,APP01463,REQ0033,S1,2026-06-07,20260607,2026-06-09,2,Rejected
EVT002798,APP01464,REQ0033,S1,2026-05-14,20260514,2026-05-15,1,Rejected
EVT002799,APP01465,REQ0033,S1,2026-05-31,20260531,2026-06-01,1,Advanced
EVT002800,APP01465,REQ0033,S2,2026-06-01,20260601,2026-06-03,2,Advanced
EVT002801,APP01465,REQ0033,S3,2026-06-03,20260603,2026-06-12,9,Rejected
EVT002802,APP01466,REQ0033,S1,2026-05-19,20260519,2026-05-20,1,Rejected
EVT002803,APP01467,REQ0033,S1,2026-06-19,20260619,2026-06-20,1,Rejected
EVT002804,APP01468,REQ0033,S1,2026-05-16,20260516,2026-05-18,2,Advanced
EVT002805,APP01468,REQ0033,S2,2026-05-18,20260518,2026-05-20,2,Advanced
EVT002806,APP01468,REQ0033,S3,2026-05-20,20260520,2026-05-26,6,Rejected
EVT002807,APP01469,REQ0033,S1,2026-05-30,20260530,2026-06-01,2,Rejected
EVT002808,APP01470,REQ0033,S1,2026-06-04,20260604,2026-06-07,3,Rejected
EVT002809,APP01471,REQ0033,S1,2026-06-22,20260622,2026-06-24,2,Advanced
EVT002810,APP01471,REQ0033,S2,2026-06-24,20260624,2026-06-30,6,Advanced
EVT002811,APP01471,REQ0033,S3,2026-06-30,20260630,,0,In Process
EVT002812,APP01472,REQ0034,S1,2024-11-18,20241118,2024-11-20,2,Rejected
EVT002813,APP01473,REQ0034,S1,2024-11-22,20241122,2024-11-25,3,Rejected
EVT002814,APP01474,REQ0034,S1,2024-11-25,20241125,2024-11-27,2,Rejected
EVT002815,APP01475,REQ0034,S1,2024-11-11,20241111,2024-11-14,3,Advanced
EVT002816,APP01475,REQ0034,S2,2024-11-14,20241114,2024-11-20,6,Rejected
EVT002817,APP01476,REQ0034,S1,2024-12-16,20241216,2024-12-17,1,Rejected
EVT002818,APP01477,REQ0034,S1,2024-11-17,20241117,2024-11-18,1,Advanced
EVT002819,APP01477,REQ0034,S2,2024-11-18,20241118,2024-11-21,3,Rejected
EVT002820,APP01478,REQ0034,S1,2024-11-28,20241128,2024-11-30,2,Rejected
EVT002821,APP01479,REQ0034,S1,2024-11-23,20241123,2024-11-24,1,Rejected
EVT002822,APP01480,REQ0034,S1,2024-12-14,20241214,2024-12-15,1,Advanced
EVT002823,APP01480,REQ0034,S2,2024-12-15,20241215,2024-12-20,5,Rejected
EVT002824,APP01481,REQ0034,S1,2024-11-13,20241113,2024-11-14,1,Rejected
EVT002825,APP01482,REQ0034,S1,2024-11-24,20241124,2024-11-25,1,Advanced
EVT002826,APP01482,REQ0034,S2,2024-11-25,20241125,2024-11-27,2,Rejected
EVT002827,APP01483,REQ0034,S1,2024-11-14,20241114,2024-11-17,3,Rejected
EVT002828,APP01484,REQ0034,S1,2024-12-04,20241204,2024-12-07,3,Rejected
EVT002829,APP01485,REQ0034,S1,2024-12-10,20241210,2024-12-11,1,Rejected
EVT002830,APP01486,REQ0034,S1,2024-12-03,20241203,2024-12-04,1,Rejected
EVT002831,APP01487,REQ0034,S1,2024-12-18,20241218,2024-12-19,1,Advanced
EVT002832,APP01487,REQ0034,S2,2024-12-19,20241219,2024-12-22,3,Rejected
EVT002833,APP01488,REQ0034,S1,2024-12-06,20241206,2024-12-09,3,Rejected
EVT002834,APP01489,REQ0034,S1,2024-12-01,20241201,2024-12-03,2,Advanced
EVT002835,APP01489,REQ0034,S2,2024-12-03,20241203,2024-12-06,3,Advanced
EVT002836,APP01489,REQ0034,S3,2024-12-06,20241206,2024-12-19,13,Rejected
EVT002837,APP01490,REQ0034,S1,2024-11-28,20241128,2024-11-30,2,Rejected
EVT002838,APP01491,REQ0034,S1,2024-11-22,20241122,2024-11-23,1,Rejected
EVT002839,APP01492,REQ0034,S1,2024-11-16,20241116,2024-11-18,2,Advanced
EVT002840,APP01492,REQ0034,S2,2024-11-18,20241118,2024-11-22,4,Advanced
EVT002841,APP01492,REQ0034,S3,2024-11-22,20241122,2024-12-06,14,Rejected
EVT002842,APP01493,REQ0034,S1,2024-11-11,20241111,2024-11-13,2,Advanced
EVT002843,APP01493,REQ0034,S2,2024-11-13,20241113,2024-11-18,5,Rejected
EVT002844,APP01494,REQ0034,S1,2024-11-09,20241109,2024-11-10,1,Rejected
EVT002845,APP01495,REQ0034,S1,2024-11-07,20241107,2024-11-08,1,Advanced
EVT002846,APP01495,REQ0034,S2,2024-11-08,20241108,2024-11-09,1,Advanced
EVT002847,APP01495,REQ0034,S3,2024-11-09,20241109,2024-11-18,9,Rejected
EVT002848,APP01496,REQ0034,S1,2024-11-22,20241122,2024-11-23,1,Rejected
EVT002849,APP01497,REQ0034,S1,2024-12-14,20241214,2024-12-16,2,Rejected
EVT002850,APP01498,REQ0034,S1,2024-11-29,20241129,2024-12-01,2,Rejected
EVT002851,APP01499,REQ0034,S1,2024-12-14,20241214,2024-12-15,1,Advanced
EVT002852,APP01499,REQ0034,S2,2024-12-15,20241215,2024-12-16,1,Rejected
EVT002853,APP01500,REQ0034,S1,2024-11-13,20241113,2024-11-15,2,Rejected
EVT002854,APP01501,REQ0034,S1,2024-11-29,20241129,2024-11-30,1,Advanced
EVT002855,APP01501,REQ0034,S2,2024-11-30,20241130,2024-12-05,5,Rejected
EVT002856,APP01502,REQ0034,S1,2024-12-05,20241205,2024-12-07,2,Advanced
EVT002857,APP01502,REQ0034,S2,2024-12-07,20241207,2024-12-09,2,Advanced
EVT002858,APP01502,REQ0034,S3,2024-12-09,20241209,2024-12-13,4,Advanced
EVT002859,APP01502,REQ0034,S4,2024-12-13,20241213,2024-12-16,3,Advanced
EVT002860,APP01502,REQ0034,S5,2024-12-16,20241216,2024-12-24,8,Advanced
EVT002861,APP01502,REQ0034,S6,2024-12-24,20241224,2024-12-27,3,Advanced
EVT002862,APP01502,REQ0034,S7,2024-12-27,20241227,2025-01-02,6,Advanced
EVT002863,APP01502,REQ0034,S8,2025-01-02,20250102,2025-01-02,0,Hired
EVT002864,APP01503,REQ0034,S1,2024-11-13,20241113,2024-11-14,1,Advanced
EVT002865,APP01503,REQ0034,S2,2024-11-14,20241114,2024-11-16,2,Advanced
EVT002866,APP01503,REQ0034,S3,2024-11-16,20241116,2024-11-20,4,Rejected
EVT002867,APP01504,REQ0034,S1,2024-11-09,20241109,2024-11-12,3,Rejected
EVT002868,APP01505,REQ0034,S1,2024-11-26,20241126,2024-11-27,1,Rejected
EVT002869,APP01506,REQ0034,S1,2024-11-30,20241130,2024-12-03,3,Rejected
EVT002870,APP01507,REQ0034,S1,2024-12-09,20241209,2024-12-11,2,Advanced
EVT002871,APP01507,REQ0034,S2,2024-12-11,20241211,2024-12-16,5,Advanced
EVT002872,APP01507,REQ0034,S3,2024-12-16,20241216,2024-12-24,8,Advanced
EVT002873,APP01507,REQ0034,S4,2024-12-24,20241224,2025-01-01,8,Advanced
EVT002874,APP01507,REQ0034,S5,2025-01-01,20250101,2025-01-12,11,Rejected
EVT002875,APP01508,REQ0034,S1,2024-11-08,20241108,2024-11-10,2,Advanced
EVT002876,APP01508,REQ0034,S2,2024-11-10,20241110,2024-11-14,4,Rejected
EVT002877,APP01509,REQ0034,S1,2024-12-05,20241205,2024-12-07,2,Rejected
EVT002878,APP01510,REQ0034,S1,2024-12-06,20241206,2024-12-08,2,Advanced
EVT002879,APP01510,REQ0034,S2,2024-12-08,20241208,2024-12-11,3,Advanced
EVT002880,APP01510,REQ0034,S3,2024-12-11,20241211,2024-12-23,12,Rejected
EVT002881,APP01511,REQ0034,S1,2024-12-16,20241216,2024-12-18,2,Rejected
EVT002882,APP01512,REQ0035,S1,2025-07-12,20250712,2025-07-15,3,Advanced
EVT002883,APP01512,REQ0035,S2,2025-07-15,20250715,2025-07-19,4,Advanced
EVT002884,APP01512,REQ0035,S3,2025-07-19,20250719,2025-07-24,5,Advanced
EVT002885,APP01512,REQ0035,S4,2025-07-24,20250724,2025-07-30,6,Advanced
EVT002886,APP01512,REQ0035,S5,2025-07-30,20250730,2025-08-04,5,Rejected
EVT002887,APP01513,REQ0035,S1,2025-07-14,20250714,2025-07-16,2,Rejected
EVT002888,APP01514,REQ0035,S1,2025-07-12,20250712,2025-07-13,1,Advanced
EVT002889,APP01514,REQ0035,S2,2025-07-13,20250713,2025-07-15,2,Advanced
EVT002890,APP01514,REQ0035,S3,2025-07-15,20250715,2025-07-22,7,Rejected
EVT002891,APP01515,REQ0035,S1,2025-07-18,20250718,2025-07-19,1,Rejected
EVT002892,APP01516,REQ0035,S1,2025-07-14,20250714,2025-07-17,3,Advanced
EVT002893,APP01516,REQ0035,S2,2025-07-17,20250717,2025-07-22,5,Advanced
EVT002894,APP01516,REQ0035,S3,2025-07-22,20250722,2025-08-02,11,Rejected
EVT002895,APP01517,REQ0035,S1,2025-07-10,20250710,2025-07-13,3,Advanced
EVT002896,APP01517,REQ0035,S2,2025-07-13,20250713,2025-07-17,4,Rejected
EVT002897,APP01518,REQ0035,S1,2025-07-03,20250703,2025-07-04,1,Rejected
EVT002898,APP01519,REQ0035,S1,2025-07-13,20250713,2025-07-16,3,Advanced
EVT002899,APP01519,REQ0035,S2,2025-07-16,20250716,2025-07-20,4,Advanced
EVT002900,APP01519,REQ0035,S3,2025-07-20,20250720,2025-07-31,11,Advanced
EVT002901,APP01519,REQ0035,S4,2025-07-31,20250731,2025-08-03,3,Advanced
EVT002902,APP01519,REQ0035,S5,2025-08-03,20250803,2025-08-11,8,Rejected
EVT002903,APP01520,REQ0035,S1,2025-07-07,20250707,2025-07-08,1,Advanced
EVT002904,APP01520,REQ0035,S2,2025-07-08,20250708,2025-07-10,2,Advanced
EVT002905,APP01520,REQ0035,S3,2025-07-10,20250710,2025-07-14,4,Rejected
EVT002906,APP01521,REQ0035,S1,2025-07-11,20250711,2025-07-12,1,Advanced
EVT002907,APP01521,REQ0035,S2,2025-07-12,20250712,2025-07-16,4,Advanced
EVT002908,APP01521,REQ0035,S3,2025-07-16,20250716,2025-07-23,7,Rejected
EVT002909,APP01522,REQ0035,S1,2025-07-06,20250706,2025-07-07,1,Advanced
EVT002910,APP01522,REQ0035,S2,2025-07-07,20250707,2025-07-09,2,Rejected
EVT002911,APP01523,REQ0035,S1,2025-07-12,20250712,2025-07-13,1,Rejected
EVT002912,APP01524,REQ0035,S1,2025-07-02,20250702,2025-07-03,1,Rejected
EVT002913,APP01525,REQ0035,S1,2025-07-10,20250710,2025-07-11,1,Rejected
EVT002914,APP01526,REQ0035,S1,2025-07-19,20250719,2025-07-22,3,Rejected
EVT002915,APP01527,REQ0035,S1,2025-07-07,20250707,2025-07-08,1,Rejected
EVT002916,APP01528,REQ0035,S1,2025-07-04,20250704,2025-07-06,2,Advanced
EVT002917,APP01528,REQ0035,S2,2025-07-06,20250706,2025-07-09,3,Rejected
EVT002918,APP01529,REQ0035,S1,2025-07-05,20250705,2025-07-08,3,Rejected
EVT002919,APP01530,REQ0035,S1,2025-07-16,20250716,2025-07-18,2,Rejected
EVT002920,APP01531,REQ0035,S1,2025-07-04,20250704,2025-07-06,2,Rejected
EVT002921,APP01532,REQ0035,S1,2025-07-18,20250718,2025-07-21,3,Rejected
EVT002922,APP01533,REQ0035,S1,2025-07-05,20250705,2025-07-06,1,Advanced
EVT002923,APP01533,REQ0035,S2,2025-07-06,20250706,2025-07-08,2,Rejected
EVT002924,APP01534,REQ0035,S1,2025-07-22,20250722,2025-07-23,1,Rejected
EVT002925,APP01535,REQ0035,S1,2025-07-11,20250711,2025-07-12,1,Advanced
EVT002926,APP01535,REQ0035,S2,2025-07-12,20250712,2025-07-17,5,Rejected
EVT002927,APP01536,REQ0035,S1,2025-07-13,20250713,2025-07-14,1,Rejected
EVT002928,APP01537,REQ0035,S1,2025-07-07,20250707,2025-07-10,3,Advanced
EVT002929,APP01537,REQ0035,S2,2025-07-10,20250710,2025-07-14,4,Rejected
EVT002930,APP01538,REQ0035,S1,2025-07-22,20250722,2025-07-24,2,Rejected
EVT002931,APP01539,REQ0035,S1,2025-07-02,20250702,2025-07-04,2,Advanced
EVT002932,APP01539,REQ0035,S2,2025-07-04,20250704,2025-07-06,2,Advanced
EVT002933,APP01539,REQ0035,S3,2025-07-06,20250706,2025-07-16,10,Rejected
EVT002934,APP01540,REQ0035,S1,2025-07-19,20250719,2025-07-20,1,Advanced
EVT002935,APP01540,REQ0035,S2,2025-07-20,20250720,2025-07-25,5,Rejected
EVT002936,APP01541,REQ0035,S1,2025-07-19,20250719,2025-07-20,1,Rejected
EVT002937,APP01542,REQ0035,S1,2025-07-01,20250701,2025-07-02,1,Rejected
EVT002938,APP01543,REQ0035,S1,2025-07-08,20250708,2025-07-10,2,Rejected
EVT002939,APP01544,REQ0035,S1,2025-07-08,20250708,2025-07-09,1,Rejected
EVT002940,APP01545,REQ0035,S1,2025-07-11,20250711,2025-07-13,2,Advanced
EVT002941,APP01545,REQ0035,S2,2025-07-13,20250713,2025-07-17,4,Rejected
EVT002942,APP01546,REQ0035,S1,2025-07-18,20250718,2025-07-20,2,Rejected
EVT002943,APP01547,REQ0035,S1,2025-07-01,20250701,2025-07-02,1,Advanced
EVT002944,APP01547,REQ0035,S2,2025-07-02,20250702,2025-07-07,5,Advanced
EVT002945,APP01547,REQ0035,S3,2025-07-07,20250707,2025-07-13,6,Rejected
EVT002946,APP01548,REQ0035,S1,2025-07-19,20250719,2025-07-20,1,Advanced
EVT002947,APP01548,REQ0035,S2,2025-07-20,20250720,2025-07-25,5,Advanced
EVT002948,APP01548,REQ0035,S3,2025-07-25,20250725,2025-08-04,10,Rejected
EVT002949,APP01549,REQ0035,S1,2025-07-01,20250701,2025-07-03,2,Rejected
EVT002950,APP01550,REQ0035,S1,2025-07-07,20250707,2025-07-09,2,Rejected
EVT002951,APP01551,REQ0035,S1,2025-07-04,20250704,2025-07-06,2,Advanced
EVT002952,APP01551,REQ0035,S2,2025-07-06,20250706,2025-07-09,3,Rejected
EVT002953,APP01552,REQ0035,S1,2025-07-09,20250709,2025-07-11,2,Advanced
EVT002954,APP01552,REQ0035,S2,2025-07-11,20250711,2025-07-14,3,Rejected
EVT002955,APP01553,REQ0035,S1,2025-07-15,20250715,2025-07-18,3,Advanced
EVT002956,APP01553,REQ0035,S2,2025-07-18,20250718,2025-07-23,5,Rejected
EVT002957,APP01554,REQ0035,S1,2025-07-22,20250722,2025-07-23,1,Rejected
EVT002958,APP01555,REQ0035,S1,2025-07-14,20250714,2025-07-16,2,Rejected
EVT002959,APP01556,REQ0035,S1,2025-07-22,20250722,2025-07-23,1,Rejected
EVT002960,APP01557,REQ0035,S1,2025-07-04,20250704,2025-07-07,3,Advanced
EVT002961,APP01557,REQ0035,S2,2025-07-07,20250707,2025-07-13,6,Rejected
EVT002962,APP01558,REQ0035,S1,2025-07-03,20250703,2025-07-04,1,Advanced
EVT002963,APP01558,REQ0035,S2,2025-07-04,20250704,2025-07-10,6,Advanced
EVT002964,APP01558,REQ0035,S3,2025-07-10,20250710,2025-07-19,9,Advanced
EVT002965,APP01558,REQ0035,S4,2025-07-19,20250719,2025-07-25,6,Advanced
EVT002966,APP01558,REQ0035,S5,2025-07-25,20250725,2025-07-29,4,Advanced
EVT002967,APP01558,REQ0035,S6,2025-07-29,20250729,2025-08-03,5,Advanced
EVT002968,APP01558,REQ0035,S7,2025-08-03,20250803,2025-08-07,4,Advanced
EVT002969,APP01558,REQ0035,S8,2025-08-07,20250807,2025-08-07,0,Hired
EVT002970,APP01559,REQ0035,S1,2025-07-16,20250716,2025-07-17,1,Advanced
EVT002971,APP01559,REQ0035,S2,2025-07-17,20250717,2025-07-21,4,Rejected
EVT002972,APP01560,REQ0035,S1,2025-07-19,20250719,2025-07-20,1,Rejected
EVT002973,APP01561,REQ0035,S1,2025-07-15,20250715,2025-07-18,3,Advanced
EVT002974,APP01561,REQ0035,S2,2025-07-18,20250718,2025-07-23,5,Rejected
EVT002975,APP01562,REQ0035,S1,2025-07-08,20250708,2025-07-09,1,Rejected
EVT002976,APP01563,REQ0035,S1,2025-07-17,20250717,2025-07-18,1,Rejected
EVT002977,APP01564,REQ0035,S1,2025-07-08,20250708,2025-07-09,1,Rejected
EVT002978,APP01565,REQ0035,S1,2025-07-10,20250710,2025-07-11,1,Advanced
EVT002979,APP01565,REQ0035,S2,2025-07-11,20250711,2025-07-13,2,Rejected
EVT002980,APP01566,REQ0035,S1,2025-07-01,20250701,2025-07-02,1,Rejected
EVT002981,APP01567,REQ0035,S1,2025-07-06,20250706,2025-07-07,1,Rejected
EVT002982,APP01568,REQ0035,S1,2025-07-14,20250714,2025-07-16,2,Rejected
EVT002983,APP01569,REQ0035,S1,2025-07-05,20250705,2025-07-07,2,Advanced
EVT002984,APP01569,REQ0035,S2,2025-07-07,20250707,2025-07-09,2,Advanced
EVT002985,APP01569,REQ0035,S3,2025-07-09,20250709,2025-07-20,11,Advanced
EVT002986,APP01569,REQ0035,S4,2025-07-20,20250720,2025-07-28,8,Advanced
EVT002987,APP01569,REQ0035,S5,2025-07-28,20250728,2025-08-06,9,Rejected
EVT002988,APP01570,REQ0035,S1,2025-07-15,20250715,2025-07-17,2,Rejected
EVT002989,APP01571,REQ0035,S1,2025-07-18,20250718,2025-07-20,2,Rejected
EVT002990,APP01572,REQ0035,S1,2025-07-18,20250718,2025-07-21,3,Rejected
EVT002991,APP01573,REQ0035,S1,2025-07-20,20250720,2025-07-22,2,Rejected
EVT002992,APP01574,REQ0035,S1,2025-07-06,20250706,2025-07-08,2,Rejected
EVT002993,APP01575,REQ0035,S1,2025-07-21,20250721,2025-07-23,2,Rejected
EVT002994,APP01576,REQ0035,S1,2025-07-20,20250720,2025-07-23,3,Rejected
EVT002995,APP01577,REQ0035,S1,2025-07-06,20250706,2025-07-08,2,Rejected
EVT002996,APP01578,REQ0036,S1,2025-07-20,20250720,2025-07-21,1,Rejected
EVT002997,APP01579,REQ0036,S1,2025-07-13,20250713,2025-07-15,2,Advanced
EVT002998,APP01579,REQ0036,S2,2025-07-15,20250715,2025-07-19,4,Rejected
EVT002999,APP01580,REQ0036,S1,2025-07-12,20250712,2025-07-14,2,Rejected
EVT003000,APP01581,REQ0036,S1,2025-07-19,20250719,2025-07-21,2,Rejected
EVT003001,APP01582,REQ0036,S1,2025-07-20,20250720,2025-07-23,3,Rejected
EVT003002,APP01583,REQ0036,S1,2025-07-10,20250710,2025-07-11,1,Advanced
EVT003003,APP01583,REQ0036,S2,2025-07-11,20250711,2025-07-16,5,Rejected
EVT003004,APP01584,REQ0036,S1,2025-07-20,20250720,2025-07-21,1,Advanced
EVT003005,APP01584,REQ0036,S2,2025-07-21,20250721,2025-07-25,4,Rejected
EVT003006,APP01585,REQ0036,S1,2025-07-23,20250723,2025-07-25,2,Rejected
EVT003007,APP01586,REQ0036,S1,2025-07-09,20250709,2025-07-10,1,Rejected
EVT003008,APP01587,REQ0036,S1,2025-07-03,20250703,2025-07-04,1,Rejected
EVT003009,APP01588,REQ0036,S1,2025-07-01,20250701,2025-07-02,1,Rejected
EVT003010,APP01589,REQ0036,S1,2025-07-21,20250721,2025-07-24,3,Rejected
EVT003011,APP01590,REQ0036,S1,2025-07-16,20250716,2025-07-19,3,Advanced
EVT003012,APP01590,REQ0036,S2,2025-07-19,20250719,2025-07-21,2,Rejected
EVT003013,APP01591,REQ0036,S1,2025-07-24,20250724,2025-07-27,3,Advanced
EVT003014,APP01591,REQ0036,S2,2025-07-27,20250727,2025-07-30,3,Advanced
EVT003015,APP01591,REQ0036,S3,2025-07-30,20250730,2025-08-08,9,Advanced
EVT003016,APP01591,REQ0036,S4,2025-08-08,20250808,2025-08-16,8,Rejected
EVT003017,APP01592,REQ0036,S1,2025-06-29,20250629,2025-07-01,2,Advanced
EVT003018,APP01592,REQ0036,S2,2025-07-01,20250701,2025-07-02,1,Rejected
EVT003019,APP01593,REQ0036,S1,2025-07-10,20250710,2025-07-13,3,Rejected
EVT003020,APP01594,REQ0036,S1,2025-07-14,20250714,2025-07-15,1,Rejected
EVT003021,APP01595,REQ0036,S1,2025-07-23,20250723,2025-07-25,2,Rejected
EVT003022,APP01596,REQ0036,S1,2025-06-28,20250628,2025-06-29,1,Advanced
EVT003023,APP01596,REQ0036,S2,2025-06-29,20250629,2025-07-01,2,Rejected
EVT003024,APP01597,REQ0036,S1,2025-07-06,20250706,2025-07-08,2,Rejected
EVT003025,APP01598,REQ0036,S1,2025-07-12,20250712,2025-07-14,2,Rejected
EVT003026,APP01599,REQ0036,S1,2025-07-24,20250724,2025-07-26,2,Rejected
EVT003027,APP01600,REQ0036,S1,2025-07-11,20250711,2025-07-13,2,Rejected
EVT003028,APP01601,REQ0036,S1,2025-07-23,20250723,2025-07-24,1,Rejected
EVT003029,APP01602,REQ0036,S1,2025-07-03,20250703,2025-07-05,2,Advanced
EVT003030,APP01602,REQ0036,S2,2025-07-05,20250705,2025-07-10,5,Rejected
EVT003031,APP01603,REQ0036,S1,2025-07-24,20250724,2025-07-25,1,Rejected
EVT003032,APP01604,REQ0036,S1,2025-07-06,20250706,2025-07-07,1,Rejected
EVT003033,APP01605,REQ0036,S1,2025-07-17,20250717,2025-07-19,2,Rejected
EVT003034,APP01606,REQ0036,S1,2025-07-13,20250713,2025-07-14,1,Advanced
EVT003035,APP01606,REQ0036,S2,2025-07-14,20250714,2025-07-16,2,Rejected
EVT003036,APP01607,REQ0036,S1,2025-07-12,20250712,2025-07-13,1,Rejected
EVT003037,APP01608,REQ0036,S1,2025-07-16,20250716,2025-07-19,3,Rejected
EVT003038,APP01609,REQ0036,S1,2025-07-23,20250723,2025-07-24,1,Rejected
EVT003039,APP01610,REQ0036,S1,2025-07-21,20250721,2025-07-23,2,Rejected
EVT003040,APP01611,REQ0036,S1,2025-07-06,20250706,2025-07-07,1,Advanced
EVT003041,APP01611,REQ0036,S2,2025-07-07,20250707,2025-07-13,6,Rejected
EVT003042,APP01612,REQ0036,S1,2025-07-01,20250701,2025-07-03,2,Rejected
EVT003043,APP01613,REQ0036,S1,2025-07-15,20250715,2025-07-17,2,Rejected
EVT003044,APP01614,REQ0036,S1,2025-06-29,20250629,2025-06-30,1,Rejected
EVT003045,APP01615,REQ0036,S1,2025-07-11,20250711,2025-07-12,1,Rejected
EVT003046,APP01616,REQ0036,S1,2025-07-09,20250709,2025-07-11,2,Rejected
EVT003047,APP01617,REQ0036,S1,2025-06-30,20250630,2025-07-03,3,Advanced
EVT003048,APP01617,REQ0036,S2,2025-07-03,20250703,2025-07-09,6,Advanced
EVT003049,APP01617,REQ0036,S3,2025-07-09,20250709,2025-07-15,6,Rejected
EVT003050,APP01618,REQ0036,S1,2025-07-23,20250723,2025-07-25,2,Rejected
EVT003051,APP01619,REQ0036,S1,2025-07-13,20250713,2025-07-14,1,Advanced
EVT003052,APP01619,REQ0036,S2,2025-07-14,20250714,2025-07-16,2,Rejected
EVT003053,APP01620,REQ0036,S1,2025-07-24,20250724,2025-07-26,2,Advanced
EVT003054,APP01620,REQ0036,S2,2025-07-26,20250726,2025-07-31,5,Rejected
EVT003055,APP01621,REQ0036,S1,2025-07-21,20250721,2025-07-22,1,Advanced
EVT003056,APP01621,REQ0036,S2,2025-07-22,20250722,2025-07-26,4,Advanced
EVT003057,APP01621,REQ0036,S3,2025-07-26,20250726,2025-08-06,11,Rejected
EVT003058,APP01622,REQ0036,S1,2025-07-05,20250705,2025-07-08,3,Rejected
EVT003059,APP01623,REQ0036,S1,2025-07-10,20250710,2025-07-13,3,Rejected
EVT003060,APP01624,REQ0036,S1,2025-07-08,20250708,2025-07-09,1,Advanced
EVT003061,APP01624,REQ0036,S2,2025-07-09,20250709,2025-07-11,2,Rejected
EVT003062,APP01625,REQ0036,S1,2025-07-06,20250706,2025-07-07,1,Advanced
EVT003063,APP01625,REQ0036,S2,2025-07-07,20250707,2025-07-13,6,Advanced
EVT003064,APP01625,REQ0036,S3,2025-07-13,20250713,2025-07-26,13,Advanced
EVT003065,APP01625,REQ0036,S4,2025-07-26,20250726,2025-08-02,7,Advanced
EVT003066,APP01625,REQ0036,S5,2025-08-02,20250802,2025-08-11,9,Advanced
EVT003067,APP01625,REQ0036,S6,2025-08-11,20250811,2025-08-19,8,Rejected
EVT003068,APP01626,REQ0036,S1,2025-07-10,20250710,2025-07-11,1,Advanced
EVT003069,APP01626,REQ0036,S2,2025-07-11,20250711,2025-07-13,2,Advanced
EVT003070,APP01626,REQ0036,S3,2025-07-13,20250713,2025-07-15,2,Advanced
EVT003071,APP01626,REQ0036,S4,2025-07-15,20250715,2025-07-19,4,Advanced
EVT003072,APP01626,REQ0036,S5,2025-07-19,20250719,2025-07-23,4,Advanced
EVT003073,APP01626,REQ0036,S6,2025-07-23,20250723,2025-07-30,7,Advanced
EVT003074,APP01626,REQ0036,S7,2025-07-30,20250730,2025-08-04,5,Advanced
EVT003075,APP01626,REQ0036,S8,2025-08-04,20250804,2025-08-04,0,Hired
EVT003076,APP01627,REQ0036,S1,2025-07-04,20250704,2025-07-06,2,Advanced
EVT003077,APP01627,REQ0036,S2,2025-07-06,20250706,2025-07-09,3,Advanced
EVT003078,APP01627,REQ0036,S3,2025-07-09,20250709,2025-07-18,9,Rejected
EVT003079,APP01628,REQ0036,S1,2025-07-18,20250718,2025-07-19,1,Advanced
EVT003080,APP01628,REQ0036,S2,2025-07-19,20250719,2025-07-23,4,Rejected
EVT003081,APP01629,REQ0036,S1,2025-07-03,20250703,2025-07-06,3,Advanced
EVT003082,APP01629,REQ0036,S2,2025-07-06,20250706,2025-07-09,3,Rejected
EVT003083,APP01630,REQ0036,S1,2025-07-15,20250715,2025-07-16,1,Rejected
EVT003084,APP01631,REQ0036,S1,2025-07-09,20250709,2025-07-11,2,Rejected
EVT003085,APP01632,REQ0036,S1,2025-07-09,20250709,2025-07-10,1,Rejected
EVT003086,APP01633,REQ0036,S1,2025-07-22,20250722,2025-07-23,1,Advanced
EVT003087,APP01633,REQ0036,S2,2025-07-23,20250723,2025-07-28,5,Rejected
EVT003088,APP01634,REQ0036,S1,2025-07-05,20250705,2025-07-06,1,Advanced
EVT003089,APP01634,REQ0036,S2,2025-07-06,20250706,2025-07-08,2,Rejected
EVT003090,APP01635,REQ0036,S1,2025-07-02,20250702,2025-07-05,3,Rejected
EVT003091,APP01636,REQ0036,S1,2025-07-13,20250713,2025-07-15,2,Advanced
EVT003092,APP01636,REQ0036,S2,2025-07-15,20250715,2025-07-17,2,Advanced
EVT003093,APP01636,REQ0036,S3,2025-07-17,20250717,2025-07-30,13,Rejected
EVT003094,APP01637,REQ0036,S1,2025-07-14,20250714,2025-07-15,1,Advanced
EVT003095,APP01637,REQ0036,S2,2025-07-15,20250715,2025-07-19,4,Advanced
EVT003096,APP01637,REQ0036,S3,2025-07-19,20250719,2025-08-02,14,Rejected
EVT003097,APP01638,REQ0036,S1,2025-07-21,20250721,2025-07-22,1,Advanced
EVT003098,APP01638,REQ0036,S2,2025-07-22,20250722,2025-07-26,4,Rejected
EVT003099,APP01639,REQ0036,S1,2025-07-05,20250705,2025-07-08,3,Rejected
EVT003100,APP01640,REQ0036,S1,2025-07-21,20250721,2025-07-22,1,Advanced
EVT003101,APP01640,REQ0036,S2,2025-07-22,20250722,2025-07-25,3,Rejected
EVT003102,APP01641,REQ0036,S1,2025-07-21,20250721,2025-07-22,1,Advanced
EVT003103,APP01641,REQ0036,S2,2025-07-22,20250722,2025-07-26,4,Advanced
EVT003104,APP01641,REQ0036,S3,2025-07-26,20250726,2025-08-07,12,Advanced
EVT003105,APP01641,REQ0036,S4,2025-08-07,20250807,2025-08-12,5,Advanced
EVT003106,APP01641,REQ0036,S5,2025-08-12,20250812,2025-08-17,5,Rejected
EVT003107,APP01642,REQ0036,S1,2025-07-08,20250708,2025-07-11,3,Advanced
EVT003108,APP01642,REQ0036,S2,2025-07-11,20250711,2025-07-15,4,Rejected
EVT003109,APP01643,REQ0036,S1,2025-07-19,20250719,2025-07-21,2,Rejected
EVT003110,APP01644,REQ0036,S1,2025-07-20,20250720,2025-07-21,1,Advanced
EVT003111,APP01644,REQ0036,S2,2025-07-21,20250721,2025-07-23,2,Advanced
EVT003112,APP01644,REQ0036,S3,2025-07-23,20250723,2025-08-05,13,Advanced
EVT003113,APP01644,REQ0036,S4,2025-08-05,20250805,2025-08-08,3,Advanced
EVT003114,APP01644,REQ0036,S5,2025-08-08,20250808,2025-08-14,6,Advanced
EVT003115,APP01644,REQ0036,S6,2025-08-14,20250814,2025-08-20,6,Rejected
EVT003116,APP01645,REQ0036,S1,2025-07-24,20250724,2025-07-27,3,Rejected
EVT003117,APP01646,REQ0036,S1,2025-07-19,20250719,2025-07-20,1,Advanced
EVT003118,APP01646,REQ0036,S2,2025-07-20,20250720,2025-07-23,3,Advanced
EVT003119,APP01646,REQ0036,S3,2025-07-23,20250723,2025-07-26,3,Advanced
EVT003120,APP01646,REQ0036,S4,2025-07-26,20250726,2025-08-01,6,Advanced
EVT003121,APP01646,REQ0036,S5,2025-08-01,20250801,2025-08-12,11,Advanced
EVT003122,APP01646,REQ0036,S6,2025-08-12,20250812,2025-08-16,4,Advanced
EVT003123,APP01646,REQ0036,S7,2025-08-16,20250816,2025-08-26,10,Rejected
EVT003124,APP01647,REQ0037,S1,2024-06-25,20240625,2024-06-27,2,Advanced
EVT003125,APP01647,REQ0037,S2,2024-06-27,20240627,2024-07-01,4,Rejected
EVT003126,APP01648,REQ0037,S1,2024-05-30,20240530,2024-05-31,1,Advanced
EVT003127,APP01648,REQ0037,S2,2024-05-31,20240531,2024-06-03,3,Advanced
EVT003128,APP01648,REQ0037,S3,2024-06-03,20240603,2024-06-10,7,Rejected
EVT003129,APP01649,REQ0037,S1,2024-06-22,20240622,2024-06-25,3,Advanced
EVT003130,APP01649,REQ0037,S2,2024-06-25,20240625,2024-06-30,5,Advanced
EVT003131,APP01649,REQ0037,S3,2024-06-30,20240630,2024-07-09,9,Advanced
EVT003132,APP01649,REQ0037,S4,2024-07-09,20240709,2024-07-15,6,Advanced
EVT003133,APP01649,REQ0037,S5,2024-07-15,20240715,2024-07-19,4,Advanced
EVT003134,APP01649,REQ0037,S6,2024-07-19,20240719,2024-07-23,4,Rejected
EVT003135,APP01650,REQ0037,S1,2024-05-24,20240524,2024-05-25,1,Advanced
EVT003136,APP01650,REQ0037,S2,2024-05-25,20240525,2024-05-29,4,Advanced
EVT003137,APP01650,REQ0037,S3,2024-05-29,20240529,2024-06-07,9,Advanced
EVT003138,APP01650,REQ0037,S4,2024-06-07,20240607,2024-06-11,4,Advanced
EVT003139,APP01650,REQ0037,S5,2024-06-11,20240611,2024-06-22,11,Advanced
EVT003140,APP01650,REQ0037,S6,2024-06-22,20240622,2024-06-30,8,Rejected
EVT003141,APP01651,REQ0037,S1,2024-06-02,20240602,2024-06-04,2,Rejected
EVT003142,APP01652,REQ0037,S1,2024-06-22,20240622,2024-06-24,2,Rejected
EVT003143,APP01653,REQ0037,S1,2024-06-25,20240625,2024-06-27,2,Advanced
EVT003144,APP01653,REQ0037,S2,2024-06-27,20240627,2024-06-29,2,Advanced
EVT003145,APP01653,REQ0037,S3,2024-06-29,20240629,2024-07-06,7,Advanced
EVT003146,APP01653,REQ0037,S4,2024-07-06,20240706,2024-07-12,6,Advanced
EVT003147,APP01653,REQ0037,S5,2024-07-12,20240712,2024-07-20,8,Rejected
EVT003148,APP01654,REQ0037,S1,2024-05-25,20240525,2024-05-26,1,Advanced
EVT003149,APP01654,REQ0037,S2,2024-05-26,20240526,2024-05-29,3,Rejected
EVT003150,APP01655,REQ0037,S1,2024-06-06,20240606,2024-06-07,1,Advanced
EVT003151,APP01655,REQ0037,S2,2024-06-07,20240607,2024-06-11,4,Advanced
EVT003152,APP01655,REQ0037,S3,2024-06-11,20240611,2024-06-16,5,Rejected
EVT003153,APP01656,REQ0037,S1,2024-06-28,20240628,2024-07-01,3,Rejected
EVT003154,APP01657,REQ0037,S1,2024-06-15,20240615,2024-06-17,2,Rejected
EVT003155,APP01658,REQ0037,S1,2024-05-20,20240520,2024-05-22,2,Advanced
EVT003156,APP01658,REQ0037,S2,2024-05-22,20240522,2024-05-26,4,Advanced
EVT003157,APP01658,REQ0037,S3,2024-05-26,20240526,2024-06-09,14,Advanced
EVT003158,APP01658,REQ0037,S4,2024-06-09,20240609,2024-06-12,3,Advanced
EVT003159,APP01658,REQ0037,S5,2024-06-12,20240612,2024-06-19,7,Advanced
EVT003160,APP01658,REQ0037,S6,2024-06-19,20240619,2024-06-24,5,Advanced
EVT003161,APP01658,REQ0037,S7,2024-06-24,20240624,2024-07-04,10,Rejected
EVT003162,APP01659,REQ0037,S1,2024-05-20,20240520,2024-05-21,1,Advanced
EVT003163,APP01659,REQ0037,S2,2024-05-21,20240521,2024-05-25,4,Advanced
EVT003164,APP01659,REQ0037,S3,2024-05-25,20240525,2024-06-01,7,Rejected
EVT003165,APP01660,REQ0037,S1,2024-06-04,20240604,2024-06-06,2,Rejected
EVT003166,APP01661,REQ0037,S1,2024-06-09,20240609,2024-06-11,2,Rejected
EVT003167,APP01662,REQ0037,S1,2024-06-24,20240624,2024-06-25,1,Rejected
EVT003168,APP01663,REQ0037,S1,2024-06-24,20240624,2024-06-26,2,Advanced
EVT003169,APP01663,REQ0037,S2,2024-06-26,20240626,2024-07-02,6,Advanced
EVT003170,APP01663,REQ0037,S3,2024-07-02,20240702,2024-07-11,9,Advanced
EVT003171,APP01663,REQ0037,S4,2024-07-11,20240711,2024-07-16,5,Advanced
EVT003172,APP01663,REQ0037,S5,2024-07-16,20240716,2024-07-20,4,Advanced
EVT003173,APP01663,REQ0037,S6,2024-07-20,20240720,2024-07-23,3,Advanced
EVT003174,APP01663,REQ0037,S7,2024-07-23,20240723,2024-07-28,5,Advanced
EVT003175,APP01663,REQ0037,S8,2024-07-28,20240728,2024-07-28,0,Hired
EVT003176,APP01664,REQ0037,S1,2024-06-01,20240601,2024-06-02,1,Rejected
EVT003177,APP01665,REQ0037,S1,2024-06-09,20240609,2024-06-11,2,Rejected
EVT003178,APP01666,REQ0037,S1,2024-06-21,20240621,2024-06-24,3,Rejected
EVT003179,APP01667,REQ0037,S1,2024-06-16,20240616,2024-06-17,1,Advanced
EVT003180,APP01667,REQ0037,S2,2024-06-17,20240617,2024-06-20,3,Advanced
EVT003181,APP01667,REQ0037,S3,2024-06-20,20240620,2024-06-24,4,Rejected
EVT003182,APP01668,REQ0037,S1,2024-06-08,20240608,2024-06-11,3,Advanced
EVT003183,APP01668,REQ0037,S2,2024-06-11,20240611,2024-06-15,4,Advanced
EVT003184,APP01668,REQ0037,S3,2024-06-15,20240615,2024-06-20,5,Rejected
EVT003185,APP01669,REQ0037,S1,2024-06-22,20240622,2024-06-23,1,Rejected
EVT003186,APP01670,REQ0037,S1,2024-06-20,20240620,2024-06-23,3,Advanced
EVT003187,APP01670,REQ0037,S2,2024-06-23,20240623,2024-06-25,2,Rejected
EVT003188,APP01671,REQ0037,S1,2024-06-23,20240623,2024-06-24,1,Rejected
EVT003189,APP01672,REQ0037,S1,2024-06-25,20240625,2024-06-28,3,Advanced
EVT003190,APP01672,REQ0037,S2,2024-06-28,20240628,2024-06-30,2,Advanced
EVT003191,APP01672,REQ0037,S3,2024-06-30,20240630,2024-07-07,7,Advanced
EVT003192,APP01672,REQ0037,S4,2024-07-07,20240707,2024-07-13,6,Rejected
EVT003193,APP01673,REQ0037,S1,2024-06-19,20240619,2024-06-20,1,Rejected
EVT003194,APP01674,REQ0037,S1,2024-05-31,20240531,2024-06-02,2,Rejected
EVT003195,APP01675,REQ0037,S1,2024-05-27,20240527,2024-05-28,1,Rejected
EVT003196,APP01676,REQ0037,S1,2024-06-26,20240626,2024-06-28,2,Advanced
EVT003197,APP01676,REQ0037,S2,2024-06-28,20240628,2024-07-01,3,Rejected
EVT003198,APP01677,REQ0037,S1,2024-06-05,20240605,2024-06-08,3,Rejected
EVT003199,APP01678,REQ0037,S1,2024-06-20,20240620,2024-06-21,1,Rejected
EVT003200,APP01679,REQ0037,S1,2024-06-23,20240623,2024-06-26,3,Advanced
EVT003201,APP01679,REQ0037,S2,2024-06-26,20240626,2024-06-30,4,Advanced
EVT003202,APP01679,REQ0037,S3,2024-06-30,20240630,2024-07-08,8,Rejected
EVT003203,APP01680,REQ0037,S1,2024-06-14,20240614,2024-06-17,3,Rejected
EVT003204,APP01681,REQ0037,S1,2024-05-31,20240531,2024-06-03,3,Rejected
EVT003205,APP01682,REQ0037,S1,2024-06-22,20240622,2024-06-25,3,Advanced
EVT003206,APP01682,REQ0037,S2,2024-06-25,20240625,2024-06-30,5,Rejected
EVT003207,APP01683,REQ0037,S1,2024-06-14,20240614,2024-06-17,3,Rejected
EVT003208,APP01684,REQ0037,S1,2024-06-19,20240619,2024-06-21,2,Advanced
EVT003209,APP01684,REQ0037,S2,2024-06-21,20240621,2024-06-25,4,Rejected
EVT003210,APP01685,REQ0037,S1,2024-05-28,20240528,2024-05-30,2,Rejected
EVT003211,APP01686,REQ0037,S1,2024-06-27,20240627,2024-06-28,1,Advanced
EVT003212,APP01686,REQ0037,S2,2024-06-28,20240628,2024-07-02,4,Advanced
EVT003213,APP01686,REQ0037,S3,2024-07-02,20240702,2024-07-12,10,Advanced
EVT003214,APP01686,REQ0037,S4,2024-07-12,20240712,2024-07-18,6,Advanced
EVT003215,APP01686,REQ0037,S5,2024-07-18,20240718,2024-07-25,7,Advanced
EVT003216,APP01686,REQ0037,S6,2024-07-25,20240725,2024-08-03,9,Advanced
EVT003217,APP01686,REQ0037,S7,2024-08-03,20240803,2024-08-14,11,Advanced
EVT003218,APP01686,REQ0037,S8,2024-08-14,20240814,2024-08-14,0,Hired
EVT003219,APP01687,REQ0037,S1,2024-06-09,20240609,2024-06-10,1,Advanced
EVT003220,APP01687,REQ0037,S2,2024-06-10,20240610,2024-06-12,2,Rejected
EVT003221,APP01688,REQ0037,S1,2024-05-22,20240522,2024-05-24,2,Advanced
EVT003222,APP01688,REQ0037,S2,2024-05-24,20240524,2024-05-26,2,Rejected
EVT003223,APP01689,REQ0037,S1,2024-06-01,20240601,2024-06-02,1,Advanced
EVT003224,APP01689,REQ0037,S2,2024-06-02,20240602,2024-06-04,2,Advanced
EVT003225,APP01689,REQ0037,S3,2024-06-04,20240604,2024-06-08,4,Advanced
EVT003226,APP01689,REQ0037,S4,2024-06-08,20240608,2024-06-14,6,Advanced
EVT003227,APP01689,REQ0037,S5,2024-06-14,20240614,2024-06-22,8,Advanced
EVT003228,APP01689,REQ0037,S6,2024-06-22,20240622,2024-06-28,6,Rejected
EVT003229,APP01690,REQ0037,S1,2024-06-13,20240613,2024-06-14,1,Rejected
EVT003230,APP01691,REQ0037,S1,2024-05-24,20240524,2024-05-26,2,Advanced
EVT003231,APP01691,REQ0037,S2,2024-05-26,20240526,2024-05-27,1,Advanced
EVT003232,APP01691,REQ0037,S3,2024-05-27,20240527,2024-06-03,7,Rejected
EVT003233,APP01692,REQ0037,S1,2024-06-08,20240608,2024-06-09,1,Rejected
EVT003234,APP01693,REQ0037,S1,2024-05-28,20240528,2024-05-31,3,Rejected
EVT003235,APP01694,REQ0037,S1,2024-06-20,20240620,2024-06-22,2,Advanced
EVT003236,APP01694,REQ0037,S2,2024-06-22,20240622,2024-06-24,2,Advanced
EVT003237,APP01694,REQ0037,S3,2024-06-24,20240624,2024-07-01,7,Rejected
EVT003238,APP01695,REQ0037,S1,2024-06-14,20240614,2024-06-17,3,Rejected
EVT003239,APP01696,REQ0037,S1,2024-06-29,20240629,2024-06-30,1,Advanced
EVT003240,APP01696,REQ0037,S2,2024-06-30,20240630,2024-07-04,4,Advanced
EVT003241,APP01696,REQ0037,S3,2024-07-04,20240704,2024-07-12,8,Rejected
EVT003242,APP01697,REQ0037,S1,2024-05-21,20240521,2024-05-24,3,Advanced
EVT003243,APP01697,REQ0037,S2,2024-05-24,20240524,2024-05-30,6,Advanced
EVT003244,APP01697,REQ0037,S3,2024-05-30,20240530,2024-06-07,8,Rejected
EVT003245,APP01698,REQ0037,S1,2024-05-31,20240531,2024-06-01,1,Rejected
EVT003246,APP01699,REQ0037,S1,2024-06-24,20240624,2024-06-26,2,Advanced
EVT003247,APP01699,REQ0037,S2,2024-06-26,20240626,2024-07-02,6,Rejected
EVT003248,APP01700,REQ0037,S1,2024-06-01,20240601,2024-06-03,2,Rejected
EVT003249,APP01701,REQ0037,S1,2024-05-22,20240522,2024-05-24,2,Advanced
EVT003250,APP01701,REQ0037,S2,2024-05-24,20240524,2024-05-27,3,Rejected
EVT003251,APP01702,REQ0037,S1,2024-06-14,20240614,2024-06-16,2,Rejected
EVT003252,APP01703,REQ0037,S1,2024-06-03,20240603,2024-06-04,1,Rejected
EVT003253,APP01704,REQ0037,S1,2024-06-18,20240618,2024-06-21,3,Advanced
EVT003254,APP01704,REQ0037,S2,2024-06-21,20240621,2024-06-24,3,Rejected
EVT003255,APP01705,REQ0037,S1,2024-06-11,20240611,2024-06-12,1,Rejected
EVT003256,APP01706,REQ0037,S1,2024-06-15,20240615,2024-06-16,1,Advanced
EVT003257,APP01706,REQ0037,S2,2024-06-16,20240616,2024-06-19,3,Rejected
EVT003258,APP01707,REQ0038,S1,2025-10-11,20251011,2025-10-12,1,Advanced
EVT003259,APP01707,REQ0038,S2,2025-10-12,20251012,2025-10-16,4,Advanced
EVT003260,APP01707,REQ0038,S3,2025-10-16,20251016,2025-10-25,9,Rejected
EVT003261,APP01708,REQ0038,S1,2025-10-13,20251013,2025-10-15,2,Advanced
EVT003262,APP01708,REQ0038,S2,2025-10-15,20251015,2025-10-16,1,Advanced
EVT003263,APP01708,REQ0038,S3,2025-10-16,20251016,2025-10-21,5,Rejected
EVT003264,APP01709,REQ0038,S1,2025-10-23,20251023,2025-10-25,2,Rejected
EVT003265,APP01710,REQ0038,S1,2025-11-08,20251108,2025-11-10,2,Rejected
EVT003266,APP01711,REQ0038,S1,2025-10-04,20251004,2025-10-05,1,Rejected
EVT003267,APP01712,REQ0038,S1,2025-10-05,20251005,2025-10-06,1,Rejected
EVT003268,APP01713,REQ0038,S1,2025-12-05,20251205,2025-12-08,3,Advanced
EVT003269,APP01713,REQ0038,S2,2025-12-08,20251208,2025-12-10,2,Advanced
EVT003270,APP01713,REQ0038,S3,2025-12-10,20251210,2025-12-20,10,Advanced
EVT003271,APP01713,REQ0038,S4,2025-12-20,20251220,2025-12-23,3,Rejected
EVT003272,APP01714,REQ0038,S1,2025-10-08,20251008,2025-10-09,1,Advanced
EVT003273,APP01714,REQ0038,S2,2025-10-09,20251009,2025-10-12,3,Rejected
EVT003274,APP01715,REQ0038,S1,2025-11-16,20251116,2025-11-19,3,Rejected
EVT003275,APP01716,REQ0038,S1,2025-10-26,20251026,2025-10-28,2,Rejected
EVT003276,APP01717,REQ0038,S1,2025-11-08,20251108,2025-11-09,1,Advanced
EVT003277,APP01717,REQ0038,S2,2025-11-09,20251109,2025-11-11,2,Advanced
EVT003278,APP01717,REQ0038,S3,2025-11-11,20251111,2025-11-15,4,Advanced
EVT003279,APP01717,REQ0038,S4,2025-11-15,20251115,2025-11-20,5,Advanced
EVT003280,APP01717,REQ0038,S5,2025-11-20,20251120,2025-11-27,7,Advanced
EVT003281,APP01717,REQ0038,S6,2025-11-27,20251127,2025-12-02,5,Advanced
EVT003282,APP01717,REQ0038,S7,2025-12-02,20251202,2025-12-10,8,Advanced
EVT003283,APP01717,REQ0038,S8,2025-12-10,20251210,2025-12-10,0,Hired
EVT003284,APP01718,REQ0038,S1,2025-12-03,20251203,2025-12-05,2,Rejected
EVT003285,APP01719,REQ0038,S1,2025-10-07,20251007,2025-10-09,2,Rejected
EVT003286,APP01720,REQ0038,S1,2025-11-26,20251126,2025-11-27,1,Rejected
EVT003287,APP01721,REQ0038,S1,2025-10-28,20251028,2025-10-30,2,Rejected
EVT003288,APP01722,REQ0038,S1,2025-10-19,20251019,2025-10-20,1,Rejected
EVT003289,APP01723,REQ0038,S1,2025-10-04,20251004,2025-10-06,2,Rejected
EVT003290,APP01724,REQ0038,S1,2025-10-12,20251012,2025-10-14,2,Advanced
EVT003291,APP01724,REQ0038,S2,2025-10-14,20251014,2025-10-18,4,Rejected
EVT003292,APP01725,REQ0038,S1,2025-12-03,20251203,2025-12-06,3,Rejected
EVT003293,APP01726,REQ0038,S1,2025-10-22,20251022,2025-10-23,1,Rejected
EVT003294,APP01727,REQ0038,S1,2025-10-10,20251010,2025-10-13,3,Advanced
EVT003295,APP01727,REQ0038,S2,2025-10-13,20251013,2025-10-17,4,Advanced
EVT003296,APP01727,REQ0038,S3,2025-10-17,20251017,2025-10-23,6,Advanced
EVT003297,APP01727,REQ0038,S4,2025-10-23,20251023,2025-10-30,7,Advanced
EVT003298,APP01727,REQ0038,S5,2025-10-30,20251030,2025-11-07,8,Rejected
EVT003299,APP01728,REQ0038,S1,2025-12-01,20251201,2025-12-03,2,Advanced
EVT003300,APP01728,REQ0038,S2,2025-12-03,20251203,2025-12-05,2,Rejected
EVT003301,APP01729,REQ0038,S1,2025-10-30,20251030,2025-11-01,2,Rejected
EVT003302,APP01730,REQ0038,S1,2025-11-10,20251110,2025-11-13,3,Rejected
EVT003303,APP01731,REQ0038,S1,2025-10-29,20251029,2025-10-31,2,Rejected
EVT003304,APP01732,REQ0038,S1,2025-10-07,20251007,2025-10-09,2,Advanced
EVT003305,APP01732,REQ0038,S2,2025-10-09,20251009,2025-10-11,2,Advanced
EVT003306,APP01732,REQ0038,S3,2025-10-11,20251011,2025-10-14,3,Rejected
EVT003307,APP01733,REQ0038,S1,2025-11-23,20251123,2025-11-25,2,Advanced
EVT003308,APP01733,REQ0038,S2,2025-11-25,20251125,2025-11-27,2,Rejected
EVT003309,APP01734,REQ0038,S1,2025-10-04,20251004,2025-10-05,1,Rejected
EVT003310,APP01735,REQ0038,S1,2025-11-04,20251104,2025-11-06,2,Rejected
EVT003311,APP01736,REQ0038,S1,2025-10-17,20251017,2025-10-18,1,Advanced
EVT003312,APP01736,REQ0038,S2,2025-10-18,20251018,2025-10-19,1,Rejected
EVT003313,APP01737,REQ0038,S1,2025-12-06,20251206,2025-12-07,1,Advanced
EVT003314,APP01737,REQ0038,S2,2025-12-07,20251207,2025-12-10,3,Rejected
EVT003315,APP01738,REQ0038,S1,2025-10-16,20251016,2025-10-18,2,Rejected
EVT003316,APP01739,REQ0038,S1,2025-10-08,20251008,2025-10-10,2,Rejected
EVT003317,APP01740,REQ0038,S1,2025-11-21,20251121,2025-11-22,1,Advanced
EVT003318,APP01740,REQ0038,S2,2025-11-22,20251122,2025-11-25,3,Rejected
EVT003319,APP01741,REQ0038,S1,2025-10-28,20251028,2025-10-29,1,Rejected
EVT003320,APP01742,REQ0038,S1,2025-10-19,20251019,2025-10-21,2,Rejected
EVT003321,APP01743,REQ0038,S1,2025-10-30,20251030,2025-10-31,1,Advanced
EVT003322,APP01743,REQ0038,S2,2025-10-31,20251031,2025-11-02,2,Rejected
EVT003323,APP01744,REQ0038,S1,2025-11-16,20251116,2025-11-17,1,Advanced
EVT003324,APP01744,REQ0038,S2,2025-11-17,20251117,2025-11-20,3,Rejected
EVT003325,APP01745,REQ0038,S1,2025-11-26,20251126,2025-11-28,2,Advanced
EVT003326,APP01745,REQ0038,S2,2025-11-28,20251128,2025-11-29,1,Advanced
EVT003327,APP01745,REQ0038,S3,2025-11-29,20251129,2025-12-03,4,Advanced
EVT003328,APP01745,REQ0038,S4,2025-12-03,20251203,2025-12-11,8,Advanced
EVT003329,APP01745,REQ0038,S5,2025-12-11,20251211,2025-12-21,10,Advanced
EVT003330,APP01745,REQ0038,S6,2025-12-21,20251221,2025-12-27,6,Advanced
EVT003331,APP01745,REQ0038,S7,2025-12-27,20251227,2025-12-31,4,Advanced
EVT003332,APP01745,REQ0038,S8,2025-12-31,20251231,2025-12-31,0,Hired
EVT003333,APP01746,REQ0038,S1,2025-10-31,20251031,2025-11-03,3,Advanced
EVT003334,APP01746,REQ0038,S2,2025-11-03,20251103,2025-11-07,4,Advanced
EVT003335,APP01746,REQ0038,S3,2025-11-07,20251107,2025-11-13,6,Rejected
EVT003336,APP01747,REQ0038,S1,2025-10-25,20251025,2025-10-26,1,Advanced
EVT003337,APP01747,REQ0038,S2,2025-10-26,20251026,2025-10-29,3,Advanced
EVT003338,APP01747,REQ0038,S3,2025-10-29,20251029,2025-11-02,4,Rejected
EVT003339,APP01748,REQ0038,S1,2025-12-08,20251208,2025-12-09,1,Rejected
EVT003340,APP01749,REQ0038,S1,2025-10-12,20251012,2025-10-14,2,Rejected
EVT003341,APP01750,REQ0038,S1,2025-11-29,20251129,2025-12-01,2,Rejected
EVT003342,APP01751,REQ0038,S1,2025-12-02,20251202,2025-12-03,1,Advanced
EVT003343,APP01751,REQ0038,S2,2025-12-03,20251203,2025-12-06,3,Advanced
EVT003344,APP01751,REQ0038,S3,2025-12-06,20251206,2025-12-16,10,Advanced
EVT003345,APP01751,REQ0038,S4,2025-12-16,20251216,2025-12-21,5,Advanced
EVT003346,APP01751,REQ0038,S5,2025-12-21,20251221,2025-12-31,10,Advanced
EVT003347,APP01751,REQ0038,S6,2025-12-31,20251231,2026-01-04,4,Rejected
EVT003348,APP01752,REQ0038,S1,2025-11-23,20251123,2025-11-25,2,Advanced
EVT003349,APP01752,REQ0038,S2,2025-11-25,20251125,2025-11-27,2,Rejected
EVT003350,APP01753,REQ0038,S1,2025-11-24,20251124,2025-11-26,2,Rejected
EVT003351,APP01754,REQ0038,S1,2025-11-07,20251107,2025-11-08,1,Advanced
EVT003352,APP01754,REQ0038,S2,2025-11-08,20251108,2025-11-11,3,Advanced
EVT003353,APP01754,REQ0038,S3,2025-11-11,20251111,2025-11-20,9,Advanced
EVT003354,APP01754,REQ0038,S4,2025-11-20,20251120,2025-11-25,5,Rejected
EVT003355,APP01755,REQ0038,S1,2025-11-14,20251114,2025-11-16,2,Rejected
EVT003356,APP01756,REQ0038,S1,2025-10-18,20251018,2025-10-19,1,Advanced
EVT003357,APP01756,REQ0038,S2,2025-10-19,20251019,2025-10-21,2,Advanced
EVT003358,APP01756,REQ0038,S3,2025-10-21,20251021,2025-10-25,4,Rejected
EVT003359,APP01757,REQ0038,S1,2025-11-23,20251123,2025-11-25,2,Advanced
EVT003360,APP01757,REQ0038,S2,2025-11-25,20251125,2025-11-27,2,Rejected
EVT003361,APP01758,REQ0038,S1,2025-10-29,20251029,2025-11-01,3,Rejected
EVT003362,APP01759,REQ0038,S1,2025-11-27,20251127,2025-11-30,3,Advanced
EVT003363,APP01759,REQ0038,S2,2025-11-30,20251130,2025-12-04,4,Rejected
EVT003364,APP01760,REQ0038,S1,2025-10-05,20251005,2025-10-07,2,Rejected
EVT003365,APP01761,REQ0038,S1,2025-11-04,20251104,2025-11-06,2,Advanced
EVT003366,APP01761,REQ0038,S2,2025-11-06,20251106,2025-11-09,3,Advanced
EVT003367,APP01761,REQ0038,S3,2025-11-09,20251109,2025-11-16,7,Advanced
EVT003368,APP01761,REQ0038,S4,2025-11-16,20251116,2025-11-24,8,Advanced
EVT003369,APP01761,REQ0038,S5,2025-11-24,20251124,2025-12-04,10,Rejected
EVT003370,APP01762,REQ0038,S1,2025-11-21,20251121,2025-11-23,2,Rejected
EVT003371,APP01763,REQ0038,S1,2025-11-14,20251114,2025-11-16,2,Advanced
EVT003372,APP01763,REQ0038,S2,2025-11-16,20251116,2025-11-19,3,Advanced
EVT003373,APP01763,REQ0038,S3,2025-11-19,20251119,2025-11-26,7,Advanced
EVT003374,APP01763,REQ0038,S4,2025-11-26,20251126,2025-12-02,6,Advanced
EVT003375,APP01763,REQ0038,S5,2025-12-02,20251202,2025-12-13,11,Advanced
EVT003376,APP01763,REQ0038,S6,2025-12-13,20251213,2025-12-16,3,Rejected
EVT003377,APP01764,REQ0038,S1,2025-11-27,20251127,2025-11-29,2,Advanced
EVT003378,APP01764,REQ0038,S2,2025-11-29,20251129,2025-12-03,4,Rejected
EVT003379,APP01765,REQ0038,S1,2025-11-02,20251102,2025-11-03,1,Advanced
EVT003380,APP01765,REQ0038,S2,2025-11-03,20251103,2025-11-05,2,Rejected
EVT003381,APP01766,REQ0038,S1,2025-10-03,20251003,2025-10-04,1,Rejected
EVT003382,APP01767,REQ0038,S1,2025-11-26,20251126,2025-11-27,1,Rejected
EVT003383,APP01768,REQ0038,S1,2025-11-09,20251109,2025-11-10,1,Rejected
EVT003384,APP01769,REQ0038,S1,2025-10-28,20251028,2025-10-29,1,Advanced
EVT003385,APP01769,REQ0038,S2,2025-10-29,20251029,2025-11-02,4,Advanced
EVT003386,APP01769,REQ0038,S3,2025-11-02,20251102,2025-11-05,3,Rejected
EVT003387,APP01770,REQ0038,S1,2025-11-27,20251127,2025-11-29,2,Advanced
EVT003388,APP01770,REQ0038,S2,2025-11-29,20251129,2025-11-30,1,Advanced
EVT003389,APP01770,REQ0038,S3,2025-11-30,20251130,2025-12-09,9,Rejected
EVT003390,APP01771,REQ0038,S1,2025-11-22,20251122,2025-11-25,3,Advanced
EVT003391,APP01771,REQ0038,S2,2025-11-25,20251125,2025-11-30,5,Rejected
EVT003392,APP01772,REQ0038,S1,2025-10-04,20251004,2025-10-07,3,Rejected
EVT003393,APP01773,REQ0038,S1,2025-10-15,20251015,2025-10-16,1,Advanced
EVT003394,APP01773,REQ0038,S2,2025-10-16,20251016,2025-10-17,1,Advanced
EVT003395,APP01773,REQ0038,S3,2025-10-17,20251017,2025-10-24,7,Rejected
EVT003396,APP01774,REQ0038,S1,2025-10-21,20251021,2025-10-22,1,Rejected
EVT003397,APP01775,REQ0039,S1,2024-05-19,20240519,2024-05-20,1,Advanced
EVT003398,APP01775,REQ0039,S2,2024-05-20,20240520,2024-05-23,3,Advanced
EVT003399,APP01775,REQ0039,S3,2024-05-23,20240523,2024-05-28,5,Rejected
EVT003400,APP01776,REQ0039,S1,2024-05-17,20240517,2024-05-18,1,Advanced
EVT003401,APP01776,REQ0039,S2,2024-05-18,20240518,2024-05-19,1,Advanced
EVT003402,APP01776,REQ0039,S3,2024-05-19,20240519,2024-05-26,7,Rejected
EVT003403,APP01777,REQ0039,S1,2024-05-17,20240517,2024-05-19,2,Advanced
EVT003404,APP01777,REQ0039,S2,2024-05-19,20240519,2024-05-23,4,Rejected
EVT003405,APP01778,REQ0039,S1,2024-05-15,20240515,2024-05-17,2,Advanced
EVT003406,APP01778,REQ0039,S2,2024-05-17,20240517,2024-05-20,3,Rejected
EVT003407,APP01779,REQ0039,S1,2024-05-13,20240513,2024-05-14,1,Rejected
EVT003408,APP01780,REQ0039,S1,2024-05-04,20240504,2024-05-06,2,Advanced
EVT003409,APP01780,REQ0039,S2,2024-05-06,20240506,2024-05-09,3,Advanced
EVT003410,APP01780,REQ0039,S3,2024-05-09,20240509,2024-05-14,5,Rejected
EVT003411,APP01781,REQ0039,S1,2024-05-02,20240502,2024-05-03,1,Rejected
EVT003412,APP01782,REQ0039,S1,2024-05-28,20240528,2024-05-31,3,Rejected
EVT003413,APP01783,REQ0039,S1,2024-05-02,20240502,2024-05-04,2,Rejected
EVT003414,APP01784,REQ0039,S1,2024-05-18,20240518,2024-05-19,1,Rejected
EVT003415,APP01785,REQ0039,S1,2024-05-04,20240504,2024-05-06,2,Rejected
EVT003416,APP01786,REQ0039,S1,2024-05-31,20240531,2024-06-02,2,Advanced
EVT003417,APP01786,REQ0039,S2,2024-06-02,20240602,2024-06-07,5,Advanced
EVT003418,APP01786,REQ0039,S3,2024-06-07,20240607,2024-06-14,7,Advanced
EVT003419,APP01786,REQ0039,S4,2024-06-14,20240614,2024-06-21,7,Rejected
EVT003420,APP01787,REQ0039,S1,2024-05-15,20240515,2024-05-16,1,Rejected
EVT003421,APP01788,REQ0039,S1,2024-05-05,20240505,2024-05-07,2,Rejected
EVT003422,APP01789,REQ0039,S1,2024-05-06,20240506,2024-05-08,2,Advanced
EVT003423,APP01789,REQ0039,S2,2024-05-08,20240508,2024-05-13,5,Advanced
EVT003424,APP01789,REQ0039,S3,2024-05-13,20240513,2024-05-25,12,Rejected
EVT003425,APP01790,REQ0039,S1,2024-05-16,20240516,2024-05-17,1,Rejected
EVT003426,APP01791,REQ0039,S1,2024-05-12,20240512,2024-05-15,3,Rejected
EVT003427,APP01792,REQ0039,S1,2024-05-01,20240501,2024-05-02,1,Rejected
EVT003428,APP01793,REQ0039,S1,2024-05-16,20240516,2024-05-18,2,Advanced
EVT003429,APP01793,REQ0039,S2,2024-05-18,20240518,2024-05-22,4,Rejected
EVT003430,APP01794,REQ0039,S1,2024-05-09,20240509,2024-05-11,2,Rejected
EVT003431,APP01795,REQ0039,S1,2024-05-21,20240521,2024-05-24,3,Advanced
EVT003432,APP01795,REQ0039,S2,2024-05-24,20240524,2024-05-30,6,Rejected
EVT003433,APP01796,REQ0039,S1,2024-05-05,20240505,2024-05-07,2,Rejected
EVT003434,APP01797,REQ0039,S1,2024-05-25,20240525,2024-05-27,2,Advanced
EVT003435,APP01797,REQ0039,S2,2024-05-27,20240527,2024-05-29,2,Advanced
EVT003436,APP01797,REQ0039,S3,2024-05-29,20240529,2024-05-31,2,Advanced
EVT003437,APP01797,REQ0039,S4,2024-05-31,20240531,2024-06-05,5,Advanced
EVT003438,APP01797,REQ0039,S5,2024-06-05,20240605,2024-06-12,7,Rejected
EVT003439,APP01798,REQ0039,S1,2024-05-11,20240511,2024-05-13,2,Rejected
EVT003440,APP01799,REQ0039,S1,2024-05-17,20240517,2024-05-19,2,Rejected
EVT003441,APP01800,REQ0039,S1,2024-05-23,20240523,2024-05-24,1,Rejected
EVT003442,APP01801,REQ0039,S1,2024-05-05,20240505,2024-05-08,3,Rejected
EVT003443,APP01802,REQ0039,S1,2024-05-07,20240507,2024-05-08,1,Rejected
EVT003444,APP01803,REQ0039,S1,2024-05-17,20240517,2024-05-18,1,Rejected
EVT003445,APP01804,REQ0039,S1,2024-05-06,20240506,2024-05-07,1,Rejected
EVT003446,APP01805,REQ0039,S1,2024-05-15,20240515,2024-05-16,1,Rejected
EVT003447,APP01806,REQ0039,S1,2024-05-21,20240521,2024-05-24,3,Rejected
EVT003448,APP01807,REQ0039,S1,2024-05-29,20240529,2024-05-30,1,Rejected
EVT003449,APP01808,REQ0039,S1,2024-05-24,20240524,2024-05-25,1,Advanced
EVT003450,APP01808,REQ0039,S2,2024-05-25,20240525,2024-05-27,2,Advanced
EVT003451,APP01808,REQ0039,S3,2024-05-27,20240527,2024-05-30,3,Rejected
EVT003452,APP01809,REQ0039,S1,2024-05-17,20240517,2024-05-18,1,Advanced
EVT003453,APP01809,REQ0039,S2,2024-05-18,20240518,2024-05-20,2,Advanced
EVT003454,APP01809,REQ0039,S3,2024-05-20,20240520,2024-05-27,7,Advanced
EVT003455,APP01809,REQ0039,S4,2024-05-27,20240527,2024-06-01,5,Advanced
EVT003456,APP01809,REQ0039,S5,2024-06-01,20240601,2024-06-11,10,Rejected
EVT003457,APP01810,REQ0039,S1,2024-05-07,20240507,2024-05-10,3,Rejected
EVT003458,APP01811,REQ0039,S1,2024-05-20,20240520,2024-05-21,1,Rejected
EVT003459,APP01812,REQ0039,S1,2024-05-12,20240512,2024-05-15,3,Advanced
EVT003460,APP01812,REQ0039,S2,2024-05-15,20240515,2024-05-17,2,Advanced
EVT003461,APP01812,REQ0039,S3,2024-05-17,20240517,2024-05-28,11,Rejected
EVT003462,APP01813,REQ0039,S1,2024-05-27,20240527,2024-05-30,3,Advanced
EVT003463,APP01813,REQ0039,S2,2024-05-30,20240530,2024-06-05,6,Rejected
EVT003464,APP01814,REQ0039,S1,2024-05-18,20240518,2024-05-21,3,Advanced
EVT003465,APP01814,REQ0039,S2,2024-05-21,20240521,2024-05-27,6,Advanced
EVT003466,APP01814,REQ0039,S3,2024-05-27,20240527,2024-05-31,4,Advanced
EVT003467,APP01814,REQ0039,S4,2024-05-31,20240531,2024-06-07,7,Advanced
EVT003468,APP01814,REQ0039,S5,2024-06-07,20240607,2024-06-12,5,Advanced
EVT003469,APP01814,REQ0039,S6,2024-06-12,20240612,2024-06-21,9,Advanced
EVT003470,APP01814,REQ0039,S7,2024-06-21,20240621,2024-06-25,4,Advanced
EVT003471,APP01814,REQ0039,S8,2024-06-25,20240625,2024-06-25,0,Hired
EVT003472,APP01815,REQ0039,S1,2024-05-12,20240512,2024-05-13,1,Advanced
EVT003473,APP01815,REQ0039,S2,2024-05-13,20240513,2024-05-19,6,Rejected
EVT003474,APP01816,REQ0039,S1,2024-05-19,20240519,2024-05-22,3,Advanced
EVT003475,APP01816,REQ0039,S2,2024-05-22,20240522,2024-05-25,3,Advanced
EVT003476,APP01816,REQ0039,S3,2024-05-25,20240525,2024-05-31,6,Rejected
EVT003477,APP01817,REQ0039,S1,2024-05-28,20240528,2024-05-29,1,Rejected
EVT003478,APP01818,REQ0039,S1,2024-05-27,20240527,2024-05-29,2,Advanced
EVT003479,APP01818,REQ0039,S2,2024-05-29,20240529,2024-06-04,6,Advanced
EVT003480,APP01818,REQ0039,S3,2024-06-04,20240604,2024-06-15,11,Advanced
EVT003481,APP01818,REQ0039,S4,2024-06-15,20240615,2024-06-22,7,Rejected
EVT003482,APP01819,REQ0039,S1,2024-05-18,20240518,2024-05-19,1,Rejected
EVT003483,APP01820,REQ0039,S1,2024-05-16,20240516,2024-05-18,2,Rejected
EVT003484,APP01821,REQ0039,S1,2024-05-22,20240522,2024-05-23,1,Rejected
EVT003485,APP01822,REQ0039,S1,2024-05-28,20240528,2024-05-29,1,Advanced
EVT003486,APP01822,REQ0039,S2,2024-05-29,20240529,2024-05-31,2,Advanced
EVT003487,APP01822,REQ0039,S3,2024-05-31,20240531,2024-06-05,5,Rejected
EVT003488,APP01823,REQ0039,S1,2024-05-18,20240518,2024-05-19,1,Rejected
EVT003489,APP01824,REQ0039,S1,2024-05-16,20240516,2024-05-17,1,Rejected
EVT003490,APP01825,REQ0039,S1,2024-05-30,20240530,2024-06-01,2,Rejected
EVT003491,APP01826,REQ0039,S1,2024-05-30,20240530,2024-05-31,1,Rejected
EVT003492,APP01827,REQ0039,S1,2024-05-19,20240519,2024-05-22,3,Advanced
EVT003493,APP01827,REQ0039,S2,2024-05-22,20240522,2024-05-25,3,Advanced
EVT003494,APP01827,REQ0039,S3,2024-05-25,20240525,2024-06-02,8,Rejected
EVT003495,APP01828,REQ0039,S1,2024-05-17,20240517,2024-05-18,1,Rejected
EVT003496,APP01829,REQ0039,S1,2024-05-24,20240524,2024-05-27,3,Advanced
EVT003497,APP01829,REQ0039,S2,2024-05-27,20240527,2024-05-31,4,Rejected
EVT003498,APP01830,REQ0039,S1,2024-05-26,20240526,2024-05-28,2,Advanced
EVT003499,APP01830,REQ0039,S2,2024-05-28,20240528,2024-06-02,5,Advanced
EVT003500,APP01830,REQ0039,S3,2024-06-02,20240602,2024-06-08,6,Rejected
EVT003501,APP01831,REQ0039,S1,2024-05-21,20240521,2024-05-22,1,Advanced
EVT003502,APP01831,REQ0039,S2,2024-05-22,20240522,2024-05-23,1,Advanced
EVT003503,APP01831,REQ0039,S3,2024-05-23,20240523,2024-05-29,6,Rejected
EVT003504,APP01832,REQ0039,S1,2024-05-27,20240527,2024-05-29,2,Advanced
EVT003505,APP01832,REQ0039,S2,2024-05-29,20240529,2024-06-02,4,Rejected
EVT003506,APP01833,REQ0039,S1,2024-05-26,20240526,2024-05-29,3,Advanced
EVT003507,APP01833,REQ0039,S2,2024-05-29,20240529,2024-05-31,2,Advanced
EVT003508,APP01833,REQ0039,S3,2024-05-31,20240531,2024-06-13,13,Rejected
EVT003509,APP01834,REQ0039,S1,2024-05-01,20240501,2024-05-02,1,Rejected
EVT003510,APP01835,REQ0040,S1,2025-10-16,20251016,2025-10-18,2,Advanced
EVT003511,APP01835,REQ0040,S2,2025-10-18,20251018,2025-10-23,5,Advanced
EVT003512,APP01835,REQ0040,S3,2025-10-23,20251023,2025-11-05,13,Advanced
EVT003513,APP01835,REQ0040,S4,2025-11-05,20251105,2025-11-11,6,Advanced
EVT003514,APP01835,REQ0040,S5,2025-11-11,20251111,2025-11-22,11,Advanced
EVT003515,APP01835,REQ0040,S6,2025-11-22,20251122,2025-11-28,6,Advanced
EVT003516,APP01835,REQ0040,S7,2025-11-28,20251128,2025-12-07,9,Advanced
EVT003517,APP01835,REQ0040,S8,2025-12-07,20251207,2025-12-07,0,Hired
EVT003518,APP01836,REQ0040,S1,2025-10-27,20251027,2025-10-28,1,Rejected
EVT003519,APP01837,REQ0040,S1,2025-11-21,20251121,2025-11-23,2,Advanced
EVT003520,APP01837,REQ0040,S2,2025-11-23,20251123,2025-11-27,4,Advanced
EVT003521,APP01837,REQ0040,S3,2025-11-27,20251127,2025-12-05,8,Rejected
EVT003522,APP01838,REQ0040,S1,2025-09-21,20250921,2025-09-23,2,Rejected
EVT003523,APP01839,REQ0040,S1,2025-10-15,20251015,2025-10-16,1,Advanced
EVT003524,APP01839,REQ0040,S2,2025-10-16,20251016,2025-10-20,4,Advanced
EVT003525,APP01839,REQ0040,S3,2025-10-20,20251020,2025-10-29,9,Rejected
EVT003526,APP01840,REQ0040,S1,2025-09-20,20250920,2025-09-21,1,Rejected
EVT003527,APP01841,REQ0040,S1,2025-11-12,20251112,2025-11-13,1,Rejected
EVT003528,APP01842,REQ0040,S1,2025-11-28,20251128,2025-11-30,2,Rejected
EVT003529,APP01843,REQ0040,S1,2025-10-16,20251016,2025-10-17,1,Rejected
EVT003530,APP01844,REQ0040,S1,2025-10-17,20251017,2025-10-18,1,Advanced
EVT003531,APP01844,REQ0040,S2,2025-10-18,20251018,2025-10-20,2,Advanced
EVT003532,APP01844,REQ0040,S3,2025-10-20,20251020,2025-10-28,8,Advanced
EVT003533,APP01844,REQ0040,S4,2025-10-28,20251028,2025-11-01,4,Advanced
EVT003534,APP01844,REQ0040,S5,2025-11-01,20251101,2025-11-07,6,Rejected
EVT003535,APP01845,REQ0040,S1,2025-11-26,20251126,2025-11-27,1,Rejected
EVT003536,APP01846,REQ0040,S1,2025-09-20,20250920,2025-09-22,2,Advanced
EVT003537,APP01846,REQ0040,S2,2025-09-22,20250922,2025-09-26,4,Advanced
EVT003538,APP01846,REQ0040,S3,2025-09-26,20250926,2025-10-08,12,Rejected
EVT003539,APP01847,REQ0040,S1,2025-09-17,20250917,2025-09-18,1,Advanced
EVT003540,APP01847,REQ0040,S2,2025-09-18,20250918,2025-09-21,3,Rejected
EVT003541,APP01848,REQ0040,S1,2025-11-04,20251104,2025-11-06,2,Advanced
EVT003542,APP01848,REQ0040,S2,2025-11-06,20251106,2025-11-08,2,Advanced
EVT003543,APP01848,REQ0040,S3,2025-11-08,20251108,2025-11-12,4,Rejected
EVT003544,APP01849,REQ0040,S1,2025-12-07,20251207,2025-12-08,1,Advanced
EVT003545,APP01849,REQ0040,S2,2025-12-08,20251208,2025-12-10,2,Rejected
EVT003546,APP01850,REQ0040,S1,2025-11-09,20251109,2025-11-11,2,Advanced
EVT003547,APP01850,REQ0040,S2,2025-11-11,20251111,2025-11-13,2,Advanced
EVT003548,APP01850,REQ0040,S3,2025-11-13,20251113,2025-11-20,7,Rejected
EVT003549,APP01851,REQ0040,S1,2025-10-26,20251026,2025-10-27,1,Rejected
EVT003550,APP01852,REQ0040,S1,2025-09-25,20250925,2025-09-26,1,Rejected
EVT003551,APP01853,REQ0040,S1,2025-10-28,20251028,2025-10-29,1,Advanced
EVT003552,APP01853,REQ0040,S2,2025-10-29,20251029,2025-11-03,5,Advanced
EVT003553,APP01853,REQ0040,S3,2025-11-03,20251103,2025-11-17,14,Rejected
EVT003554,APP01854,REQ0040,S1,2025-12-05,20251205,2025-12-07,2,Advanced
EVT003555,APP01854,REQ0040,S2,2025-12-07,20251207,2025-12-13,6,Rejected
EVT003556,APP01855,REQ0040,S1,2025-10-06,20251006,2025-10-07,1,Rejected
EVT003557,APP01856,REQ0040,S1,2025-11-19,20251119,2025-11-20,1,Advanced
EVT003558,APP01856,REQ0040,S2,2025-11-20,20251120,2025-11-22,2,Rejected
EVT003559,APP01857,REQ0040,S1,2025-09-13,20250913,2025-09-14,1,Rejected
EVT003560,APP01858,REQ0041,S1,2024-02-18,20240218,2024-02-21,3,Advanced
EVT003561,APP01858,REQ0041,S2,2024-02-21,20240221,2024-02-27,6,Advanced
EVT003562,APP01858,REQ0041,S3,2024-02-27,20240227,2024-03-04,6,Rejected
EVT003563,APP01859,REQ0041,S1,2024-02-26,20240226,2024-02-28,2,Advanced
EVT003564,APP01859,REQ0041,S2,2024-02-28,20240228,2024-03-01,2,Rejected
EVT003565,APP01860,REQ0041,S1,2024-02-25,20240225,2024-02-28,3,Rejected
EVT003566,APP01861,REQ0041,S1,2024-02-17,20240217,2024-02-18,1,Rejected
EVT003567,APP01862,REQ0041,S1,2024-02-26,20240226,2024-02-27,1,Advanced
EVT003568,APP01862,REQ0041,S2,2024-02-27,20240227,2024-03-01,3,Advanced
EVT003569,APP01862,REQ0041,S3,2024-03-01,20240301,2024-03-06,5,Rejected
EVT003570,APP01863,REQ0041,S1,2024-02-28,20240228,2024-02-29,1,Advanced
EVT003571,APP01863,REQ0041,S2,2024-02-29,20240229,2024-03-06,6,Rejected
EVT003572,APP01864,REQ0041,S1,2024-02-26,20240226,2024-02-28,2,Rejected
EVT003573,APP01865,REQ0041,S1,2024-02-15,20240215,2024-02-17,2,Rejected
EVT003574,APP01866,REQ0041,S1,2024-02-18,20240218,2024-02-21,3,Rejected
EVT003575,APP01867,REQ0041,S1,2024-03-01,20240301,2024-03-03,2,Rejected
EVT003576,APP01868,REQ0041,S1,2024-03-02,20240302,2024-03-04,2,Rejected
EVT003577,APP01869,REQ0041,S1,2024-02-23,20240223,2024-02-24,1,Advanced
EVT003578,APP01869,REQ0041,S2,2024-02-24,20240224,2024-02-27,3,Advanced
EVT003579,APP01869,REQ0041,S3,2024-02-27,20240227,2024-03-07,9,Rejected
EVT003580,APP01870,REQ0041,S1,2024-02-20,20240220,2024-02-21,1,Advanced
EVT003581,APP01870,REQ0041,S2,2024-02-21,20240221,2024-02-25,4,Advanced
EVT003582,APP01870,REQ0041,S3,2024-02-25,20240225,2024-03-02,6,Rejected
EVT003583,APP01871,REQ0041,S1,2024-02-28,20240228,2024-02-29,1,Rejected
EVT003584,APP01872,REQ0041,S1,2024-02-13,20240213,2024-02-14,1,Advanced
EVT003585,APP01872,REQ0041,S2,2024-02-14,20240214,2024-02-20,6,Advanced
EVT003586,APP01872,REQ0041,S3,2024-02-20,20240220,2024-03-02,11,Rejected
EVT003587,APP01873,REQ0041,S1,2024-02-14,20240214,2024-02-16,2,Rejected
EVT003588,APP01874,REQ0041,S1,2024-02-28,20240228,2024-03-01,2,Advanced
EVT003589,APP01874,REQ0041,S2,2024-03-01,20240301,2024-03-03,2,Advanced
EVT003590,APP01874,REQ0041,S3,2024-03-03,20240303,2024-03-07,4,Rejected
EVT003591,APP01875,REQ0041,S1,2024-02-13,20240213,2024-02-15,2,Rejected
EVT003592,APP01876,REQ0041,S1,2024-03-01,20240301,2024-03-02,1,Advanced
EVT003593,APP01876,REQ0041,S2,2024-03-02,20240302,2024-03-08,6,Rejected
EVT003594,APP01877,REQ0041,S1,2024-03-02,20240302,2024-03-04,2,Rejected
EVT003595,APP01878,REQ0041,S1,2024-03-01,20240301,2024-03-02,1,Rejected
EVT003596,APP01879,REQ0041,S1,2024-02-22,20240222,2024-02-23,1,Advanced
EVT003597,APP01879,REQ0041,S2,2024-02-23,20240223,2024-02-27,4,Rejected
EVT003598,APP01880,REQ0041,S1,2024-02-27,20240227,2024-02-29,2,Rejected
EVT003599,APP01881,REQ0041,S1,2024-02-15,20240215,2024-02-17,2,Rejected
EVT003600,APP01882,REQ0041,S1,2024-02-23,20240223,2024-02-24,1,Advanced
EVT003601,APP01882,REQ0041,S2,2024-02-24,20240224,2024-02-27,3,Rejected
EVT003602,APP01883,REQ0041,S1,2024-02-26,20240226,2024-02-27,1,Rejected
EVT003603,APP01884,REQ0041,S1,2024-02-15,20240215,2024-02-17,2,Rejected
EVT003604,APP01885,REQ0041,S1,2024-02-25,20240225,2024-02-28,3,Rejected
EVT003605,APP01886,REQ0041,S1,2024-02-14,20240214,2024-02-15,1,Advanced
EVT003606,APP01886,REQ0041,S2,2024-02-15,20240215,2024-02-16,1,Advanced
EVT003607,APP01886,REQ0041,S3,2024-02-16,20240216,2024-02-25,9,Advanced
EVT003608,APP01886,REQ0041,S4,2024-02-25,20240225,2024-03-01,5,Rejected
EVT003609,APP01887,REQ0041,S1,2024-02-28,20240228,2024-03-02,3,Rejected
EVT003610,APP01888,REQ0041,S1,2024-02-14,20240214,2024-02-15,1,Rejected
EVT003611,APP01889,REQ0041,S1,2024-03-03,20240303,2024-03-05,2,Rejected
EVT003612,APP01890,REQ0041,S1,2024-02-15,20240215,2024-02-16,1,Rejected
EVT003613,APP01891,REQ0041,S1,2024-02-19,20240219,2024-02-22,3,Rejected
EVT003614,APP01892,REQ0041,S1,2024-02-16,20240216,2024-02-19,3,Advanced
EVT003615,APP01892,REQ0041,S2,2024-02-19,20240219,2024-02-25,6,Advanced
EVT003616,APP01892,REQ0041,S3,2024-02-25,20240225,2024-03-06,10,Rejected
EVT003617,APP01893,REQ0041,S1,2024-02-20,20240220,2024-02-22,2,Rejected
EVT003618,APP01894,REQ0041,S1,2024-03-02,20240302,2024-03-03,1,Rejected
EVT003619,APP01895,REQ0041,S1,2024-02-22,20240222,2024-02-23,1,Rejected
EVT003620,APP01896,REQ0041,S1,2024-02-21,20240221,2024-02-22,1,Rejected
EVT003621,APP01897,REQ0041,S1,2024-03-03,20240303,2024-03-05,2,Rejected
EVT003622,APP01898,REQ0041,S1,2024-02-15,20240215,2024-02-16,1,Rejected
EVT003623,APP01899,REQ0041,S1,2024-02-22,20240222,2024-02-24,2,Advanced
EVT003624,APP01899,REQ0041,S2,2024-02-24,20240224,2024-02-26,2,Advanced
EVT003625,APP01899,REQ0041,S3,2024-02-26,20240226,2024-03-11,14,Advanced
EVT003626,APP01899,REQ0041,S4,2024-03-11,20240311,2024-03-16,5,Rejected
EVT003627,APP01900,REQ0041,S1,2024-02-14,20240214,2024-02-17,3,Rejected
EVT003628,APP01901,REQ0041,S1,2024-02-23,20240223,2024-02-24,1,Rejected
EVT003629,APP01902,REQ0041,S1,2024-02-24,20240224,2024-02-25,1,Advanced
EVT003630,APP01902,REQ0041,S2,2024-02-25,20240225,2024-02-26,1,Rejected
EVT003631,APP01903,REQ0041,S1,2024-02-17,20240217,2024-02-20,3,Advanced
EVT003632,APP01903,REQ0041,S2,2024-02-20,20240220,2024-02-22,2,Advanced
EVT003633,APP01903,REQ0041,S3,2024-02-22,20240222,2024-03-03,10,Advanced
EVT003634,APP01903,REQ0041,S4,2024-03-03,20240303,2024-03-11,8,Rejected
EVT003635,APP01904,REQ0041,S1,2024-03-02,20240302,2024-03-04,2,Advanced
EVT003636,APP01904,REQ0041,S2,2024-03-04,20240304,2024-03-07,3,Advanced
EVT003637,APP01904,REQ0041,S3,2024-03-07,20240307,2024-03-11,4,Advanced
EVT003638,APP01904,REQ0041,S4,2024-03-11,20240311,2024-03-16,5,Advanced
EVT003639,APP01904,REQ0041,S5,2024-03-16,20240316,2024-03-20,4,Advanced
EVT003640,APP01904,REQ0041,S6,2024-03-20,20240320,2024-03-29,9,Advanced
EVT003641,APP01904,REQ0041,S7,2024-03-29,20240329,2024-04-08,10,Rejected
EVT003642,APP01905,REQ0041,S1,2024-02-16,20240216,2024-02-19,3,Advanced
EVT003643,APP01905,REQ0041,S2,2024-02-19,20240219,2024-02-21,2,Advanced
EVT003644,APP01905,REQ0041,S3,2024-02-21,20240221,2024-02-28,7,Advanced
EVT003645,APP01905,REQ0041,S4,2024-02-28,20240228,2024-03-03,4,Rejected
EVT003646,APP01906,REQ0041,S1,2024-02-17,20240217,2024-02-18,1,Advanced
EVT003647,APP01906,REQ0041,S2,2024-02-18,20240218,2024-02-22,4,Advanced
EVT003648,APP01906,REQ0041,S3,2024-02-22,20240222,2024-03-07,14,Advanced
EVT003649,APP01906,REQ0041,S4,2024-03-07,20240307,2024-03-11,4,Advanced
EVT003650,APP01906,REQ0041,S5,2024-03-11,20240311,2024-03-17,6,Advanced
EVT003651,APP01906,REQ0041,S6,2024-03-17,20240317,2024-03-25,8,Advanced
EVT003652,APP01906,REQ0041,S7,2024-03-25,20240325,2024-03-30,5,Rejected
EVT003653,APP01907,REQ0042,S1,2025-12-04,20251204,2025-12-07,3,Rejected
EVT003654,APP01908,REQ0042,S1,2025-12-24,20251224,2025-12-25,1,Advanced
EVT003655,APP01908,REQ0042,S2,2025-12-25,20251225,2025-12-31,6,Rejected
EVT003656,APP01909,REQ0042,S1,2025-12-04,20251204,2025-12-05,1,Rejected
EVT003657,APP01910,REQ0042,S1,2025-12-18,20251218,2025-12-20,2,Rejected
EVT003658,APP01911,REQ0042,S1,2025-12-21,20251221,2025-12-22,1,Rejected
EVT003659,APP01912,REQ0042,S1,2025-12-25,20251225,2025-12-26,1,Rejected
EVT003660,APP01913,REQ0042,S1,2025-12-25,20251225,2025-12-27,2,Advanced
EVT003661,APP01913,REQ0042,S2,2025-12-27,20251227,2026-01-02,6,Rejected
EVT003662,APP01914,REQ0042,S1,2025-12-29,20251229,2025-12-30,1,Rejected
EVT003663,APP01915,REQ0042,S1,2025-12-15,20251215,2025-12-16,1,Advanced
EVT003664,APP01915,REQ0042,S2,2025-12-16,20251216,2025-12-18,2,Advanced
EVT003665,APP01915,REQ0042,S3,2025-12-18,20251218,2025-12-30,12,Rejected
EVT003666,APP01916,REQ0042,S1,2025-12-11,20251211,2025-12-12,1,Rejected
EVT003667,APP01917,REQ0042,S1,2025-12-10,20251210,2025-12-11,1,Advanced
EVT003668,APP01917,REQ0042,S2,2025-12-11,20251211,2025-12-12,1,Advanced
EVT003669,APP01917,REQ0042,S3,2025-12-12,20251212,2025-12-16,4,Rejected
EVT003670,APP01918,REQ0042,S1,2025-12-27,20251227,2025-12-30,3,Advanced
EVT003671,APP01918,REQ0042,S2,2025-12-30,20251230,2026-01-05,6,Rejected
EVT003672,APP01919,REQ0042,S1,2025-12-27,20251227,2025-12-30,3,Advanced
EVT003673,APP01919,REQ0042,S2,2025-12-30,20251230,2026-01-04,5,Advanced
EVT003674,APP01919,REQ0042,S3,2026-01-04,20260104,2026-01-17,13,Advanced
EVT003675,APP01919,REQ0042,S4,2026-01-17,20260117,2026-01-23,6,Advanced
EVT003676,APP01919,REQ0042,S5,2026-01-23,20260123,2026-02-02,10,Advanced
EVT003677,APP01919,REQ0042,S6,2026-02-02,20260202,2026-02-07,5,Advanced
EVT003678,APP01919,REQ0042,S7,2026-02-07,20260207,2026-02-13,6,Advanced
EVT003679,APP01919,REQ0042,S8,2026-02-13,20260213,2026-02-13,0,Hired
EVT003680,APP01920,REQ0042,S1,2025-12-08,20251208,2025-12-11,3,Rejected
EVT003681,APP01921,REQ0042,S1,2025-12-17,20251217,2025-12-18,1,Rejected
EVT003682,APP01922,REQ0042,S1,2025-12-06,20251206,2025-12-07,1,Rejected
EVT003683,APP01923,REQ0042,S1,2025-12-20,20251220,2025-12-21,1,Advanced
EVT003684,APP01923,REQ0042,S2,2025-12-21,20251221,2025-12-23,2,Advanced
EVT003685,APP01923,REQ0042,S3,2025-12-23,20251223,2025-12-25,2,Rejected
EVT003686,APP01924,REQ0042,S1,2025-12-18,20251218,2025-12-19,1,Advanced
EVT003687,APP01924,REQ0042,S2,2025-12-19,20251219,2025-12-25,6,Rejected
EVT003688,APP01925,REQ0042,S1,2025-12-07,20251207,2025-12-08,1,Rejected
EVT003689,APP01926,REQ0042,S1,2025-12-11,20251211,2025-12-14,3,Rejected
EVT003690,APP01927,REQ0042,S1,2025-12-20,20251220,2025-12-21,1,Rejected
EVT003691,APP01928,REQ0042,S1,2025-12-26,20251226,2025-12-29,3,Advanced
EVT003692,APP01928,REQ0042,S2,2025-12-29,20251229,2026-01-01,3,Rejected
EVT003693,APP01929,REQ0042,S1,2025-12-09,20251209,2025-12-11,2,Advanced
EVT003694,APP01929,REQ0042,S2,2025-12-11,20251211,2025-12-13,2,Rejected
EVT003695,APP01930,REQ0042,S1,2025-12-24,20251224,2025-12-25,1,Advanced
EVT003696,APP01930,REQ0042,S2,2025-12-25,20251225,2025-12-29,4,Rejected
EVT003697,APP01931,REQ0042,S1,2025-12-20,20251220,2025-12-21,1,Advanced
EVT003698,APP01931,REQ0042,S2,2025-12-21,20251221,2025-12-25,4,Rejected
EVT003699,APP01932,REQ0042,S1,2025-12-15,20251215,2025-12-16,1,Advanced
EVT003700,APP01932,REQ0042,S2,2025-12-16,20251216,2025-12-19,3,Advanced
EVT003701,APP01932,REQ0042,S3,2025-12-19,20251219,2025-12-31,12,Advanced
EVT003702,APP01932,REQ0042,S4,2025-12-31,20251231,2026-01-06,6,Advanced
EVT003703,APP01932,REQ0042,S5,2026-01-06,20260106,2026-01-10,4,Advanced
EVT003704,APP01932,REQ0042,S6,2026-01-10,20260110,2026-01-15,5,Advanced
EVT003705,APP01932,REQ0042,S7,2026-01-15,20260115,2026-01-24,9,Advanced
EVT003706,APP01932,REQ0042,S8,2026-01-24,20260124,2026-01-24,0,Hired
EVT003707,APP01933,REQ0042,S1,2025-12-25,20251225,2025-12-26,1,Advanced
EVT003708,APP01933,REQ0042,S2,2025-12-26,20251226,2025-12-29,3,Rejected
EVT003709,APP01934,REQ0042,S1,2025-12-19,20251219,2025-12-20,1,Rejected
EVT003710,APP01935,REQ0042,S1,2025-12-04,20251204,2025-12-07,3,Rejected
EVT003711,APP01936,REQ0042,S1,2025-12-23,20251223,2025-12-25,2,Rejected
EVT003712,APP01937,REQ0042,S1,2025-12-18,20251218,2025-12-20,2,Rejected
EVT003713,APP01938,REQ0042,S1,2025-12-27,20251227,2025-12-28,1,Rejected
EVT003714,APP01939,REQ0042,S1,2025-12-15,20251215,2025-12-17,2,Advanced
EVT003715,APP01939,REQ0042,S2,2025-12-17,20251217,2025-12-19,2,Rejected
EVT003716,APP01940,REQ0042,S1,2025-12-05,20251205,2025-12-06,1,Rejected
EVT003717,APP01941,REQ0042,S1,2025-12-20,20251220,2025-12-21,1,Rejected
EVT003718,APP01942,REQ0042,S1,2025-12-06,20251206,2025-12-09,3,Advanced
EVT003719,APP01942,REQ0042,S2,2025-12-09,20251209,2025-12-15,6,Advanced
EVT003720,APP01942,REQ0042,S3,2025-12-15,20251215,2025-12-27,12,Advanced
EVT003721,APP01942,REQ0042,S4,2025-12-27,20251227,2026-01-01,5,Rejected
EVT003722,APP01943,REQ0042,S1,2025-12-09,20251209,2025-12-11,2,Advanced
EVT003723,APP01943,REQ0042,S2,2025-12-11,20251211,2025-12-15,4,Rejected
EVT003724,APP01944,REQ0042,S1,2025-12-07,20251207,2025-12-09,2,Advanced
EVT003725,APP01944,REQ0042,S2,2025-12-09,20251209,2025-12-11,2,Rejected
EVT003726,APP01945,REQ0042,S1,2025-12-24,20251224,2025-12-26,2,Rejected
EVT003727,APP01946,REQ0042,S1,2025-12-07,20251207,2025-12-09,2,Advanced
EVT003728,APP01946,REQ0042,S2,2025-12-09,20251209,2025-12-14,5,Rejected
EVT003729,APP01947,REQ0042,S1,2025-12-26,20251226,2025-12-27,1,Advanced
EVT003730,APP01947,REQ0042,S2,2025-12-27,20251227,2025-12-29,2,Rejected
EVT003731,APP01948,REQ0042,S1,2025-12-25,20251225,2025-12-28,3,Advanced
EVT003732,APP01948,REQ0042,S2,2025-12-28,20251228,2026-01-03,6,Rejected
EVT003733,APP01949,REQ0042,S1,2025-12-25,20251225,2025-12-27,2,Rejected
EVT003734,APP01950,REQ0042,S1,2025-12-10,20251210,2025-12-11,1,Advanced
EVT003735,APP01950,REQ0042,S2,2025-12-11,20251211,2025-12-12,1,Rejected
EVT003736,APP01951,REQ0042,S1,2025-12-15,20251215,2025-12-16,1,Rejected
EVT003737,APP01952,REQ0042,S1,2025-12-07,20251207,2025-12-08,1,Rejected
EVT003738,APP01953,REQ0042,S1,2025-12-20,20251220,2025-12-21,1,Rejected
EVT003739,APP01954,REQ0042,S1,2025-12-29,20251229,2025-12-30,1,Rejected
EVT003740,APP01955,REQ0042,S1,2025-12-28,20251228,2025-12-30,2,Advanced
EVT003741,APP01955,REQ0042,S2,2025-12-30,20251230,2026-01-01,2,Advanced
EVT003742,APP01955,REQ0042,S3,2026-01-01,20260101,2026-01-03,2,Advanced
EVT003743,APP01955,REQ0042,S4,2026-01-03,20260103,2026-01-09,6,Rejected
EVT003744,APP01956,REQ0042,S1,2025-12-25,20251225,2025-12-28,3,Advanced
EVT003745,APP01956,REQ0042,S2,2025-12-28,20251228,2026-01-02,5,Rejected
EVT003746,APP01957,REQ0042,S1,2025-12-08,20251208,2025-12-11,3,Advanced
EVT003747,APP01957,REQ0042,S2,2025-12-11,20251211,2025-12-16,5,Advanced
EVT003748,APP01957,REQ0042,S3,2025-12-16,20251216,2025-12-20,4,Rejected
EVT003749,APP01958,REQ0042,S1,2025-12-04,20251204,2025-12-05,1,Advanced
EVT003750,APP01958,REQ0042,S2,2025-12-05,20251205,2025-12-06,1,Advanced
EVT003751,APP01958,REQ0042,S3,2025-12-06,20251206,2025-12-15,9,Advanced
EVT003752,APP01958,REQ0042,S4,2025-12-15,20251215,2025-12-18,3,Rejected
EVT003753,APP01959,REQ0042,S1,2025-12-06,20251206,2025-12-07,1,Advanced
EVT003754,APP01959,REQ0042,S2,2025-12-07,20251207,2025-12-11,4,Advanced
EVT003755,APP01959,REQ0042,S3,2025-12-11,20251211,2025-12-20,9,Advanced
EVT003756,APP01959,REQ0042,S4,2025-12-20,20251220,2025-12-23,3,Rejected
EVT003757,APP01960,REQ0042,S1,2025-12-20,20251220,2025-12-22,2,Advanced
EVT003758,APP01960,REQ0042,S2,2025-12-22,20251222,2025-12-26,4,Advanced
EVT003759,APP01960,REQ0042,S3,2025-12-26,20251226,2026-01-09,14,Rejected
EVT003760,APP01961,REQ0042,S1,2025-12-07,20251207,2025-12-08,1,Advanced
EVT003761,APP01961,REQ0042,S2,2025-12-08,20251208,2025-12-11,3,Rejected
EVT003762,APP01962,REQ0042,S1,2025-12-21,20251221,2025-12-22,1,Rejected
EVT003763,APP01963,REQ0042,S1,2025-12-27,20251227,2025-12-29,2,Advanced
EVT003764,APP01963,REQ0042,S2,2025-12-29,20251229,2026-01-03,5,Advanced
EVT003765,APP01963,REQ0042,S3,2026-01-03,20260103,2026-01-11,8,Advanced
EVT003766,APP01963,REQ0042,S4,2026-01-11,20260111,2026-01-19,8,Advanced
EVT003767,APP01963,REQ0042,S5,2026-01-19,20260119,2026-01-26,7,Advanced
EVT003768,APP01963,REQ0042,S6,2026-01-26,20260126,2026-02-01,6,Rejected
EVT003769,APP01964,REQ0042,S1,2025-12-27,20251227,2025-12-30,3,Advanced
EVT003770,APP01964,REQ0042,S2,2025-12-30,20251230,2026-01-02,3,Rejected
EVT003771,APP01965,REQ0042,S1,2025-12-04,20251204,2025-12-06,2,Rejected
EVT003772,APP01966,REQ0043,S1,2025-04-12,20250412,2025-04-15,3,Advanced
EVT003773,APP01966,REQ0043,S2,2025-04-15,20250415,2025-04-20,5,Advanced
EVT003774,APP01966,REQ0043,S3,2025-04-20,20250420,2025-04-25,5,Advanced
EVT003775,APP01966,REQ0043,S4,2025-04-25,20250425,2025-05-02,7,Advanced
EVT003776,APP01966,REQ0043,S5,2025-05-02,20250502,2025-05-06,4,Advanced
EVT003777,APP01966,REQ0043,S6,2025-05-06,20250506,2025-05-11,5,Rejected
EVT003778,APP01967,REQ0043,S1,2025-03-21,20250321,2025-03-22,1,Rejected
EVT003779,APP01968,REQ0043,S1,2025-04-22,20250422,2025-04-23,1,Advanced
EVT003780,APP01968,REQ0043,S2,2025-04-23,20250423,2025-04-24,1,Rejected
EVT003781,APP01969,REQ0043,S1,2025-04-20,20250420,2025-04-21,1,Advanced
EVT003782,APP01969,REQ0043,S2,2025-04-21,20250421,2025-04-24,3,Advanced
EVT003783,APP01969,REQ0043,S3,2025-04-24,20250424,2025-05-01,7,Advanced
EVT003784,APP01969,REQ0043,S4,2025-05-01,20250501,2025-05-05,4,Advanced
EVT003785,APP01969,REQ0043,S5,2025-05-05,20250505,2025-05-12,7,Advanced
EVT003786,APP01969,REQ0043,S6,2025-05-12,20250512,2025-05-16,4,Rejected
EVT003787,APP01970,REQ0043,S1,2025-04-09,20250409,2025-04-12,3,Rejected
EVT003788,APP01971,REQ0043,S1,2025-04-14,20250414,2025-04-15,1,Rejected
EVT003789,APP01972,REQ0043,S1,2025-04-03,20250403,2025-04-05,2,Advanced
EVT003790,APP01972,REQ0043,S2,2025-04-05,20250405,2025-04-09,4,Advanced
EVT003791,APP01972,REQ0043,S3,2025-04-09,20250409,2025-04-17,8,Advanced
EVT003792,APP01972,REQ0043,S4,2025-04-17,20250417,2025-04-23,6,Rejected
EVT003793,APP01973,REQ0043,S1,2025-04-10,20250410,2025-04-13,3,Advanced
EVT003794,APP01973,REQ0043,S2,2025-04-13,20250413,2025-04-19,6,Rejected
EVT003795,APP01974,REQ0043,S1,2025-04-02,20250402,2025-04-03,1,Advanced
EVT003796,APP01974,REQ0043,S2,2025-04-03,20250403,2025-04-07,4,Rejected
EVT003797,APP01975,REQ0043,S1,2025-04-07,20250407,2025-04-08,1,Rejected
EVT003798,APP01976,REQ0043,S1,2025-04-25,20250425,2025-04-28,3,Rejected
EVT003799,APP01977,REQ0043,S1,2025-04-23,20250423,2025-04-24,1,Rejected
EVT003800,APP01978,REQ0043,S1,2025-04-01,20250401,2025-04-03,2,Rejected
EVT003801,APP01979,REQ0043,S1,2025-04-14,20250414,2025-04-15,1,Rejected
EVT003802,APP01980,REQ0043,S1,2025-04-03,20250403,2025-04-04,1,Rejected
EVT003803,APP01981,REQ0043,S1,2025-04-14,20250414,2025-04-16,2,Rejected
EVT003804,APP01982,REQ0043,S1,2025-04-04,20250404,2025-04-07,3,Rejected
EVT003805,APP01983,REQ0043,S1,2025-03-24,20250324,2025-03-26,2,Advanced
EVT003806,APP01983,REQ0043,S2,2025-03-26,20250326,2025-03-30,4,Advanced
EVT003807,APP01983,REQ0043,S3,2025-03-30,20250330,2025-04-11,12,Rejected
EVT003808,APP01984,REQ0043,S1,2025-03-21,20250321,2025-03-23,2,Rejected
EVT003809,APP01985,REQ0043,S1,2025-03-25,20250325,2025-03-27,2,Advanced
EVT003810,APP01985,REQ0043,S2,2025-03-27,20250327,2025-04-02,6,Advanced
EVT003811,APP01985,REQ0043,S3,2025-04-02,20250402,2025-04-14,12,Rejected
EVT003812,APP01986,REQ0043,S1,2025-03-20,20250320,2025-03-21,1,Advanced
EVT003813,APP01986,REQ0043,S2,2025-03-21,20250321,2025-03-23,2,Advanced
EVT003814,APP01986,REQ0043,S3,2025-03-23,20250323,2025-03-27,4,Rejected
EVT003815,APP01987,REQ0043,S1,2025-04-17,20250417,2025-04-20,3,Rejected
EVT003816,APP01988,REQ0043,S1,2025-03-29,20250329,2025-04-01,3,Advanced
EVT003817,APP01988,REQ0043,S2,2025-04-01,20250401,2025-04-07,6,Advanced
EVT003818,APP01988,REQ0043,S3,2025-04-07,20250407,2025-04-19,12,Rejected
EVT003819,APP01989,REQ0043,S1,2025-04-08,20250408,2025-04-09,1,Advanced
EVT003820,APP01989,REQ0043,S2,2025-04-09,20250409,2025-04-12,3,Advanced
EVT003821,APP01989,REQ0043,S3,2025-04-12,20250412,2025-04-19,7,Rejected
EVT003822,APP01990,REQ0043,S1,2025-04-13,20250413,2025-04-16,3,Advanced
EVT003823,APP01990,REQ0043,S2,2025-04-16,20250416,2025-04-18,2,Rejected
EVT003824,APP01991,REQ0043,S1,2025-04-13,20250413,2025-04-14,1,Advanced
EVT003825,APP01991,REQ0043,S2,2025-04-14,20250414,2025-04-20,6,Rejected
EVT003826,APP01992,REQ0043,S1,2025-04-24,20250424,2025-04-25,1,Advanced
EVT003827,APP01992,REQ0043,S2,2025-04-25,20250425,2025-04-30,5,Rejected
EVT003828,APP01993,REQ0043,S1,2025-03-30,20250330,2025-03-31,1,Advanced
EVT003829,APP01993,REQ0043,S2,2025-03-31,20250331,2025-04-01,1,Rejected
EVT003830,APP01994,REQ0043,S1,2025-04-25,20250425,2025-04-26,1,Rejected
EVT003831,APP01995,REQ0043,S1,2025-04-02,20250402,2025-04-04,2,Rejected
EVT003832,APP01996,REQ0043,S1,2025-04-02,20250402,2025-04-03,1,Rejected
EVT003833,APP01997,REQ0043,S1,2025-04-19,20250419,2025-04-20,1,Advanced
EVT003834,APP01997,REQ0043,S2,2025-04-20,20250420,2025-04-22,2,Advanced
EVT003835,APP01997,REQ0043,S3,2025-04-22,20250422,2025-05-01,9,Rejected
EVT003836,APP01998,REQ0043,S1,2025-04-01,20250401,2025-04-03,2,Advanced
EVT003837,APP01998,REQ0043,S2,2025-04-03,20250403,2025-04-08,5,Rejected
EVT003838,APP01999,REQ0043,S1,2025-03-25,20250325,2025-03-26,1,Rejected
EVT003839,APP02000,REQ0043,S1,2025-03-21,20250321,2025-03-22,1,Rejected
EVT003840,APP02001,REQ0043,S1,2025-04-21,20250421,2025-04-23,2,Rejected
EVT003841,APP02002,REQ0043,S1,2025-04-12,20250412,2025-04-13,1,Rejected
EVT003842,APP02003,REQ0043,S1,2025-03-21,20250321,2025-03-22,1,Rejected
EVT003843,APP02004,REQ0043,S1,2025-04-05,20250405,2025-04-06,1,Rejected
EVT003844,APP02005,REQ0043,S1,2025-05-03,20250503,2025-05-05,2,Rejected
EVT003845,APP02006,REQ0043,S1,2025-04-25,20250425,2025-04-28,3,Advanced
EVT003846,APP02006,REQ0043,S2,2025-04-28,20250428,2025-04-30,2,Rejected
EVT003847,APP02007,REQ0043,S1,2025-04-14,20250414,2025-04-16,2,Rejected
EVT003848,APP02008,REQ0043,S1,2025-04-16,20250416,2025-04-17,1,Rejected
EVT003849,APP02009,REQ0043,S1,2025-04-20,20250420,2025-04-23,3,Rejected
EVT003850,APP02010,REQ0043,S1,2025-05-02,20250502,2025-05-04,2,Rejected
EVT003851,APP02011,REQ0043,S1,2025-04-28,20250428,2025-04-29,1,Rejected
EVT003852,APP02012,REQ0043,S1,2025-04-25,20250425,2025-04-28,3,Rejected
EVT003853,APP02013,REQ0043,S1,2025-03-18,20250318,2025-03-19,1,Rejected
EVT003854,APP02014,REQ0043,S1,2025-04-26,20250426,2025-04-29,3,Advanced
EVT003855,APP02014,REQ0043,S2,2025-04-29,20250429,2025-05-05,6,Rejected
EVT003856,APP02015,REQ0043,S1,2025-04-19,20250419,2025-04-20,1,Advanced
EVT003857,APP02015,REQ0043,S2,2025-04-20,20250420,2025-04-22,2,Advanced
EVT003858,APP02015,REQ0043,S3,2025-04-22,20250422,2025-05-01,9,Rejected
EVT003859,APP02016,REQ0043,S1,2025-04-12,20250412,2025-04-13,1,Advanced
EVT003860,APP02016,REQ0043,S2,2025-04-13,20250413,2025-04-15,2,Advanced
EVT003861,APP02016,REQ0043,S3,2025-04-15,20250415,2025-04-22,7,Rejected
EVT003862,APP02017,REQ0043,S1,2025-04-28,20250428,2025-05-01,3,Rejected
EVT003863,APP02018,REQ0043,S1,2025-04-12,20250412,2025-04-14,2,Advanced
EVT003864,APP02018,REQ0043,S2,2025-04-14,20250414,2025-04-20,6,Advanced
EVT003865,APP02018,REQ0043,S3,2025-04-20,20250420,2025-04-30,10,Advanced
EVT003866,APP02018,REQ0043,S4,2025-04-30,20250430,2025-05-04,4,Advanced
EVT003867,APP02018,REQ0043,S5,2025-05-04,20250504,2025-05-13,9,Rejected
EVT003868,APP02019,REQ0043,S1,2025-03-19,20250319,2025-03-21,2,Advanced
EVT003869,APP02019,REQ0043,S2,2025-03-21,20250321,2025-03-24,3,Rejected
EVT003870,APP02020,REQ0043,S1,2025-04-16,20250416,2025-04-18,2,Advanced
EVT003871,APP02020,REQ0043,S2,2025-04-18,20250418,2025-04-24,6,Rejected
EVT003872,APP02021,REQ0043,S1,2025-05-01,20250501,2025-05-03,2,Advanced
EVT003873,APP02021,REQ0043,S2,2025-05-03,20250503,2025-05-06,3,Advanced
EVT003874,APP02021,REQ0043,S3,2025-05-06,20250506,2025-05-12,6,Rejected
EVT003875,APP02022,REQ0043,S1,2025-04-12,20250412,2025-04-14,2,Advanced
EVT003876,APP02022,REQ0043,S2,2025-04-14,20250414,2025-04-18,4,Advanced
EVT003877,APP02022,REQ0043,S3,2025-04-18,20250418,2025-04-24,6,Rejected
EVT003878,APP02023,REQ0043,S1,2025-03-25,20250325,2025-03-27,2,Rejected
EVT003879,APP02024,REQ0043,S1,2025-03-20,20250320,2025-03-22,2,Advanced
EVT003880,APP02024,REQ0043,S2,2025-03-22,20250322,2025-03-26,4,Advanced
EVT003881,APP02024,REQ0043,S3,2025-03-26,20250326,2025-03-31,5,Rejected
EVT003882,APP02025,REQ0043,S1,2025-04-28,20250428,2025-04-29,1,Advanced
EVT003883,APP02025,REQ0043,S2,2025-04-29,20250429,2025-04-30,1,Rejected
EVT003884,APP02026,REQ0043,S1,2025-04-25,20250425,2025-04-26,1,Rejected
EVT003885,APP02027,REQ0043,S1,2025-04-21,20250421,2025-04-23,2,Rejected
EVT003886,APP02028,REQ0043,S1,2025-05-01,20250501,2025-05-03,2,Rejected
EVT003887,APP02029,REQ0043,S1,2025-03-30,20250330,2025-03-31,1,Advanced
EVT003888,APP02029,REQ0043,S2,2025-03-31,20250331,2025-04-06,6,Advanced
EVT003889,APP02029,REQ0043,S3,2025-04-06,20250406,2025-04-13,7,Rejected
EVT003890,APP02030,REQ0043,S1,2025-04-27,20250427,2025-04-30,3,Rejected
EVT003891,APP02031,REQ0043,S1,2025-03-31,20250331,2025-04-02,2,Advanced
EVT003892,APP02031,REQ0043,S2,2025-04-02,20250402,2025-04-06,4,Advanced
EVT003893,APP02031,REQ0043,S3,2025-04-06,20250406,2025-04-11,5,Rejected
EVT003894,APP02032,REQ0043,S1,2025-04-26,20250426,2025-04-28,2,Advanced
EVT003895,APP02032,REQ0043,S2,2025-04-28,20250428,2025-05-01,3,Advanced
EVT003896,APP02032,REQ0043,S3,2025-05-01,20250501,2025-05-05,4,Advanced
EVT003897,APP02032,REQ0043,S4,2025-05-05,20250505,2025-05-13,8,Advanced
EVT003898,APP02032,REQ0043,S5,2025-05-13,20250513,2025-05-21,8,Rejected
EVT003899,APP02033,REQ0043,S1,2025-04-18,20250418,2025-04-20,2,Advanced
EVT003900,APP02033,REQ0043,S2,2025-04-20,20250420,2025-04-22,2,Advanced
EVT003901,APP02033,REQ0043,S3,2025-04-22,20250422,2025-05-06,14,Rejected
EVT003902,APP02034,REQ0043,S1,2025-04-16,20250416,2025-04-18,2,Advanced
EVT003903,APP02034,REQ0043,S2,2025-04-18,20250418,2025-04-20,2,Advanced
EVT003904,APP02034,REQ0043,S3,2025-04-20,20250420,2025-05-02,12,Rejected
EVT003905,APP02035,REQ0043,S1,2025-04-07,20250407,2025-04-08,1,Advanced
EVT003906,APP02035,REQ0043,S2,2025-04-08,20250408,2025-04-11,3,Rejected
EVT003907,APP02036,REQ0044,S1,2026-05-30,20260530,2026-05-31,1,Advanced
EVT003908,APP02036,REQ0044,S2,2026-05-31,20260531,2026-06-02,2,Rejected
EVT003909,APP02037,REQ0044,S1,2026-05-24,20260524,2026-05-26,2,Rejected
EVT003910,APP02038,REQ0044,S1,2026-06-17,20260617,2026-06-20,3,Rejected
EVT003911,APP02039,REQ0044,S1,2026-05-30,20260530,2026-05-31,1,Rejected
EVT003912,APP02040,REQ0044,S1,2026-05-27,20260527,2026-05-28,1,Advanced
EVT003913,APP02040,REQ0044,S2,2026-05-28,20260528,2026-06-01,4,Rejected
EVT003914,APP02041,REQ0044,S1,2026-05-20,20260520,2026-05-23,3,Rejected
EVT003915,APP02042,REQ0044,S1,2026-05-17,20260517,2026-05-20,3,Rejected
EVT003916,APP02043,REQ0044,S1,2026-05-22,20260522,2026-05-23,1,Rejected
EVT003917,APP02044,REQ0044,S1,2026-05-23,20260523,2026-05-26,3,Rejected
EVT003918,APP02045,REQ0044,S1,2026-05-22,20260522,2026-05-25,3,Advanced
EVT003919,APP02045,REQ0044,S2,2026-05-25,20260525,2026-05-31,6,Advanced
EVT003920,APP02045,REQ0044,S3,2026-05-31,20260531,2026-06-11,11,Rejected
EVT003921,APP02046,REQ0044,S1,2026-05-30,20260530,2026-05-31,1,Advanced
EVT003922,APP02046,REQ0044,S2,2026-05-31,20260531,2026-06-05,5,Rejected
EVT003923,APP02047,REQ0044,S1,2026-05-10,20260510,2026-05-11,1,Advanced
EVT003924,APP02047,REQ0044,S2,2026-05-11,20260511,2026-05-13,2,Advanced
EVT003925,APP02047,REQ0044,S3,2026-05-13,20260513,2026-05-20,7,Advanced
EVT003926,APP02047,REQ0044,S4,2026-05-20,20260520,2026-05-27,7,Rejected
EVT003927,APP02048,REQ0044,S1,2026-06-17,20260617,2026-06-18,1,Rejected
EVT003928,APP02049,REQ0044,S1,2026-05-29,20260529,2026-05-30,1,Rejected
EVT003929,APP02050,REQ0044,S1,2026-06-27,20260627,2026-06-28,1,Rejected
EVT003930,APP02051,REQ0044,S1,2026-06-01,20260601,2026-06-02,1,Rejected
EVT003931,APP02052,REQ0044,S1,2026-06-02,20260602,2026-06-04,2,Rejected
EVT003932,APP02053,REQ0044,S1,2026-06-22,20260622,2026-06-24,2,Advanced
EVT003933,APP02053,REQ0044,S2,2026-06-24,20260624,2026-06-26,2,Rejected
EVT003934,APP02054,REQ0044,S1,2026-05-21,20260521,2026-05-22,1,Rejected
EVT003935,APP02055,REQ0044,S1,2026-05-13,20260513,2026-05-16,3,Rejected
EVT003936,APP02056,REQ0044,S1,2026-06-17,20260617,2026-06-19,2,Rejected
EVT003937,APP02057,REQ0044,S1,2026-06-08,20260608,2026-06-09,1,Rejected
EVT003938,APP02058,REQ0044,S1,2026-05-28,20260528,2026-05-29,1,Rejected
EVT003939,APP02059,REQ0044,S1,2026-05-20,20260520,2026-05-22,2,Rejected
EVT003940,APP02060,REQ0044,S1,2026-06-06,20260606,2026-06-07,1,Rejected
EVT003941,APP02061,REQ0044,S1,2026-05-18,20260518,2026-05-21,3,Advanced
EVT003942,APP02061,REQ0044,S2,2026-05-21,20260521,2026-05-24,3,Rejected
EVT003943,APP02062,REQ0044,S1,2026-05-29,20260529,2026-05-31,2,Rejected
EVT003944,APP02063,REQ0044,S1,2026-05-26,20260526,2026-05-28,2,Rejected
EVT003945,APP02064,REQ0044,S1,2026-05-15,20260515,2026-05-16,1,Rejected
EVT003946,APP02065,REQ0044,S1,2026-05-30,20260530,2026-05-31,1,Rejected
EVT003947,APP02066,REQ0044,S1,2026-06-08,20260608,2026-06-11,3,Advanced
EVT003948,APP02066,REQ0044,S2,2026-06-11,20260611,2026-06-17,6,Rejected
EVT003949,APP02067,REQ0044,S1,2026-06-17,20260617,2026-06-19,2,Rejected
EVT003950,APP02068,REQ0044,S1,2026-05-18,20260518,2026-05-20,2,Rejected
EVT003951,APP02069,REQ0044,S1,2026-06-27,20260627,2026-06-29,2,Advanced
EVT003952,APP02069,REQ0044,S2,2026-06-29,20260629,,1,In Process
EVT003953,APP02070,REQ0044,S1,2026-05-29,20260529,2026-05-30,1,Rejected
EVT003954,APP02071,REQ0044,S1,2026-06-24,20260624,2026-06-26,2,Rejected
EVT003955,APP02072,REQ0044,S1,2026-06-03,20260603,2026-06-05,2,Advanced
EVT003956,APP02072,REQ0044,S2,2026-06-05,20260605,2026-06-07,2,Advanced
EVT003957,APP02072,REQ0044,S3,2026-06-07,20260607,2026-06-15,8,Rejected
EVT003958,APP02073,REQ0044,S1,2026-05-20,20260520,2026-05-23,3,Rejected
EVT003959,APP02074,REQ0044,S1,2026-06-06,20260606,2026-06-08,2,Rejected
EVT003960,APP02075,REQ0044,S1,2026-06-09,20260609,2026-06-12,3,Advanced
EVT003961,APP02075,REQ0044,S2,2026-06-12,20260612,2026-06-15,3,Advanced
EVT003962,APP02075,REQ0044,S3,2026-06-15,20260615,2026-06-19,4,Rejected
EVT003963,APP02076,REQ0044,S1,2026-05-15,20260515,2026-05-17,2,Rejected
EVT003964,APP02077,REQ0044,S1,2026-06-25,20260625,2026-06-26,1,Rejected
EVT003965,APP02078,REQ0044,S1,2026-06-11,20260611,2026-06-12,1,Rejected
EVT003966,APP02079,REQ0044,S1,2026-06-16,20260616,2026-06-17,1,Rejected
EVT003967,APP02080,REQ0044,S1,2026-05-10,20260510,2026-05-13,3,Rejected
EVT003968,APP02081,REQ0044,S1,2026-06-19,20260619,2026-06-20,1,Rejected
EVT003969,APP02082,REQ0044,S1,2026-06-23,20260623,2026-06-24,1,Advanced
EVT003970,APP02082,REQ0044,S2,2026-06-24,20260624,2026-06-26,2,Rejected
EVT003971,APP02083,REQ0044,S1,2026-05-22,20260522,2026-05-25,3,Advanced
EVT003972,APP02083,REQ0044,S2,2026-05-25,20260525,2026-05-28,3,Advanced
EVT003973,APP02083,REQ0044,S3,2026-05-28,20260528,2026-06-11,14,Rejected
EVT003974,APP02084,REQ0044,S1,2026-06-25,20260625,2026-06-28,3,Advanced
EVT003975,APP02084,REQ0044,S2,2026-06-28,20260628,2026-06-30,2,Advanced
EVT003976,APP02084,REQ0044,S3,2026-06-30,20260630,,0,In Process
EVT003977,APP02085,REQ0044,S1,2026-05-20,20260520,2026-05-21,1,Rejected
EVT003978,APP02086,REQ0044,S1,2026-05-21,20260521,2026-05-24,3,Advanced
EVT003979,APP02086,REQ0044,S2,2026-05-24,20260524,2026-05-27,3,Advanced
EVT003980,APP02086,REQ0044,S3,2026-05-27,20260527,2026-06-02,6,Rejected
EVT003981,APP02087,REQ0044,S1,2026-06-09,20260609,2026-06-10,1,Advanced
EVT003982,APP02087,REQ0044,S2,2026-06-10,20260610,2026-06-14,4,Advanced
EVT003983,APP02087,REQ0044,S3,2026-06-14,20260614,2026-06-24,10,Rejected
EVT003984,APP02088,REQ0044,S1,2026-05-12,20260512,2026-05-14,2,Rejected
EVT003985,APP02089,REQ0044,S1,2026-06-23,20260623,2026-06-25,2,Advanced
EVT003986,APP02089,REQ0044,S2,2026-06-25,20260625,2026-06-30,5,Advanced
EVT003987,APP02089,REQ0044,S3,2026-06-30,20260630,,0,In Process
EVT003988,APP02090,REQ0044,S1,2026-06-12,20260612,2026-06-13,1,Advanced
EVT003989,APP02090,REQ0044,S2,2026-06-13,20260613,2026-06-15,2,Advanced
EVT003990,APP02090,REQ0044,S3,2026-06-15,20260615,2026-06-20,5,Advanced
EVT003991,APP02090,REQ0044,S4,2026-06-20,20260620,2026-06-24,4,Rejected
EVT003992,APP02091,REQ0044,S1,2026-05-27,20260527,2026-05-28,1,Advanced
EVT003993,APP02091,REQ0044,S2,2026-05-28,20260528,2026-05-31,3,Rejected
EVT003994,APP02092,REQ0044,S1,2026-05-10,20260510,2026-05-13,3,Rejected
EVT003995,APP02093,REQ0045,S1,2025-03-22,20250322,2025-03-25,3,Advanced
EVT003996,APP02093,REQ0045,S2,2025-03-25,20250325,2025-03-29,4,Advanced
EVT003997,APP02093,REQ0045,S3,2025-03-29,20250329,2025-04-02,4,Rejected
EVT003998,APP02094,REQ0045,S1,2025-03-31,20250331,2025-04-03,3,Advanced
EVT003999,APP02094,REQ0045,S2,2025-04-03,20250403,2025-04-06,3,Advanced
EVT004000,APP02094,REQ0045,S3,2025-04-06,20250406,2025-04-12,6,Rejected
EVT004001,APP02095,REQ0045,S1,2025-03-08,20250308,2025-03-10,2,Advanced
EVT004002,APP02095,REQ0045,S2,2025-03-10,20250310,2025-03-15,5,Rejected
EVT004003,APP02096,REQ0045,S1,2025-03-26,20250326,2025-03-29,3,Advanced
EVT004004,APP02096,REQ0045,S2,2025-03-29,20250329,2025-04-02,4,Rejected
EVT004005,APP02097,REQ0045,S1,2025-03-17,20250317,2025-03-18,1,Advanced
EVT004006,APP02097,REQ0045,S2,2025-03-18,20250318,2025-03-24,6,Advanced
EVT004007,APP02097,REQ0045,S3,2025-03-24,20250324,2025-04-05,12,Advanced
EVT004008,APP02097,REQ0045,S4,2025-04-05,20250405,2025-04-11,6,Advanced
EVT004009,APP02097,REQ0045,S5,2025-04-11,20250411,2025-04-18,7,Rejected
EVT004010,APP02098,REQ0045,S1,2025-03-14,20250314,2025-03-15,1,Rejected
EVT004011,APP02099,REQ0045,S1,2025-03-26,20250326,2025-03-29,3,Advanced
EVT004012,APP02099,REQ0045,S2,2025-03-29,20250329,2025-03-31,2,Rejected
EVT004013,APP02100,REQ0045,S1,2025-03-15,20250315,2025-03-16,1,Advanced
EVT004014,APP02100,REQ0045,S2,2025-03-16,20250316,2025-03-18,2,Rejected
EVT004015,APP02101,REQ0045,S1,2025-03-15,20250315,2025-03-17,2,Rejected
EVT004016,APP02102,REQ0045,S1,2025-03-30,20250330,2025-04-01,2,Rejected
EVT004017,APP02103,REQ0045,S1,2025-03-21,20250321,2025-03-24,3,Rejected
EVT004018,APP02104,REQ0045,S1,2025-03-20,20250320,2025-03-23,3,Advanced
EVT004019,APP02104,REQ0045,S2,2025-03-23,20250323,2025-03-28,5,Advanced
EVT004020,APP02104,REQ0045,S3,2025-03-28,20250328,2025-04-07,10,Advanced
EVT004021,APP02104,REQ0045,S4,2025-04-07,20250407,2025-04-14,7,Rejected
EVT004022,APP02105,REQ0045,S1,2025-03-29,20250329,2025-03-30,1,Rejected
EVT004023,APP02106,REQ0045,S1,2025-03-09,20250309,2025-03-10,1,Rejected
EVT004024,APP02107,REQ0045,S1,2025-03-18,20250318,2025-03-20,2,Rejected
EVT004025,APP02108,REQ0045,S1,2025-03-21,20250321,2025-03-23,2,Rejected
EVT004026,APP02109,REQ0045,S1,2025-03-08,20250308,2025-03-11,3,Rejected
EVT004027,APP02110,REQ0045,S1,2025-03-23,20250323,2025-03-24,1,Rejected
EVT004028,APP02111,REQ0045,S1,2025-03-30,20250330,2025-03-31,1,Rejected
EVT004029,APP02112,REQ0045,S1,2025-03-23,20250323,2025-03-26,3,Advanced
EVT004030,APP02112,REQ0045,S2,2025-03-26,20250326,2025-03-30,4,Advanced
EVT004031,APP02112,REQ0045,S3,2025-03-30,20250330,2025-04-06,7,Rejected
EVT004032,APP02113,REQ0045,S1,2025-03-08,20250308,2025-03-11,3,Rejected
EVT004033,APP02114,REQ0045,S1,2025-04-03,20250403,2025-04-04,1,Rejected
EVT004034,APP02115,REQ0045,S1,2025-03-29,20250329,2025-03-30,1,Rejected
EVT004035,APP02116,REQ0045,S1,2025-03-24,20250324,2025-03-26,2,Rejected
EVT004036,APP02117,REQ0045,S1,2025-03-14,20250314,2025-03-15,1,Rejected
EVT004037,APP02118,REQ0045,S1,2025-03-31,20250331,2025-04-01,1,Rejected
EVT004038,APP02119,REQ0045,S1,2025-03-30,20250330,2025-03-31,1,Advanced
EVT004039,APP02119,REQ0045,S2,2025-03-31,20250331,2025-04-04,4,Rejected
EVT004040,APP02120,REQ0045,S1,2025-03-08,20250308,2025-03-11,3,Advanced
EVT004041,APP02120,REQ0045,S2,2025-03-11,20250311,2025-03-16,5,Advanced
EVT004042,APP02120,REQ0045,S3,2025-03-16,20250316,2025-03-26,10,Rejected
EVT004043,APP02121,REQ0045,S1,2025-03-27,20250327,2025-03-29,2,Advanced
EVT004044,APP02121,REQ0045,S2,2025-03-29,20250329,2025-04-04,6,Advanced
EVT004045,APP02121,REQ0045,S3,2025-04-04,20250404,2025-04-18,14,Advanced
EVT004046,APP02121,REQ0045,S4,2025-04-18,20250418,2025-04-22,4,Rejected
EVT004047,APP02122,REQ0045,S1,2025-03-29,20250329,2025-03-30,1,Rejected
EVT004048,APP02123,REQ0045,S1,2025-03-13,20250313,2025-03-16,3,Rejected
EVT004049,APP02124,REQ0045,S1,2025-03-20,20250320,2025-03-21,1,Advanced
EVT004050,APP02124,REQ0045,S2,2025-03-21,20250321,2025-03-24,3,Advanced
EVT004051,APP02124,REQ0045,S3,2025-03-24,20250324,2025-03-27,3,Rejected
EVT004052,APP02125,REQ0045,S1,2025-03-07,20250307,2025-03-08,1,Advanced
EVT004053,APP02125,REQ0045,S2,2025-03-08,20250308,2025-03-13,5,Rejected
EVT004054,APP02126,REQ0045,S1,2025-03-18,20250318,2025-03-19,1,Rejected
EVT004055,APP02127,REQ0045,S1,2025-03-31,20250331,2025-04-03,3,Rejected
EVT004056,APP02128,REQ0045,S1,2025-03-07,20250307,2025-03-09,2,Rejected
EVT004057,APP02129,REQ0045,S1,2025-04-03,20250403,2025-04-04,1,Rejected
EVT004058,APP02130,REQ0045,S1,2025-03-11,20250311,2025-03-12,1,Rejected
EVT004059,APP02131,REQ0045,S1,2025-03-07,20250307,2025-03-09,2,Advanced
EVT004060,APP02131,REQ0045,S2,2025-03-09,20250309,2025-03-11,2,Advanced
EVT004061,APP02131,REQ0045,S3,2025-03-11,20250311,2025-03-25,14,Advanced
EVT004062,APP02131,REQ0045,S4,2025-03-25,20250325,2025-03-29,4,Rejected
EVT004063,APP02132,REQ0045,S1,2025-03-25,20250325,2025-03-28,3,Rejected
EVT004064,APP02133,REQ0045,S1,2025-03-25,20250325,2025-03-26,1,Advanced
EVT004065,APP02133,REQ0045,S2,2025-03-26,20250326,2025-03-28,2,Advanced
EVT004066,APP02133,REQ0045,S3,2025-03-28,20250328,2025-04-06,9,Advanced
EVT004067,APP02133,REQ0045,S4,2025-04-06,20250406,2025-04-11,5,Advanced
EVT004068,APP02133,REQ0045,S5,2025-04-11,20250411,2025-04-22,11,Advanced
EVT004069,APP02133,REQ0045,S6,2025-04-22,20250422,2025-05-01,9,Rejected
EVT004070,APP02134,REQ0045,S1,2025-03-24,20250324,2025-03-26,2,Rejected
EVT004071,APP02135,REQ0045,S1,2025-03-08,20250308,2025-03-11,3,Advanced
EVT004072,APP02135,REQ0045,S2,2025-03-11,20250311,2025-03-17,6,Advanced
EVT004073,APP02135,REQ0045,S3,2025-03-17,20250317,2025-03-26,9,Advanced
EVT004074,APP02135,REQ0045,S4,2025-03-26,20250326,2025-03-31,5,Advanced
EVT004075,APP02135,REQ0045,S5,2025-03-31,20250331,2025-04-08,8,Rejected
EVT004076,APP02136,REQ0045,S1,2025-03-13,20250313,2025-03-16,3,Advanced
EVT004077,APP02136,REQ0045,S2,2025-03-16,20250316,2025-03-19,3,Advanced
EVT004078,APP02136,REQ0045,S3,2025-03-19,20250319,2025-04-02,14,Advanced
EVT004079,APP02136,REQ0045,S4,2025-04-02,20250402,2025-04-09,7,Advanced
EVT004080,APP02136,REQ0045,S5,2025-04-09,20250409,2025-04-16,7,Rejected
EVT004081,APP02137,REQ0045,S1,2025-03-19,20250319,2025-03-22,3,Rejected
EVT004082,APP02138,REQ0045,S1,2025-03-18,20250318,2025-03-21,3,Rejected
EVT004083,APP02139,REQ0045,S1,2025-03-16,20250316,2025-03-17,1,Rejected
EVT004084,APP02140,REQ0045,S1,2025-04-03,20250403,2025-04-06,3,Advanced
EVT004085,APP02140,REQ0045,S2,2025-04-06,20250406,2025-04-11,5,Advanced
EVT004086,APP02140,REQ0045,S3,2025-04-11,20250411,2025-04-23,12,Advanced
EVT004087,APP02140,REQ0045,S4,2025-04-23,20250423,2025-04-28,5,Rejected
EVT004088,APP02141,REQ0045,S1,2025-04-01,20250401,2025-04-02,1,Rejected
EVT004089,APP02142,REQ0045,S1,2025-03-19,20250319,2025-03-21,2,Rejected
EVT004090,APP02143,REQ0045,S1,2025-03-23,20250323,2025-03-25,2,Rejected
EVT004091,APP02144,REQ0045,S1,2025-03-25,20250325,2025-03-27,2,Rejected
EVT004092,APP02145,REQ0045,S1,2025-03-23,20250323,2025-03-25,2,Advanced
EVT004093,APP02145,REQ0045,S2,2025-03-25,20250325,2025-03-28,3,Advanced
EVT004094,APP02145,REQ0045,S3,2025-03-28,20250328,2025-04-08,11,Advanced
EVT004095,APP02145,REQ0045,S4,2025-04-08,20250408,2025-04-14,6,Rejected
EVT004096,APP02146,REQ0045,S1,2025-03-19,20250319,2025-03-20,1,Rejected
EVT004097,APP02147,REQ0045,S1,2025-03-10,20250310,2025-03-11,1,Rejected
EVT004098,APP02148,REQ0045,S1,2025-03-20,20250320,2025-03-21,1,Rejected
EVT004099,APP02149,REQ0045,S1,2025-03-07,20250307,2025-03-08,1,Advanced
EVT004100,APP02149,REQ0045,S2,2025-03-08,20250308,2025-03-12,4,Advanced
EVT004101,APP02149,REQ0045,S3,2025-03-12,20250312,2025-03-20,8,Rejected
EVT004102,APP02150,REQ0045,S1,2025-03-18,20250318,2025-03-19,1,Advanced
EVT004103,APP02150,REQ0045,S2,2025-03-19,20250319,2025-03-25,6,Rejected
EVT004104,APP02151,REQ0045,S1,2025-03-26,20250326,2025-03-28,2,Rejected
EVT004105,APP02152,REQ0045,S1,2025-03-26,20250326,2025-03-28,2,Advanced
EVT004106,APP02152,REQ0045,S2,2025-03-28,20250328,2025-04-03,6,Advanced
EVT004107,APP02152,REQ0045,S3,2025-04-03,20250403,2025-04-15,12,Advanced
EVT004108,APP02152,REQ0045,S4,2025-04-15,20250415,2025-04-21,6,Advanced
EVT004109,APP02152,REQ0045,S5,2025-04-21,20250421,2025-04-29,8,Advanced
EVT004110,APP02152,REQ0045,S6,2025-04-29,20250429,2025-05-05,6,Advanced
EVT004111,APP02152,REQ0045,S7,2025-05-05,20250505,2025-05-11,6,Advanced
EVT004112,APP02152,REQ0045,S8,2025-05-11,20250511,2025-05-11,0,Hired
EVT004113,APP02153,REQ0045,S1,2025-03-13,20250313,2025-03-14,1,Rejected
EVT004114,APP02154,REQ0045,S1,2025-03-22,20250322,2025-03-23,1,Rejected
EVT004115,APP02155,REQ0045,S1,2025-03-23,20250323,2025-03-26,3,Advanced
EVT004116,APP02155,REQ0045,S2,2025-03-26,20250326,2025-03-29,3,Rejected
EVT004117,APP02156,REQ0045,S1,2025-04-03,20250403,2025-04-04,1,Rejected
EVT004118,APP02157,REQ0045,S1,2025-03-08,20250308,2025-03-10,2,Advanced
EVT004119,APP02157,REQ0045,S2,2025-03-10,20250310,2025-03-13,3,Advanced
EVT004120,APP02157,REQ0045,S3,2025-03-13,20250313,2025-03-26,13,Advanced
EVT004121,APP02157,REQ0045,S4,2025-03-26,20250326,2025-03-29,3,Advanced
EVT004122,APP02157,REQ0045,S5,2025-03-29,20250329,2025-04-06,8,Advanced
EVT004123,APP02157,REQ0045,S6,2025-04-06,20250406,2025-04-11,5,Rejected
EVT004124,APP02158,REQ0046,S1,2025-12-06,20251206,2025-12-07,1,Advanced
EVT004125,APP02158,REQ0046,S2,2025-12-07,20251207,2025-12-08,1,Rejected
EVT004126,APP02159,REQ0046,S1,2025-09-22,20250922,2025-09-23,1,Advanced
EVT004127,APP02159,REQ0046,S2,2025-09-23,20250923,2025-09-25,2,Advanced
EVT004128,APP02159,REQ0046,S3,2025-09-25,20250925,2025-10-02,7,Rejected
EVT004129,APP02160,REQ0046,S1,2026-02-06,20260206,2026-02-07,1,Rejected
EVT004130,APP02161,REQ0046,S1,2025-12-05,20251205,2025-12-06,1,Advanced
EVT004131,APP02161,REQ0046,S2,2025-12-06,20251206,2025-12-08,2,Advanced
EVT004132,APP02161,REQ0046,S3,2025-12-08,20251208,2025-12-12,4,Rejected
EVT004133,APP02162,REQ0046,S1,2025-09-12,20250912,2025-09-13,1,Rejected
EVT004134,APP02163,REQ0046,S1,2025-11-25,20251125,2025-11-26,1,Advanced
EVT004135,APP02163,REQ0046,S2,2025-11-26,20251126,2025-11-30,4,Rejected
EVT004136,APP02164,REQ0046,S1,2025-12-23,20251223,2025-12-25,2,Rejected
EVT004137,APP02165,REQ0046,S1,2025-11-25,20251125,2025-11-26,1,Rejected
EVT004138,APP02166,REQ0046,S1,2025-12-17,20251217,2025-12-19,2,Advanced
EVT004139,APP02166,REQ0046,S2,2025-12-19,20251219,2025-12-22,3,Rejected
EVT004140,APP02167,REQ0046,S1,2025-10-20,20251020,2025-10-21,1,Advanced
EVT004141,APP02167,REQ0046,S2,2025-10-21,20251021,2025-10-25,4,Advanced
EVT004142,APP02167,REQ0046,S3,2025-10-25,20251025,2025-10-31,6,Rejected
EVT004143,APP02168,REQ0046,S1,2026-02-23,20260223,2026-02-24,1,Advanced
EVT004144,APP02168,REQ0046,S2,2026-02-24,20260224,2026-02-26,2,Rejected
EVT004145,APP02169,REQ0046,S1,2025-09-18,20250918,2025-09-19,1,Rejected
EVT004146,APP02170,REQ0046,S1,2025-09-24,20250924,2025-09-25,1,Rejected
EVT004147,APP02171,REQ0046,S1,2025-09-04,20250904,2025-09-07,3,Rejected
EVT004148,APP02172,REQ0046,S1,2026-02-09,20260209,2026-02-11,2,Advanced
EVT004149,APP02172,REQ0046,S2,2026-02-11,20260211,2026-02-15,4,Advanced
EVT004150,APP02172,REQ0046,S3,2026-02-15,20260215,2026-02-26,11,Rejected
EVT004151,APP02173,REQ0046,S1,2026-01-21,20260121,2026-01-23,2,Advanced
EVT004152,APP02173,REQ0046,S2,2026-01-23,20260123,2026-01-24,1,Rejected
EVT004153,APP02174,REQ0046,S1,2025-11-02,20251102,2025-11-03,1,Advanced
EVT004154,APP02174,REQ0046,S2,2025-11-03,20251103,2025-11-06,3,Rejected
EVT004155,APP02175,REQ0046,S1,2025-12-20,20251220,2025-12-21,1,Advanced
EVT004156,APP02175,REQ0046,S2,2025-12-21,20251221,2025-12-25,4,Rejected
EVT004157,APP02176,REQ0047,S1,2024-07-20,20240720,2024-07-21,1,Advanced
EVT004158,APP02176,REQ0047,S2,2024-07-21,20240721,2024-07-26,5,Rejected
EVT004159,APP02177,REQ0047,S1,2024-08-01,20240801,2024-08-04,3,Advanced
EVT004160,APP02177,REQ0047,S2,2024-08-04,20240804,2024-08-08,4,Rejected
EVT004161,APP02178,REQ0047,S1,2024-07-26,20240726,2024-07-27,1,Rejected
EVT004162,APP02179,REQ0047,S1,2024-07-16,20240716,2024-07-17,1,Advanced
EVT004163,APP02179,REQ0047,S2,2024-07-17,20240717,2024-07-18,1,Advanced
EVT004164,APP02179,REQ0047,S3,2024-07-18,20240718,2024-07-20,2,Rejected
EVT004165,APP02180,REQ0047,S1,2024-07-30,20240730,2024-08-02,3,Advanced
EVT004166,APP02180,REQ0047,S2,2024-08-02,20240802,2024-08-04,2,Advanced
EVT004167,APP02180,REQ0047,S3,2024-08-04,20240804,2024-08-17,13,Advanced
EVT004168,APP02180,REQ0047,S4,2024-08-17,20240817,2024-08-23,6,Advanced
EVT004169,APP02180,REQ0047,S5,2024-08-23,20240823,2024-08-31,8,Rejected
EVT004170,APP02181,REQ0047,S1,2024-07-18,20240718,2024-07-19,1,Advanced
EVT004171,APP02181,REQ0047,S2,2024-07-19,20240719,2024-07-25,6,Advanced
EVT004172,APP02181,REQ0047,S3,2024-07-25,20240725,2024-08-04,10,Rejected
EVT004173,APP02182,REQ0047,S1,2024-07-30,20240730,2024-08-02,3,Advanced
EVT004174,APP02182,REQ0047,S2,2024-08-02,20240802,2024-08-05,3,Advanced
EVT004175,APP02182,REQ0047,S3,2024-08-05,20240805,2024-08-11,6,Advanced
EVT004176,APP02182,REQ0047,S4,2024-08-11,20240811,2024-08-19,8,Advanced
EVT004177,APP02182,REQ0047,S5,2024-08-19,20240819,2024-08-23,4,Advanced
EVT004178,APP02182,REQ0047,S6,2024-08-23,20240823,2024-09-01,9,Advanced
EVT004179,APP02182,REQ0047,S7,2024-09-01,20240901,2024-09-09,8,Advanced
EVT004180,APP02182,REQ0047,S8,2024-09-09,20240909,2024-09-09,0,Hired
EVT004181,APP02183,REQ0047,S1,2024-07-27,20240727,2024-07-28,1,Rejected
EVT004182,APP02184,REQ0047,S1,2024-07-20,20240720,2024-07-22,2,Rejected
EVT004183,APP02185,REQ0047,S1,2024-08-02,20240802,2024-08-04,2,Rejected
EVT004184,APP02186,REQ0047,S1,2024-07-17,20240717,2024-07-18,1,Rejected
EVT004185,APP02187,REQ0047,S1,2024-07-23,20240723,2024-07-24,1,Rejected
EVT004186,APP02188,REQ0047,S1,2024-07-24,20240724,2024-07-27,3,Rejected
EVT004187,APP02189,REQ0047,S1,2024-07-19,20240719,2024-07-20,1,Advanced
EVT004188,APP02189,REQ0047,S2,2024-07-20,20240720,2024-07-22,2,Rejected
EVT004189,APP02190,REQ0047,S1,2024-07-20,20240720,2024-07-22,2,Rejected
EVT004190,APP02191,REQ0047,S1,2024-08-04,20240804,2024-08-07,3,Advanced
EVT004191,APP02191,REQ0047,S2,2024-08-07,20240807,2024-08-12,5,Advanced
EVT004192,APP02191,REQ0047,S3,2024-08-12,20240812,2024-08-24,12,Rejected
EVT004193,APP02192,REQ0047,S1,2024-08-05,20240805,2024-08-07,2,Advanced
EVT004194,APP02192,REQ0047,S2,2024-08-07,20240807,2024-08-09,2,Advanced
EVT004195,APP02192,REQ0047,S3,2024-08-09,20240809,2024-08-13,4,Advanced
EVT004196,APP02192,REQ0047,S4,2024-08-13,20240813,2024-08-17,4,Rejected
EVT004197,APP02193,REQ0047,S1,2024-07-24,20240724,2024-07-26,2,Advanced
EVT004198,APP02193,REQ0047,S2,2024-07-26,20240726,2024-07-31,5,Advanced
EVT004199,APP02193,REQ0047,S3,2024-07-31,20240731,2024-08-04,4,Advanced
EVT004200,APP02193,REQ0047,S4,2024-08-04,20240804,2024-08-09,5,Advanced
EVT004201,APP02193,REQ0047,S5,2024-08-09,20240809,2024-08-18,9,Advanced
EVT004202,APP02193,REQ0047,S6,2024-08-18,20240818,2024-08-24,6,Rejected
EVT004203,APP02194,REQ0047,S1,2024-07-29,20240729,2024-07-31,2,Advanced
EVT004204,APP02194,REQ0047,S2,2024-07-31,20240731,2024-08-02,2,Advanced
EVT004205,APP02194,REQ0047,S3,2024-08-02,20240802,2024-08-14,12,Rejected
EVT004206,APP02195,REQ0047,S1,2024-07-21,20240721,2024-07-23,2,Rejected
EVT004207,APP02196,REQ0047,S1,2024-08-05,20240805,2024-08-07,2,Rejected
EVT004208,APP02197,REQ0047,S1,2024-07-18,20240718,2024-07-20,2,Rejected
EVT004209,APP02198,REQ0047,S1,2024-08-05,20240805,2024-08-07,2,Rejected
EVT004210,APP02199,REQ0047,S1,2024-07-16,20240716,2024-07-17,1,Rejected
EVT004211,APP02200,REQ0047,S1,2024-07-18,20240718,2024-07-19,1,Advanced
EVT004212,APP02200,REQ0047,S2,2024-07-19,20240719,2024-07-22,3,Advanced
EVT004213,APP02200,REQ0047,S3,2024-07-22,20240722,2024-07-25,3,Advanced
EVT004214,APP02200,REQ0047,S4,2024-07-25,20240725,2024-07-30,5,Advanced
EVT004215,APP02200,REQ0047,S5,2024-07-30,20240730,2024-08-04,5,Rejected
EVT004216,APP02201,REQ0047,S1,2024-08-05,20240805,2024-08-07,2,Rejected
EVT004217,APP02202,REQ0047,S1,2024-07-30,20240730,2024-07-31,1,Advanced
EVT004218,APP02202,REQ0047,S2,2024-07-31,20240731,2024-08-02,2,Advanced
EVT004219,APP02202,REQ0047,S3,2024-08-02,20240802,2024-08-11,9,Rejected
EVT004220,APP02203,REQ0047,S1,2024-07-20,20240720,2024-07-22,2,Rejected
EVT004221,APP02204,REQ0047,S1,2024-07-22,20240722,2024-07-23,1,Advanced
EVT004222,APP02204,REQ0047,S2,2024-07-23,20240723,2024-07-25,2,Rejected
EVT004223,APP02205,REQ0048,S1,2025-10-01,20251001,2025-10-02,1,Rejected
EVT004224,APP02206,REQ0048,S1,2025-09-26,20250926,2025-09-29,3,Advanced
EVT004225,APP02206,REQ0048,S2,2025-09-29,20250929,2025-10-01,2,Advanced
EVT004226,APP02206,REQ0048,S3,2025-10-01,20251001,2025-10-10,9,Rejected
EVT004227,APP02207,REQ0048,S1,2025-10-05,20251005,2025-10-08,3,Rejected
EVT004228,APP02208,REQ0048,S1,2025-09-27,20250927,2025-09-28,1,Advanced
EVT004229,APP02208,REQ0048,S2,2025-09-28,20250928,2025-09-30,2,Advanced
EVT004230,APP02208,REQ0048,S3,2025-09-30,20250930,2025-10-07,7,Rejected
EVT004231,APP02209,REQ0048,S1,2025-09-29,20250929,2025-09-30,1,Advanced
EVT004232,APP02209,REQ0048,S2,2025-09-30,20250930,2025-10-04,4,Rejected
EVT004233,APP02210,REQ0048,S1,2025-10-02,20251002,2025-10-04,2,Rejected
EVT004234,APP02211,REQ0048,S1,2025-09-30,20250930,2025-10-03,3,Rejected
EVT004235,APP02212,REQ0048,S1,2025-09-27,20250927,2025-09-28,1,Rejected
EVT004236,APP02213,REQ0048,S1,2025-10-03,20251003,2025-10-04,1,Rejected
EVT004237,APP02214,REQ0048,S1,2025-09-28,20250928,2025-09-29,1,Rejected
EVT004238,APP02215,REQ0048,S1,2025-10-02,20251002,2025-10-03,1,Rejected
EVT004239,APP02216,REQ0048,S1,2025-09-27,20250927,2025-09-28,1,Rejected
EVT004240,APP02217,REQ0048,S1,2025-10-01,20251001,2025-10-03,2,Advanced
EVT004241,APP02217,REQ0048,S2,2025-10-03,20251003,2025-10-06,3,Advanced
EVT004242,APP02217,REQ0048,S3,2025-10-06,20251006,2025-10-11,5,Rejected
EVT004243,APP02218,REQ0048,S1,2025-09-28,20250928,2025-09-29,1,Rejected
EVT004244,APP02219,REQ0048,S1,2025-09-30,20250930,2025-10-01,1,Advanced
EVT004245,APP02219,REQ0048,S2,2025-10-01,20251001,2025-10-06,5,Advanced
EVT004246,APP02219,REQ0048,S3,2025-10-06,20251006,2025-10-20,14,Rejected
EVT004247,APP02220,REQ0048,S1,2025-09-23,20250923,2025-09-24,1,Rejected
EVT004248,APP02221,REQ0048,S1,2025-09-23,20250923,2025-09-25,2,Rejected
EVT004249,APP02222,REQ0048,S1,2025-10-02,20251002,2025-10-05,3,Advanced
EVT004250,APP02222,REQ0048,S2,2025-10-05,20251005,2025-10-09,4,Advanced
EVT004251,APP02222,REQ0048,S3,2025-10-09,20251009,2025-10-21,12,Advanced
EVT004252,APP02222,REQ0048,S4,2025-10-21,20251021,2025-10-29,8,Rejected
EVT004253,APP02223,REQ0048,S1,2025-10-07,20251007,2025-10-09,2,Advanced
EVT004254,APP02223,REQ0048,S2,2025-10-09,20251009,2025-10-14,5,Rejected
EVT004255,APP02224,REQ0048,S1,2025-09-26,20250926,2025-09-29,3,Rejected
EVT004256,APP02225,REQ0048,S1,2025-10-05,20251005,2025-10-08,3,Advanced
EVT004257,APP02225,REQ0048,S2,2025-10-08,20251008,2025-10-13,5,Rejected
EVT004258,APP02226,REQ0048,S1,2025-10-02,20251002,2025-10-05,3,Rejected
EVT004259,APP02227,REQ0048,S1,2025-09-23,20250923,2025-09-24,1,Advanced
EVT004260,APP02227,REQ0048,S2,2025-09-24,20250924,2025-09-26,2,Advanced
EVT004261,APP02227,REQ0048,S3,2025-09-26,20250926,2025-10-03,7,Rejected
EVT004262,APP02228,REQ0048,S1,2025-10-06,20251006,2025-10-08,2,Rejected
EVT004263,APP02229,REQ0048,S1,2025-09-30,20250930,2025-10-01,1,Rejected
EVT004264,APP02230,REQ0048,S1,2025-09-22,20250922,2025-09-23,1,Advanced
EVT004265,APP02230,REQ0048,S2,2025-09-23,20250923,2025-09-29,6,Advanced
EVT004266,APP02230,REQ0048,S3,2025-09-29,20250929,2025-10-08,9,Rejected
EVT004267,APP02231,REQ0048,S1,2025-09-26,20250926,2025-09-27,1,Advanced
EVT004268,APP02231,REQ0048,S2,2025-09-27,20250927,2025-09-30,3,Rejected
EVT004269,APP02232,REQ0048,S1,2025-09-25,20250925,2025-09-26,1,Rejected
EVT004270,APP02233,REQ0048,S1,2025-09-23,20250923,2025-09-24,1,Rejected
EVT004271,APP02234,REQ0048,S1,2025-09-25,20250925,2025-09-26,1,Rejected
EVT004272,APP02235,REQ0048,S1,2025-10-05,20251005,2025-10-06,1,Advanced
EVT004273,APP02235,REQ0048,S2,2025-10-06,20251006,2025-10-08,2,Rejected
EVT004274,APP02236,REQ0048,S1,2025-09-30,20250930,2025-10-03,3,Rejected
EVT004275,APP02237,REQ0048,S1,2025-10-03,20251003,2025-10-05,2,Rejected
EVT004276,APP02238,REQ0048,S1,2025-09-27,20250927,2025-09-28,1,Rejected
EVT004277,APP02239,REQ0048,S1,2025-09-29,20250929,2025-10-02,3,Advanced
EVT004278,APP02239,REQ0048,S2,2025-10-02,20251002,2025-10-04,2,Rejected
EVT004279,APP02240,REQ0048,S1,2025-10-04,20251004,2025-10-06,2,Rejected
EVT004280,APP02241,REQ0048,S1,2025-09-26,20250926,2025-09-27,1,Rejected
EVT004281,APP02242,REQ0048,S1,2025-10-07,20251007,2025-10-08,1,Advanced
EVT004282,APP02242,REQ0048,S2,2025-10-08,20251008,2025-10-09,1,Rejected
EVT004283,APP02243,REQ0048,S1,2025-09-27,20250927,2025-09-28,1,Rejected
EVT004284,APP02244,REQ0048,S1,2025-10-04,20251004,2025-10-05,1,Rejected
EVT004285,APP02245,REQ0048,S1,2025-09-25,20250925,2025-09-26,1,Rejected
EVT004286,APP02246,REQ0048,S1,2025-09-27,20250927,2025-09-28,1,Rejected
EVT004287,APP02247,REQ0048,S1,2025-10-01,20251001,2025-10-04,3,Advanced
EVT004288,APP02247,REQ0048,S2,2025-10-04,20251004,2025-10-06,2,Rejected
EVT004289,APP02248,REQ0048,S1,2025-10-04,20251004,2025-10-05,1,Rejected
EVT004290,APP02249,REQ0048,S1,2025-10-01,20251001,2025-10-03,2,Rejected
EVT004291,APP02250,REQ0049,S1,2024-08-09,20240809,2024-08-10,1,Advanced
EVT004292,APP02250,REQ0049,S2,2024-08-10,20240810,2024-08-12,2,Advanced
EVT004293,APP02250,REQ0049,S3,2024-08-12,20240812,2024-08-22,10,Rejected
EVT004294,APP02251,REQ0049,S1,2024-08-28,20240828,2024-08-29,1,Rejected
EVT004295,APP02252,REQ0049,S1,2024-08-28,20240828,2024-08-30,2,Rejected
EVT004296,APP02253,REQ0049,S1,2024-08-12,20240812,2024-08-13,1,Advanced
EVT004297,APP02253,REQ0049,S2,2024-08-13,20240813,2024-08-18,5,Advanced
EVT004298,APP02253,REQ0049,S3,2024-08-18,20240818,2024-08-28,10,Rejected
EVT004299,APP02254,REQ0049,S1,2024-08-19,20240819,2024-08-21,2,Rejected
EVT004300,APP02255,REQ0049,S1,2024-08-23,20240823,2024-08-25,2,Rejected
EVT004301,APP02256,REQ0049,S1,2024-08-06,20240806,2024-08-08,2,Advanced
EVT004302,APP02256,REQ0049,S2,2024-08-08,20240808,2024-08-11,3,Rejected
EVT004303,APP02257,REQ0049,S1,2024-08-26,20240826,2024-08-28,2,Rejected
EVT004304,APP02258,REQ0049,S1,2024-08-06,20240806,2024-08-07,1,Advanced
EVT004305,APP02258,REQ0049,S2,2024-08-07,20240807,2024-08-09,2,Advanced
EVT004306,APP02258,REQ0049,S3,2024-08-09,20240809,2024-08-16,7,Rejected
EVT004307,APP02259,REQ0049,S1,2024-08-31,20240831,2024-09-03,3,Rejected
EVT004308,APP02260,REQ0049,S1,2024-08-14,20240814,2024-08-15,1,Rejected
EVT004309,APP02261,REQ0049,S1,2024-08-13,20240813,2024-08-14,1,Advanced
EVT004310,APP02261,REQ0049,S2,2024-08-14,20240814,2024-08-16,2,Advanced
EVT004311,APP02261,REQ0049,S3,2024-08-16,20240816,2024-08-25,9,Rejected
EVT004312,APP02262,REQ0049,S1,2024-08-27,20240827,2024-08-29,2,Advanced
EVT004313,APP02262,REQ0049,S2,2024-08-29,20240829,2024-09-04,6,Rejected
EVT004314,APP02263,REQ0049,S1,2024-08-06,20240806,2024-08-07,1,Rejected
EVT004315,APP02264,REQ0049,S1,2024-08-19,20240819,2024-08-21,2,Rejected
EVT004316,APP02265,REQ0049,S1,2024-08-07,20240807,2024-08-08,1,Rejected
EVT004317,APP02266,REQ0049,S1,2024-08-07,20240807,2024-08-09,2,Advanced
EVT004318,APP02266,REQ0049,S2,2024-08-09,20240809,2024-08-12,3,Rejected
EVT004319,APP02267,REQ0049,S1,2024-08-11,20240811,2024-08-12,1,Rejected
EVT004320,APP02268,REQ0049,S1,2024-08-08,20240808,2024-08-10,2,Rejected
EVT004321,APP02269,REQ0049,S1,2024-08-30,20240830,2024-09-01,2,Advanced
EVT004322,APP02269,REQ0049,S2,2024-09-01,20240901,2024-09-05,4,Rejected
EVT004323,APP02270,REQ0049,S1,2024-08-26,20240826,2024-08-27,1,Rejected
EVT004324,APP02271,REQ0049,S1,2024-08-18,20240818,2024-08-20,2,Advanced
EVT004325,APP02271,REQ0049,S2,2024-08-20,20240820,2024-08-22,2,Advanced
EVT004326,APP02271,REQ0049,S3,2024-08-22,20240822,2024-08-25,3,Rejected
EVT004327,APP02272,REQ0049,S1,2024-08-18,20240818,2024-08-21,3,Advanced
EVT004328,APP02272,REQ0049,S2,2024-08-21,20240821,2024-08-23,2,Advanced
EVT004329,APP02272,REQ0049,S3,2024-08-23,20240823,2024-09-02,10,Advanced
EVT004330,APP02272,REQ0049,S4,2024-09-02,20240902,2024-09-09,7,Advanced
EVT004331,APP02272,REQ0049,S5,2024-09-09,20240909,2024-09-14,5,Rejected
EVT004332,APP02273,REQ0049,S1,2024-08-08,20240808,2024-08-11,3,Advanced
EVT004333,APP02273,REQ0049,S2,2024-08-11,20240811,2024-08-14,3,Advanced
EVT004334,APP02273,REQ0049,S3,2024-08-14,20240814,2024-08-18,4,Advanced
EVT004335,APP02273,REQ0049,S4,2024-08-18,20240818,2024-08-22,4,Advanced
EVT004336,APP02273,REQ0049,S5,2024-08-22,20240822,2024-08-31,9,Advanced
EVT004337,APP02273,REQ0049,S6,2024-08-31,20240831,2024-09-07,7,Advanced
EVT004338,APP02273,REQ0049,S7,2024-09-07,20240907,2024-09-12,5,Rejected
EVT004339,APP02274,REQ0049,S1,2024-08-30,20240830,2024-09-01,2,Advanced
EVT004340,APP02274,REQ0049,S2,2024-09-01,20240901,2024-09-04,3,Rejected
EVT004341,APP02275,REQ0049,S1,2024-08-31,20240831,2024-09-01,1,Advanced
EVT004342,APP02275,REQ0049,S2,2024-09-01,20240901,2024-09-02,1,Rejected
EVT004343,APP02276,REQ0049,S1,2024-08-24,20240824,2024-08-27,3,Advanced
EVT004344,APP02276,REQ0049,S2,2024-08-27,20240827,2024-08-31,4,Advanced
EVT004345,APP02276,REQ0049,S3,2024-08-31,20240831,2024-09-04,4,Rejected
EVT004346,APP02277,REQ0049,S1,2024-08-29,20240829,2024-09-01,3,Rejected
EVT004347,APP02278,REQ0049,S1,2024-08-13,20240813,2024-08-16,3,Rejected
EVT004348,APP02279,REQ0049,S1,2024-08-17,20240817,2024-08-19,2,Advanced
EVT004349,APP02279,REQ0049,S2,2024-08-19,20240819,2024-08-22,3,Advanced
EVT004350,APP02279,REQ0049,S3,2024-08-22,20240822,2024-08-26,4,Advanced
EVT004351,APP02279,REQ0049,S4,2024-08-26,20240826,2024-09-02,7,Rejected
EVT004352,APP02280,REQ0049,S1,2024-08-13,20240813,2024-08-15,2,Rejected
EVT004353,APP02281,REQ0049,S1,2024-08-28,20240828,2024-08-29,1,Rejected
EVT004354,APP02282,REQ0049,S1,2024-08-16,20240816,2024-08-17,1,Rejected
EVT004355,APP02283,REQ0049,S1,2024-08-11,20240811,2024-08-12,1,Rejected
EVT004356,APP02284,REQ0049,S1,2024-08-27,20240827,2024-08-30,3,Rejected
EVT004357,APP02285,REQ0049,S1,2024-08-25,20240825,2024-08-26,1,Rejected
EVT004358,APP02286,REQ0049,S1,2024-08-08,20240808,2024-08-10,2,Rejected
EVT004359,APP02287,REQ0049,S1,2024-08-21,20240821,2024-08-22,1,Advanced
EVT004360,APP02287,REQ0049,S2,2024-08-22,20240822,2024-08-24,2,Advanced
EVT004361,APP02287,REQ0049,S3,2024-08-24,20240824,2024-08-30,6,Advanced
EVT004362,APP02287,REQ0049,S4,2024-08-30,20240830,2024-09-03,4,Advanced
EVT004363,APP02287,REQ0049,S5,2024-09-03,20240903,2024-09-10,7,Rejected
EVT004364,APP02288,REQ0049,S1,2024-08-23,20240823,2024-08-26,3,Rejected
EVT004365,APP02289,REQ0049,S1,2024-08-10,20240810,2024-08-11,1,Rejected
EVT004366,APP02290,REQ0049,S1,2024-08-06,20240806,2024-08-08,2,Advanced
EVT004367,APP02290,REQ0049,S2,2024-08-08,20240808,2024-08-12,4,Advanced
EVT004368,APP02290,REQ0049,S3,2024-08-12,20240812,2024-08-17,5,Rejected
EVT004369,APP02291,REQ0049,S1,2024-08-30,20240830,2024-08-31,1,Advanced
EVT004370,APP02291,REQ0049,S2,2024-08-31,20240831,2024-09-03,3,Rejected
EVT004371,APP02292,REQ0049,S1,2024-08-06,20240806,2024-08-07,1,Advanced
EVT004372,APP02292,REQ0049,S2,2024-08-07,20240807,2024-08-08,1,Rejected
EVT004373,APP02293,REQ0049,S1,2024-08-29,20240829,2024-08-30,1,Rejected
EVT004374,APP02294,REQ0049,S1,2024-08-28,20240828,2024-08-30,2,Advanced
EVT004375,APP02294,REQ0049,S2,2024-08-30,20240830,2024-09-01,2,Rejected
EVT004376,APP02295,REQ0049,S1,2024-08-08,20240808,2024-08-09,1,Advanced
EVT004377,APP02295,REQ0049,S2,2024-08-09,20240809,2024-08-12,3,Rejected
EVT004378,APP02296,REQ0049,S1,2024-08-24,20240824,2024-08-26,2,Rejected
EVT004379,APP02297,REQ0049,S1,2024-08-19,20240819,2024-08-21,2,Advanced
EVT004380,APP02297,REQ0049,S2,2024-08-21,20240821,2024-08-23,2,Rejected
EVT004381,APP02298,REQ0049,S1,2024-08-13,20240813,2024-08-16,3,Advanced
EVT004382,APP02298,REQ0049,S2,2024-08-16,20240816,2024-08-20,4,Rejected
EVT004383,APP02299,REQ0049,S1,2024-08-17,20240817,2024-08-19,2,Rejected
EVT004384,APP02300,REQ0049,S1,2024-08-15,20240815,2024-08-18,3,Advanced
EVT004385,APP02300,REQ0049,S2,2024-08-18,20240818,2024-08-21,3,Rejected
EVT004386,APP02301,REQ0049,S1,2024-08-20,20240820,2024-08-21,1,Advanced
EVT004387,APP02301,REQ0049,S2,2024-08-21,20240821,2024-08-22,1,Rejected
EVT004388,APP02302,REQ0049,S1,2024-08-13,20240813,2024-08-15,2,Advanced
EVT004389,APP02302,REQ0049,S2,2024-08-15,20240815,2024-08-17,2,Advanced
EVT004390,APP02302,REQ0049,S3,2024-08-17,20240817,2024-08-23,6,Advanced
EVT004391,APP02302,REQ0049,S4,2024-08-23,20240823,2024-08-27,4,Advanced
EVT004392,APP02302,REQ0049,S5,2024-08-27,20240827,2024-09-06,10,Advanced
EVT004393,APP02302,REQ0049,S6,2024-09-06,20240906,2024-09-10,4,Rejected
EVT004394,APP02303,REQ0049,S1,2024-08-30,20240830,2024-08-31,1,Rejected
EVT004395,APP02304,REQ0049,S1,2024-08-25,20240825,2024-08-28,3,Rejected
EVT004396,APP02305,REQ0049,S1,2024-08-14,20240814,2024-08-15,1,Rejected
EVT004397,APP02306,REQ0049,S1,2024-08-19,20240819,2024-08-21,2,Rejected
EVT004398,APP02307,REQ0049,S1,2024-08-28,20240828,2024-08-29,1,Advanced
EVT004399,APP02307,REQ0049,S2,2024-08-29,20240829,2024-08-31,2,Rejected
EVT004400,APP02308,REQ0049,S1,2024-08-29,20240829,2024-09-01,3,Rejected
EVT004401,APP02309,REQ0049,S1,2024-08-30,20240830,2024-09-02,3,Rejected
EVT004402,APP02310,REQ0049,S1,2024-08-30,20240830,2024-09-02,3,Advanced
EVT004403,APP02310,REQ0049,S2,2024-09-02,20240902,2024-09-06,4,Rejected
EVT004404,APP02311,REQ0049,S1,2024-08-18,20240818,2024-08-19,1,Advanced
EVT004405,APP02311,REQ0049,S2,2024-08-19,20240819,2024-08-22,3,Advanced
EVT004406,APP02311,REQ0049,S3,2024-08-22,20240822,2024-08-28,6,Advanced
EVT004407,APP02311,REQ0049,S4,2024-08-28,20240828,2024-09-03,6,Advanced
EVT004408,APP02311,REQ0049,S5,2024-09-03,20240903,2024-09-11,8,Rejected
EVT004409,APP02312,REQ0049,S1,2024-08-25,20240825,2024-08-27,2,Rejected
EVT004410,APP02313,REQ0049,S1,2024-08-25,20240825,2024-08-26,1,Rejected
EVT004411,APP02314,REQ0049,S1,2024-08-23,20240823,2024-08-24,1,Advanced
EVT004412,APP02314,REQ0049,S2,2024-08-24,20240824,2024-08-30,6,Rejected
EVT004413,APP02315,REQ0050,S1,2025-10-03,20251003,2025-10-04,1,Advanced
EVT004414,APP02315,REQ0050,S2,2025-10-04,20251004,2025-10-08,4,Advanced
EVT004415,APP02315,REQ0050,S3,2025-10-08,20251008,2025-10-17,9,Rejected
EVT004416,APP02316,REQ0050,S1,2025-09-01,20250901,2025-09-02,1,Rejected
EVT004417,APP02317,REQ0050,S1,2025-09-25,20250925,2025-09-27,2,Rejected
EVT004418,APP02318,REQ0050,S1,2025-08-28,20250828,2025-08-29,1,Rejected
EVT004419,APP02319,REQ0050,S1,2025-10-03,20251003,2025-10-04,1,Rejected
EVT004420,APP02320,REQ0050,S1,2025-09-18,20250918,2025-09-21,3,Advanced
EVT004421,APP02320,REQ0050,S2,2025-09-21,20250921,2025-09-23,2,Advanced
EVT004422,APP02320,REQ0050,S3,2025-09-23,20250923,2025-10-01,8,Rejected
EVT004423,APP02321,REQ0050,S1,2025-10-27,20251027,2025-10-29,2,Rejected
EVT004424,APP02322,REQ0050,S1,2025-08-27,20250827,2025-08-30,3,Rejected
EVT004425,APP02323,REQ0050,S1,2025-10-12,20251012,2025-10-13,1,Rejected
EVT004426,APP02324,REQ0050,S1,2025-10-18,20251018,2025-10-21,3,Rejected
EVT004427,APP02325,REQ0050,S1,2025-08-31,20250831,2025-09-01,1,Rejected
EVT004428,APP02326,REQ0050,S1,2025-09-10,20250910,2025-09-11,1,Advanced
EVT004429,APP02326,REQ0050,S2,2025-09-11,20250911,2025-09-13,2,Advanced
EVT004430,APP02326,REQ0050,S3,2025-09-13,20250913,2025-09-26,13,Rejected
EVT004431,APP02327,REQ0050,S1,2025-09-12,20250912,2025-09-13,1,Advanced
EVT004432,APP02327,REQ0050,S2,2025-09-13,20250913,2025-09-19,6,Advanced
EVT004433,APP02327,REQ0050,S3,2025-09-19,20250919,2025-10-01,12,Rejected
EVT004434,APP02328,REQ0050,S1,2025-09-01,20250901,2025-09-03,2,Rejected
EVT004435,APP02329,REQ0050,S1,2025-09-03,20250903,2025-09-06,3,Rejected
EVT004436,APP02330,REQ0050,S1,2025-10-26,20251026,2025-10-27,1,Rejected
EVT004437,APP02331,REQ0050,S1,2025-10-07,20251007,2025-10-10,3,Advanced
EVT004438,APP02331,REQ0050,S2,2025-10-10,20251010,2025-10-16,6,Rejected
EVT004439,APP02332,REQ0050,S1,2025-09-08,20250908,2025-09-09,1,Rejected
EVT004440,APP02333,REQ0050,S1,2025-10-29,20251029,2025-11-01,3,Rejected
EVT004441,APP02334,REQ0050,S1,2025-08-27,20250827,2025-08-29,2,Rejected
EVT004442,APP02335,REQ0050,S1,2025-09-10,20250910,2025-09-13,3,Rejected
EVT004443,APP02336,REQ0050,S1,2025-09-18,20250918,2025-09-19,1,Rejected
EVT004444,APP02337,REQ0050,S1,2025-09-11,20250911,2025-09-12,1,Rejected
EVT004445,APP02338,REQ0050,S1,2025-10-02,20251002,2025-10-04,2,Rejected
EVT004446,APP02339,REQ0050,S1,2025-09-29,20250929,2025-10-01,2,Rejected
EVT004447,APP02340,REQ0050,S1,2025-10-30,20251030,2025-10-31,1,Rejected
EVT004448,APP02341,REQ0050,S1,2025-10-14,20251014,2025-10-17,3,Rejected
EVT004449,APP02342,REQ0050,S1,2025-10-17,20251017,2025-10-19,2,Advanced
EVT004450,APP02342,REQ0050,S2,2025-10-19,20251019,2025-10-21,2,Rejected
EVT004451,APP02343,REQ0050,S1,2025-10-30,20251030,2025-10-31,1,Rejected
EVT004452,APP02344,REQ0050,S1,2025-08-31,20250831,2025-09-01,1,Rejected
EVT004453,APP02345,REQ0050,S1,2025-10-15,20251015,2025-10-16,1,Advanced
EVT004454,APP02345,REQ0050,S2,2025-10-16,20251016,2025-10-20,4,Advanced
EVT004455,APP02345,REQ0050,S3,2025-10-20,20251020,2025-10-29,9,Advanced
EVT004456,APP02345,REQ0050,S4,2025-10-29,20251029,2025-11-01,3,Rejected
EVT004457,APP02346,REQ0050,S1,2025-09-04,20250904,2025-09-05,1,Rejected
EVT004458,APP02347,REQ0050,S1,2025-09-09,20250909,2025-09-10,1,Rejected
EVT004459,APP02348,REQ0050,S1,2025-10-20,20251020,2025-10-22,2,Advanced
EVT004460,APP02348,REQ0050,S2,2025-10-22,20251022,2025-10-26,4,Rejected
EVT004461,APP02349,REQ0050,S1,2025-09-26,20250926,2025-09-28,2,Advanced
EVT004462,APP02349,REQ0050,S2,2025-09-28,20250928,2025-09-30,2,Advanced
EVT004463,APP02349,REQ0050,S3,2025-09-30,20250930,2025-10-07,7,Advanced
EVT004464,APP02349,REQ0050,S4,2025-10-07,20251007,2025-10-15,8,Advanced
EVT004465,APP02349,REQ0050,S5,2025-10-15,20251015,2025-10-22,7,Advanced
EVT004466,APP02349,REQ0050,S6,2025-10-22,20251022,2025-10-28,6,Advanced
EVT004467,APP02349,REQ0050,S7,2025-10-28,20251028,2025-11-07,10,Advanced
EVT004468,APP02349,REQ0050,S8,2025-11-07,20251107,2025-11-07,0,Hired
EVT004469,APP02350,REQ0050,S1,2025-10-27,20251027,2025-10-29,2,Advanced
EVT004470,APP02350,REQ0050,S2,2025-10-29,20251029,2025-11-04,6,Rejected
EVT004471,APP02351,REQ0050,S1,2025-10-02,20251002,2025-10-04,2,Rejected
EVT004472,APP02352,REQ0050,S1,2025-09-07,20250907,2025-09-09,2,Advanced
EVT004473,APP02352,REQ0050,S2,2025-09-09,20250909,2025-09-11,2,Advanced
EVT004474,APP02352,REQ0050,S3,2025-09-11,20250911,2025-09-22,11,Rejected
EVT004475,APP02353,REQ0050,S1,2025-10-28,20251028,2025-10-30,2,Advanced
EVT004476,APP02353,REQ0050,S2,2025-10-30,20251030,2025-11-03,4,Advanced
EVT004477,APP02353,REQ0050,S3,2025-11-03,20251103,2025-11-12,9,Advanced
EVT004478,APP02353,REQ0050,S4,2025-11-12,20251112,2025-11-15,3,Advanced
EVT004479,APP02353,REQ0050,S5,2025-11-15,20251115,2025-11-22,7,Advanced
EVT004480,APP02353,REQ0050,S6,2025-11-22,20251122,2025-11-25,3,Rejected
EVT004481,APP02354,REQ0050,S1,2025-10-11,20251011,2025-10-12,1,Rejected
EVT004482,APP02355,REQ0050,S1,2025-10-02,20251002,2025-10-03,1,Rejected
EVT004483,APP02356,REQ0050,S1,2025-10-03,20251003,2025-10-04,1,Advanced
EVT004484,APP02356,REQ0050,S2,2025-10-04,20251004,2025-10-10,6,Rejected
EVT004485,APP02357,REQ0050,S1,2025-09-29,20250929,2025-09-30,1,Advanced
EVT004486,APP02357,REQ0050,S2,2025-09-30,20250930,2025-10-02,2,Rejected
EVT004487,APP02358,REQ0050,S1,2025-10-29,20251029,2025-11-01,3,Advanced
EVT004488,APP02358,REQ0050,S2,2025-11-01,20251101,2025-11-03,2,Advanced
EVT004489,APP02358,REQ0050,S3,2025-11-03,20251103,2025-11-07,4,Rejected
EVT004490,APP02359,REQ0050,S1,2025-09-04,20250904,2025-09-07,3,Advanced
EVT004491,APP02359,REQ0050,S2,2025-09-07,20250907,2025-09-10,3,Rejected
EVT004492,APP02360,REQ0051,S1,2024-08-17,20240817,2024-08-18,1,Advanced
EVT004493,APP02360,REQ0051,S2,2024-08-18,20240818,2024-08-21,3,Advanced
EVT004494,APP02360,REQ0051,S3,2024-08-21,20240821,2024-08-29,8,Rejected
EVT004495,APP02361,REQ0051,S1,2024-06-09,20240609,2024-06-11,2,Rejected
EVT004496,APP02362,REQ0051,S1,2024-06-10,20240610,2024-06-12,2,Rejected
EVT004497,APP02363,REQ0051,S1,2024-07-12,20240712,2024-07-13,1,Rejected
EVT004498,APP02364,REQ0051,S1,2024-07-29,20240729,2024-07-31,2,Rejected
EVT004499,APP02365,REQ0051,S1,2024-07-20,20240720,2024-07-21,1,Advanced
EVT004500,APP02365,REQ0051,S2,2024-07-21,20240721,2024-07-27,6,Advanced
EVT004501,APP02365,REQ0051,S3,2024-07-27,20240727,2024-07-31,4,Rejected
EVT004502,APP02366,REQ0051,S1,2024-07-28,20240728,2024-07-31,3,Rejected
EVT004503,APP02367,REQ0051,S1,2024-06-22,20240622,2024-06-24,2,Rejected
EVT004504,APP02368,REQ0051,S1,2024-06-24,20240624,2024-06-25,1,Rejected
EVT004505,APP02369,REQ0051,S1,2024-08-07,20240807,2024-08-09,2,Advanced
EVT004506,APP02369,REQ0051,S2,2024-08-09,20240809,2024-08-15,6,Advanced
EVT004507,APP02369,REQ0051,S3,2024-08-15,20240815,2024-08-25,10,Advanced
EVT004508,APP02369,REQ0051,S4,2024-08-25,20240825,2024-09-01,7,Advanced
EVT004509,APP02369,REQ0051,S5,2024-09-01,20240901,2024-09-11,10,Rejected
EVT004510,APP02370,REQ0051,S1,2024-07-29,20240729,2024-07-30,1,Advanced
EVT004511,APP02370,REQ0051,S2,2024-07-30,20240730,2024-08-01,2,Advanced
EVT004512,APP02370,REQ0051,S3,2024-08-01,20240801,2024-08-09,8,Rejected
EVT004513,APP02371,REQ0051,S1,2024-06-24,20240624,2024-06-26,2,Advanced
EVT004514,APP02371,REQ0051,S2,2024-06-26,20240626,2024-06-28,2,Advanced
EVT004515,APP02371,REQ0051,S3,2024-06-28,20240628,2024-07-05,7,Rejected
EVT004516,APP02372,REQ0051,S1,2024-08-20,20240820,2024-08-22,2,Rejected
EVT004517,APP02373,REQ0051,S1,2024-07-26,20240726,2024-07-27,1,Rejected
EVT004518,APP02374,REQ0051,S1,2024-07-04,20240704,2024-07-06,2,Rejected
EVT004519,APP02375,REQ0051,S1,2024-08-02,20240802,2024-08-04,2,Advanced
EVT004520,APP02375,REQ0051,S2,2024-08-04,20240804,2024-08-06,2,Rejected
EVT004521,APP02376,REQ0051,S1,2024-08-28,20240828,2024-08-30,2,Advanced
EVT004522,APP02376,REQ0051,S2,2024-08-30,20240830,2024-09-02,3,Rejected
EVT004523,APP02377,REQ0051,S1,2024-07-10,20240710,2024-07-12,2,Advanced
EVT004524,APP02377,REQ0051,S2,2024-07-12,20240712,2024-07-13,1,Rejected
EVT004525,APP02378,REQ0051,S1,2024-06-13,20240613,2024-06-14,1,Advanced
EVT004526,APP02378,REQ0051,S2,2024-06-14,20240614,2024-06-17,3,Rejected
EVT004527,APP02379,REQ0051,S1,2024-06-18,20240618,2024-06-19,1,Advanced
EVT004528,APP02379,REQ0051,S2,2024-06-19,20240619,2024-06-22,3,Advanced
EVT004529,APP02379,REQ0051,S3,2024-06-22,20240622,2024-07-04,12,Rejected
EVT004530,APP02380,REQ0051,S1,2024-08-17,20240817,2024-08-18,1,Rejected
EVT004531,APP02381,REQ0051,S1,2024-07-24,20240724,2024-07-26,2,Rejected
EVT004532,APP02382,REQ0051,S1,2024-06-22,20240622,2024-06-24,2,Advanced
EVT004533,APP02382,REQ0051,S2,2024-06-24,20240624,2024-06-28,4,Advanced
EVT004534,APP02382,REQ0051,S3,2024-06-28,20240628,2024-07-01,3,Advanced
EVT004535,APP02382,REQ0051,S4,2024-07-01,20240701,2024-07-06,5,Rejected
EVT004536,APP02383,REQ0051,S1,2024-08-27,20240827,2024-08-28,1,Advanced
EVT004537,APP02383,REQ0051,S2,2024-08-28,20240828,2024-08-31,3,Rejected
EVT004538,APP02384,REQ0051,S1,2024-08-27,20240827,2024-08-29,2,Rejected
EVT004539,APP02385,REQ0051,S1,2024-08-27,20240827,2024-08-29,2,Rejected
EVT004540,APP02386,REQ0051,S1,2024-06-14,20240614,2024-06-16,2,Advanced
EVT004541,APP02386,REQ0051,S2,2024-06-16,20240616,2024-06-18,2,Advanced
EVT004542,APP02386,REQ0051,S3,2024-06-18,20240618,2024-06-20,2,Advanced
EVT004543,APP02386,REQ0051,S4,2024-06-20,20240620,2024-06-27,7,Advanced
EVT004544,APP02386,REQ0051,S5,2024-06-27,20240627,2024-07-04,7,Rejected
EVT004545,APP02387,REQ0051,S1,2024-07-10,20240710,2024-07-12,2,Rejected
EVT004546,APP02388,REQ0051,S1,2024-08-06,20240806,2024-08-08,2,Rejected
EVT004547,APP02389,REQ0051,S1,2024-08-10,20240810,2024-08-11,1,Rejected
EVT004548,APP02390,REQ0051,S1,2024-07-10,20240710,2024-07-12,2,Rejected
EVT004549,APP02391,REQ0051,S1,2024-06-24,20240624,2024-06-26,2,Advanced
EVT004550,APP02391,REQ0051,S2,2024-06-26,20240626,2024-06-30,4,Advanced
EVT004551,APP02391,REQ0051,S3,2024-06-30,20240630,2024-07-10,10,Rejected
EVT004552,APP02392,REQ0051,S1,2024-06-22,20240622,2024-06-24,2,Advanced
EVT004553,APP02392,REQ0051,S2,2024-06-24,20240624,2024-06-30,6,Rejected
EVT004554,APP02393,REQ0051,S1,2024-06-14,20240614,2024-06-17,3,Advanced
EVT004555,APP02393,REQ0051,S2,2024-06-17,20240617,2024-06-20,3,Advanced
EVT004556,APP02393,REQ0051,S3,2024-06-20,20240620,2024-06-30,10,Rejected
EVT004557,APP02394,REQ0051,S1,2024-08-07,20240807,2024-08-09,2,Rejected
EVT004558,APP02395,REQ0051,S1,2024-06-08,20240608,2024-06-10,2,Rejected
EVT004559,APP02396,REQ0051,S1,2024-06-11,20240611,2024-06-14,3,Rejected
EVT004560,APP02397,REQ0052,S1,2026-02-26,20260226,2026-03-01,3,Advanced
EVT004561,APP02397,REQ0052,S2,2026-03-01,20260301,2026-03-04,3,Advanced
EVT004562,APP02397,REQ0052,S3,2026-03-04,20260304,2026-03-18,14,Advanced
EVT004563,APP02397,REQ0052,S4,2026-03-18,20260318,2026-03-23,5,Advanced
EVT004564,APP02397,REQ0052,S5,2026-03-23,20260323,2026-04-02,10,Advanced
EVT004565,APP02397,REQ0052,S6,2026-04-02,20260402,2026-04-06,4,Rejected
EVT004566,APP02398,REQ0052,S1,2026-03-04,20260304,2026-03-06,2,Rejected
EVT004567,APP02399,REQ0052,S1,2026-03-14,20260314,2026-03-15,1,Advanced
EVT004568,APP02399,REQ0052,S2,2026-03-15,20260315,2026-03-16,1,Rejected
EVT004569,APP02400,REQ0052,S1,2026-02-21,20260221,2026-02-22,1,Rejected
EVT004570,APP02401,REQ0052,S1,2026-02-22,20260222,2026-02-23,1,Rejected
EVT004571,APP02402,REQ0052,S1,2026-02-21,20260221,2026-02-23,2,Rejected
EVT004572,APP02403,REQ0052,S1,2026-02-22,20260222,2026-02-23,1,Advanced
EVT004573,APP02403,REQ0052,S2,2026-02-23,20260223,2026-02-25,2,Rejected
EVT004574,APP02404,REQ0052,S1,2026-02-22,20260222,2026-02-24,2,Rejected
EVT004575,APP02405,REQ0052,S1,2026-02-25,20260225,2026-02-26,1,Advanced
EVT004576,APP02405,REQ0052,S2,2026-02-26,20260226,2026-03-02,4,Rejected
EVT004577,APP02406,REQ0052,S1,2026-03-14,20260314,2026-03-16,2,Advanced
EVT004578,APP02406,REQ0052,S2,2026-03-16,20260316,2026-03-18,2,Rejected
EVT004579,APP02407,REQ0052,S1,2026-02-25,20260225,2026-02-26,1,Rejected
EVT004580,APP02408,REQ0052,S1,2026-03-02,20260302,2026-03-05,3,Rejected
EVT004581,APP02409,REQ0052,S1,2026-03-11,20260311,2026-03-13,2,Advanced
EVT004582,APP02409,REQ0052,S2,2026-03-13,20260313,2026-03-18,5,Rejected
EVT004583,APP02410,REQ0052,S1,2026-02-21,20260221,2026-02-24,3,Advanced
EVT004584,APP02410,REQ0052,S2,2026-02-24,20260224,2026-02-26,2,Rejected
EVT004585,APP02411,REQ0052,S1,2026-03-12,20260312,2026-03-13,1,Rejected
EVT004586,APP02412,REQ0052,S1,2026-02-25,20260225,2026-02-26,1,Rejected
EVT004587,APP02413,REQ0052,S1,2026-02-19,20260219,2026-02-20,1,Advanced
EVT004588,APP02413,REQ0052,S2,2026-02-20,20260220,2026-02-22,2,Rejected
EVT004589,APP02414,REQ0052,S1,2026-03-09,20260309,2026-03-11,2,Rejected
EVT004590,APP02415,REQ0052,S1,2026-03-10,20260310,2026-03-11,1,Rejected
EVT004591,APP02416,REQ0052,S1,2026-02-21,20260221,2026-02-23,2,Rejected
EVT004592,APP02417,REQ0052,S1,2026-03-11,20260311,2026-03-12,1,Advanced
EVT004593,APP02417,REQ0052,S2,2026-03-12,20260312,2026-03-18,6,Advanced
EVT004594,APP02417,REQ0052,S3,2026-03-18,20260318,2026-04-01,14,Rejected
EVT004595,APP02418,REQ0052,S1,2026-03-09,20260309,2026-03-10,1,Rejected
EVT004596,APP02419,REQ0052,S1,2026-02-19,20260219,2026-02-22,3,Advanced
EVT004597,APP02419,REQ0052,S2,2026-02-22,20260222,2026-02-26,4,Advanced
EVT004598,APP02419,REQ0052,S3,2026-02-26,20260226,2026-03-04,6,Advanced
EVT004599,APP02419,REQ0052,S4,2026-03-04,20260304,2026-03-08,4,Rejected
EVT004600,APP02420,REQ0052,S1,2026-03-14,20260314,2026-03-15,1,Advanced
EVT004601,APP02420,REQ0052,S2,2026-03-15,20260315,2026-03-18,3,Advanced
EVT004602,APP02420,REQ0052,S3,2026-03-18,20260318,2026-03-21,3,Advanced
EVT004603,APP02420,REQ0052,S4,2026-03-21,20260321,2026-03-26,5,Rejected
EVT004604,APP02421,REQ0052,S1,2026-02-22,20260222,2026-02-24,2,Advanced
EVT004605,APP02421,REQ0052,S2,2026-02-24,20260224,2026-02-26,2,Rejected
EVT004606,APP02422,REQ0053,S1,2024-11-30,20241130,2024-12-01,1,Advanced
EVT004607,APP02422,REQ0053,S2,2024-12-01,20241201,2024-12-03,2,Rejected
EVT004608,APP02423,REQ0053,S1,2025-01-06,20250106,2025-01-08,2,Rejected
EVT004609,APP02424,REQ0053,S1,2025-01-13,20250113,2025-01-14,1,Rejected
EVT004610,APP02425,REQ0053,S1,2024-12-22,20241222,2024-12-24,2,Rejected
EVT004611,APP02426,REQ0053,S1,2025-01-19,20250119,2025-01-20,1,Rejected
EVT004612,APP02427,REQ0053,S1,2024-12-06,20241206,2024-12-07,1,Rejected
EVT004613,APP02428,REQ0053,S1,2024-12-28,20241228,2024-12-31,3,Advanced
EVT004614,APP02428,REQ0053,S2,2024-12-31,20241231,2025-01-04,4,Rejected
EVT004615,APP02429,REQ0053,S1,2024-12-17,20241217,2024-12-18,1,Advanced
EVT004616,APP02429,REQ0053,S2,2024-12-18,20241218,2024-12-24,6,Rejected
EVT004617,APP02430,REQ0053,S1,2025-01-09,20250109,2025-01-10,1,Rejected
EVT004618,APP02431,REQ0053,S1,2024-11-26,20241126,2024-11-27,1,Advanced
EVT004619,APP02431,REQ0053,S2,2024-11-27,20241127,2024-12-02,5,Advanced
EVT004620,APP02431,REQ0053,S3,2024-12-02,20241202,2024-12-10,8,Advanced
EVT004621,APP02431,REQ0053,S4,2024-12-10,20241210,2024-12-13,3,Rejected
EVT004622,APP02432,REQ0053,S1,2025-01-13,20250113,2025-01-16,3,Rejected
EVT004623,APP02433,REQ0053,S1,2025-01-19,20250119,2025-01-20,1,Rejected
EVT004624,APP02434,REQ0053,S1,2024-11-27,20241127,2024-11-30,3,Rejected
EVT004625,APP02435,REQ0053,S1,2025-01-23,20250123,2025-01-24,1,Rejected
EVT004626,APP02436,REQ0053,S1,2024-11-28,20241128,2024-11-30,2,Rejected
EVT004627,APP02437,REQ0053,S1,2024-12-09,20241209,2024-12-12,3,Rejected
EVT004628,APP02438,REQ0053,S1,2025-01-11,20250111,2025-01-13,2,Advanced
EVT004629,APP02438,REQ0053,S2,2025-01-13,20250113,2025-01-18,5,Advanced
EVT004630,APP02438,REQ0053,S3,2025-01-18,20250118,2025-01-26,8,Rejected
EVT004631,APP02439,REQ0053,S1,2024-12-17,20241217,2024-12-18,1,Rejected
EVT004632,APP02440,REQ0053,S1,2024-11-28,20241128,2024-11-29,1,Rejected
EVT004633,APP02441,REQ0053,S1,2025-01-01,20250101,2025-01-03,2,Rejected
EVT004634,APP02442,REQ0053,S1,2024-11-20,20241120,2024-11-22,2,Rejected
EVT004635,APP02443,REQ0053,S1,2024-12-14,20241214,2024-12-16,2,Rejected
EVT004636,APP02444,REQ0053,S1,2025-01-25,20250125,2025-01-27,2,Rejected
EVT004637,APP02445,REQ0053,S1,2024-12-20,20241220,2024-12-21,1,Advanced
EVT004638,APP02445,REQ0053,S2,2024-12-21,20241221,2024-12-23,2,Advanced
EVT004639,APP02445,REQ0053,S3,2024-12-23,20241223,2025-01-06,14,Advanced
EVT004640,APP02445,REQ0053,S4,2025-01-06,20250106,2025-01-12,6,Advanced
EVT004641,APP02445,REQ0053,S5,2025-01-12,20250112,2025-01-23,11,Advanced
EVT004642,APP02445,REQ0053,S6,2025-01-23,20250123,2025-01-26,3,Rejected
EVT004643,APP02446,REQ0053,S1,2025-01-05,20250105,2025-01-06,1,Rejected
EVT004644,APP02447,REQ0053,S1,2024-11-19,20241119,2024-11-20,1,Rejected
EVT004645,APP02448,REQ0053,S1,2024-12-30,20241230,2025-01-01,2,Rejected
EVT004646,APP02449,REQ0053,S1,2025-01-19,20250119,2025-01-20,1,Rejected
EVT004647,APP02450,REQ0053,S1,2024-12-23,20241223,2024-12-24,1,Advanced
EVT004648,APP02450,REQ0053,S2,2024-12-24,20241224,2024-12-26,2,Rejected
EVT004649,APP02451,REQ0053,S1,2024-12-03,20241203,2024-12-04,1,Advanced
EVT004650,APP02451,REQ0053,S2,2024-12-04,20241204,2024-12-06,2,Advanced
EVT004651,APP02451,REQ0053,S3,2024-12-06,20241206,2024-12-15,9,Advanced
EVT004652,APP02451,REQ0053,S4,2024-12-15,20241215,2024-12-19,4,Advanced
EVT004653,APP02451,REQ0053,S5,2024-12-19,20241219,2024-12-28,9,Rejected
EVT004654,APP02452,REQ0053,S1,2024-11-25,20241125,2024-11-26,1,Advanced
EVT004655,APP02452,REQ0053,S2,2024-11-26,20241126,2024-11-29,3,Rejected
EVT004656,APP02453,REQ0053,S1,2025-01-08,20250108,2025-01-11,3,Rejected
EVT004657,APP02454,REQ0053,S1,2025-01-07,20250107,2025-01-10,3,Advanced
EVT004658,APP02454,REQ0053,S2,2025-01-10,20250110,2025-01-15,5,Advanced
EVT004659,APP02454,REQ0053,S3,2025-01-15,20250115,2025-01-19,4,Rejected
EVT004660,APP02455,REQ0053,S1,2024-12-13,20241213,2024-12-14,1,Rejected
EVT004661,APP02456,REQ0053,S1,2025-01-21,20250121,2025-01-23,2,Advanced
EVT004662,APP02456,REQ0053,S2,2025-01-23,20250123,2025-01-27,4,Rejected
EVT004663,APP02457,REQ0053,S1,2025-01-11,20250111,2025-01-14,3,Rejected
EVT004664,APP02458,REQ0053,S1,2024-12-28,20241228,2024-12-29,1,Rejected
EVT004665,APP02459,REQ0053,S1,2025-01-03,20250103,2025-01-04,1,Advanced
EVT004666,APP02459,REQ0053,S2,2025-01-04,20250104,2025-01-07,3,Advanced
EVT004667,APP02459,REQ0053,S3,2025-01-07,20250107,2025-01-14,7,Advanced
EVT004668,APP02459,REQ0053,S4,2025-01-14,20250114,2025-01-22,8,Advanced
EVT004669,APP02459,REQ0053,S5,2025-01-22,20250122,2025-01-27,5,Advanced
EVT004670,APP02459,REQ0053,S6,2025-01-27,20250127,2025-01-31,4,Rejected
EVT004671,APP02460,REQ0053,S1,2025-01-17,20250117,2025-01-18,1,Advanced
EVT004672,APP02460,REQ0053,S2,2025-01-18,20250118,2025-01-21,3,Advanced
EVT004673,APP02460,REQ0053,S3,2025-01-21,20250121,2025-01-24,3,Rejected
EVT004674,APP02461,REQ0053,S1,2025-01-12,20250112,2025-01-15,3,Rejected
EVT004675,APP02462,REQ0053,S1,2024-12-26,20241226,2024-12-29,3,Advanced
EVT004676,APP02462,REQ0053,S2,2024-12-29,20241229,2025-01-03,5,Advanced
EVT004677,APP02462,REQ0053,S3,2025-01-03,20250103,2025-01-12,9,Rejected
EVT004678,APP02463,REQ0053,S1,2024-12-18,20241218,2024-12-20,2,Rejected
EVT004679,APP02464,REQ0053,S1,2025-01-18,20250118,2025-01-21,3,Rejected
EVT004680,APP02465,REQ0053,S1,2024-12-17,20241217,2024-12-20,3,Advanced
EVT004681,APP02465,REQ0053,S2,2024-12-20,20241220,2024-12-24,4,Advanced
EVT004682,APP02465,REQ0053,S3,2024-12-24,20241224,2024-12-31,7,Rejected
EVT004683,APP02466,REQ0053,S1,2025-01-16,20250116,2025-01-18,2,Advanced
EVT004684,APP02466,REQ0053,S2,2025-01-18,20250118,2025-01-24,6,Advanced
EVT004685,APP02466,REQ0053,S3,2025-01-24,20250124,2025-02-06,13,Rejected
EVT004686,APP02467,REQ0053,S1,2024-12-17,20241217,2024-12-20,3,Rejected
EVT004687,APP02468,REQ0053,S1,2025-01-10,20250110,2025-01-12,2,Rejected
EVT004688,APP02469,REQ0053,S1,2024-11-28,20241128,2024-11-30,2,Rejected
EVT004689,APP02470,REQ0053,S1,2025-01-03,20250103,2025-01-05,2,Advanced
EVT004690,APP02470,REQ0053,S2,2025-01-05,20250105,2025-01-10,5,Rejected
EVT004691,APP02471,REQ0053,S1,2025-01-04,20250104,2025-01-05,1,Rejected
EVT004692,APP02472,REQ0053,S1,2024-12-28,20241228,2024-12-29,1,Advanced
EVT004693,APP02472,REQ0053,S2,2024-12-29,20241229,2025-01-04,6,Rejected
EVT004694,APP02473,REQ0053,S1,2024-12-17,20241217,2024-12-19,2,Rejected
EVT004695,APP02474,REQ0053,S1,2024-12-22,20241222,2024-12-24,2,Advanced
EVT004696,APP02474,REQ0053,S2,2024-12-24,20241224,2024-12-29,5,Advanced
EVT004697,APP02474,REQ0053,S3,2024-12-29,20241229,2025-01-09,11,Rejected
EVT004698,APP02475,REQ0053,S1,2024-12-26,20241226,2024-12-29,3,Rejected
EVT004699,APP02476,REQ0053,S1,2025-01-24,20250124,2025-01-25,1,Rejected
EVT004700,APP02477,REQ0053,S1,2024-12-20,20241220,2024-12-23,3,Rejected
EVT004701,APP02478,REQ0053,S1,2024-12-11,20241211,2024-12-13,2,Rejected
EVT004702,APP02479,REQ0054,S1,2026-05-03,20260503,2026-05-04,1,Advanced
EVT004703,APP02479,REQ0054,S2,2026-05-04,20260504,2026-05-06,2,Rejected
EVT004704,APP02480,REQ0054,S1,2026-04-23,20260423,2026-04-26,3,Rejected
EVT004705,APP02481,REQ0054,S1,2026-04-14,20260414,2026-04-15,1,Advanced
EVT004706,APP02481,REQ0054,S2,2026-04-15,20260415,2026-04-21,6,Rejected
EVT004707,APP02482,REQ0054,S1,2026-04-18,20260418,2026-04-20,2,Rejected
EVT004708,APP02483,REQ0054,S1,2026-04-27,20260427,2026-04-28,1,Rejected
EVT004709,APP02484,REQ0054,S1,2026-04-27,20260427,2026-04-29,2,Rejected
EVT004710,APP02485,REQ0054,S1,2026-04-14,20260414,2026-04-15,1,Advanced
EVT004711,APP02485,REQ0054,S2,2026-04-15,20260415,2026-04-19,4,Advanced
EVT004712,APP02485,REQ0054,S3,2026-04-19,20260419,2026-04-28,9,Advanced
EVT004713,APP02485,REQ0054,S4,2026-04-28,20260428,2026-05-06,8,Rejected
EVT004714,APP02486,REQ0054,S1,2026-04-19,20260419,2026-04-20,1,Rejected
EVT004715,APP02487,REQ0054,S1,2026-05-04,20260504,2026-05-06,2,Rejected
EVT004716,APP02488,REQ0054,S1,2026-04-27,20260427,2026-04-28,1,Rejected
EVT004717,APP02489,REQ0054,S1,2026-04-13,20260413,2026-04-14,1,Rejected
EVT004718,APP02490,REQ0054,S1,2026-05-02,20260502,2026-05-04,2,Advanced
EVT004719,APP02490,REQ0054,S2,2026-05-04,20260504,2026-05-06,2,Rejected
EVT004720,APP02491,REQ0054,S1,2026-04-26,20260426,2026-04-28,2,Rejected
EVT004721,APP02492,REQ0054,S1,2026-04-27,20260427,2026-04-28,1,Rejected
EVT004722,APP02493,REQ0054,S1,2026-04-24,20260424,2026-04-25,1,Advanced
EVT004723,APP02493,REQ0054,S2,2026-04-25,20260425,2026-04-28,3,Advanced
EVT004724,APP02493,REQ0054,S3,2026-04-28,20260428,2026-05-07,9,Rejected
EVT004725,APP02494,REQ0054,S1,2026-04-23,20260423,2026-04-25,2,Rejected
EVT004726,APP02495,REQ0054,S1,2026-05-03,20260503,2026-05-05,2,Advanced
EVT004727,APP02495,REQ0054,S2,2026-05-05,20260505,2026-05-09,4,Rejected
EVT004728,APP02496,REQ0054,S1,2026-04-23,20260423,2026-04-26,3,Rejected
EVT004729,APP02497,REQ0054,S1,2026-05-02,20260502,2026-05-04,2,Advanced
EVT004730,APP02497,REQ0054,S2,2026-05-04,20260504,2026-05-08,4,Advanced
EVT004731,APP02497,REQ0054,S3,2026-05-08,20260508,2026-05-15,7,Advanced
EVT004732,APP02497,REQ0054,S4,2026-05-15,20260515,2026-05-20,5,Rejected
EVT004733,APP02498,REQ0054,S1,2026-04-27,20260427,2026-04-29,2,Rejected
EVT004734,APP02499,REQ0054,S1,2026-05-02,20260502,2026-05-03,1,Advanced
EVT004735,APP02499,REQ0054,S2,2026-05-03,20260503,2026-05-06,3,Advanced
EVT004736,APP02499,REQ0054,S3,2026-05-06,20260506,2026-05-15,9,Advanced
EVT004737,APP02499,REQ0054,S4,2026-05-15,20260515,2026-05-20,5,Rejected
EVT004738,APP02500,REQ0054,S1,2026-04-30,20260430,2026-05-02,2,Advanced
EVT004739,APP02500,REQ0054,S2,2026-05-02,20260502,2026-05-07,5,Advanced
EVT004740,APP02500,REQ0054,S3,2026-05-07,20260507,2026-05-20,13,Advanced
EVT004741,APP02500,REQ0054,S4,2026-05-20,20260520,2026-05-28,8,Advanced
EVT004742,APP02500,REQ0054,S5,2026-05-28,20260528,2026-06-08,11,Rejected
EVT004743,APP02501,REQ0054,S1,2026-04-13,20260413,2026-04-15,2,Advanced
EVT004744,APP02501,REQ0054,S2,2026-04-15,20260415,2026-04-18,3,Rejected
EVT004745,APP02502,REQ0054,S1,2026-04-28,20260428,2026-04-30,2,Advanced
EVT004746,APP02502,REQ0054,S2,2026-04-30,20260430,2026-05-04,4,Advanced
EVT004747,APP02502,REQ0054,S3,2026-05-04,20260504,2026-05-13,9,Rejected
EVT004748,APP02503,REQ0054,S1,2026-04-28,20260428,2026-04-29,1,Rejected
EVT004749,APP02504,REQ0054,S1,2026-04-17,20260417,2026-04-18,1,Advanced
EVT004750,APP02504,REQ0054,S2,2026-04-18,20260418,2026-04-21,3,Advanced
EVT004751,APP02504,REQ0054,S3,2026-04-21,20260421,2026-04-23,2,Advanced
EVT004752,APP02504,REQ0054,S4,2026-04-23,20260423,2026-04-28,5,Advanced
EVT004753,APP02504,REQ0054,S5,2026-04-28,20260428,2026-05-03,5,Advanced
EVT004754,APP02504,REQ0054,S6,2026-05-03,20260503,2026-05-10,7,Advanced
EVT004755,APP02504,REQ0054,S7,2026-05-10,20260510,2026-05-21,11,Advanced
EVT004756,APP02504,REQ0054,S8,2026-05-21,20260521,2026-05-21,0,Hired
EVT004757,APP02505,REQ0054,S1,2026-04-26,20260426,2026-04-28,2,Advanced
EVT004758,APP02505,REQ0054,S2,2026-04-28,20260428,2026-05-01,3,Rejected
EVT004759,APP02506,REQ0054,S1,2026-04-23,20260423,2026-04-26,3,Rejected
EVT004760,APP02507,REQ0054,S1,2026-04-25,20260425,2026-04-26,1,Advanced
EVT004761,APP02507,REQ0054,S2,2026-04-26,20260426,2026-04-27,1,Advanced
EVT004762,APP02507,REQ0054,S3,2026-04-27,20260427,2026-05-04,7,Advanced
EVT004763,APP02507,REQ0054,S4,2026-05-04,20260504,2026-05-08,4,Rejected
EVT004764,APP02508,REQ0054,S1,2026-05-01,20260501,2026-05-03,2,Advanced
EVT004765,APP02508,REQ0054,S2,2026-05-03,20260503,2026-05-06,3,Rejected
EVT004766,APP02509,REQ0054,S1,2026-04-13,20260413,2026-04-14,1,Rejected
EVT004767,APP02510,REQ0054,S1,2026-04-13,20260413,2026-04-14,1,Rejected
EVT004768,APP02511,REQ0054,S1,2026-04-28,20260428,2026-04-30,2,Advanced
EVT004769,APP02511,REQ0054,S2,2026-04-30,20260430,2026-05-03,3,Rejected
EVT004770,APP02512,REQ0055,S1,2025-02-11,20250211,2025-02-13,2,Advanced
EVT004771,APP02512,REQ0055,S2,2025-02-13,20250213,2025-02-15,2,Rejected
EVT004772,APP02513,REQ0055,S1,2025-01-28,20250128,2025-01-30,2,Advanced
EVT004773,APP02513,REQ0055,S2,2025-01-30,20250130,2025-02-02,3,Rejected
EVT004774,APP02514,REQ0055,S1,2025-01-23,20250123,2025-01-24,1,Rejected
EVT004775,APP02515,REQ0055,S1,2025-01-30,20250130,2025-01-31,1,Rejected
EVT004776,APP02516,REQ0055,S1,2025-01-25,20250125,2025-01-28,3,Advanced
EVT004777,APP02516,REQ0055,S2,2025-01-28,20250128,2025-01-31,3,Rejected
EVT004778,APP02517,REQ0055,S1,2025-02-08,20250208,2025-02-11,3,Rejected
EVT004779,APP02518,REQ0055,S1,2025-02-03,20250203,2025-02-04,1,Advanced
EVT004780,APP02518,REQ0055,S2,2025-02-04,20250204,2025-02-07,3,Rejected
EVT004781,APP02519,REQ0055,S1,2025-01-28,20250128,2025-01-31,3,Advanced
EVT004782,APP02519,REQ0055,S2,2025-01-31,20250131,2025-02-04,4,Rejected
EVT004783,APP02520,REQ0055,S1,2025-01-22,20250122,2025-01-23,1,Rejected
EVT004784,APP02521,REQ0055,S1,2025-02-03,20250203,2025-02-04,1,Advanced
EVT004785,APP02521,REQ0055,S2,2025-02-04,20250204,2025-02-08,4,Rejected
EVT004786,APP02522,REQ0055,S1,2025-02-06,20250206,2025-02-09,3,Rejected
EVT004787,APP02523,REQ0055,S1,2025-01-23,20250123,2025-01-25,2,Advanced
EVT004788,APP02523,REQ0055,S2,2025-01-25,20250125,2025-01-27,2,Rejected
EVT004789,APP02524,REQ0055,S1,2025-01-31,20250131,2025-02-03,3,Advanced
EVT004790,APP02524,REQ0055,S2,2025-02-03,20250203,2025-02-06,3,Rejected
EVT004791,APP02525,REQ0055,S1,2025-02-03,20250203,2025-02-06,3,Advanced
EVT004792,APP02525,REQ0055,S2,2025-02-06,20250206,2025-02-10,4,Rejected
EVT004793,APP02526,REQ0055,S1,2025-02-08,20250208,2025-02-10,2,Rejected
EVT004794,APP02527,REQ0055,S1,2025-02-08,20250208,2025-02-09,1,Advanced
EVT004795,APP02527,REQ0055,S2,2025-02-09,20250209,2025-02-10,1,Rejected
EVT004796,APP02528,REQ0055,S1,2025-02-10,20250210,2025-02-13,3,Advanced
EVT004797,APP02528,REQ0055,S2,2025-02-13,20250213,2025-02-18,5,Rejected
EVT004798,APP02529,REQ0055,S1,2025-01-19,20250119,2025-01-22,3,Rejected
EVT004799,APP02530,REQ0055,S1,2025-01-30,20250130,2025-02-01,2,Advanced
EVT004800,APP02530,REQ0055,S2,2025-02-01,20250201,2025-02-02,1,Advanced
EVT004801,APP02530,REQ0055,S3,2025-02-02,20250202,2025-02-09,7,Advanced
EVT004802,APP02530,REQ0055,S4,2025-02-09,20250209,2025-02-14,5,Rejected
EVT004803,APP02531,REQ0055,S1,2025-01-25,20250125,2025-01-28,3,Rejected
EVT004804,APP02532,REQ0056,S1,2024-07-02,20240702,2024-07-04,2,Rejected
EVT004805,APP02533,REQ0056,S1,2024-06-29,20240629,2024-06-30,1,Advanced
EVT004806,APP02533,REQ0056,S2,2024-06-30,20240630,2024-07-03,3,Advanced
EVT004807,APP02533,REQ0056,S3,2024-07-03,20240703,2024-07-08,5,Rejected
EVT004808,APP02534,REQ0056,S1,2024-07-07,20240707,2024-07-09,2,Advanced
EVT004809,APP02534,REQ0056,S2,2024-07-09,20240709,2024-07-11,2,Advanced
EVT004810,APP02534,REQ0056,S3,2024-07-11,20240711,2024-07-22,11,Rejected
EVT004811,APP02535,REQ0056,S1,2024-07-02,20240702,2024-07-03,1,Advanced
EVT004812,APP02535,REQ0056,S2,2024-07-03,20240703,2024-07-04,1,Rejected
EVT004813,APP02536,REQ0056,S1,2024-07-07,20240707,2024-07-09,2,Rejected
EVT004814,APP02537,REQ0056,S1,2024-07-17,20240717,2024-07-19,2,Rejected
EVT004815,APP02538,REQ0056,S1,2024-07-23,20240723,2024-07-26,3,Rejected
EVT004816,APP02539,REQ0056,S1,2024-07-07,20240707,2024-07-08,1,Rejected
EVT004817,APP02540,REQ0056,S1,2024-06-24,20240624,2024-06-27,3,Advanced
EVT004818,APP02540,REQ0056,S2,2024-06-27,20240627,2024-07-01,4,Advanced
EVT004819,APP02540,REQ0056,S3,2024-07-01,20240701,2024-07-11,10,Rejected
EVT004820,APP02541,REQ0056,S1,2024-07-17,20240717,2024-07-19,2,Rejected
EVT004821,APP02542,REQ0056,S1,2024-07-25,20240725,2024-07-27,2,Rejected
EVT004822,APP02543,REQ0056,S1,2024-06-08,20240608,2024-06-10,2,Advanced
EVT004823,APP02543,REQ0056,S2,2024-06-10,20240610,2024-06-13,3,Rejected
EVT004824,APP02544,REQ0056,S1,2024-06-13,20240613,2024-06-15,2,Rejected
EVT004825,APP02545,REQ0056,S1,2024-07-22,20240722,2024-07-23,1,Rejected
EVT004826,APP02546,REQ0056,S1,2024-07-20,20240720,2024-07-21,1,Advanced
EVT004827,APP02546,REQ0056,S2,2024-07-21,20240721,2024-07-23,2,Rejected
EVT004828,APP02547,REQ0056,S1,2024-07-25,20240725,2024-07-26,1,Rejected
EVT004829,APP02548,REQ0056,S1,2024-06-25,20240625,2024-06-26,1,Advanced
EVT004830,APP02548,REQ0056,S2,2024-06-26,20240626,2024-06-28,2,Advanced
EVT004831,APP02548,REQ0056,S3,2024-06-28,20240628,2024-07-10,12,Advanced
EVT004832,APP02548,REQ0056,S4,2024-07-10,20240710,2024-07-13,3,Rejected
EVT004833,APP02549,REQ0056,S1,2024-06-24,20240624,2024-06-26,2,Advanced
EVT004834,APP02549,REQ0056,S2,2024-06-26,20240626,2024-07-01,5,Advanced
EVT004835,APP02549,REQ0056,S3,2024-07-01,20240701,2024-07-08,7,Rejected
EVT004836,APP02550,REQ0056,S1,2024-06-22,20240622,2024-06-24,2,Rejected
EVT004837,APP02551,REQ0056,S1,2024-07-11,20240711,2024-07-13,2,Rejected
EVT004838,APP02552,REQ0056,S1,2024-07-06,20240706,2024-07-08,2,Rejected
EVT004839,APP02553,REQ0056,S1,2024-07-16,20240716,2024-07-17,1,Rejected
EVT004840,APP02554,REQ0056,S1,2024-07-13,20240713,2024-07-14,1,Rejected
EVT004841,APP02555,REQ0056,S1,2024-07-12,20240712,2024-07-14,2,Advanced
EVT004842,APP02555,REQ0056,S2,2024-07-14,20240714,2024-07-17,3,Rejected
EVT004843,APP02556,REQ0056,S1,2024-07-10,20240710,2024-07-11,1,Advanced
EVT004844,APP02556,REQ0056,S2,2024-07-11,20240711,2024-07-14,3,Rejected
EVT004845,APP02557,REQ0056,S1,2024-07-13,20240713,2024-07-15,2,Advanced
EVT004846,APP02557,REQ0056,S2,2024-07-15,20240715,2024-07-18,3,Rejected
EVT004847,APP02558,REQ0056,S1,2024-06-18,20240618,2024-06-20,2,Rejected
EVT004848,APP02559,REQ0056,S1,2024-07-19,20240719,2024-07-20,1,Rejected
EVT004849,APP02560,REQ0056,S1,2024-06-06,20240606,2024-06-07,1,Rejected
EVT004850,APP02561,REQ0056,S1,2024-06-11,20240611,2024-06-12,1,Advanced
EVT004851,APP02561,REQ0056,S2,2024-06-12,20240612,2024-06-13,1,Rejected
EVT004852,APP02562,REQ0056,S1,2024-06-12,20240612,2024-06-14,2,Rejected
EVT004853,APP02563,REQ0056,S1,2024-07-06,20240706,2024-07-08,2,Advanced
EVT004854,APP02563,REQ0056,S2,2024-07-08,20240708,2024-07-11,3,Advanced
EVT004855,APP02563,REQ0056,S3,2024-07-11,20240711,2024-07-15,4,Rejected
EVT004856,APP02564,REQ0056,S1,2024-07-02,20240702,2024-07-03,1,Rejected
EVT004857,APP02565,REQ0056,S1,2024-06-17,20240617,2024-06-18,1,Advanced
EVT004858,APP02565,REQ0056,S2,2024-06-18,20240618,2024-06-22,4,Advanced
EVT004859,APP02565,REQ0056,S3,2024-06-22,20240622,2024-06-28,6,Advanced
EVT004860,APP02565,REQ0056,S4,2024-06-28,20240628,2024-07-06,8,Advanced
EVT004861,APP02565,REQ0056,S5,2024-07-06,20240706,2024-07-12,6,Advanced
EVT004862,APP02565,REQ0056,S6,2024-07-12,20240712,2024-07-15,3,Advanced
EVT004863,APP02565,REQ0056,S7,2024-07-15,20240715,2024-07-25,10,Rejected
EVT004864,APP02566,REQ0056,S1,2024-06-11,20240611,2024-06-12,1,Rejected
EVT004865,APP02567,REQ0056,S1,2024-06-23,20240623,2024-06-26,3,Rejected
EVT004866,APP02568,REQ0056,S1,2024-07-04,20240704,2024-07-05,1,Rejected
EVT004867,APP02569,REQ0056,S1,2024-07-12,20240712,2024-07-14,2,Rejected
EVT004868,APP02570,REQ0056,S1,2024-07-08,20240708,2024-07-09,1,Advanced
EVT004869,APP02570,REQ0056,S2,2024-07-09,20240709,2024-07-10,1,Rejected
EVT004870,APP02571,REQ0056,S1,2024-06-25,20240625,2024-06-26,1,Rejected
EVT004871,APP02572,REQ0056,S1,2024-06-07,20240607,2024-06-08,1,Advanced
EVT004872,APP02572,REQ0056,S2,2024-06-08,20240608,2024-06-10,2,Advanced
EVT004873,APP02572,REQ0056,S3,2024-06-10,20240610,2024-06-20,10,Rejected
EVT004874,APP02573,REQ0056,S1,2024-06-15,20240615,2024-06-17,2,Advanced
EVT004875,APP02573,REQ0056,S2,2024-06-17,20240617,2024-06-23,6,Advanced
EVT004876,APP02573,REQ0056,S3,2024-06-23,20240623,2024-06-28,5,Advanced
EVT004877,APP02573,REQ0056,S4,2024-06-28,20240628,2024-07-05,7,Rejected
EVT004878,APP02574,REQ0056,S1,2024-07-11,20240711,2024-07-12,1,Rejected
EVT004879,APP02575,REQ0056,S1,2024-06-08,20240608,2024-06-11,3,Rejected
EVT004880,APP02576,REQ0056,S1,2024-07-19,20240719,2024-07-20,1,Advanced
EVT004881,APP02576,REQ0056,S2,2024-07-20,20240720,2024-07-24,4,Rejected
EVT004882,APP02577,REQ0056,S1,2024-06-12,20240612,2024-06-14,2,Advanced
EVT004883,APP02577,REQ0056,S2,2024-06-14,20240614,2024-06-18,4,Rejected
EVT004884,APP02578,REQ0056,S1,2024-06-15,20240615,2024-06-16,1,Rejected
EVT004885,APP02579,REQ0056,S1,2024-06-07,20240607,2024-06-08,1,Advanced
EVT004886,APP02579,REQ0056,S2,2024-06-08,20240608,2024-06-10,2,Rejected
EVT004887,APP02580,REQ0056,S1,2024-07-01,20240701,2024-07-02,1,Rejected
EVT004888,APP02581,REQ0056,S1,2024-06-21,20240621,2024-06-22,1,Rejected
EVT004889,APP02582,REQ0056,S1,2024-07-06,20240706,2024-07-08,2,Rejected
EVT004890,APP02583,REQ0056,S1,2024-06-18,20240618,2024-06-20,2,Rejected
EVT004891,APP02584,REQ0056,S1,2024-06-18,20240618,2024-06-19,1,Advanced
EVT004892,APP02584,REQ0056,S2,2024-06-19,20240619,2024-06-22,3,Rejected
EVT004893,APP02585,REQ0056,S1,2024-06-11,20240611,2024-06-12,1,Advanced
EVT004894,APP02585,REQ0056,S2,2024-06-12,20240612,2024-06-16,4,Advanced
EVT004895,APP02585,REQ0056,S3,2024-06-16,20240616,2024-06-29,13,Rejected
EVT004896,APP02586,REQ0056,S1,2024-07-22,20240722,2024-07-23,1,Advanced
EVT004897,APP02586,REQ0056,S2,2024-07-23,20240723,2024-07-25,2,Rejected
EVT004898,APP02587,REQ0056,S1,2024-07-06,20240706,2024-07-07,1,Rejected
EVT004899,APP02588,REQ0056,S1,2024-07-13,20240713,2024-07-15,2,Advanced
EVT004900,APP02588,REQ0056,S2,2024-07-15,20240715,2024-07-21,6,Advanced
EVT004901,APP02588,REQ0056,S3,2024-07-21,20240721,2024-08-04,14,Rejected
EVT004902,APP02589,REQ0057,S1,2026-01-13,20260113,2026-01-14,1,Advanced
EVT004903,APP02589,REQ0057,S2,2026-01-14,20260114,2026-01-18,4,Advanced
EVT004904,APP02589,REQ0057,S3,2026-01-18,20260118,2026-01-29,11,Rejected
EVT004905,APP02590,REQ0057,S1,2025-12-10,20251210,2025-12-13,3,Rejected
EVT004906,APP02591,REQ0057,S1,2026-01-13,20260113,2026-01-16,3,Rejected
EVT004907,APP02592,REQ0057,S1,2025-11-29,20251129,2025-12-01,2,Advanced
EVT004908,APP02592,REQ0057,S2,2025-12-01,20251201,2025-12-05,4,Advanced
EVT004909,APP02592,REQ0057,S3,2025-12-05,20251205,2025-12-08,3,Rejected
EVT004910,APP02593,REQ0057,S1,2026-01-12,20260112,2026-01-15,3,Advanced
EVT004911,APP02593,REQ0057,S2,2026-01-15,20260115,2026-01-19,4,Rejected
EVT004912,APP02594,REQ0057,S1,2025-11-21,20251121,2025-11-22,1,Advanced
EVT004913,APP02594,REQ0057,S2,2025-11-22,20251122,2025-11-25,3,Rejected
EVT004914,APP02595,REQ0057,S1,2025-11-23,20251123,2025-11-24,1,Rejected
EVT004915,APP02596,REQ0057,S1,2026-01-18,20260118,2026-01-21,3,Advanced
EVT004916,APP02596,REQ0057,S2,2026-01-21,20260121,2026-01-27,6,Advanced
EVT004917,APP02596,REQ0057,S3,2026-01-27,20260127,2026-01-31,4,Rejected
EVT004918,APP02597,REQ0057,S1,2025-12-15,20251215,2025-12-17,2,Rejected
EVT004919,APP02598,REQ0057,S1,2025-12-07,20251207,2025-12-09,2,Rejected
EVT004920,APP02599,REQ0057,S1,2026-01-01,20260101,2026-01-02,1,Rejected
EVT004921,APP02600,REQ0057,S1,2026-01-10,20260110,2026-01-12,2,Rejected
EVT004922,APP02601,REQ0057,S1,2025-12-14,20251214,2025-12-15,1,Rejected
EVT004923,APP02602,REQ0057,S1,2025-12-31,20251231,2026-01-03,3,Rejected
EVT004924,APP02603,REQ0057,S1,2025-12-02,20251202,2025-12-04,2,Advanced
EVT004925,APP02603,REQ0057,S2,2025-12-04,20251204,2025-12-08,4,Advanced
EVT004926,APP02603,REQ0057,S3,2025-12-08,20251208,2025-12-16,8,Advanced
EVT004927,APP02603,REQ0057,S4,2025-12-16,20251216,2025-12-24,8,Advanced
EVT004928,APP02603,REQ0057,S5,2025-12-24,20251224,2025-12-30,6,Rejected
EVT004929,APP02604,REQ0057,S1,2025-12-04,20251204,2025-12-07,3,Rejected
EVT004930,APP02605,REQ0057,S1,2026-01-05,20260105,2026-01-07,2,Advanced
EVT004931,APP02605,REQ0057,S2,2026-01-07,20260107,2026-01-09,2,Advanced
EVT004932,APP02605,REQ0057,S3,2026-01-09,20260109,2026-01-15,6,Advanced
EVT004933,APP02605,REQ0057,S4,2026-01-15,20260115,2026-01-18,3,Advanced
EVT004934,APP02605,REQ0057,S5,2026-01-18,20260118,2026-01-22,4,Advanced
EVT004935,APP02605,REQ0057,S6,2026-01-22,20260122,2026-01-28,6,Rejected
EVT004936,APP02606,REQ0057,S1,2025-12-19,20251219,2025-12-21,2,Rejected
EVT004937,APP02607,REQ0057,S1,2025-12-16,20251216,2025-12-18,2,Rejected
EVT004938,APP02608,REQ0057,S1,2026-01-12,20260112,2026-01-13,1,Rejected
EVT004939,APP02609,REQ0057,S1,2025-11-30,20251130,2025-12-01,1,Rejected
EVT004940,APP02610,REQ0057,S1,2025-12-11,20251211,2025-12-12,1,Rejected
EVT004941,APP02611,REQ0057,S1,2026-01-02,20260102,2026-01-04,2,Rejected
EVT004942,APP02612,REQ0057,S1,2025-12-27,20251227,2025-12-29,2,Rejected
EVT004943,APP02613,REQ0057,S1,2025-11-25,20251125,2025-11-28,3,Rejected
EVT004944,APP02614,REQ0057,S1,2026-01-19,20260119,2026-01-20,1,Rejected
EVT004945,APP02615,REQ0057,S1,2026-01-17,20260117,2026-01-19,2,Rejected
EVT004946,APP02616,REQ0058,S1,2025-01-31,20250131,2025-02-02,2,Rejected
EVT004947,APP02617,REQ0058,S1,2025-02-01,20250201,2025-02-02,1,Rejected
EVT004948,APP02618,REQ0058,S1,2025-01-19,20250119,2025-01-20,1,Advanced
EVT004949,APP02618,REQ0058,S2,2025-01-20,20250120,2025-01-22,2,Rejected
EVT004950,APP02619,REQ0058,S1,2025-01-17,20250117,2025-01-18,1,Advanced
EVT004951,APP02619,REQ0058,S2,2025-01-18,20250118,2025-01-20,2,Rejected
EVT004952,APP02620,REQ0058,S1,2025-01-15,20250115,2025-01-18,3,Rejected
EVT004953,APP02621,REQ0058,S1,2025-01-15,20250115,2025-01-16,1,Advanced
EVT004954,APP02621,REQ0058,S2,2025-01-16,20250116,2025-01-19,3,Advanced
EVT004955,APP02621,REQ0058,S3,2025-01-19,20250119,2025-01-26,7,Rejected
EVT004956,APP02622,REQ0058,S1,2025-01-29,20250129,2025-01-31,2,Advanced
EVT004957,APP02622,REQ0058,S2,2025-01-31,20250131,2025-02-06,6,Rejected
EVT004958,APP02623,REQ0058,S1,2025-01-30,20250130,2025-02-01,2,Advanced
EVT004959,APP02623,REQ0058,S2,2025-02-01,20250201,2025-02-03,2,Rejected
EVT004960,APP02624,REQ0058,S1,2025-01-08,20250108,2025-01-09,1,Rejected
EVT004961,APP02625,REQ0058,S1,2025-02-02,20250202,2025-02-05,3,Rejected
EVT004962,APP02626,REQ0058,S1,2025-01-31,20250131,2025-02-01,1,Rejected
EVT004963,APP02627,REQ0058,S1,2025-01-05,20250105,2025-01-07,2,Advanced
EVT004964,APP02627,REQ0058,S2,2025-01-07,20250107,2025-01-10,3,Advanced
EVT004965,APP02627,REQ0058,S3,2025-01-10,20250110,2025-01-16,6,Rejected
EVT004966,APP02628,REQ0058,S1,2025-01-28,20250128,2025-01-29,1,Advanced
EVT004967,APP02628,REQ0058,S2,2025-01-29,20250129,2025-02-01,3,Advanced
EVT004968,APP02628,REQ0058,S3,2025-02-01,20250201,2025-02-14,13,Advanced
EVT004969,APP02628,REQ0058,S4,2025-02-14,20250214,2025-02-19,5,Rejected
EVT004970,APP02629,REQ0058,S1,2025-01-18,20250118,2025-01-19,1,Advanced
EVT004971,APP02629,REQ0058,S2,2025-01-19,20250119,2025-01-21,2,Rejected
EVT004972,APP02630,REQ0058,S1,2025-01-17,20250117,2025-01-19,2,Advanced
EVT004973,APP02630,REQ0058,S2,2025-01-19,20250119,2025-01-25,6,Advanced
EVT004974,APP02630,REQ0058,S3,2025-01-25,20250125,2025-02-03,9,Advanced
EVT004975,APP02630,REQ0058,S4,2025-02-03,20250203,2025-02-08,5,Advanced
EVT004976,APP02630,REQ0058,S5,2025-02-08,20250208,2025-02-12,4,Rejected
EVT004977,APP02631,REQ0058,S1,2025-01-15,20250115,2025-01-17,2,Advanced
EVT004978,APP02631,REQ0058,S2,2025-01-17,20250117,2025-01-19,2,Advanced
EVT004979,APP02631,REQ0058,S3,2025-01-19,20250119,2025-01-24,5,Rejected
EVT004980,APP02632,REQ0058,S1,2025-01-17,20250117,2025-01-18,1,Rejected
EVT004981,APP02633,REQ0058,S1,2025-01-09,20250109,2025-01-10,1,Rejected
EVT004982,APP02634,REQ0058,S1,2025-01-08,20250108,2025-01-09,1,Rejected
EVT004983,APP02635,REQ0058,S1,2025-01-11,20250111,2025-01-13,2,Rejected
EVT004984,APP02636,REQ0058,S1,2025-01-22,20250122,2025-01-23,1,Rejected
EVT004985,APP02637,REQ0058,S1,2025-01-29,20250129,2025-01-31,2,Advanced
EVT004986,APP02637,REQ0058,S2,2025-01-31,20250131,2025-02-01,1,Advanced
EVT004987,APP02637,REQ0058,S3,2025-02-01,20250201,2025-02-04,3,Advanced
EVT004988,APP02637,REQ0058,S4,2025-02-04,20250204,2025-02-07,3,Advanced
EVT004989,APP02637,REQ0058,S5,2025-02-07,20250207,2025-02-13,6,Rejected
EVT004990,APP02638,REQ0058,S1,2025-01-21,20250121,2025-01-24,3,Advanced
EVT004991,APP02638,REQ0058,S2,2025-01-24,20250124,2025-01-27,3,Rejected
EVT004992,APP02639,REQ0058,S1,2025-01-17,20250117,2025-01-18,1,Rejected
EVT004993,APP02640,REQ0058,S1,2025-01-12,20250112,2025-01-14,2,Rejected
EVT004994,APP02641,REQ0058,S1,2025-01-04,20250104,2025-01-05,1,Advanced
EVT004995,APP02641,REQ0058,S2,2025-01-05,20250105,2025-01-10,5,Rejected
EVT004996,APP02642,REQ0058,S1,2025-01-22,20250122,2025-01-23,1,Rejected
EVT004997,APP02643,REQ0058,S1,2025-01-27,20250127,2025-01-28,1,Rejected
EVT004998,APP02644,REQ0058,S1,2025-01-28,20250128,2025-01-30,2,Rejected
EVT004999,APP02645,REQ0058,S1,2025-01-07,20250107,2025-01-08,1,Advanced
EVT005000,APP02645,REQ0058,S2,2025-01-08,20250108,2025-01-10,2,Advanced
EVT005001,APP02645,REQ0058,S3,2025-01-10,20250110,2025-01-14,4,Rejected
EVT005002,APP02646,REQ0058,S1,2025-01-24,20250124,2025-01-25,1,Advanced
EVT005003,APP02646,REQ0058,S2,2025-01-25,20250125,2025-01-30,5,Rejected
EVT005004,APP02647,REQ0058,S1,2025-01-17,20250117,2025-01-18,1,Advanced
EVT005005,APP02647,REQ0058,S2,2025-01-18,20250118,2025-01-20,2,Rejected
EVT005006,APP02648,REQ0058,S1,2025-01-10,20250110,2025-01-12,2,Advanced
EVT005007,APP02648,REQ0058,S2,2025-01-12,20250112,2025-01-15,3,Rejected
EVT005008,APP02649,REQ0058,S1,2025-01-08,20250108,2025-01-11,3,Advanced
EVT005009,APP02649,REQ0058,S2,2025-01-11,20250111,2025-01-14,3,Rejected
EVT005010,APP02650,REQ0058,S1,2025-01-06,20250106,2025-01-07,1,Advanced
EVT005011,APP02650,REQ0058,S2,2025-01-07,20250107,2025-01-09,2,Advanced
EVT005012,APP02650,REQ0058,S3,2025-01-09,20250109,2025-01-16,7,Rejected
EVT005013,APP02651,REQ0058,S1,2025-01-08,20250108,2025-01-09,1,Rejected
EVT005014,APP02652,REQ0058,S1,2025-01-29,20250129,2025-01-30,1,Advanced
EVT005015,APP02652,REQ0058,S2,2025-01-30,20250130,2025-02-03,4,Rejected
EVT005016,APP02653,REQ0058,S1,2025-01-05,20250105,2025-01-07,2,Rejected
EVT005017,APP02654,REQ0059,S1,2026-05-17,20260517,2026-05-19,2,Advanced
EVT005018,APP02654,REQ0059,S2,2026-05-19,20260519,2026-05-22,3,Advanced
EVT005019,APP02654,REQ0059,S3,2026-05-22,20260522,2026-05-26,4,Advanced
EVT005020,APP02654,REQ0059,S4,2026-05-26,20260526,2026-06-02,7,Advanced
EVT005021,APP02654,REQ0059,S5,2026-06-02,20260602,2026-06-09,7,Advanced
EVT005022,APP02654,REQ0059,S6,2026-06-09,20260609,2026-06-17,8,Rejected
EVT005023,APP02655,REQ0059,S1,2026-05-17,20260517,2026-05-19,2,Rejected
EVT005024,APP02656,REQ0059,S1,2026-05-09,20260509,2026-05-12,3,Rejected
EVT005025,APP02657,REQ0059,S1,2026-06-14,20260614,2026-06-16,2,Rejected
EVT005026,APP02658,REQ0059,S1,2026-04-30,20260430,2026-05-01,1,Advanced
EVT005027,APP02658,REQ0059,S2,2026-05-01,20260501,2026-05-07,6,Rejected
EVT005028,APP02659,REQ0059,S1,2026-04-28,20260428,2026-04-29,1,Rejected
EVT005029,APP02660,REQ0059,S1,2026-06-21,20260621,2026-06-22,1,Rejected
EVT005030,APP02661,REQ0059,S1,2026-05-15,20260515,2026-05-16,1,Rejected
EVT005031,APP02662,REQ0059,S1,2026-06-23,20260623,2026-06-24,1,Rejected
EVT005032,APP02663,REQ0059,S1,2026-05-26,20260526,2026-05-27,1,Advanced
EVT005033,APP02663,REQ0059,S2,2026-05-27,20260527,2026-05-29,2,Advanced
EVT005034,APP02663,REQ0059,S3,2026-05-29,20260529,2026-06-03,5,Advanced
EVT005035,APP02663,REQ0059,S4,2026-06-03,20260603,2026-06-06,3,Advanced
EVT005036,APP02663,REQ0059,S5,2026-06-06,20260606,2026-06-16,10,Advanced
EVT005037,APP02663,REQ0059,S6,2026-06-16,20260616,2026-06-25,9,Rejected
EVT005038,APP02664,REQ0059,S1,2026-06-16,20260616,2026-06-17,1,Advanced
EVT005039,APP02664,REQ0059,S2,2026-06-17,20260617,2026-06-18,1,Advanced
EVT005040,APP02664,REQ0059,S3,2026-06-18,20260618,2026-06-24,6,Advanced
EVT005041,APP02664,REQ0059,S4,2026-06-24,20260624,2026-06-29,5,Advanced
EVT005042,APP02664,REQ0059,S5,2026-06-29,20260629,,1,In Process
EVT005043,APP02665,REQ0059,S1,2026-06-22,20260622,2026-06-24,2,Advanced
EVT005044,APP02665,REQ0059,S2,2026-06-24,20260624,2026-06-27,3,Rejected
EVT005045,APP02666,REQ0059,S1,2026-06-23,20260623,2026-06-24,1,Advanced
EVT005046,APP02666,REQ0059,S2,2026-06-24,20260624,2026-06-26,2,Advanced
EVT005047,APP02666,REQ0059,S3,2026-06-26,20260626,,4,In Process
EVT005048,APP02667,REQ0059,S1,2026-05-09,20260509,2026-05-12,3,Advanced
EVT005049,APP02667,REQ0059,S2,2026-05-12,20260512,2026-05-16,4,Rejected
EVT005050,APP02668,REQ0059,S1,2026-06-04,20260604,2026-06-07,3,Rejected
EVT005051,APP02669,REQ0059,S1,2026-06-22,20260622,2026-06-23,1,Rejected
EVT005052,APP02670,REQ0059,S1,2026-06-24,20260624,2026-06-27,3,Rejected
EVT005053,APP02671,REQ0059,S1,2026-05-02,20260502,2026-05-04,2,Rejected
EVT005054,APP02672,REQ0059,S1,2026-06-26,20260626,2026-06-27,1,Rejected
EVT005055,APP02673,REQ0059,S1,2026-05-26,20260526,2026-05-28,2,Advanced
EVT005056,APP02673,REQ0059,S2,2026-05-28,20260528,2026-06-01,4,Advanced
EVT005057,APP02673,REQ0059,S3,2026-06-01,20260601,2026-06-08,7,Advanced
EVT005058,APP02673,REQ0059,S4,2026-06-08,20260608,2026-06-14,6,Advanced
EVT005059,APP02673,REQ0059,S5,2026-06-14,20260614,2026-06-25,11,Rejected
EVT005060,APP02674,REQ0059,S1,2026-05-07,20260507,2026-05-08,1,Advanced
EVT005061,APP02674,REQ0059,S2,2026-05-08,20260508,2026-05-12,4,Advanced
EVT005062,APP02674,REQ0059,S3,2026-05-12,20260512,2026-05-20,8,Advanced
EVT005063,APP02674,REQ0059,S4,2026-05-20,20260520,2026-05-23,3,Rejected
EVT005064,APP02675,REQ0059,S1,2026-06-26,20260626,2026-06-28,2,Rejected
EVT005065,APP02676,REQ0059,S1,2026-06-05,20260605,2026-06-06,1,Rejected
EVT005066,APP02677,REQ0059,S1,2026-06-15,20260615,2026-06-16,1,Rejected
EVT005067,APP02678,REQ0059,S1,2026-05-13,20260513,2026-05-16,3,Rejected
EVT005068,APP02679,REQ0059,S1,2026-06-07,20260607,2026-06-10,3,Advanced
EVT005069,APP02679,REQ0059,S2,2026-06-10,20260610,2026-06-14,4,Rejected
EVT005070,APP02680,REQ0059,S1,2026-05-04,20260504,2026-05-06,2,Advanced
EVT005071,APP02680,REQ0059,S2,2026-05-06,20260506,2026-05-08,2,Advanced
EVT005072,APP02680,REQ0059,S3,2026-05-08,20260508,2026-05-12,4,Rejected
EVT005073,APP02681,REQ0059,S1,2026-05-20,20260520,2026-05-21,1,Rejected
EVT005074,APP02682,REQ0059,S1,2026-06-24,20260624,2026-06-27,3,Rejected
EVT005075,APP02683,REQ0059,S1,2026-05-10,20260510,2026-05-11,1,Rejected
EVT005076,APP02684,REQ0060,S1,2026-06-26,20260626,2026-06-28,2,Rejected
EVT005077,APP02685,REQ0060,S1,2026-06-21,20260621,2026-06-22,1,Rejected
EVT005078,APP02686,REQ0060,S1,2026-06-16,20260616,2026-06-17,1,Advanced
EVT005079,APP02686,REQ0060,S2,2026-06-17,20260617,2026-06-22,5,Rejected
EVT005080,APP02687,REQ0060,S1,2026-06-18,20260618,2026-06-19,1,Advanced
EVT005081,APP02687,REQ0060,S2,2026-06-19,20260619,2026-06-23,4,Advanced
EVT005082,APP02687,REQ0060,S3,2026-06-23,20260623,2026-06-29,6,Advanced
EVT005083,APP02687,REQ0060,S4,2026-06-29,20260629,,1,In Process
EVT005084,APP02688,REQ0060,S1,2026-06-13,20260613,2026-06-14,1,Advanced
EVT005085,APP02688,REQ0060,S2,2026-06-14,20260614,2026-06-16,2,Rejected
EVT005086,APP02689,REQ0060,S1,2026-06-16,20260616,2026-06-17,1,Rejected
EVT005087,APP02690,REQ0060,S1,2026-06-18,20260618,2026-06-19,1,Rejected
EVT005088,APP02691,REQ0060,S1,2026-06-09,20260609,2026-06-11,2,Advanced
EVT005089,APP02691,REQ0060,S2,2026-06-11,20260611,2026-06-14,3,Advanced
EVT005090,APP02691,REQ0060,S3,2026-06-14,20260614,2026-06-27,13,Advanced
EVT005091,APP02691,REQ0060,S4,2026-06-27,20260627,,3,In Process
EVT005092,APP02692,REQ0060,S1,2026-06-22,20260622,2026-06-24,2,Rejected
EVT005093,APP02693,REQ0060,S1,2026-06-10,20260610,2026-06-11,1,Rejected
EVT005094,APP02694,REQ0060,S1,2026-06-24,20260624,2026-06-27,3,Rejected
EVT005095,APP02695,REQ0060,S1,2026-06-08,20260608,2026-06-09,1,Rejected
EVT005096,APP02696,REQ0060,S1,2026-06-24,20260624,2026-06-26,2,Rejected
EVT005097,APP02697,REQ0060,S1,2026-06-28,20260628,,2,In Process
EVT005098,APP02698,REQ0060,S1,2026-06-20,20260620,2026-06-22,2,Advanced
EVT005099,APP02698,REQ0060,S2,2026-06-22,20260622,2026-06-25,3,Rejected
EVT005100,APP02699,REQ0060,S1,2026-06-14,20260614,2026-06-15,1,Advanced
EVT005101,APP02699,REQ0060,S2,2026-06-15,20260615,2026-06-20,5,Rejected
EVT005102,APP02700,REQ0060,S1,2026-06-16,20260616,2026-06-17,1,Rejected
EVT005103,APP02701,REQ0060,S1,2026-06-26,20260626,2026-06-27,1,Advanced
EVT005104,APP02701,REQ0060,S2,2026-06-27,20260627,2026-06-28,1,Advanced
EVT005105,APP02701,REQ0060,S3,2026-06-28,20260628,,2,In Process
EVT005106,APP02702,REQ0060,S1,2026-06-25,20260625,2026-06-26,1,Rejected
EVT005107,APP02703,REQ0060,S1,2026-06-17,20260617,2026-06-19,2,Rejected
EVT005108,APP02704,REQ0060,S1,2026-06-16,20260616,2026-06-17,1,Rejected
EVT005109,APP02705,REQ0060,S1,2026-06-24,20260624,2026-06-26,2,Rejected
EVT005110,APP02706,REQ0060,S1,2026-06-12,20260612,2026-06-13,1,Rejected
EVT005111,APP02707,REQ0060,S1,2026-06-12,20260612,2026-06-13,1,Rejected
EVT005112,APP02708,REQ0061,S1,2024-06-24,20240624,2024-06-25,1,Rejected
EVT005113,APP02709,REQ0061,S1,2024-06-15,20240615,2024-06-17,2,Rejected
EVT005114,APP02710,REQ0061,S1,2024-06-09,20240609,2024-06-11,2,Rejected
EVT005115,APP02711,REQ0061,S1,2024-08-24,20240824,2024-08-25,1,Rejected
EVT005116,APP02712,REQ0061,S1,2024-06-18,20240618,2024-06-20,2,Advanced
EVT005117,APP02712,REQ0061,S2,2024-06-20,20240620,2024-06-24,4,Rejected
EVT005118,APP02713,REQ0061,S1,2024-08-14,20240814,2024-08-15,1,Rejected
EVT005119,APP02714,REQ0061,S1,2024-07-12,20240712,2024-07-14,2,Rejected
EVT005120,APP02715,REQ0061,S1,2024-08-27,20240827,2024-08-28,1,Rejected
EVT005121,APP02716,REQ0061,S1,2024-06-28,20240628,2024-06-30,2,Rejected
EVT005122,APP02717,REQ0061,S1,2024-06-09,20240609,2024-06-11,2,Advanced
EVT005123,APP02717,REQ0061,S2,2024-06-11,20240611,2024-06-15,4,Rejected
EVT005124,APP02718,REQ0061,S1,2024-06-09,20240609,2024-06-10,1,Advanced
EVT005125,APP02718,REQ0061,S2,2024-06-10,20240610,2024-06-13,3,Advanced
EVT005126,APP02718,REQ0061,S3,2024-06-13,20240613,2024-06-21,8,Rejected
EVT005127,APP02719,REQ0061,S1,2024-08-12,20240812,2024-08-13,1,Rejected
EVT005128,APP02720,REQ0061,S1,2024-06-22,20240622,2024-06-24,2,Rejected
EVT005129,APP02721,REQ0061,S1,2024-07-12,20240712,2024-07-13,1,Rejected
EVT005130,APP02722,REQ0061,S1,2024-06-15,20240615,2024-06-16,1,Rejected
EVT005131,APP02723,REQ0061,S1,2024-08-25,20240825,2024-08-27,2,Rejected
EVT005132,APP02724,REQ0061,S1,2024-08-26,20240826,2024-08-28,2,Advanced
EVT005133,APP02724,REQ0061,S2,2024-08-28,20240828,2024-08-30,2,Advanced
EVT005134,APP02724,REQ0061,S3,2024-08-30,20240830,2024-09-11,12,Advanced
EVT005135,APP02724,REQ0061,S4,2024-09-11,20240911,2024-09-19,8,Rejected
EVT005136,APP02725,REQ0061,S1,2024-06-25,20240625,2024-06-27,2,Advanced
EVT005137,APP02725,REQ0061,S2,2024-06-27,20240627,2024-06-28,1,Advanced
EVT005138,APP02725,REQ0061,S3,2024-06-28,20240628,2024-07-05,7,Rejected
EVT005139,APP02726,REQ0061,S1,2024-06-05,20240605,2024-06-06,1,Rejected
EVT005140,APP02727,REQ0061,S1,2024-08-15,20240815,2024-08-17,2,Advanced
EVT005141,APP02727,REQ0061,S2,2024-08-17,20240817,2024-08-19,2,Rejected
EVT005142,APP02728,REQ0061,S1,2024-07-10,20240710,2024-07-13,3,Rejected
EVT005143,APP02729,REQ0061,S1,2024-07-13,20240713,2024-07-14,1,Advanced
EVT005144,APP02729,REQ0061,S2,2024-07-14,20240714,2024-07-19,5,Advanced
EVT005145,APP02729,REQ0061,S3,2024-07-19,20240719,2024-08-01,13,Rejected
EVT005146,APP02730,REQ0061,S1,2024-07-14,20240714,2024-07-16,2,Advanced
EVT005147,APP02730,REQ0061,S2,2024-07-16,20240716,2024-07-18,2,Advanced
EVT005148,APP02730,REQ0061,S3,2024-07-18,20240718,2024-07-24,6,Advanced
EVT005149,APP02730,REQ0061,S4,2024-07-24,20240724,2024-07-29,5,Rejected
EVT005150,APP02731,REQ0061,S1,2024-07-11,20240711,2024-07-13,2,Rejected
EVT005151,APP02732,REQ0061,S1,2024-06-10,20240610,2024-06-13,3,Rejected
EVT005152,APP02733,REQ0061,S1,2024-08-10,20240810,2024-08-12,2,Rejected
EVT005153,APP02734,REQ0061,S1,2024-08-20,20240820,2024-08-22,2,Advanced
EVT005154,APP02734,REQ0061,S2,2024-08-22,20240822,2024-08-24,2,Advanced
EVT005155,APP02734,REQ0061,S3,2024-08-24,20240824,2024-09-04,11,Rejected
EVT005156,APP02735,REQ0061,S1,2024-07-06,20240706,2024-07-07,1,Rejected
EVT005157,APP02736,REQ0061,S1,2024-08-14,20240814,2024-08-17,3,Rejected
EVT005158,APP02737,REQ0061,S1,2024-06-11,20240611,2024-06-12,1,Rejected
EVT005159,APP02738,REQ0061,S1,2024-06-06,20240606,2024-06-08,2,Advanced
EVT005160,APP02738,REQ0061,S2,2024-06-08,20240608,2024-06-12,4,Rejected
EVT005161,APP02739,REQ0061,S1,2024-06-08,20240608,2024-06-10,2,Rejected
EVT005162,APP02740,REQ0061,S1,2024-06-05,20240605,2024-06-07,2,Rejected
EVT005163,APP02741,REQ0062,S1,2024-09-11,20240911,2024-09-13,2,Rejected
EVT005164,APP02742,REQ0062,S1,2024-10-13,20241013,2024-10-16,3,Rejected
EVT005165,APP02743,REQ0062,S1,2024-10-05,20241005,2024-10-06,1,Rejected
EVT005166,APP02744,REQ0062,S1,2024-09-16,20240916,2024-09-18,2,Rejected
EVT005167,APP02745,REQ0062,S1,2024-10-10,20241010,2024-10-13,3,Advanced
EVT005168,APP02745,REQ0062,S2,2024-10-13,20241013,2024-10-16,3,Advanced
EVT005169,APP02745,REQ0062,S3,2024-10-16,20241016,2024-10-22,6,Rejected
EVT005170,APP02746,REQ0062,S1,2024-09-25,20240925,2024-09-26,1,Rejected
EVT005171,APP02747,REQ0062,S1,2024-10-05,20241005,2024-10-07,2,Advanced
EVT005172,APP02747,REQ0062,S2,2024-10-07,20241007,2024-10-12,5,Rejected
EVT005173,APP02748,REQ0062,S1,2024-09-30,20240930,2024-10-01,1,Advanced
EVT005174,APP02748,REQ0062,S2,2024-10-01,20241001,2024-10-02,1,Rejected
EVT005175,APP02749,REQ0062,S1,2024-09-23,20240923,2024-09-24,1,Rejected
EVT005176,APP02750,REQ0062,S1,2024-09-19,20240919,2024-09-21,2,Rejected
EVT005177,APP02751,REQ0062,S1,2024-09-13,20240913,2024-09-14,1,Rejected
EVT005178,APP02752,REQ0062,S1,2024-09-22,20240922,2024-09-23,1,Rejected
EVT005179,APP02753,REQ0062,S1,2024-09-18,20240918,2024-09-19,1,Rejected
EVT005180,APP02754,REQ0062,S1,2024-10-07,20241007,2024-10-09,2,Rejected
EVT005181,APP02755,REQ0062,S1,2024-10-05,20241005,2024-10-08,3,Rejected
EVT005182,APP02756,REQ0062,S1,2024-09-17,20240917,2024-09-18,1,Rejected
EVT005183,APP02757,REQ0062,S1,2024-10-06,20241006,2024-10-08,2,Advanced
EVT005184,APP02757,REQ0062,S2,2024-10-08,20241008,2024-10-12,4,Rejected
EVT005185,APP02758,REQ0062,S1,2024-09-21,20240921,2024-09-24,3,Advanced
EVT005186,APP02758,REQ0062,S2,2024-09-24,20240924,2024-09-28,4,Advanced
EVT005187,APP02758,REQ0062,S3,2024-09-28,20240928,2024-10-03,5,Advanced
EVT005188,APP02758,REQ0062,S4,2024-10-03,20241003,2024-10-07,4,Rejected
EVT005189,APP02759,REQ0062,S1,2024-10-08,20241008,2024-10-09,1,Rejected
EVT005190,APP02760,REQ0062,S1,2024-09-29,20240929,2024-09-30,1,Advanced
EVT005191,APP02760,REQ0062,S2,2024-09-30,20240930,2024-10-04,4,Rejected
EVT005192,APP02761,REQ0062,S1,2024-10-01,20241001,2024-10-03,2,Advanced
EVT005193,APP02761,REQ0062,S2,2024-10-03,20241003,2024-10-07,4,Rejected
EVT005194,APP02762,REQ0062,S1,2024-09-29,20240929,2024-10-01,2,Advanced
EVT005195,APP02762,REQ0062,S2,2024-10-01,20241001,2024-10-02,1,Advanced
EVT005196,APP02762,REQ0062,S3,2024-10-02,20241002,2024-10-04,2,Advanced
EVT005197,APP02762,REQ0062,S4,2024-10-04,20241004,2024-10-09,5,Advanced
EVT005198,APP02762,REQ0062,S5,2024-10-09,20241009,2024-10-17,8,Advanced
EVT005199,APP02762,REQ0062,S6,2024-10-17,20241017,2024-10-22,5,Advanced
EVT005200,APP02762,REQ0062,S7,2024-10-22,20241022,2024-10-30,8,Advanced
EVT005201,APP02762,REQ0062,S8,2024-10-30,20241030,2024-10-30,0,Hired
EVT005202,APP02763,REQ0062,S1,2024-09-25,20240925,2024-09-27,2,Advanced
EVT005203,APP02763,REQ0062,S2,2024-09-27,20240927,2024-10-03,6,Rejected
EVT005204,APP02764,REQ0062,S1,2024-10-08,20241008,2024-10-09,1,Rejected
EVT005205,APP02765,REQ0062,S1,2024-09-14,20240914,2024-09-15,1,Advanced
EVT005206,APP02765,REQ0062,S2,2024-09-15,20240915,2024-09-16,1,Advanced
EVT005207,APP02765,REQ0062,S3,2024-09-16,20240916,2024-09-21,5,Rejected
EVT005208,APP02766,REQ0062,S1,2024-09-19,20240919,2024-09-21,2,Rejected
EVT005209,APP02767,REQ0062,S1,2024-09-21,20240921,2024-09-22,1,Rejected
EVT005210,APP02768,REQ0062,S1,2024-10-13,20241013,2024-10-15,2,Rejected
EVT005211,APP02769,REQ0062,S1,2024-09-30,20240930,2024-10-01,1,Rejected
EVT005212,APP02770,REQ0062,S1,2024-10-13,20241013,2024-10-14,1,Advanced
EVT005213,APP02770,REQ0062,S2,2024-10-14,20241014,2024-10-16,2,Advanced
EVT005214,APP02770,REQ0062,S3,2024-10-16,20241016,2024-10-24,8,Advanced
EVT005215,APP02770,REQ0062,S4,2024-10-24,20241024,2024-10-30,6,Advanced
EVT005216,APP02770,REQ0062,S5,2024-10-30,20241030,2024-11-06,7,Advanced
EVT005217,APP02770,REQ0062,S6,2024-11-06,20241106,2024-11-13,7,Advanced
EVT005218,APP02770,REQ0062,S7,2024-11-13,20241113,2024-11-19,6,Advanced
EVT005219,APP02770,REQ0062,S8,2024-11-19,20241119,2024-11-19,0,Hired
EVT005220,APP02771,REQ0062,S1,2024-09-26,20240926,2024-09-27,1,Rejected
EVT005221,APP02772,REQ0062,S1,2024-10-13,20241013,2024-10-14,1,Rejected
EVT005222,APP02773,REQ0062,S1,2024-09-24,20240924,2024-09-27,3,Advanced
EVT005223,APP02773,REQ0062,S2,2024-09-27,20240927,2024-10-03,6,Advanced
EVT005224,APP02773,REQ0062,S3,2024-10-03,20241003,2024-10-16,13,Advanced
EVT005225,APP02773,REQ0062,S4,2024-10-16,20241016,2024-10-20,4,Advanced
EVT005226,APP02773,REQ0062,S5,2024-10-20,20241020,2024-10-31,11,Rejected
EVT005227,APP02774,REQ0062,S1,2024-09-26,20240926,2024-09-28,2,Rejected
EVT005228,APP02775,REQ0062,S1,2024-09-22,20240922,2024-09-24,2,Advanced
EVT005229,APP02775,REQ0062,S2,2024-09-24,20240924,2024-09-28,4,Rejected
EVT005230,APP02776,REQ0062,S1,2024-09-22,20240922,2024-09-25,3,Rejected
EVT005231,APP02777,REQ0062,S1,2024-10-05,20241005,2024-10-06,1,Rejected
EVT005232,APP02778,REQ0062,S1,2024-09-21,20240921,2024-09-23,2,Advanced
EVT005233,APP02778,REQ0062,S2,2024-09-23,20240923,2024-09-28,5,Rejected
EVT005234,APP02779,REQ0062,S1,2024-10-04,20241004,2024-10-06,2,Rejected
EVT005235,APP02780,REQ0062,S1,2024-09-30,20240930,2024-10-01,1,Rejected
EVT005236,APP02781,REQ0062,S1,2024-09-25,20240925,2024-09-28,3,Advanced
EVT005237,APP02781,REQ0062,S2,2024-09-28,20240928,2024-10-03,5,Rejected
EVT005238,APP02782,REQ0062,S1,2024-10-11,20241011,2024-10-12,1,Rejected
EVT005239,APP02783,REQ0062,S1,2024-09-11,20240911,2024-09-14,3,Rejected
EVT005240,APP02784,REQ0062,S1,2024-10-12,20241012,2024-10-13,1,Rejected
EVT005241,APP02785,REQ0062,S1,2024-09-10,20240910,2024-09-11,1,Advanced
EVT005242,APP02785,REQ0062,S2,2024-09-11,20240911,2024-09-16,5,Advanced
EVT005243,APP02785,REQ0062,S3,2024-09-16,20240916,2024-09-28,12,Rejected
EVT005244,APP02786,REQ0062,S1,2024-10-05,20241005,2024-10-06,1,Rejected
EVT005245,APP02787,REQ0062,S1,2024-10-10,20241010,2024-10-11,1,Advanced
EVT005246,APP02787,REQ0062,S2,2024-10-11,20241011,2024-10-15,4,Rejected
EVT005247,APP02788,REQ0062,S1,2024-10-01,20241001,2024-10-03,2,Rejected
EVT005248,APP02789,REQ0062,S1,2024-10-12,20241012,2024-10-14,2,Advanced
EVT005249,APP02789,REQ0062,S2,2024-10-14,20241014,2024-10-15,1,Advanced
EVT005250,APP02789,REQ0062,S3,2024-10-15,20241015,2024-10-24,9,Advanced
EVT005251,APP02789,REQ0062,S4,2024-10-24,20241024,2024-10-30,6,Advanced
EVT005252,APP02789,REQ0062,S5,2024-10-30,20241030,2024-11-09,10,Advanced
EVT005253,APP02789,REQ0062,S6,2024-11-09,20241109,2024-11-15,6,Advanced
EVT005254,APP02789,REQ0062,S7,2024-11-15,20241115,2024-11-20,5,Advanced
EVT005255,APP02789,REQ0062,S8,2024-11-20,20241120,2024-11-20,0,Hired
EVT005256,APP02790,REQ0062,S1,2024-09-23,20240923,2024-09-25,2,Rejected
EVT005257,APP02791,REQ0062,S1,2024-09-28,20240928,2024-09-30,2,Rejected
EVT005258,APP02792,REQ0062,S1,2024-09-12,20240912,2024-09-14,2,Rejected
EVT005259,APP02793,REQ0062,S1,2024-09-16,20240916,2024-09-18,2,Rejected
EVT005260,APP02794,REQ0062,S1,2024-09-12,20240912,2024-09-15,3,Rejected
EVT005261,APP02795,REQ0062,S1,2024-09-23,20240923,2024-09-24,1,Rejected
EVT005262,APP02796,REQ0062,S1,2024-10-08,20241008,2024-10-09,1,Rejected
EVT005263,APP02797,REQ0062,S1,2024-09-29,20240929,2024-10-02,3,Rejected
EVT005264,APP02798,REQ0062,S1,2024-09-27,20240927,2024-09-28,1,Rejected
EVT005265,APP02799,REQ0062,S1,2024-09-19,20240919,2024-09-22,3,Rejected
EVT005266,APP02800,REQ0062,S1,2024-10-02,20241002,2024-10-04,2,Rejected
EVT005267,APP02801,REQ0062,S1,2024-09-24,20240924,2024-09-25,1,Rejected
EVT005268,APP02802,REQ0062,S1,2024-09-14,20240914,2024-09-15,1,Rejected
EVT005269,APP02803,REQ0062,S1,2024-09-25,20240925,2024-09-26,1,Rejected
EVT005270,APP02804,REQ0063,S1,2025-08-19,20250819,2025-08-20,1,Advanced
EVT005271,APP02804,REQ0063,S2,2025-08-20,20250820,2025-08-22,2,Advanced
EVT005272,APP02804,REQ0063,S3,2025-08-22,20250822,2025-08-30,8,Rejected
EVT005273,APP02805,REQ0063,S1,2025-08-13,20250813,2025-08-15,2,Rejected
EVT005274,APP02806,REQ0063,S1,2025-09-07,20250907,2025-09-08,1,Advanced
EVT005275,APP02806,REQ0063,S2,2025-09-08,20250908,2025-09-11,3,Rejected
EVT005276,APP02807,REQ0063,S1,2025-08-28,20250828,2025-08-29,1,Advanced
EVT005277,APP02807,REQ0063,S2,2025-08-29,20250829,2025-09-04,6,Rejected
EVT005278,APP02808,REQ0063,S1,2025-08-27,20250827,2025-08-28,1,Advanced
EVT005279,APP02808,REQ0063,S2,2025-08-28,20250828,2025-08-30,2,Advanced
EVT005280,APP02808,REQ0063,S3,2025-08-30,20250830,2025-09-01,2,Advanced
EVT005281,APP02808,REQ0063,S4,2025-09-01,20250901,2025-09-08,7,Advanced
EVT005282,APP02808,REQ0063,S5,2025-09-08,20250908,2025-09-12,4,Rejected
EVT005283,APP02809,REQ0063,S1,2025-08-18,20250818,2025-08-19,1,Rejected
EVT005284,APP02810,REQ0063,S1,2025-08-20,20250820,2025-08-21,1,Advanced
EVT005285,APP02810,REQ0063,S2,2025-08-21,20250821,2025-08-25,4,Advanced
EVT005286,APP02810,REQ0063,S3,2025-08-25,20250825,2025-09-02,8,Rejected
EVT005287,APP02811,REQ0063,S1,2025-08-24,20250824,2025-08-27,3,Rejected
EVT005288,APP02812,REQ0063,S1,2025-09-02,20250902,2025-09-04,2,Advanced
EVT005289,APP02812,REQ0063,S2,2025-09-04,20250904,2025-09-10,6,Advanced
EVT005290,APP02812,REQ0063,S3,2025-09-10,20250910,2025-09-18,8,Advanced
EVT005291,APP02812,REQ0063,S4,2025-09-18,20250918,2025-09-21,3,Advanced
EVT005292,APP02812,REQ0063,S5,2025-09-21,20250921,2025-09-30,9,Advanced
EVT005293,APP02812,REQ0063,S6,2025-09-30,20250930,2025-10-05,5,Advanced
EVT005294,APP02812,REQ0063,S7,2025-10-05,20251005,2025-10-12,7,Advanced
EVT005295,APP02812,REQ0063,S8,2025-10-12,20251012,2025-10-12,0,Hired
EVT005296,APP02813,REQ0063,S1,2025-08-13,20250813,2025-08-16,3,Advanced
EVT005297,APP02813,REQ0063,S2,2025-08-16,20250816,2025-08-19,3,Rejected
EVT005298,APP02814,REQ0063,S1,2025-08-17,20250817,2025-08-19,2,Rejected
EVT005299,APP02815,REQ0063,S1,2025-08-29,20250829,2025-09-01,3,Rejected
EVT005300,APP02816,REQ0063,S1,2025-08-15,20250815,2025-08-16,1,Rejected
EVT005301,APP02817,REQ0063,S1,2025-08-21,20250821,2025-08-23,2,Rejected
EVT005302,APP02818,REQ0063,S1,2025-08-26,20250826,2025-08-28,2,Rejected
EVT005303,APP02819,REQ0063,S1,2025-08-19,20250819,2025-08-21,2,Rejected
EVT005304,APP02820,REQ0063,S1,2025-09-04,20250904,2025-09-06,2,Rejected
EVT005305,APP02821,REQ0063,S1,2025-09-08,20250908,2025-09-10,2,Advanced
EVT005306,APP02821,REQ0063,S2,2025-09-10,20250910,2025-09-13,3,Rejected
EVT005307,APP02822,REQ0063,S1,2025-08-24,20250824,2025-08-25,1,Advanced
EVT005308,APP02822,REQ0063,S2,2025-08-25,20250825,2025-08-29,4,Advanced
EVT005309,APP02822,REQ0063,S3,2025-08-29,20250829,2025-09-12,14,Rejected
EVT005310,APP02823,REQ0063,S1,2025-08-15,20250815,2025-08-18,3,Rejected
EVT005311,APP02824,REQ0063,S1,2025-08-22,20250822,2025-08-23,1,Rejected
EVT005312,APP02825,REQ0063,S1,2025-08-23,20250823,2025-08-25,2,Advanced
EVT005313,APP02825,REQ0063,S2,2025-08-25,20250825,2025-08-26,1,Rejected
EVT005314,APP02826,REQ0063,S1,2025-08-15,20250815,2025-08-18,3,Advanced
EVT005315,APP02826,REQ0063,S2,2025-08-18,20250818,2025-08-24,6,Rejected
EVT005316,APP02827,REQ0063,S1,2025-08-14,20250814,2025-08-15,1,Advanced
EVT005317,APP02827,REQ0063,S2,2025-08-15,20250815,2025-08-20,5,Rejected
EVT005318,APP02828,REQ0063,S1,2025-08-28,20250828,2025-08-30,2,Rejected
EVT005319,APP02829,REQ0063,S1,2025-09-08,20250908,2025-09-11,3,Rejected
EVT005320,APP02830,REQ0063,S1,2025-09-04,20250904,2025-09-05,1,Advanced
EVT005321,APP02830,REQ0063,S2,2025-09-05,20250905,2025-09-08,3,Advanced
EVT005322,APP02830,REQ0063,S3,2025-09-08,20250908,2025-09-12,4,Rejected
EVT005323,APP02831,REQ0063,S1,2025-08-27,20250827,2025-08-29,2,Rejected
EVT005324,APP02832,REQ0063,S1,2025-08-13,20250813,2025-08-14,1,Rejected
EVT005325,APP02833,REQ0063,S1,2025-08-26,20250826,2025-08-29,3,Rejected
EVT005326,APP02834,REQ0063,S1,2025-09-08,20250908,2025-09-09,1,Advanced
EVT005327,APP02834,REQ0063,S2,2025-09-09,20250909,2025-09-11,2,Advanced
EVT005328,APP02834,REQ0063,S3,2025-09-11,20250911,2025-09-20,9,Rejected
EVT005329,APP02835,REQ0063,S1,2025-08-26,20250826,2025-08-27,1,Advanced
EVT005330,APP02835,REQ0063,S2,2025-08-27,20250827,2025-08-31,4,Rejected
EVT005331,APP02836,REQ0063,S1,2025-08-19,20250819,2025-08-20,1,Rejected
EVT005332,APP02837,REQ0063,S1,2025-09-06,20250906,2025-09-08,2,Advanced
EVT005333,APP02837,REQ0063,S2,2025-09-08,20250908,2025-09-10,2,Advanced
EVT005334,APP02837,REQ0063,S3,2025-09-10,20250910,2025-09-19,9,Rejected
EVT005335,APP02838,REQ0063,S1,2025-08-15,20250815,2025-08-18,3,Rejected
EVT005336,APP02839,REQ0063,S1,2025-08-15,20250815,2025-08-17,2,Rejected
EVT005337,APP02840,REQ0063,S1,2025-08-30,20250830,2025-09-01,2,Rejected
EVT005338,APP02841,REQ0063,S1,2025-08-15,20250815,2025-08-16,1,Rejected
EVT005339,APP02842,REQ0064,S1,2025-02-27,20250227,2025-02-28,1,Rejected
EVT005340,APP02843,REQ0064,S1,2025-01-19,20250119,2025-01-20,1,Rejected
EVT005341,APP02844,REQ0064,S1,2025-02-03,20250203,2025-02-06,3,Advanced
EVT005342,APP02844,REQ0064,S2,2025-02-06,20250206,2025-02-08,2,Advanced
EVT005343,APP02844,REQ0064,S3,2025-02-08,20250208,2025-02-21,13,Rejected
EVT005344,APP02845,REQ0064,S1,2025-03-01,20250301,2025-03-02,1,Rejected
EVT005345,APP02846,REQ0064,S1,2025-01-20,20250120,2025-01-22,2,Advanced
EVT005346,APP02846,REQ0064,S2,2025-01-22,20250122,2025-01-27,5,Rejected
EVT005347,APP02847,REQ0064,S1,2025-03-20,20250320,2025-03-23,3,Advanced
EVT005348,APP02847,REQ0064,S2,2025-03-23,20250323,2025-03-27,4,Rejected
EVT005349,APP02848,REQ0064,S1,2024-12-21,20241221,2024-12-22,1,Advanced
EVT005350,APP02848,REQ0064,S2,2024-12-22,20241222,2024-12-24,2,Advanced
EVT005351,APP02848,REQ0064,S3,2024-12-24,20241224,2024-12-28,4,Rejected
EVT005352,APP02849,REQ0064,S1,2025-02-19,20250219,2025-02-20,1,Rejected
EVT005353,APP02850,REQ0064,S1,2025-03-08,20250308,2025-03-09,1,Advanced
EVT005354,APP02850,REQ0064,S2,2025-03-09,20250309,2025-03-11,2,Advanced
EVT005355,APP02850,REQ0064,S3,2025-03-11,20250311,2025-03-14,3,Advanced
EVT005356,APP02850,REQ0064,S4,2025-03-14,20250314,2025-03-20,6,Advanced
EVT005357,APP02850,REQ0064,S5,2025-03-20,20250320,2025-03-31,11,Advanced
EVT005358,APP02850,REQ0064,S6,2025-03-31,20250331,2025-04-06,6,Advanced
EVT005359,APP02850,REQ0064,S7,2025-04-06,20250406,2025-04-12,6,Rejected
EVT005360,APP02851,REQ0064,S1,2024-12-31,20241231,2025-01-01,1,Rejected
EVT005361,APP02852,REQ0064,S1,2024-11-13,20241113,2024-11-14,1,Rejected
EVT005362,APP02853,REQ0064,S1,2024-11-19,20241119,2024-11-22,3,Rejected
EVT005363,APP02854,REQ0064,S1,2025-03-14,20250314,2025-03-16,2,Rejected
EVT005364,APP02855,REQ0064,S1,2025-01-23,20250123,2025-01-24,1,Advanced
EVT005365,APP02855,REQ0064,S2,2025-01-24,20250124,2025-01-27,3,Rejected
EVT005366,APP02856,REQ0064,S1,2025-01-20,20250120,2025-01-21,1,Advanced
EVT005367,APP02856,REQ0064,S2,2025-01-21,20250121,2025-01-23,2,Rejected
EVT005368,APP02857,REQ0064,S1,2025-02-20,20250220,2025-02-22,2,Advanced
EVT005369,APP02857,REQ0064,S2,2025-02-22,20250222,2025-02-24,2,Rejected
EVT005370,APP02858,REQ0064,S1,2025-01-21,20250121,2025-01-22,1,Rejected
EVT005371,APP02859,REQ0064,S1,2024-12-07,20241207,2024-12-08,1,Rejected
EVT005372,APP02860,REQ0064,S1,2024-11-19,20241119,2024-11-22,3,Advanced
EVT005373,APP02860,REQ0064,S2,2024-11-22,20241122,2024-11-26,4,Advanced
EVT005374,APP02860,REQ0064,S3,2024-11-26,20241126,2024-11-30,4,Advanced
EVT005375,APP02860,REQ0064,S4,2024-11-30,20241130,2024-12-07,7,Advanced
EVT005376,APP02860,REQ0064,S5,2024-12-07,20241207,2024-12-18,11,Advanced
EVT005377,APP02860,REQ0064,S6,2024-12-18,20241218,2024-12-26,8,Advanced
EVT005378,APP02860,REQ0064,S7,2024-12-26,20241226,2025-01-05,10,Advanced
EVT005379,APP02860,REQ0064,S8,2025-01-05,20250105,2025-01-05,0,Hired
EVT005380,APP02861,REQ0064,S1,2024-11-28,20241128,2024-12-01,3,Advanced
EVT005381,APP02861,REQ0064,S2,2024-12-01,20241201,2024-12-06,5,Rejected
EVT005382,APP02862,REQ0064,S1,2025-01-27,20250127,2025-01-28,1,Rejected
EVT005383,APP02863,REQ0064,S1,2025-02-11,20250211,2025-02-12,1,Advanced
EVT005384,APP02863,REQ0064,S2,2025-02-12,20250212,2025-02-18,6,Rejected
EVT005385,APP02864,REQ0064,S1,2024-12-31,20241231,2025-01-01,1,Rejected
EVT005386,APP02865,REQ0064,S1,2024-11-15,20241115,2024-11-18,3,Rejected
EVT005387,APP02866,REQ0064,S1,2025-02-16,20250216,2025-02-17,1,Rejected
EVT005388,APP02867,REQ0064,S1,2025-02-06,20250206,2025-02-08,2,Rejected
EVT005389,APP02868,REQ0064,S1,2024-11-27,20241127,2024-11-29,2,Rejected
EVT005390,APP02869,REQ0064,S1,2025-01-06,20250106,2025-01-09,3,Advanced
EVT005391,APP02869,REQ0064,S2,2025-01-09,20250109,2025-01-13,4,Advanced
EVT005392,APP02869,REQ0064,S3,2025-01-13,20250113,2025-01-18,5,Advanced
EVT005393,APP02869,REQ0064,S4,2025-01-18,20250118,2025-01-26,8,Advanced
EVT005394,APP02869,REQ0064,S5,2025-01-26,20250126,2025-02-04,9,Rejected
EVT005395,APP02870,REQ0064,S1,2025-03-21,20250321,2025-03-22,1,Rejected
EVT005396,APP02871,REQ0064,S1,2024-12-31,20241231,2025-01-03,3,Advanced
EVT005397,APP02871,REQ0064,S2,2025-01-03,20250103,2025-01-07,4,Rejected
EVT005398,APP02872,REQ0064,S1,2025-03-19,20250319,2025-03-21,2,Rejected
EVT005399,APP02873,REQ0064,S1,2025-01-11,20250111,2025-01-14,3,Rejected
EVT005400,APP02874,REQ0064,S1,2024-11-30,20241130,2024-12-01,1,Rejected
EVT005401,APP02875,REQ0064,S1,2025-01-29,20250129,2025-01-30,1,Rejected
EVT005402,APP02876,REQ0064,S1,2024-11-19,20241119,2024-11-20,1,Advanced
EVT005403,APP02876,REQ0064,S2,2024-11-20,20241120,2024-11-22,2,Rejected
EVT005404,APP02877,REQ0064,S1,2025-01-24,20250124,2025-01-27,3,Rejected
EVT005405,APP02878,REQ0064,S1,2024-11-16,20241116,2024-11-17,1,Advanced
EVT005406,APP02878,REQ0064,S2,2024-11-17,20241117,2024-11-20,3,Advanced
EVT005407,APP02878,REQ0064,S3,2024-11-20,20241120,2024-11-29,9,Rejected
EVT005408,APP02879,REQ0064,S1,2025-01-03,20250103,2025-01-06,3,Advanced
EVT005409,APP02879,REQ0064,S2,2025-01-06,20250106,2025-01-09,3,Rejected
EVT005410,APP02880,REQ0064,S1,2025-02-01,20250201,2025-02-04,3,Advanced
EVT005411,APP02880,REQ0064,S2,2025-02-04,20250204,2025-02-07,3,Rejected
EVT005412,APP02881,REQ0064,S1,2025-01-24,20250124,2025-01-25,1,Rejected
EVT005413,APP02882,REQ0064,S1,2024-12-17,20241217,2024-12-19,2,Advanced
EVT005414,APP02882,REQ0064,S2,2024-12-19,20241219,2024-12-23,4,Rejected
EVT005415,APP02883,REQ0064,S1,2024-12-31,20241231,2025-01-02,2,Advanced
EVT005416,APP02883,REQ0064,S2,2025-01-02,20250102,2025-01-07,5,Rejected
EVT005417,APP02884,REQ0064,S1,2024-12-25,20241225,2024-12-28,3,Advanced
EVT005418,APP02884,REQ0064,S2,2024-12-28,20241228,2024-12-30,2,Advanced
EVT005419,APP02884,REQ0064,S3,2024-12-30,20241230,2025-01-06,7,Advanced
EVT005420,APP02884,REQ0064,S4,2025-01-06,20250106,2025-01-10,4,Advanced
EVT005421,APP02884,REQ0064,S5,2025-01-10,20250110,2025-01-14,4,Advanced
EVT005422,APP02884,REQ0064,S6,2025-01-14,20250114,2025-01-22,8,Advanced
EVT005423,APP02884,REQ0064,S7,2025-01-22,20250122,2025-01-26,4,Advanced
EVT005424,APP02884,REQ0064,S8,2025-01-26,20250126,2025-01-26,0,Hired
EVT005425,APP02885,REQ0064,S1,2025-03-02,20250302,2025-03-05,3,Advanced
EVT005426,APP02885,REQ0064,S2,2025-03-05,20250305,2025-03-07,2,Advanced
EVT005427,APP02885,REQ0064,S3,2025-03-07,20250307,2025-03-20,13,Advanced
EVT005428,APP02885,REQ0064,S4,2025-03-20,20250320,2025-03-24,4,Rejected
EVT005429,APP02886,REQ0064,S1,2025-03-04,20250304,2025-03-06,2,Advanced
EVT005430,APP02886,REQ0064,S2,2025-03-06,20250306,2025-03-12,6,Rejected
EVT005431,APP02887,REQ0064,S1,2025-01-08,20250108,2025-01-09,1,Advanced
EVT005432,APP02887,REQ0064,S2,2025-01-09,20250109,2025-01-11,2,Rejected
EVT005433,APP02888,REQ0064,S1,2025-03-15,20250315,2025-03-16,1,Rejected
EVT005434,APP02889,REQ0064,S1,2024-12-30,20241230,2025-01-01,2,Advanced
EVT005435,APP02889,REQ0064,S2,2025-01-01,20250101,2025-01-07,6,Advanced
EVT005436,APP02889,REQ0064,S3,2025-01-07,20250107,2025-01-18,11,Advanced
EVT005437,APP02889,REQ0064,S4,2025-01-18,20250118,2025-01-22,4,Advanced
EVT005438,APP02889,REQ0064,S5,2025-01-22,20250122,2025-01-26,4,Advanced
EVT005439,APP02889,REQ0064,S6,2025-01-26,20250126,2025-02-02,7,Rejected
EVT005440,APP02890,REQ0064,S1,2025-01-12,20250112,2025-01-13,1,Rejected
EVT005441,APP02891,REQ0064,S1,2025-01-04,20250104,2025-01-05,1,Advanced
EVT005442,APP02891,REQ0064,S2,2025-01-05,20250105,2025-01-08,3,Advanced
EVT005443,APP02891,REQ0064,S3,2025-01-08,20250108,2025-01-17,9,Rejected
EVT005444,APP02892,REQ0064,S1,2024-12-28,20241228,2024-12-29,1,Rejected
EVT005445,APP02893,REQ0064,S1,2025-02-12,20250212,2025-02-13,1,Advanced
EVT005446,APP02893,REQ0064,S2,2025-02-13,20250213,2025-02-15,2,Advanced
EVT005447,APP02893,REQ0064,S3,2025-02-15,20250215,2025-02-21,6,Advanced
EVT005448,APP02893,REQ0064,S4,2025-02-21,20250221,2025-02-24,3,Advanced
EVT005449,APP02893,REQ0064,S5,2025-02-24,20250224,2025-03-05,9,Rejected
EVT005450,APP02894,REQ0064,S1,2025-02-03,20250203,2025-02-05,2,Rejected
EVT005451,APP02895,REQ0064,S1,2025-02-23,20250223,2025-02-25,2,Rejected
EVT005452,APP02896,REQ0064,S1,2025-01-09,20250109,2025-01-10,1,Advanced
EVT005453,APP02896,REQ0064,S2,2025-01-10,20250110,2025-01-15,5,Rejected
EVT005454,APP02897,REQ0064,S1,2024-12-19,20241219,2024-12-21,2,Rejected
EVT005455,APP02898,REQ0064,S1,2024-12-26,20241226,2024-12-28,2,Advanced
EVT005456,APP02898,REQ0064,S2,2024-12-28,20241228,2025-01-01,4,Rejected
EVT005457,APP02899,REQ0065,S1,2026-03-12,20260312,2026-03-13,1,Rejected
EVT005458,APP02900,REQ0065,S1,2026-03-17,20260317,2026-03-18,1,Rejected
EVT005459,APP02901,REQ0065,S1,2026-03-01,20260301,2026-03-02,1,Rejected
EVT005460,APP02902,REQ0065,S1,2026-03-20,20260320,2026-03-22,2,Advanced
EVT005461,APP02902,REQ0065,S2,2026-03-22,20260322,2026-03-24,2,Rejected
EVT005462,APP02903,REQ0065,S1,2026-02-26,20260226,2026-02-28,2,Rejected
EVT005463,APP02904,REQ0065,S1,2026-03-02,20260302,2026-03-05,3,Rejected
EVT005464,APP02905,REQ0065,S1,2026-03-26,20260326,2026-03-27,1,Rejected
EVT005465,APP02906,REQ0065,S1,2026-02-23,20260223,2026-02-25,2,Rejected
EVT005466,APP02907,REQ0065,S1,2026-03-10,20260310,2026-03-11,1,Rejected
EVT005467,APP02908,REQ0065,S1,2026-03-13,20260313,2026-03-14,1,Rejected
EVT005468,APP02909,REQ0065,S1,2026-03-05,20260305,2026-03-06,1,Rejected
EVT005469,APP02910,REQ0065,S1,2026-03-07,20260307,2026-03-08,1,Advanced
EVT005470,APP02910,REQ0065,S2,2026-03-08,20260308,2026-03-11,3,Advanced
EVT005471,APP02910,REQ0065,S3,2026-03-11,20260311,2026-03-20,9,Advanced
EVT005472,APP02910,REQ0065,S4,2026-03-20,20260320,2026-03-24,4,Advanced
EVT005473,APP02910,REQ0065,S5,2026-03-24,20260324,2026-03-31,7,Advanced
EVT005474,APP02910,REQ0065,S6,2026-03-31,20260331,2026-04-06,6,Advanced
EVT005475,APP02910,REQ0065,S7,2026-04-06,20260406,2026-04-10,4,Advanced
EVT005476,APP02910,REQ0065,S8,2026-04-10,20260410,2026-04-10,0,Hired
EVT005477,APP02911,REQ0065,S1,2026-02-19,20260219,2026-02-21,2,Rejected
EVT005478,APP02912,REQ0065,S1,2026-03-25,20260325,2026-03-26,1,Advanced
EVT005479,APP02912,REQ0065,S2,2026-03-26,20260326,2026-03-30,4,Rejected
EVT005480,APP02913,REQ0065,S1,2026-03-15,20260315,2026-03-17,2,Advanced
EVT005481,APP02913,REQ0065,S2,2026-03-17,20260317,2026-03-19,2,Advanced
EVT005482,APP02913,REQ0065,S3,2026-03-19,20260319,2026-03-24,5,Rejected
EVT005483,APP02914,REQ0065,S1,2026-02-28,20260228,2026-03-02,2,Rejected
EVT005484,APP02915,REQ0065,S1,2026-03-10,20260310,2026-03-11,1,Advanced
EVT005485,APP02915,REQ0065,S2,2026-03-11,20260311,2026-03-12,1,Advanced
EVT005486,APP02915,REQ0065,S3,2026-03-12,20260312,2026-03-20,8,Advanced
EVT005487,APP02915,REQ0065,S4,2026-03-20,20260320,2026-03-24,4,Advanced
EVT005488,APP02915,REQ0065,S5,2026-03-24,20260324,2026-03-30,6,Advanced
EVT005489,APP02915,REQ0065,S6,2026-03-30,20260330,2026-04-02,3,Advanced
EVT005490,APP02915,REQ0065,S7,2026-04-02,20260402,2026-04-07,5,Advanced
EVT005491,APP02915,REQ0065,S8,2026-04-07,20260407,2026-04-07,0,Hired
EVT005492,APP02916,REQ0065,S1,2026-02-21,20260221,2026-02-22,1,Rejected
EVT005493,APP02917,REQ0065,S1,2026-03-04,20260304,2026-03-05,1,Advanced
EVT005494,APP02917,REQ0065,S2,2026-03-05,20260305,2026-03-07,2,Rejected
EVT005495,APP02918,REQ0065,S1,2026-03-14,20260314,2026-03-16,2,Rejected
EVT005496,APP02919,REQ0065,S1,2026-03-26,20260326,2026-03-29,3,Rejected
EVT005497,APP02920,REQ0065,S1,2026-02-13,20260213,2026-02-15,2,Rejected
EVT005498,APP02921,REQ0065,S1,2026-02-20,20260220,2026-02-21,1,Rejected
EVT005499,APP02922,REQ0065,S1,2026-02-17,20260217,2026-02-18,1,Rejected
EVT005500,APP02923,REQ0065,S1,2026-02-24,20260224,2026-02-26,2,Rejected
EVT005501,APP02924,REQ0065,S1,2026-02-13,20260213,2026-02-15,2,Rejected
EVT005502,APP02925,REQ0065,S1,2026-03-13,20260313,2026-03-14,1,Advanced
EVT005503,APP02925,REQ0065,S2,2026-03-14,20260314,2026-03-18,4,Advanced
EVT005504,APP02925,REQ0065,S3,2026-03-18,20260318,2026-03-28,10,Rejected
EVT005505,APP02926,REQ0065,S1,2026-03-14,20260314,2026-03-16,2,Advanced
EVT005506,APP02926,REQ0065,S2,2026-03-16,20260316,2026-03-17,1,Rejected
EVT005507,APP02927,REQ0065,S1,2026-02-25,20260225,2026-02-28,3,Rejected
EVT005508,APP02928,REQ0065,S1,2026-03-12,20260312,2026-03-15,3,Rejected
EVT005509,APP02929,REQ0065,S1,2026-02-24,20260224,2026-02-25,1,Rejected
EVT005510,APP02930,REQ0065,S1,2026-02-21,20260221,2026-02-22,1,Rejected
EVT005511,APP02931,REQ0065,S1,2026-02-21,20260221,2026-02-22,1,Advanced
EVT005512,APP02931,REQ0065,S2,2026-02-22,20260222,2026-02-26,4,Rejected
EVT005513,APP02932,REQ0065,S1,2026-02-23,20260223,2026-02-25,2,Rejected
EVT005514,APP02933,REQ0065,S1,2026-02-24,20260224,2026-02-25,1,Advanced
EVT005515,APP02933,REQ0065,S2,2026-02-25,20260225,2026-02-27,2,Advanced
EVT005516,APP02933,REQ0065,S3,2026-02-27,20260227,2026-03-06,7,Advanced
EVT005517,APP02933,REQ0065,S4,2026-03-06,20260306,2026-03-14,8,Advanced
EVT005518,APP02933,REQ0065,S5,2026-03-14,20260314,2026-03-22,8,Advanced
EVT005519,APP02933,REQ0065,S6,2026-03-22,20260322,2026-03-27,5,Rejected
EVT005520,APP02934,REQ0065,S1,2026-03-09,20260309,2026-03-10,1,Advanced
EVT005521,APP02934,REQ0065,S2,2026-03-10,20260310,2026-03-13,3,Advanced
EVT005522,APP02934,REQ0065,S3,2026-03-13,20260313,2026-03-19,6,Rejected
EVT005523,APP02935,REQ0065,S1,2026-02-26,20260226,2026-02-27,1,Advanced
EVT005524,APP02935,REQ0065,S2,2026-02-27,20260227,2026-03-04,5,Rejected
EVT005525,APP02936,REQ0065,S1,2026-03-01,20260301,2026-03-02,1,Rejected
EVT005526,APP02937,REQ0065,S1,2026-03-13,20260313,2026-03-14,1,Rejected
EVT005527,APP02938,REQ0065,S1,2026-03-24,20260324,2026-03-25,1,Advanced
EVT005528,APP02938,REQ0065,S2,2026-03-25,20260325,2026-03-29,4,Rejected
EVT005529,APP02939,REQ0065,S1,2026-03-21,20260321,2026-03-24,3,Advanced
EVT005530,APP02939,REQ0065,S2,2026-03-24,20260324,2026-03-30,6,Rejected
EVT005531,APP02940,REQ0065,S1,2026-02-23,20260223,2026-02-25,2,Advanced
EVT005532,APP02940,REQ0065,S2,2026-02-25,20260225,2026-02-27,2,Advanced
EVT005533,APP02940,REQ0065,S3,2026-02-27,20260227,2026-03-06,7,Advanced
EVT005534,APP02940,REQ0065,S4,2026-03-06,20260306,2026-03-11,5,Advanced
EVT005535,APP02940,REQ0065,S5,2026-03-11,20260311,2026-03-16,5,Rejected
EVT005536,APP02941,REQ0065,S1,2026-02-26,20260226,2026-03-01,3,Advanced
EVT005537,APP02941,REQ0065,S2,2026-03-01,20260301,2026-03-07,6,Advanced
EVT005538,APP02941,REQ0065,S3,2026-03-07,20260307,2026-03-14,7,Advanced
EVT005539,APP02941,REQ0065,S4,2026-03-14,20260314,2026-03-21,7,Rejected
EVT005540,APP02942,REQ0065,S1,2026-02-27,20260227,2026-03-02,3,Rejected
EVT005541,APP02943,REQ0065,S1,2026-03-06,20260306,2026-03-08,2,Advanced
EVT005542,APP02943,REQ0065,S2,2026-03-08,20260308,2026-03-12,4,Rejected
EVT005543,APP02944,REQ0065,S1,2026-02-15,20260215,2026-02-17,2,Advanced
EVT005544,APP02944,REQ0065,S2,2026-02-17,20260217,2026-02-18,1,Rejected
EVT005545,APP02945,REQ0065,S1,2026-03-21,20260321,2026-03-24,3,Rejected
EVT005546,APP02946,REQ0065,S1,2026-03-02,20260302,2026-03-05,3,Advanced
EVT005547,APP02946,REQ0065,S2,2026-03-05,20260305,2026-03-11,6,Advanced
EVT005548,APP02946,REQ0065,S3,2026-03-11,20260311,2026-03-22,11,Rejected
EVT005549,APP02947,REQ0065,S1,2026-03-18,20260318,2026-03-20,2,Advanced
EVT005550,APP02947,REQ0065,S2,2026-03-20,20260320,2026-03-24,4,Rejected
EVT005551,APP02948,REQ0066,S1,2026-04-10,20260410,2026-04-12,2,Advanced
EVT005552,APP02948,REQ0066,S2,2026-04-12,20260412,2026-04-13,1,Rejected
EVT005553,APP02949,REQ0066,S1,2026-06-20,20260620,2026-06-22,2,Advanced
EVT005554,APP02949,REQ0066,S2,2026-06-22,20260622,2026-06-26,4,Advanced
EVT005555,APP02949,REQ0066,S3,2026-06-26,20260626,,4,In Process
EVT005556,APP02950,REQ0066,S1,2026-05-06,20260506,2026-05-07,1,Rejected
EVT005557,APP02951,REQ0066,S1,2026-03-29,20260329,2026-04-01,3,Rejected
EVT005558,APP02952,REQ0066,S1,2026-06-03,20260603,2026-06-06,3,Rejected
EVT005559,APP02953,REQ0066,S1,2026-06-16,20260616,2026-06-18,2,Advanced
EVT005560,APP02953,REQ0066,S2,2026-06-18,20260618,2026-06-23,5,Rejected
EVT005561,APP02954,REQ0066,S1,2026-05-02,20260502,2026-05-04,2,Rejected
EVT005562,APP02955,REQ0066,S1,2026-04-03,20260403,2026-04-06,3,Advanced
EVT005563,APP02955,REQ0066,S2,2026-04-06,20260406,2026-04-11,5,Advanced
EVT005564,APP02955,REQ0066,S3,2026-04-11,20260411,2026-04-18,7,Rejected
EVT005565,APP02956,REQ0066,S1,2026-03-19,20260319,2026-03-20,1,Rejected
EVT005566,APP02957,REQ0066,S1,2026-06-12,20260612,2026-06-15,3,Advanced
EVT005567,APP02957,REQ0066,S2,2026-06-15,20260615,2026-06-21,6,Rejected
EVT005568,APP02958,REQ0066,S1,2026-03-20,20260320,2026-03-21,1,Advanced
EVT005569,APP02958,REQ0066,S2,2026-03-21,20260321,2026-03-23,2,Advanced
EVT005570,APP02958,REQ0066,S3,2026-03-23,20260323,2026-04-05,13,Advanced
EVT005571,APP02958,REQ0066,S4,2026-04-05,20260405,2026-04-13,8,Advanced
EVT005572,APP02958,REQ0066,S5,2026-04-13,20260413,2026-04-20,7,Advanced
EVT005573,APP02958,REQ0066,S6,2026-04-20,20260420,2026-04-25,5,Advanced
EVT005574,APP02958,REQ0066,S7,2026-04-25,20260425,2026-05-04,9,Advanced
EVT005575,APP02958,REQ0066,S8,2026-05-04,20260504,2026-05-04,0,Hired
EVT005576,APP02959,REQ0066,S1,2026-04-21,20260421,2026-04-23,2,Advanced
EVT005577,APP02959,REQ0066,S2,2026-04-23,20260423,2026-04-26,3,Advanced
EVT005578,APP02959,REQ0066,S3,2026-04-26,20260426,2026-05-03,7,Advanced
EVT005579,APP02959,REQ0066,S4,2026-05-03,20260503,2026-05-10,7,Advanced
EVT005580,APP02959,REQ0066,S5,2026-05-10,20260510,2026-05-15,5,Advanced
EVT005581,APP02959,REQ0066,S6,2026-05-15,20260515,2026-05-21,6,Advanced
EVT005582,APP02959,REQ0066,S7,2026-05-21,20260521,2026-05-29,8,Advanced
EVT005583,APP02959,REQ0066,S8,2026-05-29,20260529,2026-05-29,0,Hired
EVT005584,APP02960,REQ0066,S1,2026-04-26,20260426,2026-04-28,2,Advanced
EVT005585,APP02960,REQ0066,S2,2026-04-28,20260428,2026-05-03,5,Rejected
EVT005586,APP02961,REQ0066,S1,2026-04-30,20260430,2026-05-01,1,Rejected
EVT005587,APP02962,REQ0066,S1,2026-03-23,20260323,2026-03-24,1,Advanced
EVT005588,APP02962,REQ0066,S2,2026-03-24,20260324,2026-03-28,4,Advanced
EVT005589,APP02962,REQ0066,S3,2026-03-28,20260328,2026-04-10,13,Rejected
EVT005590,APP02963,REQ0066,S1,2026-05-25,20260525,2026-05-26,1,Rejected
EVT005591,APP02964,REQ0066,S1,2026-06-01,20260601,2026-06-03,2,Rejected
EVT005592,APP02965,REQ0066,S1,2026-04-03,20260403,2026-04-04,1,Rejected
EVT005593,APP02966,REQ0066,S1,2026-03-31,20260331,2026-04-02,2,Advanced
EVT005594,APP02966,REQ0066,S2,2026-04-02,20260402,2026-04-06,4,Advanced
EVT005595,APP02966,REQ0066,S3,2026-04-06,20260406,2026-04-13,7,Advanced
EVT005596,APP02966,REQ0066,S4,2026-04-13,20260413,2026-04-21,8,Rejected
EVT005597,APP02967,REQ0066,S1,2026-04-05,20260405,2026-04-07,2,Rejected
EVT005598,APP02968,REQ0066,S1,2026-05-03,20260503,2026-05-04,1,Rejected
EVT005599,APP02969,REQ0066,S1,2026-04-06,20260406,2026-04-08,2,Rejected
EVT005600,APP02970,REQ0066,S1,2026-05-20,20260520,2026-05-21,1,Advanced
EVT005601,APP02970,REQ0066,S2,2026-05-21,20260521,2026-05-24,3,Advanced
EVT005602,APP02970,REQ0066,S3,2026-05-24,20260524,2026-05-26,2,Rejected
EVT005603,APP02971,REQ0067,S1,2025-01-01,20250101,2025-01-03,2,Advanced
EVT005604,APP02971,REQ0067,S2,2025-01-03,20250103,2025-01-06,3,Advanced
EVT005605,APP02971,REQ0067,S3,2025-01-06,20250106,2025-01-12,6,Advanced
EVT005606,APP02971,REQ0067,S4,2025-01-12,20250112,2025-01-17,5,Advanced
EVT005607,APP02971,REQ0067,S5,2025-01-17,20250117,2025-01-24,7,Advanced
EVT005608,APP02971,REQ0067,S6,2025-01-24,20250124,2025-01-27,3,Advanced
EVT005609,APP02971,REQ0067,S7,2025-01-27,20250127,2025-01-31,4,Advanced
EVT005610,APP02971,REQ0067,S8,2025-01-31,20250131,2025-01-31,0,Hired
EVT005611,APP02972,REQ0067,S1,2025-01-10,20250110,2025-01-11,1,Rejected
EVT005612,APP02973,REQ0067,S1,2024-12-05,20241205,2024-12-08,3,Advanced
EVT005613,APP02973,REQ0067,S2,2024-12-08,20241208,2024-12-14,6,Advanced
EVT005614,APP02973,REQ0067,S3,2024-12-14,20241214,2024-12-23,9,Advanced
EVT005615,APP02973,REQ0067,S4,2024-12-23,20241223,2024-12-26,3,Advanced
EVT005616,APP02973,REQ0067,S5,2024-12-26,20241226,2025-01-01,6,Rejected
EVT005617,APP02974,REQ0067,S1,2024-11-23,20241123,2024-11-25,2,Advanced
EVT005618,APP02974,REQ0067,S2,2024-11-25,20241125,2024-12-01,6,Rejected
EVT005619,APP02975,REQ0067,S1,2024-11-28,20241128,2024-11-29,1,Rejected
EVT005620,APP02976,REQ0067,S1,2024-11-29,20241129,2024-11-30,1,Rejected
EVT005621,APP02977,REQ0067,S1,2024-12-03,20241203,2024-12-04,1,Advanced
EVT005622,APP02977,REQ0067,S2,2024-12-04,20241204,2024-12-08,4,Advanced
EVT005623,APP02977,REQ0067,S3,2024-12-08,20241208,2024-12-22,14,Advanced
EVT005624,APP02977,REQ0067,S4,2024-12-22,20241222,2024-12-26,4,Advanced
EVT005625,APP02977,REQ0067,S5,2024-12-26,20241226,2025-01-02,7,Rejected
EVT005626,APP02978,REQ0067,S1,2025-01-16,20250116,2025-01-18,2,Rejected
EVT005627,APP02979,REQ0067,S1,2025-01-04,20250104,2025-01-06,2,Advanced
EVT005628,APP02979,REQ0067,S2,2025-01-06,20250106,2025-01-10,4,Advanced
EVT005629,APP02979,REQ0067,S3,2025-01-10,20250110,2025-01-19,9,Advanced
EVT005630,APP02979,REQ0067,S4,2025-01-19,20250119,2025-01-25,6,Rejected
EVT005631,APP02980,REQ0067,S1,2025-01-07,20250107,2025-01-09,2,Rejected
EVT005632,APP02981,REQ0067,S1,2024-12-31,20241231,2025-01-01,1,Advanced
EVT005633,APP02981,REQ0067,S2,2025-01-01,20250101,2025-01-03,2,Advanced
EVT005634,APP02981,REQ0067,S3,2025-01-03,20250103,2025-01-13,10,Rejected
EVT005635,APP02982,REQ0067,S1,2025-01-17,20250117,2025-01-19,2,Advanced
EVT005636,APP02982,REQ0067,S2,2025-01-19,20250119,2025-01-21,2,Advanced
EVT005637,APP02982,REQ0067,S3,2025-01-21,20250121,2025-02-02,12,Advanced
EVT005638,APP02982,REQ0067,S4,2025-02-02,20250202,2025-02-08,6,Rejected
EVT005639,APP02983,REQ0067,S1,2025-01-05,20250105,2025-01-06,1,Advanced
EVT005640,APP02983,REQ0067,S2,2025-01-06,20250106,2025-01-08,2,Rejected
EVT005641,APP02984,REQ0067,S1,2024-12-14,20241214,2024-12-15,1,Rejected
EVT005642,APP02985,REQ0067,S1,2024-11-25,20241125,2024-11-27,2,Advanced
EVT005643,APP02985,REQ0067,S2,2024-11-27,20241127,2024-11-30,3,Advanced
EVT005644,APP02985,REQ0067,S3,2024-11-30,20241130,2024-12-05,5,Rejected
EVT005645,APP02986,REQ0067,S1,2024-11-30,20241130,2024-12-02,2,Rejected
EVT005646,APP02987,REQ0067,S1,2025-01-22,20250122,2025-01-23,1,Rejected
EVT005647,APP02988,REQ0067,S1,2024-12-04,20241204,2024-12-05,1,Advanced
EVT005648,APP02988,REQ0067,S2,2024-12-05,20241205,2024-12-07,2,Rejected
EVT005649,APP02989,REQ0067,S1,2025-01-02,20250102,2025-01-05,3,Advanced
EVT005650,APP02989,REQ0067,S2,2025-01-05,20250105,2025-01-11,6,Rejected
EVT005651,APP02990,REQ0067,S1,2025-01-09,20250109,2025-01-11,2,Advanced
EVT005652,APP02990,REQ0067,S2,2025-01-11,20250111,2025-01-13,2,Rejected
EVT005653,APP02991,REQ0067,S1,2025-01-06,20250106,2025-01-07,1,Rejected
EVT005654,APP02992,REQ0067,S1,2024-12-28,20241228,2024-12-30,2,Advanced
EVT005655,APP02992,REQ0067,S2,2024-12-30,20241230,2024-12-31,1,Rejected
EVT005656,APP02993,REQ0067,S1,2024-12-20,20241220,2024-12-22,2,Rejected
EVT005657,APP02994,REQ0067,S1,2025-01-13,20250113,2025-01-14,1,Rejected
EVT005658,APP02995,REQ0067,S1,2024-12-07,20241207,2024-12-08,1,Rejected
EVT005659,APP02996,REQ0067,S1,2025-01-14,20250114,2025-01-17,3,Advanced
EVT005660,APP02996,REQ0067,S2,2025-01-17,20250117,2025-01-21,4,Advanced
EVT005661,APP02996,REQ0067,S3,2025-01-21,20250121,2025-01-27,6,Rejected
EVT005662,APP02997,REQ0067,S1,2025-01-05,20250105,2025-01-08,3,Advanced
EVT005663,APP02997,REQ0067,S2,2025-01-08,20250108,2025-01-12,4,Rejected
EVT005664,APP02998,REQ0067,S1,2024-12-11,20241211,2024-12-14,3,Rejected
EVT005665,APP02999,REQ0067,S1,2024-11-30,20241130,2024-12-01,1,Rejected
EVT005666,APP03000,REQ0067,S1,2025-01-14,20250114,2025-01-17,3,Advanced
EVT005667,APP03000,REQ0067,S2,2025-01-17,20250117,2025-01-22,5,Advanced
EVT005668,APP03000,REQ0067,S3,2025-01-22,20250122,2025-02-04,13,Rejected
EVT005669,APP03001,REQ0067,S1,2024-11-25,20241125,2024-11-26,1,Advanced
EVT005670,APP03001,REQ0067,S2,2024-11-26,20241126,2024-12-01,5,Advanced
EVT005671,APP03001,REQ0067,S3,2024-12-01,20241201,2024-12-14,13,Rejected
EVT005672,APP03002,REQ0067,S1,2024-12-11,20241211,2024-12-12,1,Advanced
EVT005673,APP03002,REQ0067,S2,2024-12-12,20241212,2024-12-14,2,Advanced
EVT005674,APP03002,REQ0067,S3,2024-12-14,20241214,2024-12-19,5,Advanced
EVT005675,APP03002,REQ0067,S4,2024-12-19,20241219,2024-12-22,3,Advanced
EVT005676,APP03002,REQ0067,S5,2024-12-22,20241222,2024-12-27,5,Advanced
EVT005677,APP03002,REQ0067,S6,2024-12-27,20241227,2025-01-02,6,Rejected
EVT005678,APP03003,REQ0067,S1,2024-11-25,20241125,2024-11-28,3,Rejected
EVT005679,APP03004,REQ0067,S1,2025-01-14,20250114,2025-01-15,1,Rejected
EVT005680,APP03005,REQ0067,S1,2024-12-29,20241229,2024-12-30,1,Rejected
EVT005681,APP03006,REQ0067,S1,2024-11-29,20241129,2024-12-02,3,Advanced
EVT005682,APP03006,REQ0067,S2,2024-12-02,20241202,2024-12-07,5,Advanced
EVT005683,APP03006,REQ0067,S3,2024-12-07,20241207,2024-12-16,9,Advanced
EVT005684,APP03006,REQ0067,S4,2024-12-16,20241216,2024-12-21,5,Advanced
EVT005685,APP03006,REQ0067,S5,2024-12-21,20241221,2024-12-29,8,Rejected
EVT005686,APP03007,REQ0067,S1,2025-01-17,20250117,2025-01-18,1,Rejected
EVT005687,APP03008,REQ0067,S1,2024-12-24,20241224,2024-12-25,1,Rejected
EVT005688,APP03009,REQ0067,S1,2025-01-20,20250120,2025-01-23,3,Advanced
EVT005689,APP03009,REQ0067,S2,2025-01-23,20250123,2025-01-27,4,Rejected
EVT005690,APP03010,REQ0067,S1,2024-12-30,20241230,2024-12-31,1,Rejected
EVT005691,APP03011,REQ0067,S1,2025-01-11,20250111,2025-01-12,1,Advanced
EVT005692,APP03011,REQ0067,S2,2025-01-12,20250112,2025-01-14,2,Rejected
EVT005693,APP03012,REQ0067,S1,2025-01-02,20250102,2025-01-03,1,Rejected
EVT005694,APP03013,REQ0067,S1,2025-01-08,20250108,2025-01-10,2,Advanced
EVT005695,APP03013,REQ0067,S2,2025-01-10,20250110,2025-01-16,6,Rejected
EVT005696,APP03014,REQ0067,S1,2024-12-08,20241208,2024-12-11,3,Rejected
EVT005697,APP03015,REQ0067,S1,2025-01-02,20250102,2025-01-04,2,Rejected
EVT005698,APP03016,REQ0067,S1,2024-12-31,20241231,2025-01-01,1,Rejected
EVT005699,APP03017,REQ0067,S1,2024-12-12,20241212,2024-12-13,1,Rejected
EVT005700,APP03018,REQ0067,S1,2025-01-18,20250118,2025-01-19,1,Rejected
EVT005701,APP03019,REQ0067,S1,2024-12-25,20241225,2024-12-27,2,Rejected
EVT005702,APP03020,REQ0067,S1,2024-12-01,20241201,2024-12-02,1,Rejected
EVT005703,APP03021,REQ0067,S1,2024-12-14,20241214,2024-12-15,1,Rejected
EVT005704,APP03022,REQ0067,S1,2025-01-17,20250117,2025-01-20,3,Rejected
EVT005705,APP03023,REQ0067,S1,2025-01-18,20250118,2025-01-20,2,Rejected
EVT005706,APP03024,REQ0067,S1,2024-11-27,20241127,2024-11-29,2,Rejected
EVT005707,APP03025,REQ0067,S1,2024-11-26,20241126,2024-11-27,1,Rejected
EVT005708,APP03026,REQ0067,S1,2024-11-27,20241127,2024-11-28,1,Advanced
EVT005709,APP03026,REQ0067,S2,2024-11-28,20241128,2024-12-01,3,Advanced
EVT005710,APP03026,REQ0067,S3,2024-12-01,20241201,2024-12-08,7,Advanced
EVT005711,APP03026,REQ0067,S4,2024-12-08,20241208,2024-12-15,7,Rejected
EVT005712,APP03027,REQ0067,S1,2024-12-19,20241219,2024-12-21,2,Advanced
EVT005713,APP03027,REQ0067,S2,2024-12-21,20241221,2024-12-24,3,Rejected
EVT005714,APP03028,REQ0067,S1,2024-12-06,20241206,2024-12-08,2,Advanced
EVT005715,APP03028,REQ0067,S2,2024-12-08,20241208,2024-12-14,6,Advanced
EVT005716,APP03028,REQ0067,S3,2024-12-14,20241214,2024-12-25,11,Advanced
EVT005717,APP03028,REQ0067,S4,2024-12-25,20241225,2024-12-31,6,Advanced
EVT005718,APP03028,REQ0067,S5,2024-12-31,20241231,2025-01-10,10,Advanced
EVT005719,APP03028,REQ0067,S6,2025-01-10,20250110,2025-01-16,6,Rejected
EVT005720,APP03029,REQ0067,S1,2025-01-12,20250112,2025-01-13,1,Advanced
EVT005721,APP03029,REQ0067,S2,2025-01-13,20250113,2025-01-15,2,Rejected
EVT005722,APP03030,REQ0067,S1,2024-12-23,20241223,2024-12-26,3,Advanced
EVT005723,APP03030,REQ0067,S2,2024-12-26,20241226,2024-12-30,4,Rejected
EVT005724,APP03031,REQ0067,S1,2025-01-15,20250115,2025-01-16,1,Rejected
EVT005725,APP03032,REQ0068,S1,2025-01-20,20250120,2025-01-23,3,Advanced
EVT005726,APP03032,REQ0068,S2,2025-01-23,20250123,2025-01-28,5,Rejected
EVT005727,APP03033,REQ0068,S1,2025-01-05,20250105,2025-01-08,3,Rejected
EVT005728,APP03034,REQ0068,S1,2025-01-11,20250111,2025-01-12,1,Rejected
EVT005729,APP03035,REQ0068,S1,2025-01-15,20250115,2025-01-17,2,Advanced
EVT005730,APP03035,REQ0068,S2,2025-01-17,20250117,2025-01-19,2,Rejected
EVT005731,APP03036,REQ0068,S1,2025-01-17,20250117,2025-01-20,3,Rejected
EVT005732,APP03037,REQ0068,S1,2025-01-04,20250104,2025-01-06,2,Advanced
EVT005733,APP03037,REQ0068,S2,2025-01-06,20250106,2025-01-11,5,Advanced
EVT005734,APP03037,REQ0068,S3,2025-01-11,20250111,2025-01-25,14,Rejected
EVT005735,APP03038,REQ0068,S1,2025-01-07,20250107,2025-01-08,1,Rejected
EVT005736,APP03039,REQ0068,S1,2025-01-10,20250110,2025-01-13,3,Rejected
EVT005737,APP03040,REQ0068,S1,2025-01-12,20250112,2025-01-13,1,Rejected
EVT005738,APP03041,REQ0068,S1,2025-01-07,20250107,2025-01-08,1,Rejected
EVT005739,APP03042,REQ0068,S1,2025-01-09,20250109,2025-01-10,1,Advanced
EVT005740,APP03042,REQ0068,S2,2025-01-10,20250110,2025-01-11,1,Advanced
EVT005741,APP03042,REQ0068,S3,2025-01-11,20250111,2025-01-15,4,Rejected
EVT005742,APP03043,REQ0068,S1,2025-01-19,20250119,2025-01-20,1,Rejected
EVT005743,APP03044,REQ0068,S1,2025-01-04,20250104,2025-01-05,1,Rejected
EVT005744,APP03045,REQ0068,S1,2025-01-21,20250121,2025-01-22,1,Advanced
EVT005745,APP03045,REQ0068,S2,2025-01-22,20250122,2025-01-23,1,Advanced
EVT005746,APP03045,REQ0068,S3,2025-01-23,20250123,2025-01-27,4,Advanced
EVT005747,APP03045,REQ0068,S4,2025-01-27,20250127,2025-02-01,5,Advanced
EVT005748,APP03045,REQ0068,S5,2025-02-01,20250201,2025-02-07,6,Advanced
EVT005749,APP03045,REQ0068,S6,2025-02-07,20250207,2025-02-16,9,Advanced
EVT005750,APP03045,REQ0068,S7,2025-02-16,20250216,2025-02-22,6,Rejected
EVT005751,APP03046,REQ0068,S1,2025-01-11,20250111,2025-01-14,3,Rejected
EVT005752,APP03047,REQ0068,S1,2025-01-21,20250121,2025-01-22,1,Rejected
EVT005753,APP03048,REQ0068,S1,2025-01-07,20250107,2025-01-09,2,Advanced
EVT005754,APP03048,REQ0068,S2,2025-01-09,20250109,2025-01-10,1,Advanced
EVT005755,APP03048,REQ0068,S3,2025-01-10,20250110,2025-01-12,2,Advanced
EVT005756,APP03048,REQ0068,S4,2025-01-12,20250112,2025-01-18,6,Advanced
EVT005757,APP03048,REQ0068,S5,2025-01-18,20250118,2025-01-24,6,Rejected
EVT005758,APP03049,REQ0068,S1,2025-01-08,20250108,2025-01-11,3,Advanced
EVT005759,APP03049,REQ0068,S2,2025-01-11,20250111,2025-01-14,3,Advanced
EVT005760,APP03049,REQ0068,S3,2025-01-14,20250114,2025-01-26,12,Rejected
EVT005761,APP03050,REQ0068,S1,2025-01-03,20250103,2025-01-04,1,Rejected
EVT005762,APP03051,REQ0068,S1,2025-01-08,20250108,2025-01-10,2,Rejected
EVT005763,APP03052,REQ0068,S1,2025-01-10,20250110,2025-01-12,2,Advanced
EVT005764,APP03052,REQ0068,S2,2025-01-12,20250112,2025-01-16,4,Advanced
EVT005765,APP03052,REQ0068,S3,2025-01-16,20250116,2025-01-25,9,Rejected
EVT005766,APP03053,REQ0068,S1,2025-01-10,20250110,2025-01-12,2,Rejected
EVT005767,APP03054,REQ0068,S1,2025-01-09,20250109,2025-01-10,1,Advanced
EVT005768,APP03054,REQ0068,S2,2025-01-10,20250110,2025-01-12,2,Rejected
EVT005769,APP03055,REQ0068,S1,2025-01-03,20250103,2025-01-04,1,Rejected
EVT005770,APP03056,REQ0068,S1,2025-01-19,20250119,2025-01-20,1,Advanced
EVT005771,APP03056,REQ0068,S2,2025-01-20,20250120,2025-01-24,4,Rejected
EVT005772,APP03057,REQ0068,S1,2025-01-15,20250115,2025-01-16,1,Advanced
EVT005773,APP03057,REQ0068,S2,2025-01-16,20250116,2025-01-17,1,Advanced
EVT005774,APP03057,REQ0068,S3,2025-01-17,20250117,2025-01-20,3,Rejected
EVT005775,APP03058,REQ0068,S1,2025-01-18,20250118,2025-01-19,1,Advanced
EVT005776,APP03058,REQ0068,S2,2025-01-19,20250119,2025-01-25,6,Rejected
EVT005777,APP03059,REQ0068,S1,2025-01-03,20250103,2025-01-05,2,Advanced
EVT005778,APP03059,REQ0068,S2,2025-01-05,20250105,2025-01-11,6,Rejected
EVT005779,APP03060,REQ0068,S1,2025-01-19,20250119,2025-01-22,3,Advanced
EVT005780,APP03060,REQ0068,S2,2025-01-22,20250122,2025-01-27,5,Rejected
EVT005781,APP03061,REQ0068,S1,2025-01-11,20250111,2025-01-12,1,Rejected
EVT005782,APP03062,REQ0068,S1,2025-01-09,20250109,2025-01-12,3,Rejected
EVT005783,APP03063,REQ0068,S1,2025-01-03,20250103,2025-01-05,2,Advanced
EVT005784,APP03063,REQ0068,S2,2025-01-05,20250105,2025-01-07,2,Advanced
EVT005785,APP03063,REQ0068,S3,2025-01-07,20250107,2025-01-10,3,Advanced
EVT005786,APP03063,REQ0068,S4,2025-01-10,20250110,2025-01-18,8,Advanced
EVT005787,APP03063,REQ0068,S5,2025-01-18,20250118,2025-01-24,6,Advanced
EVT005788,APP03063,REQ0068,S6,2025-01-24,20250124,2025-02-01,8,Rejected
EVT005789,APP03064,REQ0068,S1,2025-01-14,20250114,2025-01-16,2,Advanced
EVT005790,APP03064,REQ0068,S2,2025-01-16,20250116,2025-01-18,2,Rejected
EVT005791,APP03065,REQ0068,S1,2025-01-03,20250103,2025-01-04,1,Advanced
EVT005792,APP03065,REQ0068,S2,2025-01-04,20250104,2025-01-05,1,Rejected
EVT005793,APP03066,REQ0068,S1,2025-01-14,20250114,2025-01-16,2,Rejected
EVT005794,APP03067,REQ0068,S1,2025-01-15,20250115,2025-01-18,3,Rejected
EVT005795,APP03068,REQ0068,S1,2025-01-04,20250104,2025-01-06,2,Advanced
EVT005796,APP03068,REQ0068,S2,2025-01-06,20250106,2025-01-09,3,Rejected
EVT005797,APP03069,REQ0068,S1,2025-01-20,20250120,2025-01-22,2,Rejected
EVT005798,APP03070,REQ0068,S1,2025-01-16,20250116,2025-01-19,3,Rejected
EVT005799,APP03071,REQ0068,S1,2025-01-08,20250108,2025-01-09,1,Rejected
EVT005800,APP03072,REQ0068,S1,2025-01-14,20250114,2025-01-15,1,Advanced
EVT005801,APP03072,REQ0068,S2,2025-01-15,20250115,2025-01-17,2,Rejected
EVT005802,APP03073,REQ0068,S1,2025-01-14,20250114,2025-01-16,2,Rejected
EVT005803,APP03074,REQ0068,S1,2025-01-11,20250111,2025-01-13,2,Rejected
EVT005804,APP03075,REQ0068,S1,2025-01-10,20250110,2025-01-11,1,Rejected
EVT005805,APP03076,REQ0068,S1,2025-01-13,20250113,2025-01-14,1,Rejected
EVT005806,APP03077,REQ0068,S1,2025-01-03,20250103,2025-01-04,1,Rejected
EVT005807,APP03078,REQ0068,S1,2025-01-08,20250108,2025-01-09,1,Rejected
EVT005808,APP03079,REQ0068,S1,2025-01-11,20250111,2025-01-12,1,Advanced
EVT005809,APP03079,REQ0068,S2,2025-01-12,20250112,2025-01-14,2,Rejected
EVT005810,APP03080,REQ0068,S1,2025-01-12,20250112,2025-01-15,3,Rejected
EVT005811,APP03081,REQ0068,S1,2025-01-04,20250104,2025-01-07,3,Advanced
EVT005812,APP03081,REQ0068,S2,2025-01-07,20250107,2025-01-11,4,Rejected
EVT005813,APP03082,REQ0068,S1,2025-01-10,20250110,2025-01-11,1,Rejected
EVT005814,APP03083,REQ0068,S1,2025-01-21,20250121,2025-01-22,1,Rejected
EVT005815,APP03084,REQ0068,S1,2025-01-16,20250116,2025-01-17,1,Advanced
EVT005816,APP03084,REQ0068,S2,2025-01-17,20250117,2025-01-18,1,Advanced
EVT005817,APP03084,REQ0068,S3,2025-01-18,20250118,2025-01-23,5,Advanced
EVT005818,APP03084,REQ0068,S4,2025-01-23,20250123,2025-01-26,3,Advanced
EVT005819,APP03084,REQ0068,S5,2025-01-26,20250126,2025-02-01,6,Rejected
EVT005820,APP03085,REQ0068,S1,2025-01-17,20250117,2025-01-18,1,Advanced
EVT005821,APP03085,REQ0068,S2,2025-01-18,20250118,2025-01-20,2,Rejected
EVT005822,APP03086,REQ0068,S1,2025-01-17,20250117,2025-01-18,1,Rejected
EVT005823,APP03087,REQ0068,S1,2025-01-07,20250107,2025-01-08,1,Advanced
EVT005824,APP03087,REQ0068,S2,2025-01-08,20250108,2025-01-11,3,Advanced
EVT005825,APP03087,REQ0068,S3,2025-01-11,20250111,2025-01-16,5,Rejected
EVT005826,APP03088,REQ0068,S1,2025-01-06,20250106,2025-01-08,2,Rejected
EVT005827,APP03089,REQ0068,S1,2025-01-03,20250103,2025-01-05,2,Rejected
EVT005828,APP03090,REQ0068,S1,2025-01-16,20250116,2025-01-19,3,Rejected
EVT005829,APP03091,REQ0068,S1,2025-01-19,20250119,2025-01-21,2,Rejected
EVT005830,APP03092,REQ0068,S1,2025-01-16,20250116,2025-01-17,1,Rejected
EVT005831,APP03093,REQ0068,S1,2025-01-06,20250106,2025-01-07,1,Rejected
EVT005832,APP03094,REQ0068,S1,2025-01-16,20250116,2025-01-19,3,Advanced
EVT005833,APP03094,REQ0068,S2,2025-01-19,20250119,2025-01-23,4,Advanced
EVT005834,APP03094,REQ0068,S3,2025-01-23,20250123,2025-02-04,12,Advanced
EVT005835,APP03094,REQ0068,S4,2025-02-04,20250204,2025-02-12,8,Advanced
EVT005836,APP03094,REQ0068,S5,2025-02-12,20250212,2025-02-22,10,Advanced
EVT005837,APP03094,REQ0068,S6,2025-02-22,20250222,2025-03-03,9,Advanced
EVT005838,APP03094,REQ0068,S7,2025-03-03,20250303,2025-03-10,7,Advanced
EVT005839,APP03094,REQ0068,S8,2025-03-10,20250310,2025-03-10,0,Hired
EVT005840,APP03095,REQ0068,S1,2025-01-18,20250118,2025-01-20,2,Rejected
EVT005841,APP03096,REQ0068,S1,2025-01-07,20250107,2025-01-09,2,Advanced
EVT005842,APP03096,REQ0068,S2,2025-01-09,20250109,2025-01-12,3,Advanced
EVT005843,APP03096,REQ0068,S3,2025-01-12,20250112,2025-01-19,7,Rejected
EVT005844,APP03097,REQ0068,S1,2025-01-20,20250120,2025-01-22,2,Rejected
EVT005845,APP03098,REQ0068,S1,2025-01-09,20250109,2025-01-11,2,Advanced
EVT005846,APP03098,REQ0068,S2,2025-01-11,20250111,2025-01-13,2,Advanced
EVT005847,APP03098,REQ0068,S3,2025-01-13,20250113,2025-01-19,6,Advanced
EVT005848,APP03098,REQ0068,S4,2025-01-19,20250119,2025-01-24,5,Advanced
EVT005849,APP03098,REQ0068,S5,2025-01-24,20250124,2025-02-04,11,Advanced
EVT005850,APP03098,REQ0068,S6,2025-02-04,20250204,2025-02-13,9,Rejected
EVT005851,APP03099,REQ0069,S1,2026-04-28,20260428,2026-04-29,1,Advanced
EVT005852,APP03099,REQ0069,S2,2026-04-29,20260429,2026-05-03,4,Advanced
EVT005853,APP03099,REQ0069,S3,2026-05-03,20260503,2026-05-05,2,Rejected
EVT005854,APP03100,REQ0069,S1,2026-04-21,20260421,2026-04-24,3,Rejected
EVT005855,APP03101,REQ0069,S1,2026-04-27,20260427,2026-04-28,1,Rejected
EVT005856,APP03102,REQ0069,S1,2026-04-26,20260426,2026-04-27,1,Rejected
EVT005857,APP03103,REQ0069,S1,2026-04-23,20260423,2026-04-24,1,Advanced
EVT005858,APP03103,REQ0069,S2,2026-04-24,20260424,2026-04-29,5,Advanced
EVT005859,APP03103,REQ0069,S3,2026-04-29,20260429,2026-05-04,5,Advanced
EVT005860,APP03103,REQ0069,S4,2026-05-04,20260504,2026-05-07,3,Advanced
EVT005861,APP03103,REQ0069,S5,2026-05-07,20260507,2026-05-11,4,Advanced
EVT005862,APP03103,REQ0069,S6,2026-05-11,20260511,2026-05-16,5,Advanced
EVT005863,APP03103,REQ0069,S7,2026-05-16,20260516,2026-05-26,10,Advanced
EVT005864,APP03103,REQ0069,S8,2026-05-26,20260526,2026-05-26,0,Hired
EVT005865,APP03104,REQ0069,S1,2026-04-22,20260422,2026-04-23,1,Advanced
EVT005866,APP03104,REQ0069,S2,2026-04-23,20260423,2026-04-29,6,Advanced
EVT005867,APP03104,REQ0069,S3,2026-04-29,20260429,2026-05-09,10,Rejected
EVT005868,APP03105,REQ0069,S1,2026-04-27,20260427,2026-04-28,1,Rejected
EVT005869,APP03106,REQ0069,S1,2026-04-27,20260427,2026-04-28,1,Advanced
EVT005870,APP03106,REQ0069,S2,2026-04-28,20260428,2026-04-30,2,Advanced
EVT005871,APP03106,REQ0069,S3,2026-04-30,20260430,2026-05-10,10,Advanced
EVT005872,APP03106,REQ0069,S4,2026-05-10,20260510,2026-05-18,8,Advanced
EVT005873,APP03106,REQ0069,S5,2026-05-18,20260518,2026-05-22,4,Rejected
EVT005874,APP03107,REQ0069,S1,2026-04-25,20260425,2026-04-27,2,Rejected
EVT005875,APP03108,REQ0069,S1,2026-04-21,20260421,2026-04-22,1,Advanced
EVT005876,APP03108,REQ0069,S2,2026-04-22,20260422,2026-04-28,6,Advanced
EVT005877,APP03108,REQ0069,S3,2026-04-28,20260428,2026-05-06,8,Rejected
EVT005878,APP03109,REQ0069,S1,2026-04-23,20260423,2026-04-24,1,Rejected
EVT005879,APP03110,REQ0069,S1,2026-04-27,20260427,2026-04-28,1,Rejected
EVT005880,APP03111,REQ0069,S1,2026-04-23,20260423,2026-04-25,2,Rejected
EVT005881,APP03112,REQ0069,S1,2026-04-25,20260425,2026-04-26,1,Advanced
EVT005882,APP03112,REQ0069,S2,2026-04-26,20260426,2026-04-28,2,Advanced
EVT005883,APP03112,REQ0069,S3,2026-04-28,20260428,2026-05-05,7,Rejected
EVT005884,APP03113,REQ0069,S1,2026-04-22,20260422,2026-04-23,1,Rejected
EVT005885,APP03114,REQ0069,S1,2026-04-20,20260420,2026-04-23,3,Advanced
EVT005886,APP03114,REQ0069,S2,2026-04-23,20260423,2026-04-25,2,Advanced
EVT005887,APP03114,REQ0069,S3,2026-04-25,20260425,2026-04-29,4,Advanced
EVT005888,APP03114,REQ0069,S4,2026-04-29,20260429,2026-05-07,8,Rejected
EVT005889,APP03115,REQ0069,S1,2026-04-26,20260426,2026-04-28,2,Advanced
EVT005890,APP03115,REQ0069,S2,2026-04-28,20260428,2026-05-04,6,Advanced
EVT005891,APP03115,REQ0069,S3,2026-05-04,20260504,2026-05-18,14,Rejected
EVT005892,APP03116,REQ0069,S1,2026-04-26,20260426,2026-04-27,1,Rejected
EVT005893,APP03117,REQ0069,S1,2026-04-20,20260420,2026-04-21,1,Rejected
EVT005894,APP03118,REQ0069,S1,2026-04-27,20260427,2026-04-28,1,Rejected
EVT005895,APP03119,REQ0069,S1,2026-04-29,20260429,2026-05-01,2,Advanced
EVT005896,APP03119,REQ0069,S2,2026-05-01,20260501,2026-05-06,5,Advanced
EVT005897,APP03119,REQ0069,S3,2026-05-06,20260506,2026-05-10,4,Rejected
EVT005898,APP03120,REQ0069,S1,2026-04-26,20260426,2026-04-27,1,Rejected
EVT005899,APP03121,REQ0069,S1,2026-04-21,20260421,2026-04-22,1,Rejected
EVT005900,APP03122,REQ0069,S1,2026-04-25,20260425,2026-04-26,1,Rejected
EVT005901,APP03123,REQ0069,S1,2026-04-26,20260426,2026-04-27,1,Advanced
EVT005902,APP03123,REQ0069,S2,2026-04-27,20260427,2026-05-01,4,Rejected
EVT005903,APP03124,REQ0069,S1,2026-04-25,20260425,2026-04-28,3,Advanced
EVT005904,APP03124,REQ0069,S2,2026-04-28,20260428,2026-05-02,4,Rejected
EVT005905,APP03125,REQ0069,S1,2026-04-29,20260429,2026-04-30,1,Rejected
EVT005906,APP03126,REQ0069,S1,2026-04-29,20260429,2026-05-01,2,Rejected
EVT005907,APP03127,REQ0069,S1,2026-04-26,20260426,2026-04-29,3,Rejected
EVT005908,APP03128,REQ0070,S1,2024-01-16,20240116,2024-01-18,2,Advanced
EVT005909,APP03128,REQ0070,S2,2024-01-18,20240118,2024-01-20,2,Rejected
EVT005910,APP03129,REQ0070,S1,2024-01-09,20240109,2024-01-11,2,Advanced
EVT005911,APP03129,REQ0070,S2,2024-01-11,20240111,2024-01-16,5,Advanced
EVT005912,APP03129,REQ0070,S3,2024-01-16,20240116,2024-01-21,5,Advanced
EVT005913,APP03129,REQ0070,S4,2024-01-21,20240121,2024-01-24,3,Advanced
EVT005914,APP03129,REQ0070,S5,2024-01-24,20240124,2024-02-04,11,Rejected
EVT005915,APP03130,REQ0070,S1,2024-01-21,20240121,2024-01-23,2,Advanced
EVT005916,APP03130,REQ0070,S2,2024-01-23,20240123,2024-01-25,2,Advanced
EVT005917,APP03130,REQ0070,S3,2024-01-25,20240125,2024-02-01,7,Advanced
EVT005918,APP03130,REQ0070,S4,2024-02-01,20240201,2024-02-09,8,Advanced
EVT005919,APP03130,REQ0070,S5,2024-02-09,20240209,2024-02-14,5,Rejected
EVT005920,APP03131,REQ0070,S1,2024-01-18,20240118,2024-01-20,2,Rejected
EVT005921,APP03132,REQ0070,S1,2024-01-10,20240110,2024-01-13,3,Rejected
EVT005922,APP03133,REQ0070,S1,2024-01-21,20240121,2024-01-23,2,Rejected
EVT005923,APP03134,REQ0070,S1,2024-01-17,20240117,2024-01-19,2,Advanced
EVT005924,APP03134,REQ0070,S2,2024-01-19,20240119,2024-01-23,4,Advanced
EVT005925,APP03134,REQ0070,S3,2024-01-23,20240123,2024-01-30,7,Rejected
EVT005926,APP03135,REQ0070,S1,2024-01-19,20240119,2024-01-21,2,Advanced
EVT005927,APP03135,REQ0070,S2,2024-01-21,20240121,2024-01-23,2,Rejected
EVT005928,APP03136,REQ0070,S1,2024-01-21,20240121,2024-01-22,1,Rejected
EVT005929,APP03137,REQ0070,S1,2024-01-13,20240113,2024-01-15,2,Advanced
EVT005930,APP03137,REQ0070,S2,2024-01-15,20240115,2024-01-17,2,Advanced
EVT005931,APP03137,REQ0070,S3,2024-01-17,20240117,2024-01-27,10,Advanced
EVT005932,APP03137,REQ0070,S4,2024-01-27,20240127,2024-02-02,6,Advanced
EVT005933,APP03137,REQ0070,S5,2024-02-02,20240202,2024-02-11,9,Rejected
EVT005934,APP03138,REQ0070,S1,2024-01-11,20240111,2024-01-12,1,Advanced
EVT005935,APP03138,REQ0070,S2,2024-01-12,20240112,2024-01-13,1,Advanced
EVT005936,APP03138,REQ0070,S3,2024-01-13,20240113,2024-01-20,7,Rejected
EVT005937,APP03139,REQ0070,S1,2024-01-16,20240116,2024-01-18,2,Rejected
EVT005938,APP03140,REQ0070,S1,2024-01-16,20240116,2024-01-19,3,Advanced
EVT005939,APP03140,REQ0070,S2,2024-01-19,20240119,2024-01-25,6,Rejected
EVT005940,APP03141,REQ0070,S1,2024-01-10,20240110,2024-01-13,3,Advanced
EVT005941,APP03141,REQ0070,S2,2024-01-13,20240113,2024-01-19,6,Advanced
EVT005942,APP03141,REQ0070,S3,2024-01-19,20240119,2024-01-25,6,Advanced
EVT005943,APP03141,REQ0070,S4,2024-01-25,20240125,2024-01-31,6,Advanced
EVT005944,APP03141,REQ0070,S5,2024-01-31,20240131,2024-02-08,8,Advanced
EVT005945,APP03141,REQ0070,S6,2024-02-08,20240208,2024-02-16,8,Advanced
EVT005946,APP03141,REQ0070,S7,2024-02-16,20240216,2024-02-27,11,Advanced
EVT005947,APP03141,REQ0070,S8,2024-02-27,20240227,2024-02-27,0,Hired
EVT005948,APP03142,REQ0070,S1,2024-01-17,20240117,2024-01-18,1,Rejected
EVT005949,APP03143,REQ0070,S1,2024-01-17,20240117,2024-01-18,1,Rejected
EVT005950,APP03144,REQ0070,S1,2024-01-14,20240114,2024-01-15,1,Advanced
EVT005951,APP03144,REQ0070,S2,2024-01-15,20240115,2024-01-17,2,Rejected
EVT005952,APP03145,REQ0070,S1,2024-01-22,20240122,2024-01-25,3,Advanced
EVT005953,APP03145,REQ0070,S2,2024-01-25,20240125,2024-01-27,2,Advanced
EVT005954,APP03145,REQ0070,S3,2024-01-27,20240127,2024-02-03,7,Advanced
EVT005955,APP03145,REQ0070,S4,2024-02-03,20240203,2024-02-09,6,Advanced
EVT005956,APP03145,REQ0070,S5,2024-02-09,20240209,2024-02-15,6,Rejected
EVT005957,APP03146,REQ0070,S1,2024-01-15,20240115,2024-01-17,2,Rejected
EVT005958,APP03147,REQ0070,S1,2024-01-12,20240112,2024-01-15,3,Rejected
EVT005959,APP03148,REQ0070,S1,2024-01-09,20240109,2024-01-12,3,Advanced
EVT005960,APP03148,REQ0070,S2,2024-01-12,20240112,2024-01-17,5,Advanced
EVT005961,APP03148,REQ0070,S3,2024-01-17,20240117,2024-01-29,12,Rejected
EVT005962,APP03149,REQ0070,S1,2024-01-16,20240116,2024-01-19,3,Rejected
EVT005963,APP03150,REQ0070,S1,2024-01-08,20240108,2024-01-11,3,Rejected
EVT005964,APP03151,REQ0070,S1,2024-01-21,20240121,2024-01-24,3,Rejected
EVT005965,APP03152,REQ0070,S1,2024-01-17,20240117,2024-01-18,1,Rejected
EVT005966,APP03153,REQ0070,S1,2024-01-14,20240114,2024-01-16,2,Rejected
EVT005967,APP03154,REQ0070,S1,2024-01-16,20240116,2024-01-17,1,Advanced
EVT005968,APP03154,REQ0070,S2,2024-01-17,20240117,2024-01-18,1,Rejected
EVT005969,APP03155,REQ0070,S1,2024-01-22,20240122,2024-01-25,3,Rejected
EVT005970,APP03156,REQ0070,S1,2024-01-11,20240111,2024-01-12,1,Rejected
EVT005971,APP03157,REQ0070,S1,2024-01-14,20240114,2024-01-15,1,Rejected
EVT005972,APP03158,REQ0070,S1,2024-01-22,20240122,2024-01-23,1,Advanced
EVT005973,APP03158,REQ0070,S2,2024-01-23,20240123,2024-01-24,1,Advanced
EVT005974,APP03158,REQ0070,S3,2024-01-24,20240124,2024-02-02,9,Rejected
EVT005975,APP03159,REQ0070,S1,2024-01-16,20240116,2024-01-17,1,Rejected
EVT005976,APP03160,REQ0070,S1,2024-01-14,20240114,2024-01-15,1,Advanced
EVT005977,APP03160,REQ0070,S2,2024-01-15,20240115,2024-01-17,2,Advanced
EVT005978,APP03160,REQ0070,S3,2024-01-17,20240117,2024-01-21,4,Rejected
EVT005979,APP03161,REQ0070,S1,2024-01-17,20240117,2024-01-19,2,Advanced
EVT005980,APP03161,REQ0070,S2,2024-01-19,20240119,2024-01-22,3,Advanced
EVT005981,APP03161,REQ0070,S3,2024-01-22,20240122,2024-01-26,4,Advanced
EVT005982,APP03161,REQ0070,S4,2024-01-26,20240126,2024-01-30,4,Rejected
EVT005983,APP03162,REQ0070,S1,2024-01-10,20240110,2024-01-13,3,Rejected
EVT005984,APP03163,REQ0070,S1,2024-01-13,20240113,2024-01-14,1,Advanced
EVT005985,APP03163,REQ0070,S2,2024-01-14,20240114,2024-01-16,2,Advanced
EVT005986,APP03163,REQ0070,S3,2024-01-16,20240116,2024-01-22,6,Rejected
EVT005987,APP03164,REQ0070,S1,2024-01-15,20240115,2024-01-17,2,Rejected
EVT005988,APP03165,REQ0070,S1,2024-01-09,20240109,2024-01-10,1,Advanced
EVT005989,APP03165,REQ0070,S2,2024-01-10,20240110,2024-01-12,2,Advanced
EVT005990,APP03165,REQ0070,S3,2024-01-12,20240112,2024-01-18,6,Rejected
EVT005991,APP03166,REQ0070,S1,2024-01-14,20240114,2024-01-17,3,Advanced
EVT005992,APP03166,REQ0070,S2,2024-01-17,20240117,2024-01-19,2,Rejected
EVT005993,APP03167,REQ0070,S1,2024-01-07,20240107,2024-01-08,1,Rejected
EVT005994,APP03168,REQ0070,S1,2024-01-11,20240111,2024-01-14,3,Rejected
EVT005995,APP03169,REQ0070,S1,2024-01-11,20240111,2024-01-12,1,Rejected
EVT005996,APP03170,REQ0070,S1,2024-01-21,20240121,2024-01-24,3,Advanced
EVT005997,APP03170,REQ0070,S2,2024-01-24,20240124,2024-01-28,4,Rejected
EVT005998,APP03171,REQ0070,S1,2024-01-13,20240113,2024-01-14,1,Advanced
EVT005999,APP03171,REQ0070,S2,2024-01-14,20240114,2024-01-16,2,Advanced
EVT006000,APP03171,REQ0070,S3,2024-01-16,20240116,2024-01-23,7,Advanced
EVT006001,APP03171,REQ0070,S4,2024-01-23,20240123,2024-01-30,7,Advanced
EVT006002,APP03171,REQ0070,S5,2024-01-30,20240130,2024-02-07,8,Advanced
EVT006003,APP03171,REQ0070,S6,2024-02-07,20240207,2024-02-16,9,Rejected
EVT006004,APP03172,REQ0070,S1,2024-01-15,20240115,2024-01-16,1,Advanced
EVT006005,APP03172,REQ0070,S2,2024-01-16,20240116,2024-01-17,1,Rejected
EVT006006,APP03173,REQ0070,S1,2024-01-17,20240117,2024-01-18,1,Advanced
EVT006007,APP03173,REQ0070,S2,2024-01-18,20240118,2024-01-21,3,Rejected
EVT006008,APP03174,REQ0070,S1,2024-01-11,20240111,2024-01-13,2,Rejected
EVT006009,APP03175,REQ0070,S1,2024-01-20,20240120,2024-01-21,1,Rejected
EVT006010,APP03176,REQ0070,S1,2024-01-22,20240122,2024-01-23,1,Rejected
EVT006011,APP03177,REQ0070,S1,2024-01-17,20240117,2024-01-18,1,Advanced
EVT006012,APP03177,REQ0070,S2,2024-01-18,20240118,2024-01-22,4,Rejected
EVT006013,APP03178,REQ0070,S1,2024-01-20,20240120,2024-01-23,3,Advanced
EVT006014,APP03178,REQ0070,S2,2024-01-23,20240123,2024-01-25,2,Rejected
EVT006015,APP03179,REQ0070,S1,2024-01-07,20240107,2024-01-08,1,Rejected
EVT006016,APP03180,REQ0070,S1,2024-01-20,20240120,2024-01-23,3,Advanced
EVT006017,APP03180,REQ0070,S2,2024-01-23,20240123,2024-01-25,2,Rejected
EVT006018,APP03181,REQ0070,S1,2024-01-18,20240118,2024-01-20,2,Rejected
EVT006019,APP03182,REQ0070,S1,2024-01-07,20240107,2024-01-08,1,Rejected
EVT006020,APP03183,REQ0070,S1,2024-01-20,20240120,2024-01-21,1,Advanced
EVT006021,APP03183,REQ0070,S2,2024-01-21,20240121,2024-01-27,6,Rejected
EVT006022,APP03184,REQ0070,S1,2024-01-16,20240116,2024-01-19,3,Rejected
EVT006023,APP03185,REQ0071,S1,2026-06-09,20260609,2026-06-10,1,Rejected
EVT006024,APP03186,REQ0071,S1,2026-05-29,20260529,2026-05-31,2,Advanced
EVT006025,APP03186,REQ0071,S2,2026-05-31,20260531,2026-06-04,4,Advanced
EVT006026,APP03186,REQ0071,S3,2026-06-04,20260604,2026-06-08,4,Rejected
EVT006027,APP03187,REQ0071,S1,2026-05-31,20260531,2026-06-02,2,Rejected
EVT006028,APP03188,REQ0071,S1,2026-06-21,20260621,2026-06-22,1,Advanced
EVT006029,APP03188,REQ0071,S2,2026-06-22,20260622,2026-06-24,2,Advanced
EVT006030,APP03188,REQ0071,S3,2026-06-24,20260624,2026-06-27,3,Rejected
EVT006031,APP03189,REQ0071,S1,2026-06-20,20260620,2026-06-22,2,Advanced
EVT006032,APP03189,REQ0071,S2,2026-06-22,20260622,2026-06-27,5,Advanced
EVT006033,APP03189,REQ0071,S3,2026-06-27,20260627,,3,In Process
EVT006034,APP03190,REQ0071,S1,2026-06-07,20260607,2026-06-09,2,Rejected
EVT006035,APP03191,REQ0071,S1,2026-06-20,20260620,2026-06-21,1,Advanced
EVT006036,APP03191,REQ0071,S2,2026-06-21,20260621,2026-06-25,4,Rejected
EVT006037,APP03192,REQ0071,S1,2026-05-19,20260519,2026-05-20,1,Rejected
EVT006038,APP03193,REQ0071,S1,2026-05-29,20260529,2026-05-30,1,Rejected
EVT006039,APP03194,REQ0071,S1,2026-05-22,20260522,2026-05-24,2,Rejected
EVT006040,APP03195,REQ0071,S1,2026-06-02,20260602,2026-06-05,3,Rejected
EVT006041,APP03196,REQ0071,S1,2026-05-28,20260528,2026-05-30,2,Rejected
EVT006042,APP03197,REQ0071,S1,2026-05-20,20260520,2026-05-23,3,Rejected
EVT006043,APP03198,REQ0071,S1,2026-05-22,20260522,2026-05-25,3,Advanced
EVT006044,APP03198,REQ0071,S2,2026-05-25,20260525,2026-05-29,4,Advanced
EVT006045,APP03198,REQ0071,S3,2026-05-29,20260529,2026-06-02,4,Rejected
EVT006046,APP03199,REQ0071,S1,2026-05-24,20260524,2026-05-27,3,Advanced
EVT006047,APP03199,REQ0071,S2,2026-05-27,20260527,2026-05-31,4,Rejected
EVT006048,APP03200,REQ0071,S1,2026-06-19,20260619,2026-06-21,2,Rejected
EVT006049,APP03201,REQ0071,S1,2026-05-23,20260523,2026-05-25,2,Rejected
EVT006050,APP03202,REQ0071,S1,2026-06-04,20260604,2026-06-06,2,Advanced
EVT006051,APP03202,REQ0071,S2,2026-06-06,20260606,2026-06-12,6,Rejected
EVT006052,APP03203,REQ0071,S1,2026-06-16,20260616,2026-06-17,1,Rejected
EVT006053,APP03204,REQ0071,S1,2026-05-19,20260519,2026-05-22,3,Rejected
EVT006054,APP03205,REQ0071,S1,2026-05-17,20260517,2026-05-19,2,Rejected
EVT006055,APP03206,REQ0071,S1,2026-05-24,20260524,2026-05-25,1,Rejected
EVT006056,APP03207,REQ0071,S1,2026-06-06,20260606,2026-06-07,1,Advanced
EVT006057,APP03207,REQ0071,S2,2026-06-07,20260607,2026-06-13,6,Rejected
EVT006058,APP03208,REQ0071,S1,2026-05-16,20260516,2026-05-17,1,Advanced
EVT006059,APP03208,REQ0071,S2,2026-05-17,20260517,2026-05-21,4,Advanced
EVT006060,APP03208,REQ0071,S3,2026-05-21,20260521,2026-05-28,7,Advanced
EVT006061,APP03208,REQ0071,S4,2026-05-28,20260528,2026-06-04,7,Rejected
EVT006062,APP03209,REQ0071,S1,2026-05-31,20260531,2026-06-01,1,Rejected
EVT006063,APP03210,REQ0071,S1,2026-06-15,20260615,2026-06-16,1,Advanced
EVT006064,APP03210,REQ0071,S2,2026-06-16,20260616,2026-06-20,4,Rejected
EVT006065,APP03211,REQ0071,S1,2026-06-23,20260623,2026-06-24,1,Rejected
EVT006066,APP03212,REQ0071,S1,2026-05-27,20260527,2026-05-28,1,Rejected
EVT006067,APP03213,REQ0071,S1,2026-06-18,20260618,2026-06-20,2,Rejected
EVT006068,APP03214,REQ0071,S1,2026-06-25,20260625,2026-06-26,1,Rejected
EVT006069,APP03215,REQ0071,S1,2026-06-19,20260619,2026-06-22,3,Advanced
EVT006070,APP03215,REQ0071,S2,2026-06-22,20260622,2026-06-25,3,Advanced
EVT006071,APP03215,REQ0071,S3,2026-06-25,20260625,,5,In Process
EVT006072,APP03216,REQ0071,S1,2026-06-16,20260616,2026-06-17,1,Advanced
EVT006073,APP03216,REQ0071,S2,2026-06-17,20260617,2026-06-22,5,Advanced
EVT006074,APP03216,REQ0071,S3,2026-06-22,20260622,,8,In Process
EVT006075,APP03217,REQ0071,S1,2026-06-04,20260604,2026-06-06,2,Rejected
EVT006076,APP03218,REQ0071,S1,2026-05-21,20260521,2026-05-24,3,Rejected
EVT006077,APP03219,REQ0071,S1,2026-05-16,20260516,2026-05-17,1,Rejected
EVT006078,APP03220,REQ0071,S1,2026-06-10,20260610,2026-06-11,1,Rejected
EVT006079,APP03221,REQ0071,S1,2026-06-23,20260623,2026-06-26,3,Rejected
EVT006080,APP03222,REQ0071,S1,2026-06-19,20260619,2026-06-21,2,Advanced
EVT006081,APP03222,REQ0071,S2,2026-06-21,20260621,2026-06-25,4,Rejected
EVT006082,APP03223,REQ0071,S1,2026-06-11,20260611,2026-06-13,2,Advanced
EVT006083,APP03223,REQ0071,S2,2026-06-13,20260613,2026-06-14,1,Rejected
EVT006084,APP03224,REQ0071,S1,2026-05-25,20260525,2026-05-27,2,Rejected
EVT006085,APP03225,REQ0071,S1,2026-05-17,20260517,2026-05-19,2,Advanced
EVT006086,APP03225,REQ0071,S2,2026-05-19,20260519,2026-05-24,5,Advanced
EVT006087,APP03225,REQ0071,S3,2026-05-24,20260524,2026-06-01,8,Rejected
EVT006088,APP03226,REQ0071,S1,2026-05-27,20260527,2026-05-30,3,Rejected
EVT006089,APP03227,REQ0071,S1,2026-06-14,20260614,2026-06-16,2,Advanced
EVT006090,APP03227,REQ0071,S2,2026-06-16,20260616,2026-06-20,4,Rejected
EVT006091,APP03228,REQ0071,S1,2026-06-21,20260621,2026-06-24,3,Advanced
EVT006092,APP03228,REQ0071,S2,2026-06-24,20260624,2026-06-26,2,Advanced
EVT006093,APP03228,REQ0071,S3,2026-06-26,20260626,,4,In Process
EVT006094,APP03229,REQ0071,S1,2026-06-11,20260611,2026-06-12,1,Advanced
EVT006095,APP03229,REQ0071,S2,2026-06-12,20260612,2026-06-14,2,Rejected
EVT006096,APP03230,REQ0071,S1,2026-05-21,20260521,2026-05-22,1,Advanced
EVT006097,APP03230,REQ0071,S2,2026-05-22,20260522,2026-05-25,3,Rejected
EVT006098,APP03231,REQ0071,S1,2026-06-15,20260615,2026-06-16,1,Advanced
EVT006099,APP03231,REQ0071,S2,2026-06-16,20260616,2026-06-20,4,Advanced
EVT006100,APP03231,REQ0071,S3,2026-06-20,20260620,2026-06-28,8,Advanced
EVT006101,APP03231,REQ0071,S4,2026-06-28,20260628,,2,In Process
EVT006102,APP03232,REQ0071,S1,2026-06-27,20260627,2026-06-28,1,Advanced
EVT006103,APP03232,REQ0071,S2,2026-06-28,20260628,,2,In Process
EVT006104,APP03233,REQ0071,S1,2026-06-12,20260612,2026-06-14,2,Advanced
EVT006105,APP03233,REQ0071,S2,2026-06-14,20260614,2026-06-20,6,Advanced
EVT006106,APP03233,REQ0071,S3,2026-06-20,20260620,,10,In Process
EVT006107,APP03234,REQ0071,S1,2026-05-31,20260531,2026-06-02,2,Rejected
EVT006108,APP03235,REQ0071,S1,2026-06-22,20260622,2026-06-24,2,Rejected
EVT006109,APP03236,REQ0071,S1,2026-06-11,20260611,2026-06-14,3,Advanced
EVT006110,APP03236,REQ0071,S2,2026-06-14,20260614,2026-06-19,5,Advanced
EVT006111,APP03236,REQ0071,S3,2026-06-19,20260619,2026-06-27,8,Rejected
EVT006112,APP03237,REQ0071,S1,2026-05-22,20260522,2026-05-23,1,Rejected
EVT006113,APP03238,REQ0071,S1,2026-05-24,20260524,2026-05-27,3,Advanced
EVT006114,APP03238,REQ0071,S2,2026-05-27,20260527,2026-05-30,3,Advanced
EVT006115,APP03238,REQ0071,S3,2026-05-30,20260530,2026-06-06,7,Advanced
EVT006116,APP03238,REQ0071,S4,2026-06-06,20260606,2026-06-09,3,Rejected
EVT006117,APP03239,REQ0071,S1,2026-05-22,20260522,2026-05-23,1,Advanced
EVT006118,APP03239,REQ0071,S2,2026-05-23,20260523,2026-05-26,3,Advanced
EVT006119,APP03239,REQ0071,S3,2026-05-26,20260526,2026-06-02,7,Rejected
EVT006120,APP03240,REQ0071,S1,2026-05-23,20260523,2026-05-24,1,Advanced
EVT006121,APP03240,REQ0071,S2,2026-05-24,20260524,2026-05-26,2,Rejected
EVT006122,APP03241,REQ0071,S1,2026-06-24,20260624,2026-06-25,1,Rejected
EVT006123,APP03242,REQ0072,S1,2025-11-01,20251101,2025-11-04,3,Rejected
EVT006124,APP03243,REQ0072,S1,2025-11-09,20251109,2025-11-10,1,Rejected
EVT006125,APP03244,REQ0072,S1,2025-11-07,20251107,2025-11-08,1,Rejected
EVT006126,APP03245,REQ0072,S1,2025-10-20,20251020,2025-10-22,2,Rejected
EVT006127,APP03246,REQ0072,S1,2025-10-20,20251020,2025-10-21,1,Advanced
EVT006128,APP03246,REQ0072,S2,2025-10-21,20251021,2025-10-23,2,Rejected
EVT006129,APP03247,REQ0072,S1,2025-10-27,20251027,2025-10-30,3,Advanced
EVT006130,APP03247,REQ0072,S2,2025-10-30,20251030,2025-11-05,6,Advanced
EVT006131,APP03247,REQ0072,S3,2025-11-05,20251105,2025-11-13,8,Rejected
EVT006132,APP03248,REQ0072,S1,2025-11-08,20251108,2025-11-09,1,Rejected
EVT006133,APP03249,REQ0072,S1,2025-10-28,20251028,2025-10-31,3,Advanced
EVT006134,APP03249,REQ0072,S2,2025-10-31,20251031,2025-11-04,4,Rejected
EVT006135,APP03250,REQ0072,S1,2025-11-04,20251104,2025-11-06,2,Rejected
EVT006136,APP03251,REQ0072,S1,2025-11-06,20251106,2025-11-07,1,Advanced
EVT006137,APP03251,REQ0072,S2,2025-11-07,20251107,2025-11-12,5,Rejected
EVT006138,APP03252,REQ0072,S1,2025-11-04,20251104,2025-11-07,3,Advanced
EVT006139,APP03252,REQ0072,S2,2025-11-07,20251107,2025-11-10,3,Advanced
EVT006140,APP03252,REQ0072,S3,2025-11-10,20251110,2025-11-20,10,Rejected
EVT006141,APP03253,REQ0072,S1,2025-10-28,20251028,2025-10-29,1,Advanced
EVT006142,APP03253,REQ0072,S2,2025-10-29,20251029,2025-11-03,5,Rejected
EVT006143,APP03254,REQ0072,S1,2025-11-07,20251107,2025-11-08,1,Rejected
EVT006144,APP03255,REQ0072,S1,2025-10-22,20251022,2025-10-23,1,Rejected
EVT006145,APP03256,REQ0072,S1,2025-10-26,20251026,2025-10-28,2,Rejected
EVT006146,APP03257,REQ0072,S1,2025-10-27,20251027,2025-10-29,2,Rejected
EVT006147,APP03258,REQ0072,S1,2025-10-27,20251027,2025-10-28,1,Rejected
EVT006148,APP03259,REQ0072,S1,2025-11-10,20251110,2025-11-13,3,Advanced
EVT006149,APP03259,REQ0072,S2,2025-11-13,20251113,2025-11-17,4,Advanced
EVT006150,APP03259,REQ0072,S3,2025-11-17,20251117,2025-11-25,8,Advanced
EVT006151,APP03259,REQ0072,S4,2025-11-25,20251125,2025-11-29,4,Advanced
EVT006152,APP03259,REQ0072,S5,2025-11-29,20251129,2025-12-04,5,Rejected
EVT006153,APP03260,REQ0072,S1,2025-11-07,20251107,2025-11-10,3,Rejected
EVT006154,APP03261,REQ0072,S1,2025-11-06,20251106,2025-11-08,2,Advanced
EVT006155,APP03261,REQ0072,S2,2025-11-08,20251108,2025-11-14,6,Rejected
EVT006156,APP03262,REQ0072,S1,2025-10-31,20251031,2025-11-01,1,Rejected
EVT006157,APP03263,REQ0072,S1,2025-10-23,20251023,2025-10-26,3,Advanced
EVT006158,APP03263,REQ0072,S2,2025-10-26,20251026,2025-11-01,6,Advanced
EVT006159,APP03263,REQ0072,S3,2025-11-01,20251101,2025-11-15,14,Advanced
EVT006160,APP03263,REQ0072,S4,2025-11-15,20251115,2025-11-22,7,Advanced
EVT006161,APP03263,REQ0072,S5,2025-11-22,20251122,2025-11-29,7,Advanced
EVT006162,APP03263,REQ0072,S6,2025-11-29,20251129,2025-12-04,5,Rejected
EVT006163,APP03264,REQ0072,S1,2025-10-26,20251026,2025-10-29,3,Rejected
EVT006164,APP03265,REQ0072,S1,2025-10-22,20251022,2025-10-23,1,Rejected
EVT006165,APP03266,REQ0072,S1,2025-10-25,20251025,2025-10-27,2,Advanced
EVT006166,APP03266,REQ0072,S2,2025-10-27,20251027,2025-10-30,3,Rejected
EVT006167,APP03267,REQ0072,S1,2025-10-23,20251023,2025-10-26,3,Rejected
EVT006168,APP03268,REQ0072,S1,2025-11-10,20251110,2025-11-11,1,Rejected
EVT006169,APP03269,REQ0072,S1,2025-10-19,20251019,2025-10-20,1,Advanced
EVT006170,APP03269,REQ0072,S2,2025-10-20,20251020,2025-10-26,6,Advanced
EVT006171,APP03269,REQ0072,S3,2025-10-26,20251026,2025-11-02,7,Rejected
EVT006172,APP03270,REQ0072,S1,2025-11-07,20251107,2025-11-08,1,Rejected
EVT006173,APP03271,REQ0072,S1,2025-10-19,20251019,2025-10-21,2,Rejected
EVT006174,APP03272,REQ0072,S1,2025-11-05,20251105,2025-11-08,3,Rejected
EVT006175,APP03273,REQ0072,S1,2025-11-01,20251101,2025-11-02,1,Advanced
EVT006176,APP03273,REQ0072,S2,2025-11-02,20251102,2025-11-07,5,Rejected
EVT006177,APP03274,REQ0072,S1,2025-10-25,20251025,2025-10-27,2,Rejected
EVT006178,APP03275,REQ0072,S1,2025-11-03,20251103,2025-11-05,2,Rejected
EVT006179,APP03276,REQ0072,S1,2025-10-27,20251027,2025-10-29,2,Rejected
EVT006180,APP03277,REQ0072,S1,2025-11-08,20251108,2025-11-09,1,Rejected
EVT006181,APP03278,REQ0072,S1,2025-10-21,20251021,2025-10-23,2,Advanced
EVT006182,APP03278,REQ0072,S2,2025-10-23,20251023,2025-10-28,5,Rejected
EVT006183,APP03279,REQ0072,S1,2025-11-03,20251103,2025-11-06,3,Rejected
EVT006184,APP03280,REQ0072,S1,2025-10-22,20251022,2025-10-23,1,Advanced
EVT006185,APP03280,REQ0072,S2,2025-10-23,20251023,2025-10-25,2,Advanced
EVT006186,APP03280,REQ0072,S3,2025-10-25,20251025,2025-10-31,6,Rejected
EVT006187,APP03281,REQ0072,S1,2025-10-22,20251022,2025-10-23,1,Rejected
EVT006188,APP03282,REQ0072,S1,2025-11-04,20251104,2025-11-05,1,Advanced
EVT006189,APP03282,REQ0072,S2,2025-11-05,20251105,2025-11-07,2,Advanced
EVT006190,APP03282,REQ0072,S3,2025-11-07,20251107,2025-11-14,7,Rejected
EVT006191,APP03283,REQ0072,S1,2025-10-27,20251027,2025-10-30,3,Advanced
EVT006192,APP03283,REQ0072,S2,2025-10-30,20251030,2025-11-05,6,Advanced
EVT006193,APP03283,REQ0072,S3,2025-11-05,20251105,2025-11-16,11,Rejected
EVT006194,APP03284,REQ0072,S1,2025-10-22,20251022,2025-10-23,1,Rejected
EVT006195,APP03285,REQ0072,S1,2025-10-26,20251026,2025-10-27,1,Advanced
EVT006196,APP03285,REQ0072,S2,2025-10-27,20251027,2025-10-29,2,Advanced
EVT006197,APP03285,REQ0072,S3,2025-10-29,20251029,2025-11-02,4,Advanced
EVT006198,APP03285,REQ0072,S4,2025-11-02,20251102,2025-11-07,5,Advanced
EVT006199,APP03285,REQ0072,S5,2025-11-07,20251107,2025-11-15,8,Rejected
EVT006200,APP03286,REQ0072,S1,2025-11-07,20251107,2025-11-10,3,Rejected
EVT006201,APP03287,REQ0072,S1,2025-11-09,20251109,2025-11-11,2,Rejected
EVT006202,APP03288,REQ0072,S1,2025-10-25,20251025,2025-10-26,1,Rejected
EVT006203,APP03289,REQ0072,S1,2025-11-02,20251102,2025-11-03,1,Rejected
EVT006204,APP03290,REQ0072,S1,2025-11-01,20251101,2025-11-02,1,Rejected
EVT006205,APP03291,REQ0072,S1,2025-10-25,20251025,2025-10-26,1,Advanced
EVT006206,APP03291,REQ0072,S2,2025-10-26,20251026,2025-10-29,3,Rejected
EVT006207,APP03292,REQ0072,S1,2025-11-07,20251107,2025-11-08,1,Rejected
EVT006208,APP03293,REQ0072,S1,2025-10-29,20251029,2025-10-30,1,Advanced
EVT006209,APP03293,REQ0072,S2,2025-10-30,20251030,2025-11-02,3,Advanced
EVT006210,APP03293,REQ0072,S3,2025-11-02,20251102,2025-11-11,9,Advanced
EVT006211,APP03293,REQ0072,S4,2025-11-11,20251111,2025-11-14,3,Advanced
EVT006212,APP03293,REQ0072,S5,2025-11-14,20251114,2025-11-21,7,Advanced
EVT006213,APP03293,REQ0072,S6,2025-11-21,20251121,2025-11-24,3,Rejected
EVT006214,APP03294,REQ0072,S1,2025-11-09,20251109,2025-11-10,1,Advanced
EVT006215,APP03294,REQ0072,S2,2025-11-10,20251110,2025-11-11,1,Rejected
EVT006216,APP03295,REQ0072,S1,2025-10-26,20251026,2025-10-27,1,Advanced
EVT006217,APP03295,REQ0072,S2,2025-10-27,20251027,2025-10-29,2,Rejected
EVT006218,APP03296,REQ0072,S1,2025-10-24,20251024,2025-10-26,2,Advanced
EVT006219,APP03296,REQ0072,S2,2025-10-26,20251026,2025-10-30,4,Advanced
EVT006220,APP03296,REQ0072,S3,2025-10-30,20251030,2025-11-03,4,Rejected
EVT006221,APP03297,REQ0072,S1,2025-10-21,20251021,2025-10-22,1,Advanced
EVT006222,APP03297,REQ0072,S2,2025-10-22,20251022,2025-10-24,2,Rejected
EVT006223,APP03298,REQ0072,S1,2025-10-24,20251024,2025-10-26,2,Rejected
EVT006224,APP03299,REQ0072,S1,2025-10-30,20251030,2025-11-01,2,Rejected
EVT006225,APP03300,REQ0072,S1,2025-11-07,20251107,2025-11-08,1,Rejected
EVT006226,APP03301,REQ0072,S1,2025-10-30,20251030,2025-10-31,1,Rejected
EVT006227,APP03302,REQ0072,S1,2025-10-29,20251029,2025-10-31,2,Advanced
EVT006228,APP03302,REQ0072,S2,2025-10-31,20251031,2025-11-06,6,Rejected
EVT006229,APP03303,REQ0072,S1,2025-11-07,20251107,2025-11-08,1,Rejected
EVT006230,APP03304,REQ0072,S1,2025-10-26,20251026,2025-10-27,1,Advanced
EVT006231,APP03304,REQ0072,S2,2025-10-27,20251027,2025-10-31,4,Advanced
EVT006232,APP03304,REQ0072,S3,2025-10-31,20251031,2025-11-12,12,Rejected
EVT006233,APP03305,REQ0072,S1,2025-11-08,20251108,2025-11-11,3,Rejected
EVT006234,APP03306,REQ0072,S1,2025-10-27,20251027,2025-10-29,2,Advanced
EVT006235,APP03306,REQ0072,S2,2025-10-29,20251029,2025-10-31,2,Rejected
EVT006236,APP03307,REQ0072,S1,2025-10-19,20251019,2025-10-20,1,Rejected
EVT006237,APP03308,REQ0073,S1,2026-01-19,20260119,2026-01-22,3,Rejected
EVT006238,APP03309,REQ0073,S1,2026-01-24,20260124,2026-01-25,1,Advanced
EVT006239,APP03309,REQ0073,S2,2026-01-25,20260125,2026-01-29,4,Advanced
EVT006240,APP03309,REQ0073,S3,2026-01-29,20260129,2026-02-02,4,Advanced
EVT006241,APP03309,REQ0073,S4,2026-02-02,20260202,2026-02-08,6,Rejected
EVT006242,APP03310,REQ0073,S1,2026-01-31,20260131,2026-02-02,2,Rejected
EVT006243,APP03311,REQ0073,S1,2026-02-10,20260210,2026-02-11,1,Rejected
EVT006244,APP03312,REQ0073,S1,2026-02-09,20260209,2026-02-11,2,Rejected
EVT006245,APP03313,REQ0073,S1,2026-01-28,20260128,2026-01-29,1,Rejected
EVT006246,APP03314,REQ0073,S1,2026-02-16,20260216,2026-02-17,1,Rejected
EVT006247,APP03315,REQ0073,S1,2026-01-26,20260126,2026-01-28,2,Rejected
EVT006248,APP03316,REQ0073,S1,2026-02-17,20260217,2026-02-18,1,Advanced
EVT006249,APP03316,REQ0073,S2,2026-02-18,20260218,2026-02-21,3,Rejected
EVT006250,APP03317,REQ0073,S1,2026-02-01,20260201,2026-02-04,3,Rejected
EVT006251,APP03318,REQ0073,S1,2026-01-26,20260126,2026-01-27,1,Rejected
EVT006252,APP03319,REQ0073,S1,2026-01-28,20260128,2026-01-29,1,Rejected
EVT006253,APP03320,REQ0073,S1,2026-02-06,20260206,2026-02-09,3,Rejected
EVT006254,APP03321,REQ0073,S1,2026-02-09,20260209,2026-02-10,1,Rejected
EVT006255,APP03322,REQ0073,S1,2026-02-01,20260201,2026-02-03,2,Advanced
EVT006256,APP03322,REQ0073,S2,2026-02-03,20260203,2026-02-05,2,Advanced
EVT006257,APP03322,REQ0073,S3,2026-02-05,20260205,2026-02-08,3,Advanced
EVT006258,APP03322,REQ0073,S4,2026-02-08,20260208,2026-02-16,8,Rejected
EVT006259,APP03323,REQ0073,S1,2026-01-25,20260125,2026-01-28,3,Advanced
EVT006260,APP03323,REQ0073,S2,2026-01-28,20260128,2026-02-02,5,Advanced
EVT006261,APP03323,REQ0073,S3,2026-02-02,20260202,2026-02-07,5,Advanced
EVT006262,APP03323,REQ0073,S4,2026-02-07,20260207,2026-02-14,7,Advanced
EVT006263,APP03323,REQ0073,S5,2026-02-14,20260214,2026-02-22,8,Rejected
EVT006264,APP03324,REQ0073,S1,2026-01-22,20260122,2026-01-23,1,Rejected
EVT006265,APP03325,REQ0073,S1,2026-01-21,20260121,2026-01-23,2,Rejected
EVT006266,APP03326,REQ0073,S1,2026-02-13,20260213,2026-02-15,2,Advanced
EVT006267,APP03326,REQ0073,S2,2026-02-15,20260215,2026-02-18,3,Advanced
EVT006268,APP03326,REQ0073,S3,2026-02-18,20260218,2026-03-02,12,Advanced
EVT006269,APP03326,REQ0073,S4,2026-03-02,20260302,2026-03-08,6,Advanced
EVT006270,APP03326,REQ0073,S5,2026-03-08,20260308,2026-03-13,5,Rejected
EVT006271,APP03327,REQ0073,S1,2026-01-16,20260116,2026-01-17,1,Rejected
EVT006272,APP03328,REQ0073,S1,2026-01-14,20260114,2026-01-15,1,Rejected
EVT006273,APP03329,REQ0073,S1,2026-02-02,20260202,2026-02-05,3,Rejected
EVT006274,APP03330,REQ0073,S1,2026-02-12,20260212,2026-02-14,2,Rejected
EVT006275,APP03331,REQ0073,S1,2026-02-05,20260205,2026-02-07,2,Advanced
EVT006276,APP03331,REQ0073,S2,2026-02-07,20260207,2026-02-08,1,Advanced
EVT006277,APP03331,REQ0073,S3,2026-02-08,20260208,2026-02-17,9,Advanced
EVT006278,APP03331,REQ0073,S4,2026-02-17,20260217,2026-02-22,5,Advanced
EVT006279,APP03331,REQ0073,S5,2026-02-22,20260222,2026-03-04,10,Advanced
EVT006280,APP03331,REQ0073,S6,2026-03-04,20260304,2026-03-12,8,Advanced
EVT006281,APP03331,REQ0073,S7,2026-03-12,20260312,2026-03-18,6,Advanced
EVT006282,APP03331,REQ0073,S8,2026-03-18,20260318,2026-03-18,0,Hired
EVT006283,APP03332,REQ0073,S1,2026-02-05,20260205,2026-02-08,3,Rejected
EVT006284,APP03333,REQ0073,S1,2026-02-14,20260214,2026-02-15,1,Advanced
EVT006285,APP03333,REQ0073,S2,2026-02-15,20260215,2026-02-17,2,Advanced
EVT006286,APP03333,REQ0073,S3,2026-02-17,20260217,2026-02-25,8,Advanced
EVT006287,APP03333,REQ0073,S4,2026-02-25,20260225,2026-03-02,5,Advanced
EVT006288,APP03333,REQ0073,S5,2026-03-02,20260302,2026-03-10,8,Rejected
EVT006289,APP03334,REQ0073,S1,2026-01-31,20260131,2026-02-01,1,Rejected
EVT006290,APP03335,REQ0073,S1,2026-02-11,20260211,2026-02-14,3,Advanced
EVT006291,APP03335,REQ0073,S2,2026-02-14,20260214,2026-02-16,2,Advanced
EVT006292,APP03335,REQ0073,S3,2026-02-16,20260216,2026-03-02,14,Advanced
EVT006293,APP03335,REQ0073,S4,2026-03-02,20260302,2026-03-06,4,Advanced
EVT006294,APP03335,REQ0073,S5,2026-03-06,20260306,2026-03-12,6,Advanced
EVT006295,APP03335,REQ0073,S6,2026-03-12,20260312,2026-03-17,5,Advanced
EVT006296,APP03335,REQ0073,S7,2026-03-17,20260317,2026-03-24,7,Rejected
EVT006297,APP03336,REQ0073,S1,2026-02-03,20260203,2026-02-04,1,Rejected
EVT006298,APP03337,REQ0073,S1,2026-01-15,20260115,2026-01-18,3,Advanced
EVT006299,APP03337,REQ0073,S2,2026-01-18,20260118,2026-01-21,3,Advanced
EVT006300,APP03337,REQ0073,S3,2026-01-21,20260121,2026-01-30,9,Rejected
EVT006301,APP03338,REQ0073,S1,2026-02-01,20260201,2026-02-03,2,Rejected
EVT006302,APP03339,REQ0073,S1,2026-01-24,20260124,2026-01-25,1,Advanced
EVT006303,APP03339,REQ0073,S2,2026-01-25,20260125,2026-01-28,3,Rejected
EVT006304,APP03340,REQ0073,S1,2026-01-26,20260126,2026-01-27,1,Rejected
EVT006305,APP03341,REQ0073,S1,2026-01-14,20260114,2026-01-16,2,Advanced
EVT006306,APP03341,REQ0073,S2,2026-01-16,20260116,2026-01-18,2,Advanced
EVT006307,APP03341,REQ0073,S3,2026-01-18,20260118,2026-01-23,5,Rejected
EVT006308,APP03342,REQ0073,S1,2026-02-02,20260202,2026-02-05,3,Advanced
EVT006309,APP03342,REQ0073,S2,2026-02-05,20260205,2026-02-11,6,Rejected
EVT006310,APP03343,REQ0073,S1,2026-02-15,20260215,2026-02-16,1,Advanced
EVT006311,APP03343,REQ0073,S2,2026-02-16,20260216,2026-02-18,2,Rejected
EVT006312,APP03344,REQ0073,S1,2026-02-06,20260206,2026-02-07,1,Advanced
EVT006313,APP03344,REQ0073,S2,2026-02-07,20260207,2026-02-10,3,Advanced
EVT006314,APP03344,REQ0073,S3,2026-02-10,20260210,2026-02-19,9,Rejected
EVT006315,APP03345,REQ0073,S1,2026-01-26,20260126,2026-01-27,1,Advanced
EVT006316,APP03345,REQ0073,S2,2026-01-27,20260127,2026-01-29,2,Advanced
EVT006317,APP03345,REQ0073,S3,2026-01-29,20260129,2026-02-07,9,Advanced
EVT006318,APP03345,REQ0073,S4,2026-02-07,20260207,2026-02-12,5,Advanced
EVT006319,APP03345,REQ0073,S5,2026-02-12,20260212,2026-02-23,11,Advanced
EVT006320,APP03345,REQ0073,S6,2026-02-23,20260223,2026-03-03,8,Advanced
EVT006321,APP03345,REQ0073,S7,2026-03-03,20260303,2026-03-09,6,Rejected
EVT006322,APP03346,REQ0073,S1,2026-02-03,20260203,2026-02-06,3,Advanced
EVT006323,APP03346,REQ0073,S2,2026-02-06,20260206,2026-02-09,3,Advanced
EVT006324,APP03346,REQ0073,S3,2026-02-09,20260209,2026-02-18,9,Rejected
EVT006325,APP03347,REQ0073,S1,2026-02-12,20260212,2026-02-13,1,Advanced
EVT006326,APP03347,REQ0073,S2,2026-02-13,20260213,2026-02-18,5,Rejected
EVT006327,APP03348,REQ0073,S1,2026-02-01,20260201,2026-02-02,1,Rejected
EVT006328,APP03349,REQ0073,S1,2026-02-11,20260211,2026-02-14,3,Rejected
EVT006329,APP03350,REQ0073,S1,2026-02-01,20260201,2026-02-02,1,Advanced
EVT006330,APP03350,REQ0073,S2,2026-02-02,20260202,2026-02-04,2,Advanced
EVT006331,APP03350,REQ0073,S3,2026-02-04,20260204,2026-02-09,5,Rejected
EVT006332,APP03351,REQ0073,S1,2026-01-18,20260118,2026-01-19,1,Rejected
EVT006333,APP03352,REQ0073,S1,2026-02-02,20260202,2026-02-04,2,Rejected
EVT006334,APP03353,REQ0073,S1,2026-02-04,20260204,2026-02-06,2,Rejected
EVT006335,APP03354,REQ0073,S1,2026-01-27,20260127,2026-01-30,3,Advanced
EVT006336,APP03354,REQ0073,S2,2026-01-30,20260130,2026-02-02,3,Advanced
EVT006337,APP03354,REQ0073,S3,2026-02-02,20260202,2026-02-15,13,Advanced
EVT006338,APP03354,REQ0073,S4,2026-02-15,20260215,2026-02-23,8,Rejected
EVT006339,APP03355,REQ0073,S1,2026-01-21,20260121,2026-01-22,1,Advanced
EVT006340,APP03355,REQ0073,S2,2026-01-22,20260122,2026-01-24,2,Rejected
EVT006341,APP03356,REQ0073,S1,2026-02-16,20260216,2026-02-17,1,Advanced
EVT006342,APP03356,REQ0073,S2,2026-02-17,20260217,2026-02-23,6,Rejected
EVT006343,APP03357,REQ0073,S1,2026-01-22,20260122,2026-01-23,1,Rejected
EVT006344,APP03358,REQ0074,S1,2025-07-20,20250720,2025-07-21,1,Rejected
EVT006345,APP03359,REQ0074,S1,2025-07-14,20250714,2025-07-16,2,Rejected
EVT006346,APP03360,REQ0074,S1,2025-07-13,20250713,2025-07-15,2,Rejected
EVT006347,APP03361,REQ0074,S1,2025-07-11,20250711,2025-07-13,2,Advanced
EVT006348,APP03361,REQ0074,S2,2025-07-13,20250713,2025-07-18,5,Rejected
EVT006349,APP03362,REQ0074,S1,2025-07-22,20250722,2025-07-25,3,Advanced
EVT006350,APP03362,REQ0074,S2,2025-07-25,20250725,2025-07-30,5,Advanced
EVT006351,APP03362,REQ0074,S3,2025-07-30,20250730,2025-08-03,4,Advanced
EVT006352,APP03362,REQ0074,S4,2025-08-03,20250803,2025-08-10,7,Rejected
EVT006353,APP03363,REQ0074,S1,2025-07-16,20250716,2025-07-19,3,Advanced
EVT006354,APP03363,REQ0074,S2,2025-07-19,20250719,2025-07-24,5,Advanced
EVT006355,APP03363,REQ0074,S3,2025-07-24,20250724,2025-07-28,4,Advanced
EVT006356,APP03363,REQ0074,S4,2025-07-28,20250728,2025-08-03,6,Advanced
EVT006357,APP03363,REQ0074,S5,2025-08-03,20250803,2025-08-10,7,Advanced
EVT006358,APP03363,REQ0074,S6,2025-08-10,20250810,2025-08-15,5,Rejected
EVT006359,APP03364,REQ0074,S1,2025-07-18,20250718,2025-07-20,2,Rejected
EVT006360,APP03365,REQ0074,S1,2025-07-12,20250712,2025-07-14,2,Rejected
EVT006361,APP03366,REQ0074,S1,2025-07-11,20250711,2025-07-13,2,Rejected
EVT006362,APP03367,REQ0074,S1,2025-07-13,20250713,2025-07-14,1,Advanced
EVT006363,APP03367,REQ0074,S2,2025-07-14,20250714,2025-07-19,5,Rejected
EVT006364,APP03368,REQ0074,S1,2025-07-19,20250719,2025-07-21,2,Advanced
EVT006365,APP03368,REQ0074,S2,2025-07-21,20250721,2025-07-24,3,Advanced
EVT006366,APP03368,REQ0074,S3,2025-07-24,20250724,2025-07-30,6,Rejected
EVT006367,APP03369,REQ0074,S1,2025-07-22,20250722,2025-07-25,3,Rejected
EVT006368,APP03370,REQ0074,S1,2025-07-23,20250723,2025-07-24,1,Rejected
EVT006369,APP03371,REQ0074,S1,2025-07-14,20250714,2025-07-17,3,Rejected
EVT006370,APP03372,REQ0074,S1,2025-07-12,20250712,2025-07-13,1,Rejected
EVT006371,APP03373,REQ0074,S1,2025-07-18,20250718,2025-07-19,1,Rejected
EVT006372,APP03374,REQ0074,S1,2025-07-18,20250718,2025-07-21,3,Advanced
EVT006373,APP03374,REQ0074,S2,2025-07-21,20250721,2025-07-24,3,Rejected
EVT006374,APP03375,REQ0074,S1,2025-07-13,20250713,2025-07-15,2,Rejected
EVT006375,APP03376,REQ0074,S1,2025-07-16,20250716,2025-07-17,1,Advanced
EVT006376,APP03376,REQ0074,S2,2025-07-17,20250717,2025-07-23,6,Advanced
EVT006377,APP03376,REQ0074,S3,2025-07-23,20250723,2025-07-31,8,Rejected
EVT006378,APP03377,REQ0074,S1,2025-07-21,20250721,2025-07-22,1,Rejected
EVT006379,APP03378,REQ0074,S1,2025-07-20,20250720,2025-07-21,1,Rejected
EVT006380,APP03379,REQ0074,S1,2025-07-17,20250717,2025-07-19,2,Advanced
EVT006381,APP03379,REQ0074,S2,2025-07-19,20250719,2025-07-23,4,Advanced
EVT006382,APP03379,REQ0074,S3,2025-07-23,20250723,2025-07-31,8,Rejected
EVT006383,APP03380,REQ0074,S1,2025-07-19,20250719,2025-07-20,1,Advanced
EVT006384,APP03380,REQ0074,S2,2025-07-20,20250720,2025-07-26,6,Advanced
EVT006385,APP03380,REQ0074,S3,2025-07-26,20250726,2025-08-06,11,Advanced
EVT006386,APP03380,REQ0074,S4,2025-08-06,20250806,2025-08-09,3,Advanced
EVT006387,APP03380,REQ0074,S5,2025-08-09,20250809,2025-08-20,11,Advanced
EVT006388,APP03380,REQ0074,S6,2025-08-20,20250820,2025-08-27,7,Rejected
EVT006389,APP03381,REQ0074,S1,2025-07-17,20250717,2025-07-18,1,Advanced
EVT006390,APP03381,REQ0074,S2,2025-07-18,20250718,2025-07-24,6,Advanced
EVT006391,APP03381,REQ0074,S3,2025-07-24,20250724,2025-08-02,9,Advanced
EVT006392,APP03381,REQ0074,S4,2025-08-02,20250802,2025-08-08,6,Advanced
EVT006393,APP03381,REQ0074,S5,2025-08-08,20250808,2025-08-16,8,Advanced
EVT006394,APP03381,REQ0074,S6,2025-08-16,20250816,2025-08-21,5,Rejected
EVT006395,APP03382,REQ0074,S1,2025-07-20,20250720,2025-07-22,2,Rejected
EVT006396,APP03383,REQ0074,S1,2025-07-18,20250718,2025-07-19,1,Advanced
EVT006397,APP03383,REQ0074,S2,2025-07-19,20250719,2025-07-21,2,Advanced
EVT006398,APP03383,REQ0074,S3,2025-07-21,20250721,2025-07-26,5,Rejected
EVT006399,APP03384,REQ0074,S1,2025-07-20,20250720,2025-07-23,3,Rejected
EVT006400,APP03385,REQ0074,S1,2025-07-11,20250711,2025-07-12,1,Rejected
EVT006401,APP03386,REQ0074,S1,2025-07-12,20250712,2025-07-15,3,Rejected
EVT006402,APP03387,REQ0074,S1,2025-07-16,20250716,2025-07-19,3,Rejected
EVT006403,APP03388,REQ0074,S1,2025-07-14,20250714,2025-07-15,1,Rejected
EVT006404,APP03389,REQ0074,S1,2025-07-16,20250716,2025-07-18,2,Advanced
EVT006405,APP03389,REQ0074,S2,2025-07-18,20250718,2025-07-22,4,Advanced
EVT006406,APP03389,REQ0074,S3,2025-07-22,20250722,2025-08-04,13,Rejected
EVT006407,APP03390,REQ0074,S1,2025-07-15,20250715,2025-07-17,2,Rejected
EVT006408,APP03391,REQ0074,S1,2025-07-14,20250714,2025-07-17,3,Rejected
EVT006409,APP03392,REQ0074,S1,2025-07-20,20250720,2025-07-21,1,Rejected
EVT006410,APP03393,REQ0075,S1,2025-07-22,20250722,2025-07-23,1,Rejected
EVT006411,APP03394,REQ0075,S1,2025-08-09,20250809,2025-08-11,2,Rejected
EVT006412,APP03395,REQ0075,S1,2025-08-02,20250802,2025-08-03,1,Advanced
EVT006413,APP03395,REQ0075,S2,2025-08-03,20250803,2025-08-06,3,Rejected
EVT006414,APP03396,REQ0075,S1,2025-07-22,20250722,2025-07-25,3,Rejected
EVT006415,APP03397,REQ0075,S1,2025-08-15,20250815,2025-08-17,2,Rejected
EVT006416,APP03398,REQ0075,S1,2025-08-12,20250812,2025-08-15,3,Advanced
EVT006417,APP03398,REQ0075,S2,2025-08-15,20250815,2025-08-17,2,Advanced
EVT006418,APP03398,REQ0075,S3,2025-08-17,20250817,2025-08-25,8,Advanced
EVT006419,APP03398,REQ0075,S4,2025-08-25,20250825,2025-09-01,7,Advanced
EVT006420,APP03398,REQ0075,S5,2025-09-01,20250901,2025-09-11,10,Rejected
EVT006421,APP03399,REQ0075,S1,2025-08-08,20250808,2025-08-09,1,Advanced
EVT006422,APP03399,REQ0075,S2,2025-08-09,20250809,2025-08-11,2,Rejected
EVT006423,APP03400,REQ0075,S1,2025-08-09,20250809,2025-08-11,2,Advanced
EVT006424,APP03400,REQ0075,S2,2025-08-11,20250811,2025-08-15,4,Advanced
EVT006425,APP03400,REQ0075,S3,2025-08-15,20250815,2025-08-23,8,Rejected
EVT006426,APP03401,REQ0075,S1,2025-08-16,20250816,2025-08-17,1,Rejected
EVT006427,APP03402,REQ0075,S1,2025-08-03,20250803,2025-08-04,1,Rejected
EVT006428,APP03403,REQ0075,S1,2025-07-29,20250729,2025-07-30,1,Rejected
EVT006429,APP03404,REQ0075,S1,2025-08-03,20250803,2025-08-04,1,Advanced
EVT006430,APP03404,REQ0075,S2,2025-08-04,20250804,2025-08-08,4,Rejected
EVT006431,APP03405,REQ0075,S1,2025-08-13,20250813,2025-08-14,1,Advanced
EVT006432,APP03405,REQ0075,S2,2025-08-14,20250814,2025-08-16,2,Advanced
EVT006433,APP03405,REQ0075,S3,2025-08-16,20250816,2025-08-22,6,Advanced
EVT006434,APP03405,REQ0075,S4,2025-08-22,20250822,2025-08-28,6,Advanced
EVT006435,APP03405,REQ0075,S5,2025-08-28,20250828,2025-09-05,8,Advanced
EVT006436,APP03405,REQ0075,S6,2025-09-05,20250905,2025-09-09,4,Rejected
EVT006437,APP03406,REQ0075,S1,2025-07-24,20250724,2025-07-26,2,Rejected
EVT006438,APP03407,REQ0075,S1,2025-08-09,20250809,2025-08-11,2,Rejected
EVT006439,APP03408,REQ0075,S1,2025-07-30,20250730,2025-07-31,1,Rejected
EVT006440,APP03409,REQ0075,S1,2025-08-08,20250808,2025-08-11,3,Rejected
EVT006441,APP03410,REQ0075,S1,2025-08-02,20250802,2025-08-04,2,Advanced
EVT006442,APP03410,REQ0075,S2,2025-08-04,20250804,2025-08-10,6,Advanced
EVT006443,APP03410,REQ0075,S3,2025-08-10,20250810,2025-08-23,13,Rejected
EVT006444,APP03411,REQ0076,S1,2026-04-11,20260411,2026-04-12,1,Rejected
EVT006445,APP03412,REQ0076,S1,2026-04-27,20260427,2026-04-29,2,Rejected
EVT006446,APP03413,REQ0076,S1,2026-04-14,20260414,2026-04-16,2,Rejected
EVT006447,APP03414,REQ0076,S1,2026-04-11,20260411,2026-04-14,3,Rejected
EVT006448,APP03415,REQ0076,S1,2026-05-06,20260506,2026-05-08,2,Advanced
EVT006449,APP03415,REQ0076,S2,2026-05-08,20260508,2026-05-14,6,Advanced
EVT006450,APP03415,REQ0076,S3,2026-05-14,20260514,2026-05-26,12,Advanced
EVT006451,APP03415,REQ0076,S4,2026-05-26,20260526,2026-05-29,3,Advanced
EVT006452,APP03415,REQ0076,S5,2026-05-29,20260529,2026-06-02,4,Rejected
EVT006453,APP03416,REQ0076,S1,2026-05-09,20260509,2026-05-11,2,Advanced
EVT006454,APP03416,REQ0076,S2,2026-05-11,20260511,2026-05-16,5,Advanced
EVT006455,APP03416,REQ0076,S3,2026-05-16,20260516,2026-05-29,13,Advanced
EVT006456,APP03416,REQ0076,S4,2026-05-29,20260529,2026-06-03,5,Advanced
EVT006457,APP03416,REQ0076,S5,2026-06-03,20260603,2026-06-10,7,Advanced
EVT006458,APP03416,REQ0076,S6,2026-06-10,20260610,2026-06-19,9,Rejected
EVT006459,APP03417,REQ0076,S1,2026-05-13,20260513,2026-05-15,2,Rejected
EVT006460,APP03418,REQ0076,S1,2026-05-07,20260507,2026-05-09,2,Rejected
EVT006461,APP03419,REQ0076,S1,2026-04-12,20260412,2026-04-15,3,Advanced
EVT006462,APP03419,REQ0076,S2,2026-04-15,20260415,2026-04-18,3,Advanced
EVT006463,APP03419,REQ0076,S3,2026-04-18,20260418,2026-04-29,11,Advanced
EVT006464,APP03419,REQ0076,S4,2026-04-29,20260429,2026-05-04,5,Advanced
EVT006465,APP03419,REQ0076,S5,2026-05-04,20260504,2026-05-14,10,Advanced
EVT006466,APP03419,REQ0076,S6,2026-05-14,20260514,2026-05-21,7,Advanced
EVT006467,APP03419,REQ0076,S7,2026-05-21,20260521,2026-05-31,10,Rejected
EVT006468,APP03420,REQ0076,S1,2026-04-17,20260417,2026-04-18,1,Advanced
EVT006469,APP03420,REQ0076,S2,2026-04-18,20260418,2026-04-23,5,Rejected
EVT006470,APP03421,REQ0076,S1,2026-05-07,20260507,2026-05-09,2,Rejected
EVT006471,APP03422,REQ0076,S1,2026-05-05,20260505,2026-05-07,2,Rejected
EVT006472,APP03423,REQ0076,S1,2026-04-10,20260410,2026-04-11,1,Advanced
EVT006473,APP03423,REQ0076,S2,2026-04-11,20260411,2026-04-17,6,Advanced
EVT006474,APP03423,REQ0076,S3,2026-04-17,20260417,2026-04-23,6,Advanced
EVT006475,APP03423,REQ0076,S4,2026-04-23,20260423,2026-05-01,8,Advanced
EVT006476,APP03423,REQ0076,S5,2026-05-01,20260501,2026-05-09,8,Advanced
EVT006477,APP03423,REQ0076,S6,2026-05-09,20260509,2026-05-12,3,Advanced
EVT006478,APP03423,REQ0076,S7,2026-05-12,20260512,2026-05-22,10,Advanced
EVT006479,APP03423,REQ0076,S8,2026-05-22,20260522,2026-05-22,0,Hired
EVT006480,APP03424,REQ0076,S1,2026-04-19,20260419,2026-04-22,3,Advanced
EVT006481,APP03424,REQ0076,S2,2026-04-22,20260422,2026-04-26,4,Rejected
EVT006482,APP03425,REQ0076,S1,2026-05-12,20260512,2026-05-15,3,Advanced
EVT006483,APP03425,REQ0076,S2,2026-05-15,20260515,2026-05-17,2,Advanced
EVT006484,APP03425,REQ0076,S3,2026-05-17,20260517,2026-05-31,14,Rejected
EVT006485,APP03426,REQ0076,S1,2026-04-13,20260413,2026-04-16,3,Rejected
EVT006486,APP03427,REQ0076,S1,2026-05-07,20260507,2026-05-08,1,Advanced
EVT006487,APP03427,REQ0076,S2,2026-05-08,20260508,2026-05-12,4,Rejected
EVT006488,APP03428,REQ0076,S1,2026-04-28,20260428,2026-04-29,1,Advanced
EVT006489,APP03428,REQ0076,S2,2026-04-29,20260429,2026-05-01,2,Rejected
EVT006490,APP03429,REQ0076,S1,2026-04-19,20260419,2026-04-21,2,Rejected
EVT006491,APP03430,REQ0076,S1,2026-04-16,20260416,2026-04-18,2,Advanced
EVT006492,APP03430,REQ0076,S2,2026-04-18,20260418,2026-04-24,6,Advanced
EVT006493,APP03430,REQ0076,S3,2026-04-24,20260424,2026-05-04,10,Advanced
EVT006494,APP03430,REQ0076,S4,2026-05-04,20260504,2026-05-12,8,Advanced
EVT006495,APP03430,REQ0076,S5,2026-05-12,20260512,2026-05-16,4,Advanced
EVT006496,APP03430,REQ0076,S6,2026-05-16,20260516,2026-05-22,6,Rejected
EVT006497,APP03431,REQ0076,S1,2026-04-28,20260428,2026-04-30,2,Rejected
EVT006498,APP03432,REQ0076,S1,2026-04-25,20260425,2026-04-28,3,Rejected
EVT006499,APP03433,REQ0076,S1,2026-04-24,20260424,2026-04-25,1,Rejected
EVT006500,APP03434,REQ0076,S1,2026-04-23,20260423,2026-04-25,2,Advanced
EVT006501,APP03434,REQ0076,S2,2026-04-25,20260425,2026-04-29,4,Advanced
EVT006502,APP03434,REQ0076,S3,2026-04-29,20260429,2026-05-08,9,Advanced
EVT006503,APP03434,REQ0076,S4,2026-05-08,20260508,2026-05-14,6,Rejected
EVT006504,APP03435,REQ0076,S1,2026-05-04,20260504,2026-05-06,2,Advanced
EVT006505,APP03435,REQ0076,S2,2026-05-06,20260506,2026-05-11,5,Advanced
EVT006506,APP03435,REQ0076,S3,2026-05-11,20260511,2026-05-23,12,Advanced
EVT006507,APP03435,REQ0076,S4,2026-05-23,20260523,2026-05-27,4,Advanced
EVT006508,APP03435,REQ0076,S5,2026-05-27,20260527,2026-06-01,5,Advanced
EVT006509,APP03435,REQ0076,S6,2026-06-01,20260601,2026-06-10,9,Rejected
EVT006510,APP03436,REQ0076,S1,2026-05-11,20260511,2026-05-13,2,Rejected
EVT006511,APP03437,REQ0076,S1,2026-05-02,20260502,2026-05-03,1,Rejected
EVT006512,APP03438,REQ0076,S1,2026-04-19,20260419,2026-04-20,1,Rejected
EVT006513,APP03439,REQ0076,S1,2026-05-03,20260503,2026-05-06,3,Advanced
EVT006514,APP03439,REQ0076,S2,2026-05-06,20260506,2026-05-12,6,Rejected
EVT006515,APP03440,REQ0076,S1,2026-04-13,20260413,2026-04-14,1,Rejected
EVT006516,APP03441,REQ0076,S1,2026-05-07,20260507,2026-05-08,1,Advanced
EVT006517,APP03441,REQ0076,S2,2026-05-08,20260508,2026-05-11,3,Rejected
EVT006518,APP03442,REQ0076,S1,2026-05-02,20260502,2026-05-03,1,Rejected
EVT006519,APP03443,REQ0076,S1,2026-04-10,20260410,2026-04-12,2,Rejected
EVT006520,APP03444,REQ0076,S1,2026-04-18,20260418,2026-04-19,1,Rejected
EVT006521,APP03445,REQ0076,S1,2026-05-04,20260504,2026-05-06,2,Rejected
EVT006522,APP03446,REQ0076,S1,2026-04-28,20260428,2026-04-29,1,Rejected
EVT006523,APP03447,REQ0076,S1,2026-05-06,20260506,2026-05-07,1,Advanced
EVT006524,APP03447,REQ0076,S2,2026-05-07,20260507,2026-05-09,2,Rejected
EVT006525,APP03448,REQ0076,S1,2026-04-13,20260413,2026-04-15,2,Advanced
EVT006526,APP03448,REQ0076,S2,2026-04-15,20260415,2026-04-17,2,Advanced
EVT006527,APP03448,REQ0076,S3,2026-04-17,20260417,2026-04-21,4,Advanced
EVT006528,APP03448,REQ0076,S4,2026-04-21,20260421,2026-04-24,3,Advanced
EVT006529,APP03448,REQ0076,S5,2026-04-24,20260424,2026-05-04,10,Advanced
EVT006530,APP03448,REQ0076,S6,2026-05-04,20260504,2026-05-13,9,Advanced
EVT006531,APP03448,REQ0076,S7,2026-05-13,20260513,2026-05-18,5,Rejected
EVT006532,APP03449,REQ0076,S1,2026-05-10,20260510,2026-05-12,2,Rejected
EVT006533,APP03450,REQ0076,S1,2026-05-05,20260505,2026-05-08,3,Advanced
EVT006534,APP03450,REQ0076,S2,2026-05-08,20260508,2026-05-11,3,Rejected
EVT006535,APP03451,REQ0076,S1,2026-04-17,20260417,2026-04-18,1,Advanced
EVT006536,APP03451,REQ0076,S2,2026-04-18,20260418,2026-04-24,6,Advanced
EVT006537,APP03451,REQ0076,S3,2026-04-24,20260424,2026-05-03,9,Advanced
EVT006538,APP03451,REQ0076,S4,2026-05-03,20260503,2026-05-08,5,Advanced
EVT006539,APP03451,REQ0076,S5,2026-05-08,20260508,2026-05-15,7,Advanced
EVT006540,APP03451,REQ0076,S6,2026-05-15,20260515,2026-05-18,3,Rejected
EVT006541,APP03452,REQ0076,S1,2026-04-09,20260409,2026-04-11,2,Rejected
EVT006542,APP03453,REQ0076,S1,2026-04-21,20260421,2026-04-24,3,Rejected
EVT006543,APP03454,REQ0076,S1,2026-04-17,20260417,2026-04-20,3,Rejected
EVT006544,APP03455,REQ0076,S1,2026-05-11,20260511,2026-05-13,2,Advanced
EVT006545,APP03455,REQ0076,S2,2026-05-13,20260513,2026-05-19,6,Advanced
EVT006546,APP03455,REQ0076,S3,2026-05-19,20260519,2026-05-29,10,Advanced
EVT006547,APP03455,REQ0076,S4,2026-05-29,20260529,2026-06-01,3,Advanced
EVT006548,APP03455,REQ0076,S5,2026-06-01,20260601,2026-06-11,10,Rejected
EVT006549,APP03456,REQ0076,S1,2026-04-29,20260429,2026-05-02,3,Advanced
EVT006550,APP03456,REQ0076,S2,2026-05-02,20260502,2026-05-08,6,Advanced
EVT006551,APP03456,REQ0076,S3,2026-05-08,20260508,2026-05-18,10,Rejected
EVT006552,APP03457,REQ0077,S1,2024-11-18,20241118,2024-11-21,3,Rejected
EVT006553,APP03458,REQ0077,S1,2024-11-13,20241113,2024-11-15,2,Advanced
EVT006554,APP03458,REQ0077,S2,2024-11-15,20241115,2024-11-20,5,Advanced
EVT006555,APP03458,REQ0077,S3,2024-11-20,20241120,2024-11-29,9,Advanced
EVT006556,APP03458,REQ0077,S4,2024-11-29,20241129,2024-12-05,6,Rejected
EVT006557,APP03459,REQ0077,S1,2024-10-27,20241027,2024-10-30,3,Advanced
EVT006558,APP03459,REQ0077,S2,2024-10-30,20241030,2024-11-05,6,Advanced
EVT006559,APP03459,REQ0077,S3,2024-11-05,20241105,2024-11-15,10,Advanced
EVT006560,APP03459,REQ0077,S4,2024-11-15,20241115,2024-11-21,6,Advanced
EVT006561,APP03459,REQ0077,S5,2024-11-21,20241121,2024-11-28,7,Advanced
EVT006562,APP03459,REQ0077,S6,2024-11-28,20241128,2024-12-04,6,Advanced
EVT006563,APP03459,REQ0077,S7,2024-12-04,20241204,2024-12-10,6,Rejected
EVT006564,APP03460,REQ0077,S1,2024-11-01,20241101,2024-11-02,1,Rejected
EVT006565,APP03461,REQ0077,S1,2024-11-01,20241101,2024-11-03,2,Rejected
EVT006566,APP03462,REQ0077,S1,2024-10-08,20241008,2024-10-09,1,Rejected
EVT006567,APP03463,REQ0077,S1,2024-10-31,20241031,2024-11-01,1,Advanced
EVT006568,APP03463,REQ0077,S2,2024-11-01,20241101,2024-11-02,1,Rejected
EVT006569,APP03464,REQ0077,S1,2024-11-11,20241111,2024-11-12,1,Rejected
EVT006570,APP03465,REQ0077,S1,2024-11-01,20241101,2024-11-02,1,Rejected
EVT006571,APP03466,REQ0077,S1,2024-10-25,20241025,2024-10-28,3,Rejected
EVT006572,APP03467,REQ0077,S1,2024-11-04,20241104,2024-11-05,1,Rejected
EVT006573,APP03468,REQ0077,S1,2024-10-17,20241017,2024-10-20,3,Advanced
EVT006574,APP03468,REQ0077,S2,2024-10-20,20241020,2024-10-25,5,Rejected
EVT006575,APP03469,REQ0077,S1,2024-11-19,20241119,2024-11-20,1,Rejected
EVT006576,APP03470,REQ0077,S1,2024-10-15,20241015,2024-10-18,3,Advanced
EVT006577,APP03470,REQ0077,S2,2024-10-18,20241018,2024-10-21,3,Rejected
EVT006578,APP03471,REQ0077,S1,2024-10-19,20241019,2024-10-20,1,Rejected
EVT006579,APP03472,REQ0077,S1,2024-11-02,20241102,2024-11-03,1,Rejected
EVT006580,APP03473,REQ0077,S1,2024-10-24,20241024,2024-10-25,1,Rejected
EVT006581,APP03474,REQ0077,S1,2024-11-18,20241118,2024-11-19,1,Advanced
EVT006582,APP03474,REQ0077,S2,2024-11-19,20241119,2024-11-23,4,Advanced
EVT006583,APP03474,REQ0077,S3,2024-11-23,20241123,2024-12-01,8,Rejected
EVT006584,APP03475,REQ0077,S1,2024-10-27,20241027,2024-10-28,1,Rejected
EVT006585,APP03476,REQ0077,S1,2024-11-14,20241114,2024-11-16,2,Rejected
EVT006586,APP03477,REQ0077,S1,2024-10-26,20241026,2024-10-28,2,Advanced
EVT006587,APP03477,REQ0077,S2,2024-10-28,20241028,2024-11-02,5,Rejected
EVT006588,APP03478,REQ0077,S1,2024-11-18,20241118,2024-11-19,1,Rejected
EVT006589,APP03479,REQ0077,S1,2024-10-08,20241008,2024-10-09,1,Rejected
EVT006590,APP03480,REQ0077,S1,2024-10-13,20241013,2024-10-15,2,Rejected
EVT006591,APP03481,REQ0077,S1,2024-10-24,20241024,2024-10-27,3,Rejected
EVT006592,APP03482,REQ0077,S1,2024-10-09,20241009,2024-10-12,3,Advanced
EVT006593,APP03482,REQ0077,S2,2024-10-12,20241012,2024-10-17,5,Rejected
EVT006594,APP03483,REQ0077,S1,2024-11-19,20241119,2024-11-21,2,Rejected
EVT006595,APP03484,REQ0077,S1,2024-11-10,20241110,2024-11-12,2,Rejected
EVT006596,APP03485,REQ0077,S1,2024-10-07,20241007,2024-10-10,3,Rejected
EVT006597,APP03486,REQ0077,S1,2024-11-05,20241105,2024-11-06,1,Advanced
EVT006598,APP03486,REQ0077,S2,2024-11-06,20241106,2024-11-10,4,Advanced
EVT006599,APP03486,REQ0077,S3,2024-11-10,20241110,2024-11-23,13,Advanced
EVT006600,APP03486,REQ0077,S4,2024-11-23,20241123,2024-12-01,8,Advanced
EVT006601,APP03486,REQ0077,S5,2024-12-01,20241201,2024-12-11,10,Rejected
EVT006602,APP03487,REQ0077,S1,2024-11-10,20241110,2024-11-11,1,Advanced
EVT006603,APP03487,REQ0077,S2,2024-11-11,20241111,2024-11-14,3,Advanced
EVT006604,APP03487,REQ0077,S3,2024-11-14,20241114,2024-11-23,9,Advanced
EVT006605,APP03487,REQ0077,S4,2024-11-23,20241123,2024-11-27,4,Advanced
EVT006606,APP03487,REQ0077,S5,2024-11-27,20241127,2024-12-02,5,Advanced
EVT006607,APP03487,REQ0077,S6,2024-12-02,20241202,2024-12-09,7,Advanced
EVT006608,APP03487,REQ0077,S7,2024-12-09,20241209,2024-12-13,4,Advanced
EVT006609,APP03487,REQ0077,S8,2024-12-13,20241213,2024-12-13,0,Hired
EVT006610,APP03488,REQ0077,S1,2024-10-29,20241029,2024-10-30,1,Rejected
EVT006611,APP03489,REQ0077,S1,2024-11-19,20241119,2024-11-20,1,Advanced
EVT006612,APP03489,REQ0077,S2,2024-11-20,20241120,2024-11-22,2,Advanced
EVT006613,APP03489,REQ0077,S3,2024-11-22,20241122,2024-12-01,9,Rejected
EVT006614,APP03490,REQ0077,S1,2024-10-10,20241010,2024-10-11,1,Rejected
EVT006615,APP03491,REQ0077,S1,2024-11-12,20241112,2024-11-14,2,Advanced
EVT006616,APP03491,REQ0077,S2,2024-11-14,20241114,2024-11-17,3,Advanced
EVT006617,APP03491,REQ0077,S3,2024-11-17,20241117,2024-11-29,12,Rejected
EVT006618,APP03492,REQ0077,S1,2024-10-18,20241018,2024-10-20,2,Rejected
EVT006619,APP03493,REQ0077,S1,2024-11-14,20241114,2024-11-15,1,Rejected
EVT006620,APP03494,REQ0077,S1,2024-10-24,20241024,2024-10-27,3,Advanced
EVT006621,APP03494,REQ0077,S2,2024-10-27,20241027,2024-10-29,2,Advanced
EVT006622,APP03494,REQ0077,S3,2024-10-29,20241029,2024-11-04,6,Rejected
EVT006623,APP03495,REQ0077,S1,2024-10-18,20241018,2024-10-20,2,Advanced
EVT006624,APP03495,REQ0077,S2,2024-10-20,20241020,2024-10-26,6,Rejected
EVT006625,APP03496,REQ0077,S1,2024-11-08,20241108,2024-11-10,2,Rejected
EVT006626,APP03497,REQ0077,S1,2024-10-16,20241016,2024-10-17,1,Rejected
EVT006627,APP03498,REQ0077,S1,2024-11-15,20241115,2024-11-16,1,Advanced
EVT006628,APP03498,REQ0077,S2,2024-11-16,20241116,2024-11-19,3,Rejected
EVT006629,APP03499,REQ0077,S1,2024-10-22,20241022,2024-10-23,1,Advanced
EVT006630,APP03499,REQ0077,S2,2024-10-23,20241023,2024-10-25,2,Advanced
EVT006631,APP03499,REQ0077,S3,2024-10-25,20241025,2024-11-03,9,Advanced
EVT006632,APP03499,REQ0077,S4,2024-11-03,20241103,2024-11-11,8,Advanced
EVT006633,APP03499,REQ0077,S5,2024-11-11,20241111,2024-11-22,11,Rejected
EVT006634,APP03500,REQ0077,S1,2024-11-18,20241118,2024-11-20,2,Rejected
EVT006635,APP03501,REQ0077,S1,2024-11-10,20241110,2024-11-11,1,Advanced
EVT006636,APP03501,REQ0077,S2,2024-11-11,20241111,2024-11-13,2,Advanced
EVT006637,APP03501,REQ0077,S3,2024-11-13,20241113,2024-11-21,8,Rejected
EVT006638,APP03502,REQ0077,S1,2024-10-14,20241014,2024-10-16,2,Advanced
EVT006639,APP03502,REQ0077,S2,2024-10-16,20241016,2024-10-20,4,Rejected
EVT006640,APP03503,REQ0077,S1,2024-11-21,20241121,2024-11-22,1,Rejected
EVT006641,APP03504,REQ0077,S1,2024-10-16,20241016,2024-10-17,1,Advanced
EVT006642,APP03504,REQ0077,S2,2024-10-17,20241017,2024-10-21,4,Advanced
EVT006643,APP03504,REQ0077,S3,2024-10-21,20241021,2024-10-27,6,Rejected
EVT006644,APP03505,REQ0077,S1,2024-11-04,20241104,2024-11-05,1,Advanced
EVT006645,APP03505,REQ0077,S2,2024-11-05,20241105,2024-11-09,4,Rejected
EVT006646,APP03506,REQ0077,S1,2024-11-01,20241101,2024-11-03,2,Rejected
EVT006647,APP03507,REQ0077,S1,2024-10-15,20241015,2024-10-16,1,Advanced
EVT006648,APP03507,REQ0077,S2,2024-10-16,20241016,2024-10-18,2,Advanced
EVT006649,APP03507,REQ0077,S3,2024-10-18,20241018,2024-10-25,7,Advanced
EVT006650,APP03507,REQ0077,S4,2024-10-25,20241025,2024-10-31,6,Advanced
EVT006651,APP03507,REQ0077,S5,2024-10-31,20241031,2024-11-09,9,Advanced
EVT006652,APP03507,REQ0077,S6,2024-11-09,20241109,2024-11-14,5,Rejected
EVT006653,APP03508,REQ0077,S1,2024-11-05,20241105,2024-11-08,3,Rejected
EVT006654,APP03509,REQ0077,S1,2024-10-24,20241024,2024-10-25,1,Advanced
EVT006655,APP03509,REQ0077,S2,2024-10-25,20241025,2024-10-30,5,Advanced
EVT006656,APP03509,REQ0077,S3,2024-10-30,20241030,2024-11-07,8,Advanced
EVT006657,APP03509,REQ0077,S4,2024-11-07,20241107,2024-11-13,6,Advanced
EVT006658,APP03509,REQ0077,S5,2024-11-13,20241113,2024-11-22,9,Advanced
EVT006659,APP03509,REQ0077,S6,2024-11-22,20241122,2024-11-25,3,Advanced
EVT006660,APP03509,REQ0077,S7,2024-11-25,20241125,2024-12-02,7,Advanced
EVT006661,APP03509,REQ0077,S8,2024-12-02,20241202,2024-12-02,0,Hired
EVT006662,APP03510,REQ0077,S1,2024-10-19,20241019,2024-10-22,3,Advanced
EVT006663,APP03510,REQ0077,S2,2024-10-22,20241022,2024-10-25,3,Advanced
EVT006664,APP03510,REQ0077,S3,2024-10-25,20241025,2024-11-05,11,Rejected
EVT006665,APP03511,REQ0077,S1,2024-10-07,20241007,2024-10-09,2,Advanced
EVT006666,APP03511,REQ0077,S2,2024-10-09,20241009,2024-10-12,3,Rejected
EVT006667,APP03512,REQ0077,S1,2024-11-19,20241119,2024-11-20,1,Rejected
EVT006668,APP03513,REQ0077,S1,2024-10-12,20241012,2024-10-15,3,Rejected
EVT006669,APP03514,REQ0078,S1,2024-11-17,20241117,2024-11-19,2,Rejected
EVT006670,APP03515,REQ0078,S1,2024-10-27,20241027,2024-10-28,1,Rejected
EVT006671,APP03516,REQ0078,S1,2024-11-01,20241101,2024-11-03,2,Rejected
EVT006672,APP03517,REQ0078,S1,2024-10-24,20241024,2024-10-25,1,Rejected
EVT006673,APP03518,REQ0078,S1,2024-11-15,20241115,2024-11-17,2,Rejected
EVT006674,APP03519,REQ0078,S1,2024-10-31,20241031,2024-11-01,1,Rejected
EVT006675,APP03520,REQ0078,S1,2024-11-03,20241103,2024-11-05,2,Advanced
EVT006676,APP03520,REQ0078,S2,2024-11-05,20241105,2024-11-09,4,Rejected
EVT006677,APP03521,REQ0078,S1,2024-10-13,20241013,2024-10-14,1,Rejected
EVT006678,APP03522,REQ0078,S1,2024-11-22,20241122,2024-11-25,3,Advanced
EVT006679,APP03522,REQ0078,S2,2024-11-25,20241125,2024-11-27,2,Rejected
EVT006680,APP03523,REQ0078,S1,2024-11-11,20241111,2024-11-13,2,Rejected
EVT006681,APP03524,REQ0078,S1,2024-11-26,20241126,2024-11-28,2,Rejected
EVT006682,APP03525,REQ0078,S1,2024-11-30,20241130,2024-12-02,2,Advanced
EVT006683,APP03525,REQ0078,S2,2024-12-02,20241202,2024-12-04,2,Rejected
EVT006684,APP03526,REQ0078,S1,2024-10-29,20241029,2024-10-31,2,Advanced
EVT006685,APP03526,REQ0078,S2,2024-10-31,20241031,2024-11-05,5,Advanced
EVT006686,APP03526,REQ0078,S3,2024-11-05,20241105,2024-11-19,14,Advanced
EVT006687,APP03526,REQ0078,S4,2024-11-19,20241119,2024-11-24,5,Advanced
EVT006688,APP03526,REQ0078,S5,2024-11-24,20241124,2024-12-05,11,Advanced
EVT006689,APP03526,REQ0078,S6,2024-12-05,20241205,2024-12-09,4,Rejected
EVT006690,APP03527,REQ0078,S1,2024-11-02,20241102,2024-11-05,3,Rejected
EVT006691,APP03528,REQ0078,S1,2024-11-08,20241108,2024-11-09,1,Rejected
EVT006692,APP03529,REQ0078,S1,2024-10-01,20241001,2024-10-02,1,Rejected
EVT006693,APP03530,REQ0078,S1,2024-10-29,20241029,2024-10-30,1,Advanced
EVT006694,APP03530,REQ0078,S2,2024-10-30,20241030,2024-10-31,1,Advanced
EVT006695,APP03530,REQ0078,S3,2024-10-31,20241031,2024-11-04,4,Rejected
EVT006696,APP03531,REQ0078,S1,2024-10-21,20241021,2024-10-24,3,Rejected
EVT006697,APP03532,REQ0078,S1,2024-10-26,20241026,2024-10-28,2,Rejected
EVT006698,APP03533,REQ0078,S1,2024-10-07,20241007,2024-10-09,2,Rejected
EVT006699,APP03534,REQ0078,S1,2024-09-29,20240929,2024-09-30,1,Rejected
EVT006700,APP03535,REQ0078,S1,2024-10-14,20241014,2024-10-15,1,Rejected
EVT006701,APP03536,REQ0078,S1,2024-10-20,20241020,2024-10-22,2,Rejected
EVT006702,APP03537,REQ0078,S1,2024-10-31,20241031,2024-11-01,1,Rejected
EVT006703,APP03538,REQ0078,S1,2024-10-15,20241015,2024-10-17,2,Advanced
EVT006704,APP03538,REQ0078,S2,2024-10-17,20241017,2024-10-21,4,Rejected
EVT006705,APP03539,REQ0078,S1,2024-11-10,20241110,2024-11-12,2,Rejected
EVT006706,APP03540,REQ0078,S1,2024-11-16,20241116,2024-11-17,1,Advanced
EVT006707,APP03540,REQ0078,S2,2024-11-17,20241117,2024-11-19,2,Rejected
EVT006708,APP03541,REQ0078,S1,2024-11-18,20241118,2024-11-21,3,Rejected
EVT006709,APP03542,REQ0079,S1,2024-12-10,20241210,2024-12-13,3,Rejected
EVT006710,APP03543,REQ0079,S1,2025-01-03,20250103,2025-01-04,1,Rejected
EVT006711,APP03544,REQ0079,S1,2025-02-09,20250209,2025-02-11,2,Advanced
EVT006712,APP03544,REQ0079,S2,2025-02-11,20250211,2025-02-17,6,Rejected
EVT006713,APP03545,REQ0079,S1,2025-01-18,20250118,2025-01-20,2,Rejected
EVT006714,APP03546,REQ0079,S1,2025-02-18,20250218,2025-02-19,1,Rejected
EVT006715,APP03547,REQ0079,S1,2025-01-02,20250102,2025-01-05,3,Rejected
EVT006716,APP03548,REQ0079,S1,2024-11-29,20241129,2024-11-30,1,Rejected
EVT006717,APP03549,REQ0079,S1,2025-02-01,20250201,2025-02-03,2,Rejected
EVT006718,APP03550,REQ0079,S1,2024-11-19,20241119,2024-11-21,2,Rejected
EVT006719,APP03551,REQ0079,S1,2025-01-26,20250126,2025-01-27,1,Rejected
EVT006720,APP03552,REQ0079,S1,2025-01-05,20250105,2025-01-08,3,Advanced
EVT006721,APP03552,REQ0079,S2,2025-01-08,20250108,2025-01-11,3,Advanced
EVT006722,APP03552,REQ0079,S3,2025-01-11,20250111,2025-01-21,10,Rejected
EVT006723,APP03553,REQ0079,S1,2025-01-06,20250106,2025-01-07,1,Advanced
EVT006724,APP03553,REQ0079,S2,2025-01-07,20250107,2025-01-08,1,Advanced
EVT006725,APP03553,REQ0079,S3,2025-01-08,20250108,2025-01-12,4,Rejected
EVT006726,APP03554,REQ0079,S1,2025-01-16,20250116,2025-01-19,3,Rejected
EVT006727,APP03555,REQ0079,S1,2024-12-05,20241205,2024-12-08,3,Rejected
EVT006728,APP03556,REQ0079,S1,2024-11-24,20241124,2024-11-25,1,Rejected
EVT006729,APP03557,REQ0079,S1,2025-01-28,20250128,2025-01-29,1,Rejected
EVT006730,APP03558,REQ0079,S1,2024-12-09,20241209,2024-12-12,3,Rejected
EVT006731,APP03559,REQ0079,S1,2025-01-21,20250121,2025-01-24,3,Advanced
EVT006732,APP03559,REQ0079,S2,2025-01-24,20250124,2025-01-30,6,Advanced
EVT006733,APP03559,REQ0079,S3,2025-01-30,20250130,2025-02-13,14,Advanced
EVT006734,APP03559,REQ0079,S4,2025-02-13,20250213,2025-02-17,4,Rejected
EVT006735,APP03560,REQ0079,S1,2024-11-26,20241126,2024-11-28,2,Rejected
EVT006736,APP03561,REQ0079,S1,2025-02-14,20250214,2025-02-16,2,Advanced
EVT006737,APP03561,REQ0079,S2,2025-02-16,20250216,2025-02-20,4,Rejected
EVT006738,APP03562,REQ0079,S1,2025-01-30,20250130,2025-01-31,1,Advanced
EVT006739,APP03562,REQ0079,S2,2025-01-31,20250131,2025-02-02,2,Advanced
EVT006740,APP03562,REQ0079,S3,2025-02-02,20250202,2025-02-06,4,Advanced
EVT006741,APP03562,REQ0079,S4,2025-02-06,20250206,2025-02-09,3,Advanced
EVT006742,APP03562,REQ0079,S5,2025-02-09,20250209,2025-02-18,9,Advanced
EVT006743,APP03562,REQ0079,S6,2025-02-18,20250218,2025-02-21,3,Advanced
EVT006744,APP03562,REQ0079,S7,2025-02-21,20250221,2025-02-26,5,Rejected
EVT006745,APP03563,REQ0079,S1,2025-01-02,20250102,2025-01-03,1,Rejected
EVT006746,APP03564,REQ0079,S1,2024-11-27,20241127,2024-11-29,2,Rejected
EVT006747,APP03565,REQ0079,S1,2025-02-20,20250220,2025-02-21,1,Advanced
EVT006748,APP03565,REQ0079,S2,2025-02-21,20250221,2025-02-23,2,Rejected
EVT006749,APP03566,REQ0079,S1,2024-12-30,20241230,2025-01-02,3,Rejected
EVT006750,APP03567,REQ0079,S1,2025-02-15,20250215,2025-02-16,1,Rejected
EVT006751,APP03568,REQ0079,S1,2024-12-25,20241225,2024-12-27,2,Advanced
EVT006752,APP03568,REQ0079,S2,2024-12-27,20241227,2024-12-30,3,Rejected
EVT006753,APP03569,REQ0079,S1,2024-12-21,20241221,2024-12-22,1,Advanced
EVT006754,APP03569,REQ0079,S2,2024-12-22,20241222,2024-12-25,3,Rejected
EVT006755,APP03570,REQ0079,S1,2025-01-10,20250110,2025-01-11,1,Advanced
EVT006756,APP03570,REQ0079,S2,2025-01-11,20250111,2025-01-14,3,Advanced
EVT006757,APP03570,REQ0079,S3,2025-01-14,20250114,2025-01-20,6,Rejected
EVT006758,APP03571,REQ0079,S1,2025-02-03,20250203,2025-02-05,2,Rejected
EVT006759,APP03572,REQ0079,S1,2024-11-21,20241121,2024-11-22,1,Advanced
EVT006760,APP03572,REQ0079,S2,2024-11-22,20241122,2024-11-28,6,Advanced
EVT006761,APP03572,REQ0079,S3,2024-11-28,20241128,2024-12-05,7,Rejected
EVT006762,APP03573,REQ0079,S1,2024-11-22,20241122,2024-11-24,2,Rejected
EVT006763,APP03574,REQ0079,S1,2024-11-19,20241119,2024-11-21,2,Rejected
EVT006764,APP03575,REQ0079,S1,2024-12-26,20241226,2024-12-28,2,Rejected
EVT006765,APP03576,REQ0079,S1,2025-02-09,20250209,2025-02-10,1,Advanced
EVT006766,APP03576,REQ0079,S2,2025-02-10,20250210,2025-02-16,6,Rejected
EVT006767,APP03577,REQ0079,S1,2024-12-25,20241225,2024-12-26,1,Advanced
EVT006768,APP03577,REQ0079,S2,2024-12-26,20241226,2024-12-29,3,Advanced
EVT006769,APP03577,REQ0079,S3,2024-12-29,20241229,2025-01-06,8,Advanced
EVT006770,APP03577,REQ0079,S4,2025-01-06,20250106,2025-01-12,6,Advanced
EVT006771,APP03577,REQ0079,S5,2025-01-12,20250112,2025-01-21,9,Rejected
EVT006772,APP03578,REQ0079,S1,2025-01-18,20250118,2025-01-19,1,Rejected
EVT006773,APP03579,REQ0079,S1,2025-01-26,20250126,2025-01-28,2,Rejected
EVT006774,APP03580,REQ0079,S1,2024-12-24,20241224,2024-12-26,2,Rejected
EVT006775,APP03581,REQ0079,S1,2024-12-12,20241212,2024-12-14,2,Rejected
EVT006776,APP03582,REQ0079,S1,2025-01-14,20250114,2025-01-15,1,Rejected
EVT006777,APP03583,REQ0079,S1,2025-01-13,20250113,2025-01-15,2,Rejected
EVT006778,APP03584,REQ0079,S1,2025-01-31,20250131,2025-02-02,2,Rejected
EVT006779,APP03585,REQ0079,S1,2025-01-03,20250103,2025-01-04,1,Advanced
EVT006780,APP03585,REQ0079,S2,2025-01-04,20250104,2025-01-07,3,Rejected
EVT006781,APP03586,REQ0079,S1,2024-12-29,20241229,2024-12-30,1,Rejected
EVT006782,APP03587,REQ0079,S1,2025-01-22,20250122,2025-01-23,1,Rejected
EVT006783,APP03588,REQ0079,S1,2024-11-22,20241122,2024-11-24,2,Rejected
EVT006784,APP03589,REQ0079,S1,2024-12-26,20241226,2024-12-28,2,Rejected
EVT006785,APP03590,REQ0079,S1,2024-12-08,20241208,2024-12-11,3,Advanced
EVT006786,APP03590,REQ0079,S2,2024-12-11,20241211,2024-12-13,2,Advanced
EVT006787,APP03590,REQ0079,S3,2024-12-13,20241213,2024-12-27,14,Advanced
EVT006788,APP03590,REQ0079,S4,2024-12-27,20241227,2025-01-04,8,Advanced
EVT006789,APP03590,REQ0079,S5,2025-01-04,20250104,2025-01-10,6,Advanced
EVT006790,APP03590,REQ0079,S6,2025-01-10,20250110,2025-01-15,5,Advanced
EVT006791,APP03590,REQ0079,S7,2025-01-15,20250115,2025-01-20,5,Advanced
EVT006792,APP03590,REQ0079,S8,2025-01-20,20250120,2025-01-20,0,Hired
EVT006793,APP03591,REQ0079,S1,2024-12-12,20241212,2024-12-13,1,Rejected
EVT006794,APP03592,REQ0079,S1,2025-02-02,20250202,2025-02-04,2,Rejected
EVT006795,APP03593,REQ0079,S1,2025-02-04,20250204,2025-02-06,2,Rejected
EVT006796,APP03594,REQ0079,S1,2025-01-27,20250127,2025-01-29,2,Advanced
EVT006797,APP03594,REQ0079,S2,2025-01-29,20250129,2025-02-03,5,Rejected
EVT006798,APP03595,REQ0079,S1,2024-12-26,20241226,2024-12-29,3,Rejected
EVT006799,APP03596,REQ0079,S1,2024-12-26,20241226,2024-12-27,1,Advanced
EVT006800,APP03596,REQ0079,S2,2024-12-27,20241227,2024-12-28,1,Rejected
EVT006801,APP03597,REQ0079,S1,2024-11-20,20241120,2024-11-21,1,Rejected
EVT006802,APP03598,REQ0079,S1,2024-11-28,20241128,2024-12-01,3,Advanced
EVT006803,APP03598,REQ0079,S2,2024-12-01,20241201,2024-12-04,3,Advanced
EVT006804,APP03598,REQ0079,S3,2024-12-04,20241204,2024-12-08,4,Advanced
EVT006805,APP03598,REQ0079,S4,2024-12-08,20241208,2024-12-11,3,Advanced
EVT006806,APP03598,REQ0079,S5,2024-12-11,20241211,2024-12-20,9,Advanced
EVT006807,APP03598,REQ0079,S6,2024-12-20,20241220,2024-12-29,9,Rejected
EVT006808,APP03599,REQ0079,S1,2025-01-25,20250125,2025-01-26,1,Advanced
EVT006809,APP03599,REQ0079,S2,2025-01-26,20250126,2025-01-28,2,Advanced
EVT006810,APP03599,REQ0079,S3,2025-01-28,20250128,2025-02-03,6,Rejected
EVT006811,APP03600,REQ0079,S1,2025-01-30,20250130,2025-01-31,1,Rejected
EVT006812,APP03601,REQ0080,S1,2026-04-23,20260423,2026-04-24,1,Advanced
EVT006813,APP03601,REQ0080,S2,2026-04-24,20260424,2026-04-30,6,Advanced
EVT006814,APP03601,REQ0080,S3,2026-04-30,20260430,2026-05-07,7,Rejected
EVT006815,APP03602,REQ0080,S1,2026-06-04,20260604,2026-06-07,3,Advanced
EVT006816,APP03602,REQ0080,S2,2026-06-07,20260607,2026-06-10,3,Rejected
EVT006817,APP03603,REQ0080,S1,2026-06-11,20260611,2026-06-13,2,Rejected
EVT006818,APP03604,REQ0080,S1,2026-05-09,20260509,2026-05-12,3,Rejected
EVT006819,APP03605,REQ0080,S1,2026-04-16,20260416,2026-04-17,1,Rejected
EVT006820,APP03606,REQ0080,S1,2026-05-06,20260506,2026-05-07,1,Rejected
EVT006821,APP03607,REQ0080,S1,2026-06-12,20260612,2026-06-13,1,Rejected
EVT006822,APP03608,REQ0080,S1,2026-05-12,20260512,2026-05-14,2,Advanced
EVT006823,APP03608,REQ0080,S2,2026-05-14,20260514,2026-05-16,2,Advanced
EVT006824,APP03608,REQ0080,S3,2026-05-16,20260516,2026-05-23,7,Rejected
EVT006825,APP03609,REQ0080,S1,2026-06-26,20260626,2026-06-27,1,Rejected
EVT006826,APP03610,REQ0080,S1,2026-05-27,20260527,2026-05-28,1,Advanced
EVT006827,APP03610,REQ0080,S2,2026-05-28,20260528,2026-06-03,6,Rejected
EVT006828,APP03611,REQ0080,S1,2026-06-02,20260602,2026-06-05,3,Rejected
EVT006829,APP03612,REQ0080,S1,2026-06-15,20260615,2026-06-17,2,Rejected
EVT006830,APP03613,REQ0080,S1,2026-06-25,20260625,2026-06-26,1,Advanced
EVT006831,APP03613,REQ0080,S2,2026-06-26,20260626,2026-06-29,3,Advanced
EVT006832,APP03613,REQ0080,S3,2026-06-29,20260629,,1,In Process
EVT006833,APP03614,REQ0080,S1,2026-05-12,20260512,2026-05-14,2,Rejected
EVT006834,APP03615,REQ0080,S1,2026-05-19,20260519,2026-05-20,1,Rejected
EVT006835,APP03616,REQ0080,S1,2026-06-14,20260614,2026-06-16,2,Rejected
EVT006836,APP03617,REQ0080,S1,2026-06-10,20260610,2026-06-11,1,Advanced
EVT006837,APP03617,REQ0080,S2,2026-06-11,20260611,2026-06-14,3,Advanced
EVT006838,APP03617,REQ0080,S3,2026-06-14,20260614,2026-06-17,3,Advanced
EVT006839,APP03617,REQ0080,S4,2026-06-17,20260617,2026-06-25,8,Advanced
EVT006840,APP03617,REQ0080,S5,2026-06-25,20260625,,5,In Process
EVT006841,APP03618,REQ0080,S1,2026-06-08,20260608,2026-06-10,2,Advanced
EVT006842,APP03618,REQ0080,S2,2026-06-10,20260610,2026-06-14,4,Advanced
EVT006843,APP03618,REQ0080,S3,2026-06-14,20260614,2026-06-26,12,Rejected
EVT006844,APP03619,REQ0080,S1,2026-05-09,20260509,2026-05-12,3,Advanced
EVT006845,APP03619,REQ0080,S2,2026-05-12,20260512,2026-05-17,5,Advanced
EVT006846,APP03619,REQ0080,S3,2026-05-17,20260517,2026-05-28,11,Rejected
EVT006847,APP03620,REQ0080,S1,2026-04-23,20260423,2026-04-26,3,Advanced
EVT006848,APP03620,REQ0080,S2,2026-04-26,20260426,2026-05-02,6,Rejected
EVT006849,APP03621,REQ0080,S1,2026-05-14,20260514,2026-05-17,3,Rejected
EVT006850,APP03622,REQ0080,S1,2026-05-27,20260527,2026-05-30,3,Advanced
EVT006851,APP03622,REQ0080,S2,2026-05-30,20260530,2026-06-04,5,Rejected
EVT006852,APP03623,REQ0080,S1,2026-05-03,20260503,2026-05-04,1,Rejected
EVT006853,APP03624,REQ0080,S1,2026-05-02,20260502,2026-05-03,1,Rejected
EVT006854,APP03625,REQ0080,S1,2026-06-12,20260612,2026-06-13,1,Rejected
EVT006855,APP03626,REQ0080,S1,2026-05-02,20260502,2026-05-04,2,Advanced
EVT006856,APP03626,REQ0080,S2,2026-05-04,20260504,2026-05-06,2,Rejected
EVT006857,APP03627,REQ0080,S1,2026-06-25,20260625,2026-06-28,3,Advanced
EVT006858,APP03627,REQ0080,S2,2026-06-28,20260628,2026-06-30,2,Advanced
EVT006859,APP03627,REQ0080,S3,2026-06-30,20260630,,0,In Process
EVT006860,APP03628,REQ0080,S1,2026-06-12,20260612,2026-06-13,1,Advanced
EVT006861,APP03628,REQ0080,S2,2026-06-13,20260613,2026-06-18,5,Advanced
EVT006862,APP03628,REQ0080,S3,2026-06-18,20260618,2026-06-27,9,Rejected
EVT006863,APP03629,REQ0080,S1,2026-05-29,20260529,2026-05-31,2,Advanced
EVT006864,APP03629,REQ0080,S2,2026-05-31,20260531,2026-06-02,2,Advanced
EVT006865,APP03629,REQ0080,S3,2026-06-02,20260602,2026-06-05,3,Rejected
EVT006866,APP03630,REQ0080,S1,2026-06-04,20260604,2026-06-06,2,Advanced
EVT006867,APP03630,REQ0080,S2,2026-06-06,20260606,2026-06-09,3,Rejected
EVT006868,APP03631,REQ0080,S1,2026-04-22,20260422,2026-04-25,3,Rejected
EVT006869,APP03632,REQ0080,S1,2026-05-03,20260503,2026-05-06,3,Rejected
EVT006870,APP03633,REQ0080,S1,2026-05-29,20260529,2026-05-30,1,Rejected
EVT006871,APP03634,REQ0080,S1,2026-05-22,20260522,2026-05-23,1,Advanced
EVT006872,APP03634,REQ0080,S2,2026-05-23,20260523,2026-05-27,4,Rejected
EVT006873,APP03635,REQ0080,S1,2026-06-21,20260621,2026-06-23,2,Advanced
EVT006874,APP03635,REQ0080,S2,2026-06-23,20260623,2026-06-27,4,Advanced
EVT006875,APP03635,REQ0080,S3,2026-06-27,20260627,,3,In Process
EVT006876,APP03636,REQ0080,S1,2026-05-31,20260531,2026-06-01,1,Rejected
EVT006877,APP03637,REQ0080,S1,2026-04-15,20260415,2026-04-16,1,Rejected
EVT006878,APP03638,REQ0080,S1,2026-06-14,20260614,2026-06-16,2,Advanced
EVT006879,APP03638,REQ0080,S2,2026-06-16,20260616,2026-06-17,1,Rejected
EVT006880,APP03639,REQ0080,S1,2026-06-12,20260612,2026-06-14,2,Rejected
EVT006881,APP03640,REQ0080,S1,2026-05-12,20260512,2026-05-13,1,Advanced
EVT006882,APP03640,REQ0080,S2,2026-05-13,20260513,2026-05-15,2,Advanced
EVT006883,APP03640,REQ0080,S3,2026-05-15,20260515,2026-05-22,7,Advanced
EVT006884,APP03640,REQ0080,S4,2026-05-22,20260522,2026-05-25,3,Rejected
EVT006885,APP03641,REQ0080,S1,2026-04-27,20260427,2026-04-29,2,Advanced
EVT006886,APP03641,REQ0080,S2,2026-04-29,20260429,2026-05-05,6,Rejected
EVT006887,APP03642,REQ0080,S1,2026-06-16,20260616,2026-06-18,2,Advanced
EVT006888,APP03642,REQ0080,S2,2026-06-18,20260618,2026-06-21,3,Rejected
EVT006889,APP03643,REQ0080,S1,2026-05-16,20260516,2026-05-17,1,Advanced
EVT006890,APP03643,REQ0080,S2,2026-05-17,20260517,2026-05-18,1,Rejected
EVT006891,APP03644,REQ0080,S1,2026-05-29,20260529,2026-05-31,2,Rejected
EVT006892,APP03645,REQ0080,S1,2026-05-02,20260502,2026-05-03,1,Rejected
EVT006893,APP03646,REQ0080,S1,2026-05-16,20260516,2026-05-17,1,Advanced
EVT006894,APP03646,REQ0080,S2,2026-05-17,20260517,2026-05-22,5,Advanced
EVT006895,APP03646,REQ0080,S3,2026-05-22,20260522,2026-06-03,12,Rejected
EVT006896,APP03647,REQ0080,S1,2026-05-29,20260529,2026-05-31,2,Advanced
EVT006897,APP03647,REQ0080,S2,2026-05-31,20260531,2026-06-02,2,Rejected
EVT006898,APP03648,REQ0080,S1,2026-05-18,20260518,2026-05-20,2,Rejected
EVT006899,APP03649,REQ0080,S1,2026-05-29,20260529,2026-05-30,1,Rejected
EVT006900,APP03650,REQ0080,S1,2026-06-10,20260610,2026-06-11,1,Rejected
EVT006901,APP03651,REQ0080,S1,2026-06-12,20260612,2026-06-15,3,Rejected
EVT006902,APP03652,REQ0081,S1,2025-10-28,20251028,2025-10-30,2,Rejected
EVT006903,APP03653,REQ0081,S1,2025-04-20,20250420,2025-04-22,2,Rejected
EVT006904,APP03654,REQ0081,S1,2025-12-19,20251219,2025-12-20,1,Rejected
EVT006905,APP03655,REQ0081,S1,2025-06-05,20250605,2025-06-08,3,Advanced
EVT006906,APP03655,REQ0081,S2,2025-06-08,20250608,2025-06-10,2,Rejected
EVT006907,APP03656,REQ0081,S1,2025-08-31,20250831,2025-09-03,3,Rejected
EVT006908,APP03657,REQ0081,S1,2025-03-22,20250322,2025-03-23,1,Rejected
EVT006909,APP03658,REQ0081,S1,2025-08-12,20250812,2025-08-13,1,Rejected
EVT006910,APP03659,REQ0081,S1,2025-07-15,20250715,2025-07-16,1,Rejected
EVT006911,APP03660,REQ0081,S1,2025-05-04,20250504,2025-05-06,2,Rejected
EVT006912,APP03661,REQ0081,S1,2025-05-15,20250515,2025-05-18,3,Rejected
EVT006913,APP03662,REQ0081,S1,2025-03-14,20250314,2025-03-16,2,Rejected
EVT006914,APP03663,REQ0082,S1,2026-05-13,20260513,2026-05-14,1,Advanced
EVT006915,APP03663,REQ0082,S2,2026-05-14,20260514,2026-05-18,4,Advanced
EVT006916,APP03663,REQ0082,S3,2026-05-18,20260518,2026-05-27,9,Rejected
EVT006917,APP03664,REQ0082,S1,2026-03-05,20260305,2026-03-08,3,Advanced
EVT006918,APP03664,REQ0082,S2,2026-03-08,20260308,2026-03-11,3,Advanced
EVT006919,APP03664,REQ0082,S3,2026-03-11,20260311,2026-03-16,5,Rejected
EVT006920,APP03665,REQ0082,S1,2026-05-18,20260518,2026-05-20,2,Advanced
EVT006921,APP03665,REQ0082,S2,2026-05-20,20260520,2026-05-23,3,Advanced
EVT006922,APP03665,REQ0082,S3,2026-05-23,20260523,2026-06-01,9,Rejected
EVT006923,APP03666,REQ0082,S1,2026-06-04,20260604,2026-06-06,2,Advanced
EVT006924,APP03666,REQ0082,S2,2026-06-06,20260606,2026-06-12,6,Rejected
EVT006925,APP03667,REQ0082,S1,2026-06-17,20260617,2026-06-18,1,Rejected
EVT006926,APP03668,REQ0082,S1,2026-03-29,20260329,2026-03-30,1,Advanced
EVT006927,APP03668,REQ0082,S2,2026-03-30,20260330,2026-04-01,2,Advanced
EVT006928,APP03668,REQ0082,S3,2026-04-01,20260401,2026-04-04,3,Advanced
EVT006929,APP03668,REQ0082,S4,2026-04-04,20260404,2026-04-10,6,Rejected
EVT006930,APP03669,REQ0082,S1,2026-02-17,20260217,2026-02-20,3,Rejected
EVT006931,APP03670,REQ0082,S1,2026-05-27,20260527,2026-05-30,3,Advanced
EVT006932,APP03670,REQ0082,S2,2026-05-30,20260530,2026-06-04,5,Rejected
EVT006933,APP03671,REQ0082,S1,2026-04-02,20260402,2026-04-03,1,Advanced
EVT006934,APP03671,REQ0082,S2,2026-04-03,20260403,2026-04-06,3,Rejected
EVT006935,APP03672,REQ0082,S1,2026-02-04,20260204,2026-02-06,2,Rejected
EVT006936,APP03673,REQ0082,S1,2026-04-21,20260421,2026-04-23,2,Advanced
EVT006937,APP03673,REQ0082,S2,2026-04-23,20260423,2026-04-25,2,Advanced
EVT006938,APP03673,REQ0082,S3,2026-04-25,20260425,2026-04-29,4,Rejected
EVT006939,APP03674,REQ0082,S1,2026-03-22,20260322,2026-03-24,2,Advanced
EVT006940,APP03674,REQ0082,S2,2026-03-24,20260324,2026-03-27,3,Advanced
EVT006941,APP03674,REQ0082,S3,2026-03-27,20260327,2026-04-02,6,Advanced
EVT006942,APP03674,REQ0082,S4,2026-04-02,20260402,2026-04-10,8,Rejected
EVT006943,APP03675,REQ0082,S1,2026-02-08,20260208,2026-02-09,1,Rejected
EVT006944,APP03676,REQ0082,S1,2026-03-20,20260320,2026-03-21,1,Rejected
EVT006945,APP03677,REQ0082,S1,2026-06-13,20260613,2026-06-16,3,Rejected
EVT006946,APP03678,REQ0082,S1,2026-04-30,20260430,2026-05-02,2,Advanced
EVT006947,APP03678,REQ0082,S2,2026-05-02,20260502,2026-05-05,3,Advanced
EVT006948,APP03678,REQ0082,S3,2026-05-05,20260505,2026-05-13,8,Advanced
EVT006949,APP03678,REQ0082,S4,2026-05-13,20260513,2026-05-16,3,Advanced
EVT006950,APP03678,REQ0082,S5,2026-05-16,20260516,2026-05-21,5,Advanced
EVT006951,APP03678,REQ0082,S6,2026-05-21,20260521,2026-05-28,7,Rejected
EVT006952,APP03679,REQ0082,S1,2026-03-20,20260320,2026-03-23,3,Advanced
EVT006953,APP03679,REQ0082,S2,2026-03-23,20260323,2026-03-29,6,Advanced
EVT006954,APP03679,REQ0082,S3,2026-03-29,20260329,2026-04-10,12,Advanced
EVT006955,APP03679,REQ0082,S4,2026-04-10,20260410,2026-04-17,7,Advanced
EVT006956,APP03679,REQ0082,S5,2026-04-17,20260417,2026-04-25,8,Rejected
EVT006957,APP03680,REQ0082,S1,2026-03-28,20260328,2026-03-31,3,Rejected
EVT006958,APP03681,REQ0082,S1,2026-05-12,20260512,2026-05-13,1,Rejected
EVT006959,APP03682,REQ0082,S1,2026-03-02,20260302,2026-03-03,1,Rejected
EVT006960,APP03683,REQ0082,S1,2026-05-29,20260529,2026-05-30,1,Advanced
EVT006961,APP03683,REQ0082,S2,2026-05-30,20260530,2026-05-31,1,Advanced
EVT006962,APP03683,REQ0082,S3,2026-05-31,20260531,2026-06-05,5,Advanced
EVT006963,APP03683,REQ0082,S4,2026-06-05,20260605,2026-06-13,8,Advanced
EVT006964,APP03683,REQ0082,S5,2026-06-13,20260613,2026-06-24,11,Advanced
EVT006965,APP03683,REQ0082,S6,2026-06-24,20260624,2026-06-29,5,Rejected
EVT006966,APP03684,REQ0082,S1,2026-03-08,20260308,2026-03-10,2,Advanced
EVT006967,APP03684,REQ0082,S2,2026-03-10,20260310,2026-03-12,2,Advanced
EVT006968,APP03684,REQ0082,S3,2026-03-12,20260312,2026-03-14,2,Advanced
EVT006969,APP03684,REQ0082,S4,2026-03-14,20260314,2026-03-20,6,Advanced
EVT006970,APP03684,REQ0082,S5,2026-03-20,20260320,2026-03-26,6,Advanced
EVT006971,APP03684,REQ0082,S6,2026-03-26,20260326,2026-04-04,9,Advanced
EVT006972,APP03684,REQ0082,S7,2026-04-04,20260404,2026-04-12,8,Advanced
EVT006973,APP03684,REQ0082,S8,2026-04-12,20260412,2026-04-12,0,Hired
EVT006974,APP03685,REQ0082,S1,2026-03-07,20260307,2026-03-09,2,Rejected
EVT006975,APP03686,REQ0082,S1,2026-05-07,20260507,2026-05-08,1,Advanced
EVT006976,APP03686,REQ0082,S2,2026-05-08,20260508,2026-05-10,2,Advanced
EVT006977,APP03686,REQ0082,S3,2026-05-10,20260510,2026-05-13,3,Rejected
EVT006978,APP03687,REQ0082,S1,2026-04-14,20260414,2026-04-16,2,Advanced
EVT006979,APP03687,REQ0082,S2,2026-04-16,20260416,2026-04-18,2,Advanced
EVT006980,APP03687,REQ0082,S3,2026-04-18,20260418,2026-04-22,4,Rejected
EVT006981,APP03688,REQ0082,S1,2026-06-11,20260611,2026-06-13,2,Rejected
EVT006982,APP03689,REQ0082,S1,2026-04-16,20260416,2026-04-18,2,Advanced
EVT006983,APP03689,REQ0082,S2,2026-04-18,20260418,2026-04-22,4,Advanced
EVT006984,APP03689,REQ0082,S3,2026-04-22,20260422,2026-05-01,9,Rejected
EVT006985,APP03690,REQ0082,S1,2026-04-07,20260407,2026-04-08,1,Rejected
EVT006986,APP03691,REQ0082,S1,2026-02-10,20260210,2026-02-11,1,Advanced
EVT006987,APP03691,REQ0082,S2,2026-02-11,20260211,2026-02-14,3,Rejected
EVT006988,APP03692,REQ0082,S1,2026-05-13,20260513,2026-05-16,3,Rejected
EVT006989,APP03693,REQ0082,S1,2026-04-02,20260402,2026-04-05,3,Rejected
EVT006990,APP03694,REQ0082,S1,2026-03-21,20260321,2026-03-24,3,Advanced
EVT006991,APP03694,REQ0082,S2,2026-03-24,20260324,2026-03-30,6,Rejected
EVT006992,APP03695,REQ0082,S1,2026-05-23,20260523,2026-05-24,1,Advanced
EVT006993,APP03695,REQ0082,S2,2026-05-24,20260524,2026-05-29,5,Advanced
EVT006994,APP03695,REQ0082,S3,2026-05-29,20260529,2026-06-12,14,Rejected
EVT006995,APP03696,REQ0082,S1,2026-03-25,20260325,2026-03-26,1,Rejected
EVT006996,APP03697,REQ0082,S1,2026-03-23,20260323,2026-03-25,2,Advanced
EVT006997,APP03697,REQ0082,S2,2026-03-25,20260325,2026-03-29,4,Rejected
EVT006998,APP03698,REQ0082,S1,2026-05-10,20260510,2026-05-13,3,Advanced
EVT006999,APP03698,REQ0082,S2,2026-05-13,20260513,2026-05-17,4,Advanced
EVT007000,APP03698,REQ0082,S3,2026-05-17,20260517,2026-05-26,9,Rejected
EVT007001,APP03699,REQ0082,S1,2026-03-03,20260303,2026-03-04,1,Rejected
EVT007002,APP03700,REQ0083,S1,2026-06-25,20260625,2026-06-27,2,Rejected
EVT007003,APP03701,REQ0083,S1,2026-06-19,20260619,2026-06-22,3,Advanced
EVT007004,APP03701,REQ0083,S2,2026-06-22,20260622,2026-06-27,5,Advanced
EVT007005,APP03701,REQ0083,S3,2026-06-27,20260627,,3,In Process
EVT007006,APP03702,REQ0083,S1,2026-06-18,20260618,2026-06-20,2,Rejected
EVT007007,APP03703,REQ0083,S1,2026-06-22,20260622,2026-06-25,3,Rejected
EVT007008,APP03704,REQ0083,S1,2026-06-16,20260616,2026-06-17,1,Rejected
EVT007009,APP03705,REQ0083,S1,2026-06-27,20260627,2026-06-28,1,Rejected
EVT007010,APP03706,REQ0083,S1,2026-06-27,20260627,2026-06-29,2,Advanced
EVT007011,APP03706,REQ0083,S2,2026-06-29,20260629,,1,In Process
EVT007012,APP03707,REQ0083,S1,2026-06-29,20260629,2026-06-30,1,Rejected
EVT007013,APP03708,REQ0083,S1,2026-06-19,20260619,2026-06-21,2,Rejected
EVT007014,APP03709,REQ0083,S1,2026-06-16,20260616,2026-06-17,1,Rejected
EVT007015,APP03710,REQ0083,S1,2026-06-19,20260619,2026-06-21,2,Rejected
EVT007016,APP03711,REQ0083,S1,2026-06-29,20260629,2026-06-30,1,Rejected
EVT007017,APP03712,REQ0083,S1,2026-06-15,20260615,2026-06-16,1,Rejected
EVT007018,APP03713,REQ0083,S1,2026-06-29,20260629,,1,In Process
EVT007019,APP03714,REQ0083,S1,2026-06-18,20260618,2026-06-20,2,Advanced
EVT007020,APP03714,REQ0083,S2,2026-06-20,20260620,2026-06-23,3,Rejected
EVT007021,APP03715,REQ0083,S1,2026-06-29,20260629,,1,In Process
EVT007022,APP03716,REQ0083,S1,2026-06-25,20260625,2026-06-26,1,Advanced
EVT007023,APP03716,REQ0083,S2,2026-06-26,20260626,2026-06-28,2,Rejected
EVT007024,APP03717,REQ0083,S1,2026-06-16,20260616,2026-06-17,1,Advanced
EVT007025,APP03717,REQ0083,S2,2026-06-17,20260617,2026-06-18,1,Advanced
EVT007026,APP03717,REQ0083,S3,2026-06-18,20260618,2026-06-27,9,Advanced
EVT007027,APP03717,REQ0083,S4,2026-06-27,20260627,,3,In Process
EVT007028,APP03718,REQ0083,S1,2026-06-21,20260621,2026-06-24,3,Rejected
EVT007029,APP03719,REQ0083,S1,2026-06-29,20260629,2026-06-30,1,Advanced
EVT007030,APP03719,REQ0083,S2,2026-06-30,20260630,,0,In Process
EVT007031,APP03720,REQ0083,S1,2026-06-16,20260616,2026-06-19,3,Advanced
EVT007032,APP03720,REQ0083,S2,2026-06-19,20260619,2026-06-21,2,Rejected
EVT007033,APP03721,REQ0083,S1,2026-06-17,20260617,2026-06-19,2,Rejected
EVT007034,APP03722,REQ0083,S1,2026-06-21,20260621,2026-06-22,1,Advanced
EVT007035,APP03722,REQ0083,S2,2026-06-22,20260622,2026-06-23,1,Rejected
EVT007036,APP03723,REQ0083,S1,2026-06-16,20260616,2026-06-18,2,Rejected
EVT007037,APP03724,REQ0083,S1,2026-06-16,20260616,2026-06-17,1,Advanced
EVT007038,APP03724,REQ0083,S2,2026-06-17,20260617,2026-06-21,4,Rejected
EVT007039,APP03725,REQ0084,S1,2024-10-20,20241020,2024-10-21,1,Rejected
EVT007040,APP03726,REQ0084,S1,2024-11-29,20241129,2024-12-01,2,Rejected
EVT007041,APP03727,REQ0084,S1,2025-01-25,20250125,2025-01-26,1,Advanced
EVT007042,APP03727,REQ0084,S2,2025-01-26,20250126,2025-01-31,5,Advanced
EVT007043,APP03727,REQ0084,S3,2025-01-31,20250131,2025-02-14,14,Rejected
EVT007044,APP03728,REQ0084,S1,2024-12-19,20241219,2024-12-20,1,Rejected
EVT007045,APP03729,REQ0084,S1,2024-11-05,20241105,2024-11-07,2,Advanced
EVT007046,APP03729,REQ0084,S2,2024-11-07,20241107,2024-11-12,5,Rejected
EVT007047,APP03730,REQ0084,S1,2024-10-22,20241022,2024-10-24,2,Rejected
EVT007048,APP03731,REQ0084,S1,2024-11-14,20241114,2024-11-17,3,Advanced
EVT007049,APP03731,REQ0084,S2,2024-11-17,20241117,2024-11-22,5,Rejected
EVT007050,APP03732,REQ0084,S1,2024-12-24,20241224,2024-12-26,2,Advanced
EVT007051,APP03732,REQ0084,S2,2024-12-26,20241226,2024-12-29,3,Rejected
EVT007052,APP03733,REQ0084,S1,2025-01-20,20250120,2025-01-23,3,Advanced
EVT007053,APP03733,REQ0084,S2,2025-01-23,20250123,2025-01-26,3,Advanced
EVT007054,APP03733,REQ0084,S3,2025-01-26,20250126,2025-02-04,9,Rejected
EVT007055,APP03734,REQ0084,S1,2025-01-07,20250107,2025-01-08,1,Advanced
EVT007056,APP03734,REQ0084,S2,2025-01-08,20250108,2025-01-12,4,Advanced
EVT007057,APP03734,REQ0084,S3,2025-01-12,20250112,2025-01-18,6,Advanced
EVT007058,APP03734,REQ0084,S4,2025-01-18,20250118,2025-01-22,4,Advanced
EVT007059,APP03734,REQ0084,S5,2025-01-22,20250122,2025-01-28,6,Advanced
EVT007060,APP03734,REQ0084,S6,2025-01-28,20250128,2025-02-04,7,Rejected
EVT007061,APP03735,REQ0084,S1,2024-10-18,20241018,2024-10-19,1,Rejected
EVT007062,APP03736,REQ0084,S1,2025-02-08,20250208,2025-02-09,1,Rejected
EVT007063,APP03737,REQ0084,S1,2024-10-28,20241028,2024-10-29,1,Advanced
EVT007064,APP03737,REQ0084,S2,2024-10-29,20241029,2024-11-04,6,Advanced
EVT007065,APP03737,REQ0084,S3,2024-11-04,20241104,2024-11-13,9,Advanced
EVT007066,APP03737,REQ0084,S4,2024-11-13,20241113,2024-11-21,8,Advanced
EVT007067,APP03737,REQ0084,S5,2024-11-21,20241121,2024-11-28,7,Rejected
EVT007068,APP03738,REQ0084,S1,2024-12-20,20241220,2024-12-23,3,Rejected
EVT007069,APP03739,REQ0084,S1,2024-10-20,20241020,2024-10-21,1,Advanced
EVT007070,APP03739,REQ0084,S2,2024-10-21,20241021,2024-10-23,2,Advanced
EVT007071,APP03739,REQ0084,S3,2024-10-23,20241023,2024-10-25,2,Advanced
EVT007072,APP03739,REQ0084,S4,2024-10-25,20241025,2024-11-01,7,Advanced
EVT007073,APP03739,REQ0084,S5,2024-11-01,20241101,2024-11-11,10,Advanced
EVT007074,APP03739,REQ0084,S6,2024-11-11,20241111,2024-11-18,7,Rejected
EVT007075,APP03740,REQ0084,S1,2024-11-21,20241121,2024-11-22,1,Advanced
EVT007076,APP03740,REQ0084,S2,2024-11-22,20241122,2024-11-24,2,Rejected
EVT007077,APP03741,REQ0084,S1,2024-12-23,20241223,2024-12-24,1,Advanced
EVT007078,APP03741,REQ0084,S2,2024-12-24,20241224,2024-12-27,3,Advanced
EVT007079,APP03741,REQ0084,S3,2024-12-27,20241227,2025-01-01,5,Rejected
EVT007080,APP03742,REQ0084,S1,2024-10-14,20241014,2024-10-15,1,Advanced
EVT007081,APP03742,REQ0084,S2,2024-10-15,20241015,2024-10-19,4,Rejected
EVT007082,APP03743,REQ0084,S1,2024-11-26,20241126,2024-11-28,2,Rejected
EVT007083,APP03744,REQ0084,S1,2025-01-31,20250131,2025-02-02,2,Rejected
EVT007084,APP03745,REQ0084,S1,2025-01-17,20250117,2025-01-19,2,Rejected
EVT007085,APP03746,REQ0084,S1,2024-10-28,20241028,2024-10-30,2,Rejected
EVT007086,APP03747,REQ0084,S1,2024-11-23,20241123,2024-11-24,1,Advanced
EVT007087,APP03747,REQ0084,S2,2024-11-24,20241124,2024-11-28,4,Rejected
EVT007088,APP03748,REQ0084,S1,2025-01-25,20250125,2025-01-28,3,Rejected
EVT007089,APP03749,REQ0084,S1,2024-12-19,20241219,2024-12-20,1,Advanced
EVT007090,APP03749,REQ0084,S2,2024-12-20,20241220,2024-12-24,4,Advanced
EVT007091,APP03749,REQ0084,S3,2024-12-24,20241224,2025-01-07,14,Advanced
EVT007092,APP03749,REQ0084,S4,2025-01-07,20250107,2025-01-14,7,Advanced
EVT007093,APP03749,REQ0084,S5,2025-01-14,20250114,2025-01-23,9,Advanced
EVT007094,APP03749,REQ0084,S6,2025-01-23,20250123,2025-01-26,3,Advanced
EVT007095,APP03749,REQ0084,S7,2025-01-26,20250126,2025-02-06,11,Advanced
EVT007096,APP03749,REQ0084,S8,2025-02-06,20250206,2025-02-06,0,Hired
EVT007097,APP03750,REQ0084,S1,2025-01-13,20250113,2025-01-16,3,Rejected
EVT007098,APP03751,REQ0084,S1,2024-10-04,20241004,2024-10-05,1,Rejected
EVT007099,APP03752,REQ0084,S1,2024-11-04,20241104,2024-11-06,2,Advanced
EVT007100,APP03752,REQ0084,S2,2024-11-06,20241106,2024-11-10,4,Rejected
EVT007101,APP03753,REQ0084,S1,2024-10-11,20241011,2024-10-13,2,Rejected
EVT007102,APP03754,REQ0084,S1,2025-01-16,20250116,2025-01-18,2,Rejected
EVT007103,APP03755,REQ0084,S1,2025-02-08,20250208,2025-02-09,1,Rejected
EVT007104,APP03756,REQ0084,S1,2024-12-19,20241219,2024-12-20,1,Rejected
EVT007105,APP03757,REQ0084,S1,2025-01-27,20250127,2025-01-28,1,Advanced
EVT007106,APP03757,REQ0084,S2,2025-01-28,20250128,2025-01-31,3,Advanced
EVT007107,APP03757,REQ0084,S3,2025-01-31,20250131,2025-02-04,4,Rejected
EVT007108,APP03758,REQ0084,S1,2024-10-25,20241025,2024-10-28,3,Rejected
EVT007109,APP03759,REQ0084,S1,2025-01-05,20250105,2025-01-06,1,Rejected
EVT007110,APP03760,REQ0084,S1,2025-01-22,20250122,2025-01-23,1,Rejected
EVT007111,APP03761,REQ0084,S1,2025-01-18,20250118,2025-01-21,3,Rejected
EVT007112,APP03762,REQ0084,S1,2024-12-19,20241219,2024-12-22,3,Rejected
EVT007113,APP03763,REQ0084,S1,2024-10-22,20241022,2024-10-25,3,Advanced
EVT007114,APP03763,REQ0084,S2,2024-10-25,20241025,2024-10-31,6,Advanced
EVT007115,APP03763,REQ0084,S3,2024-10-31,20241031,2024-11-05,5,Advanced
EVT007116,APP03763,REQ0084,S4,2024-11-05,20241105,2024-11-08,3,Rejected
EVT007117,APP03764,REQ0084,S1,2024-12-22,20241222,2024-12-24,2,Advanced
EVT007118,APP03764,REQ0084,S2,2024-12-24,20241224,2024-12-26,2,Advanced
EVT007119,APP03764,REQ0084,S3,2024-12-26,20241226,2025-01-03,8,Advanced
EVT007120,APP03764,REQ0084,S4,2025-01-03,20250103,2025-01-08,5,Rejected
EVT007121,APP03765,REQ0084,S1,2024-12-01,20241201,2024-12-02,1,Rejected
EVT007122,APP03766,REQ0084,S1,2024-12-28,20241228,2024-12-29,1,Advanced
EVT007123,APP03766,REQ0084,S2,2024-12-29,20241229,2025-01-02,4,Rejected
EVT007124,APP03767,REQ0084,S1,2024-12-04,20241204,2024-12-06,2,Rejected
EVT007125,APP03768,REQ0084,S1,2025-01-13,20250113,2025-01-14,1,Rejected
EVT007126,APP03769,REQ0084,S1,2024-11-04,20241104,2024-11-07,3,Rejected
EVT007127,APP03770,REQ0084,S1,2024-12-23,20241223,2024-12-24,1,Rejected
EVT007128,APP03771,REQ0084,S1,2024-11-14,20241114,2024-11-16,2,Rejected
EVT007129,APP03772,REQ0084,S1,2025-01-09,20250109,2025-01-10,1,Advanced
EVT007130,APP03772,REQ0084,S2,2025-01-10,20250110,2025-01-12,2,Rejected
EVT007131,APP03773,REQ0084,S1,2024-10-06,20241006,2024-10-07,1,Rejected
EVT007132,APP03774,REQ0084,S1,2024-10-26,20241026,2024-10-28,2,Advanced
EVT007133,APP03774,REQ0084,S2,2024-10-28,20241028,2024-10-29,1,Advanced
EVT007134,APP03774,REQ0084,S3,2024-10-29,20241029,2024-11-05,7,Rejected
EVT007135,APP03775,REQ0084,S1,2024-12-01,20241201,2024-12-03,2,Rejected
EVT007136,APP03776,REQ0084,S1,2024-12-20,20241220,2024-12-22,2,Rejected
EVT007137,APP03777,REQ0084,S1,2024-11-07,20241107,2024-11-10,3,Advanced
EVT007138,APP03777,REQ0084,S2,2024-11-10,20241110,2024-11-16,6,Advanced
EVT007139,APP03777,REQ0084,S3,2024-11-16,20241116,2024-11-24,8,Advanced
EVT007140,APP03777,REQ0084,S4,2024-11-24,20241124,2024-11-27,3,Advanced
EVT007141,APP03777,REQ0084,S5,2024-11-27,20241127,2024-12-08,11,Rejected
EVT007142,APP03778,REQ0084,S1,2024-11-03,20241103,2024-11-05,2,Rejected
EVT007143,APP03779,REQ0084,S1,2025-01-25,20250125,2025-01-26,1,Advanced
EVT007144,APP03779,REQ0084,S2,2025-01-26,20250126,2025-01-31,5,Advanced
EVT007145,APP03779,REQ0084,S3,2025-01-31,20250131,2025-02-07,7,Rejected
EVT007146,APP03780,REQ0085,S1,2024-03-07,20240307,2024-03-09,2,Rejected
EVT007147,APP03781,REQ0085,S1,2024-02-28,20240228,2024-02-29,1,Rejected
EVT007148,APP03782,REQ0085,S1,2024-02-13,20240213,2024-02-14,1,Advanced
EVT007149,APP03782,REQ0085,S2,2024-02-14,20240214,2024-02-19,5,Advanced
EVT007150,APP03782,REQ0085,S3,2024-02-19,20240219,2024-02-25,6,Rejected
EVT007151,APP03783,REQ0085,S1,2024-02-24,20240224,2024-02-26,2,Advanced
EVT007152,APP03783,REQ0085,S2,2024-02-26,20240226,2024-03-03,6,Advanced
EVT007153,APP03783,REQ0085,S3,2024-03-03,20240303,2024-03-09,6,Advanced
EVT007154,APP03783,REQ0085,S4,2024-03-09,20240309,2024-03-12,3,Rejected
EVT007155,APP03784,REQ0085,S1,2024-02-19,20240219,2024-02-21,2,Advanced
EVT007156,APP03784,REQ0085,S2,2024-02-21,20240221,2024-02-22,1,Advanced
EVT007157,APP03784,REQ0085,S3,2024-02-22,20240222,2024-02-27,5,Advanced
EVT007158,APP03784,REQ0085,S4,2024-02-27,20240227,2024-03-04,6,Rejected
EVT007159,APP03785,REQ0085,S1,2024-02-25,20240225,2024-02-26,1,Advanced
EVT007160,APP03785,REQ0085,S2,2024-02-26,20240226,2024-03-03,6,Rejected
EVT007161,APP03786,REQ0085,S1,2024-03-06,20240306,2024-03-09,3,Rejected
EVT007162,APP03787,REQ0085,S1,2024-02-25,20240225,2024-02-26,1,Advanced
EVT007163,APP03787,REQ0085,S2,2024-02-26,20240226,2024-02-28,2,Rejected
EVT007164,APP03788,REQ0085,S1,2024-02-20,20240220,2024-02-21,1,Rejected
EVT007165,APP03789,REQ0085,S1,2024-02-17,20240217,2024-02-19,2,Advanced
EVT007166,APP03789,REQ0085,S2,2024-02-19,20240219,2024-02-23,4,Advanced
EVT007167,APP03789,REQ0085,S3,2024-02-23,20240223,2024-02-27,4,Rejected
EVT007168,APP03790,REQ0085,S1,2024-03-01,20240301,2024-03-03,2,Rejected
EVT007169,APP03791,REQ0085,S1,2024-02-13,20240213,2024-02-14,1,Rejected
EVT007170,APP03792,REQ0085,S1,2024-03-04,20240304,2024-03-05,1,Rejected
EVT007171,APP03793,REQ0085,S1,2024-02-25,20240225,2024-02-27,2,Advanced
EVT007172,APP03793,REQ0085,S2,2024-02-27,20240227,2024-03-01,3,Rejected
EVT007173,APP03794,REQ0085,S1,2024-03-04,20240304,2024-03-05,1,Rejected
EVT007174,APP03795,REQ0085,S1,2024-03-06,20240306,2024-03-09,3,Rejected
EVT007175,APP03796,REQ0085,S1,2024-02-13,20240213,2024-02-15,2,Advanced
EVT007176,APP03796,REQ0085,S2,2024-02-15,20240215,2024-02-19,4,Advanced
EVT007177,APP03796,REQ0085,S3,2024-02-19,20240219,2024-02-26,7,Advanced
EVT007178,APP03796,REQ0085,S4,2024-02-26,20240226,2024-03-02,5,Rejected
EVT007179,APP03797,REQ0085,S1,2024-02-14,20240214,2024-02-17,3,Rejected
EVT007180,APP03798,REQ0085,S1,2024-02-13,20240213,2024-02-15,2,Rejected
EVT007181,APP03799,REQ0085,S1,2024-03-11,20240311,2024-03-13,2,Advanced
EVT007182,APP03799,REQ0085,S2,2024-03-13,20240313,2024-03-15,2,Advanced
EVT007183,APP03799,REQ0085,S3,2024-03-15,20240315,2024-03-24,9,Rejected
EVT007184,APP03800,REQ0085,S1,2024-02-26,20240226,2024-02-27,1,Rejected
EVT007185,APP03801,REQ0085,S1,2024-03-02,20240302,2024-03-03,1,Rejected
EVT007186,APP03802,REQ0085,S1,2024-03-01,20240301,2024-03-02,1,Rejected
EVT007187,APP03803,REQ0085,S1,2024-02-19,20240219,2024-02-22,3,Rejected
EVT007188,APP03804,REQ0085,S1,2024-02-19,20240219,2024-02-21,2,Rejected
EVT007189,APP03805,REQ0085,S1,2024-03-07,20240307,2024-03-08,1,Rejected
EVT007190,APP03806,REQ0085,S1,2024-03-01,20240301,2024-03-02,1,Advanced
EVT007191,APP03806,REQ0085,S2,2024-03-02,20240302,2024-03-04,2,Advanced
EVT007192,APP03806,REQ0085,S3,2024-03-04,20240304,2024-03-11,7,Advanced
EVT007193,APP03806,REQ0085,S4,2024-03-11,20240311,2024-03-16,5,Advanced
EVT007194,APP03806,REQ0085,S5,2024-03-16,20240316,2024-03-23,7,Rejected
EVT007195,APP03807,REQ0085,S1,2024-02-21,20240221,2024-02-22,1,Rejected
EVT007196,APP03808,REQ0085,S1,2024-03-02,20240302,2024-03-05,3,Advanced
EVT007197,APP03808,REQ0085,S2,2024-03-05,20240305,2024-03-07,2,Rejected
EVT007198,APP03809,REQ0085,S1,2024-02-18,20240218,2024-02-19,1,Rejected
EVT007199,APP03810,REQ0085,S1,2024-02-27,20240227,2024-02-28,1,Advanced
EVT007200,APP03810,REQ0085,S2,2024-02-28,20240228,2024-03-03,4,Rejected
EVT007201,APP03811,REQ0085,S1,2024-03-04,20240304,2024-03-06,2,Rejected
EVT007202,APP03812,REQ0085,S1,2024-02-21,20240221,2024-02-22,1,Advanced
EVT007203,APP03812,REQ0085,S2,2024-02-22,20240222,2024-02-27,5,Advanced
EVT007204,APP03812,REQ0085,S3,2024-02-27,20240227,2024-03-05,7,Rejected
EVT007205,APP03813,REQ0085,S1,2024-03-01,20240301,2024-03-02,1,Advanced
EVT007206,APP03813,REQ0085,S2,2024-03-02,20240302,2024-03-03,1,Rejected
EVT007207,APP03814,REQ0085,S1,2024-02-24,20240224,2024-02-25,1,Advanced
EVT007208,APP03814,REQ0085,S2,2024-02-25,20240225,2024-02-26,1,Advanced
EVT007209,APP03814,REQ0085,S3,2024-02-26,20240226,2024-03-05,8,Advanced
EVT007210,APP03814,REQ0085,S4,2024-03-05,20240305,2024-03-09,4,Rejected
EVT007211,APP03815,REQ0085,S1,2024-02-13,20240213,2024-02-15,2,Advanced
EVT007212,APP03815,REQ0085,S2,2024-02-15,20240215,2024-02-19,4,Advanced
EVT007213,APP03815,REQ0085,S3,2024-02-19,20240219,2024-02-26,7,Rejected
EVT007214,APP03816,REQ0085,S1,2024-02-28,20240228,2024-03-01,2,Advanced
EVT007215,APP03816,REQ0085,S2,2024-03-01,20240301,2024-03-06,5,Rejected
EVT007216,APP03817,REQ0085,S1,2024-03-08,20240308,2024-03-09,1,Rejected
EVT007217,APP03818,REQ0085,S1,2024-02-29,20240229,2024-03-02,2,Advanced
EVT007218,APP03818,REQ0085,S2,2024-03-02,20240302,2024-03-06,4,Advanced
EVT007219,APP03818,REQ0085,S3,2024-03-06,20240306,2024-03-16,10,Rejected
EVT007220,APP03819,REQ0085,S1,2024-03-09,20240309,2024-03-11,2,Rejected
EVT007221,APP03820,REQ0085,S1,2024-02-23,20240223,2024-02-25,2,Rejected
EVT007222,APP03821,REQ0085,S1,2024-03-12,20240312,2024-03-13,1,Rejected
EVT007223,APP03822,REQ0085,S1,2024-03-04,20240304,2024-03-07,3,Advanced
EVT007224,APP03822,REQ0085,S2,2024-03-07,20240307,2024-03-10,3,Rejected
EVT007225,APP03823,REQ0085,S1,2024-02-15,20240215,2024-02-16,1,Rejected
EVT007226,APP03824,REQ0085,S1,2024-02-14,20240214,2024-02-16,2,Advanced
EVT007227,APP03824,REQ0085,S2,2024-02-16,20240216,2024-02-19,3,Rejected
EVT007228,APP03825,REQ0085,S1,2024-02-16,20240216,2024-02-17,1,Rejected
EVT007229,APP03826,REQ0085,S1,2024-02-21,20240221,2024-02-22,1,Rejected
EVT007230,APP03827,REQ0085,S1,2024-02-15,20240215,2024-02-17,2,Advanced
EVT007231,APP03827,REQ0085,S2,2024-02-17,20240217,2024-02-18,1,Rejected
EVT007232,APP03828,REQ0085,S1,2024-03-06,20240306,2024-03-09,3,Advanced
EVT007233,APP03828,REQ0085,S2,2024-03-09,20240309,2024-03-13,4,Advanced
EVT007234,APP03828,REQ0085,S3,2024-03-13,20240313,2024-03-22,9,Advanced
EVT007235,APP03828,REQ0085,S4,2024-03-22,20240322,2024-03-26,4,Advanced
EVT007236,APP03828,REQ0085,S5,2024-03-26,20240326,2024-04-05,10,Advanced
EVT007237,APP03828,REQ0085,S6,2024-04-05,20240405,2024-04-14,9,Advanced
EVT007238,APP03828,REQ0085,S7,2024-04-14,20240414,2024-04-21,7,Advanced
EVT007239,APP03828,REQ0085,S8,2024-04-21,20240421,2024-04-21,0,Hired
EVT007240,APP03829,REQ0085,S1,2024-02-16,20240216,2024-02-17,1,Rejected
EVT007241,APP03830,REQ0085,S1,2024-02-18,20240218,2024-02-20,2,Rejected
EVT007242,APP03831,REQ0085,S1,2024-03-07,20240307,2024-03-09,2,Rejected
EVT007243,APP03832,REQ0085,S1,2024-02-20,20240220,2024-02-21,1,Advanced
EVT007244,APP03832,REQ0085,S2,2024-02-21,20240221,2024-02-24,3,Advanced
EVT007245,APP03832,REQ0085,S3,2024-02-24,20240224,2024-02-29,5,Rejected
EVT007246,APP03833,REQ0085,S1,2024-03-04,20240304,2024-03-05,1,Rejected
EVT007247,APP03834,REQ0085,S1,2024-03-07,20240307,2024-03-08,1,Advanced
EVT007248,APP03834,REQ0085,S2,2024-03-08,20240308,2024-03-12,4,Advanced
EVT007249,APP03834,REQ0085,S3,2024-03-12,20240312,2024-03-14,2,Rejected
EVT007250,APP03835,REQ0085,S1,2024-02-22,20240222,2024-02-23,1,Rejected
EVT007251,APP03836,REQ0085,S1,2024-02-26,20240226,2024-02-28,2,Rejected
EVT007252,APP03837,REQ0085,S1,2024-03-03,20240303,2024-03-04,1,Rejected
EVT007253,APP03838,REQ0085,S1,2024-02-22,20240222,2024-02-25,3,Rejected
EVT007254,APP03839,REQ0085,S1,2024-03-02,20240302,2024-03-03,1,Advanced
EVT007255,APP03839,REQ0085,S2,2024-03-03,20240303,2024-03-05,2,Rejected
EVT007256,APP03840,REQ0085,S1,2024-02-23,20240223,2024-02-24,1,Advanced
EVT007257,APP03840,REQ0085,S2,2024-02-24,20240224,2024-02-27,3,Advanced
EVT007258,APP03840,REQ0085,S3,2024-02-27,20240227,2024-03-04,6,Rejected
EVT007259,APP03841,REQ0085,S1,2024-02-20,20240220,2024-02-21,1,Advanced
EVT007260,APP03841,REQ0085,S2,2024-02-21,20240221,2024-02-23,2,Advanced
EVT007261,APP03841,REQ0085,S3,2024-02-23,20240223,2024-02-27,4,Advanced
EVT007262,APP03841,REQ0085,S4,2024-02-27,20240227,2024-03-05,7,Rejected
EVT007263,APP03842,REQ0085,S1,2024-02-20,20240220,2024-02-21,1,Advanced
EVT007264,APP03842,REQ0085,S2,2024-02-21,20240221,2024-02-25,4,Advanced
EVT007265,APP03842,REQ0085,S3,2024-02-25,20240225,2024-03-01,5,Rejected
EVT007266,APP03843,REQ0086,S1,2025-04-30,20250430,2025-05-03,3,Advanced
EVT007267,APP03843,REQ0086,S2,2025-05-03,20250503,2025-05-06,3,Rejected
EVT007268,APP03844,REQ0086,S1,2024-11-17,20241117,2024-11-18,1,Advanced
EVT007269,APP03844,REQ0086,S2,2024-11-18,20241118,2024-11-24,6,Advanced
EVT007270,APP03844,REQ0086,S3,2024-11-24,20241124,2024-12-06,12,Rejected
EVT007271,APP03845,REQ0086,S1,2025-07-07,20250707,2025-07-09,2,Rejected
EVT007272,APP03846,REQ0086,S1,2024-12-10,20241210,2024-12-12,2,Advanced
EVT007273,APP03846,REQ0086,S2,2024-12-12,20241212,2024-12-17,5,Advanced
EVT007274,APP03846,REQ0086,S3,2024-12-17,20241217,2024-12-31,14,Rejected
EVT007275,APP03847,REQ0086,S1,2025-02-06,20250206,2025-02-08,2,Advanced
EVT007276,APP03847,REQ0086,S2,2025-02-08,20250208,2025-02-11,3,Advanced
EVT007277,APP03847,REQ0086,S3,2025-02-11,20250211,2025-02-17,6,Rejected
EVT007278,APP03848,REQ0086,S1,2025-01-30,20250130,2025-02-01,2,Rejected
EVT007279,APP03849,REQ0086,S1,2025-07-19,20250719,2025-07-22,3,Advanced
EVT007280,APP03849,REQ0086,S2,2025-07-22,20250722,2025-07-27,5,Rejected
EVT007281,APP03850,REQ0086,S1,2025-05-28,20250528,2025-05-30,2,Rejected
EVT007282,APP03851,REQ0086,S1,2024-10-19,20241019,2024-10-22,3,Rejected
EVT007283,APP03852,REQ0086,S1,2025-01-20,20250120,2025-01-23,3,Rejected
EVT007284,APP03853,REQ0086,S1,2025-07-23,20250723,2025-07-24,1,Rejected
EVT007285,APP03854,REQ0086,S1,2024-09-05,20240905,2024-09-07,2,Rejected
EVT007286,APP03855,REQ0086,S1,2025-08-13,20250813,2025-08-14,1,Rejected
EVT007287,APP03856,REQ0086,S1,2024-11-24,20241124,2024-11-26,2,Advanced
EVT007288,APP03856,REQ0086,S2,2024-11-26,20241126,2024-11-28,2,Advanced
EVT007289,APP03856,REQ0086,S3,2024-11-28,20241128,2024-12-03,5,Rejected
EVT007290,APP03857,REQ0087,S1,2026-05-15,20260515,2026-05-16,1,Advanced
EVT007291,APP03857,REQ0087,S2,2026-05-16,20260516,2026-05-21,5,Advanced
EVT007292,APP03857,REQ0087,S3,2026-05-21,20260521,2026-06-03,13,Rejected
EVT007293,APP03858,REQ0087,S1,2026-04-26,20260426,2026-04-28,2,Advanced
EVT007294,APP03858,REQ0087,S2,2026-04-28,20260428,2026-05-01,3,Advanced
EVT007295,APP03858,REQ0087,S3,2026-05-01,20260501,2026-05-14,13,Advanced
EVT007296,APP03858,REQ0087,S4,2026-05-14,20260514,2026-05-20,6,Advanced
EVT007297,APP03858,REQ0087,S5,2026-05-20,20260520,2026-05-27,7,Advanced
EVT007298,APP03858,REQ0087,S6,2026-05-27,20260527,2026-05-30,3,Rejected
EVT007299,APP03859,REQ0087,S1,2026-05-04,20260504,2026-05-07,3,Advanced
EVT007300,APP03859,REQ0087,S2,2026-05-07,20260507,2026-05-12,5,Advanced
EVT007301,APP03859,REQ0087,S3,2026-05-12,20260512,2026-05-21,9,Rejected
EVT007302,APP03860,REQ0087,S1,2026-04-28,20260428,2026-04-29,1,Advanced
EVT007303,APP03860,REQ0087,S2,2026-04-29,20260429,2026-05-02,3,Advanced
EVT007304,APP03860,REQ0087,S3,2026-05-02,20260502,2026-05-06,4,Rejected
EVT007305,APP03861,REQ0087,S1,2026-04-26,20260426,2026-04-28,2,Rejected
EVT007306,APP03862,REQ0087,S1,2026-05-14,20260514,2026-05-15,1,Rejected
EVT007307,APP03863,REQ0087,S1,2026-04-18,20260418,2026-04-21,3,Rejected
EVT007308,APP03864,REQ0087,S1,2026-04-22,20260422,2026-04-24,2,Advanced
EVT007309,APP03864,REQ0087,S2,2026-04-24,20260424,2026-04-25,1,Rejected
EVT007310,APP03865,REQ0087,S1,2026-04-21,20260421,2026-04-22,1,Rejected
EVT007311,APP03866,REQ0087,S1,2026-05-11,20260511,2026-05-12,1,Advanced
EVT007312,APP03866,REQ0087,S2,2026-05-12,20260512,2026-05-17,5,Advanced
EVT007313,APP03866,REQ0087,S3,2026-05-17,20260517,2026-05-28,11,Advanced
EVT007314,APP03866,REQ0087,S4,2026-05-28,20260528,2026-06-01,4,Advanced
EVT007315,APP03866,REQ0087,S5,2026-06-01,20260601,2026-06-09,8,Advanced
EVT007316,APP03866,REQ0087,S6,2026-06-09,20260609,2026-06-18,9,Advanced
EVT007317,APP03866,REQ0087,S7,2026-06-18,20260618,2026-06-24,6,Advanced
EVT007318,APP03866,REQ0087,S8,2026-06-24,20260624,2026-06-24,0,Hired
EVT007319,APP03867,REQ0087,S1,2026-05-03,20260503,2026-05-05,2,Rejected
EVT007320,APP03868,REQ0087,S1,2026-05-07,20260507,2026-05-08,1,Rejected
EVT007321,APP03869,REQ0087,S1,2026-05-14,20260514,2026-05-15,1,Rejected
EVT007322,APP03870,REQ0087,S1,2026-04-28,20260428,2026-04-29,1,Advanced
EVT007323,APP03870,REQ0087,S2,2026-04-29,20260429,2026-05-03,4,Rejected
EVT007324,APP03871,REQ0087,S1,2026-04-21,20260421,2026-04-23,2,Rejected
EVT007325,APP03872,REQ0087,S1,2026-04-29,20260429,2026-04-30,1,Rejected
EVT007326,APP03873,REQ0087,S1,2026-04-20,20260420,2026-04-21,1,Rejected
EVT007327,APP03874,REQ0087,S1,2026-05-11,20260511,2026-05-13,2,Rejected
EVT007328,APP03875,REQ0087,S1,2026-04-27,20260427,2026-04-28,1,Rejected
EVT007329,APP03876,REQ0087,S1,2026-05-03,20260503,2026-05-04,1,Advanced
EVT007330,APP03876,REQ0087,S2,2026-05-04,20260504,2026-05-08,4,Advanced
EVT007331,APP03876,REQ0087,S3,2026-05-08,20260508,2026-05-12,4,Rejected
EVT007332,APP03877,REQ0087,S1,2026-04-26,20260426,2026-04-29,3,Advanced
EVT007333,APP03877,REQ0087,S2,2026-04-29,20260429,2026-05-02,3,Rejected
EVT007334,APP03878,REQ0087,S1,2026-05-06,20260506,2026-05-07,1,Advanced
EVT007335,APP03878,REQ0087,S2,2026-05-07,20260507,2026-05-11,4,Advanced
EVT007336,APP03878,REQ0087,S3,2026-05-11,20260511,2026-05-15,4,Rejected
EVT007337,APP03879,REQ0087,S1,2026-05-12,20260512,2026-05-14,2,Rejected
EVT007338,APP03880,REQ0087,S1,2026-04-29,20260429,2026-04-30,1,Rejected
EVT007339,APP03881,REQ0087,S1,2026-05-02,20260502,2026-05-03,1,Advanced
EVT007340,APP03881,REQ0087,S2,2026-05-03,20260503,2026-05-06,3,Rejected
EVT007341,APP03882,REQ0087,S1,2026-05-12,20260512,2026-05-14,2,Rejected
EVT007342,APP03883,REQ0087,S1,2026-05-07,20260507,2026-05-09,2,Rejected
EVT007343,APP03884,REQ0087,S1,2026-04-21,20260421,2026-04-24,3,Rejected
EVT007344,APP03885,REQ0087,S1,2026-05-03,20260503,2026-05-05,2,Rejected
EVT007345,APP03886,REQ0087,S1,2026-05-13,20260513,2026-05-14,1,Advanced
EVT007346,APP03886,REQ0087,S2,2026-05-14,20260514,2026-05-17,3,Rejected
EVT007347,APP03887,REQ0087,S1,2026-05-05,20260505,2026-05-06,1,Advanced
EVT007348,APP03887,REQ0087,S2,2026-05-06,20260506,2026-05-09,3,Advanced
EVT007349,APP03887,REQ0087,S3,2026-05-09,20260509,2026-05-17,8,Rejected
EVT007350,APP03888,REQ0087,S1,2026-05-04,20260504,2026-05-07,3,Rejected
EVT007351,APP03889,REQ0087,S1,2026-05-14,20260514,2026-05-16,2,Advanced
EVT007352,APP03889,REQ0087,S2,2026-05-16,20260516,2026-05-20,4,Advanced
EVT007353,APP03889,REQ0087,S3,2026-05-20,20260520,2026-05-29,9,Rejected
EVT007354,APP03890,REQ0087,S1,2026-05-07,20260507,2026-05-09,2,Advanced
EVT007355,APP03890,REQ0087,S2,2026-05-09,20260509,2026-05-12,3,Advanced
EVT007356,APP03890,REQ0087,S3,2026-05-12,20260512,2026-05-18,6,Advanced
EVT007357,APP03890,REQ0087,S4,2026-05-18,20260518,2026-05-21,3,Advanced
EVT007358,APP03890,REQ0087,S5,2026-05-21,20260521,2026-05-29,8,Rejected
EVT007359,APP03891,REQ0087,S1,2026-05-10,20260510,2026-05-11,1,Rejected
EVT007360,APP03892,REQ0087,S1,2026-05-01,20260501,2026-05-04,3,Rejected
EVT007361,APP03893,REQ0087,S1,2026-05-11,20260511,2026-05-13,2,Rejected
EVT007362,APP03894,REQ0087,S1,2026-04-21,20260421,2026-04-22,1,Rejected
EVT007363,APP03895,REQ0087,S1,2026-05-05,20260505,2026-05-07,2,Advanced
EVT007364,APP03895,REQ0087,S2,2026-05-07,20260507,2026-05-13,6,Rejected
EVT007365,APP03896,REQ0087,S1,2026-05-05,20260505,2026-05-08,3,Advanced
EVT007366,APP03896,REQ0087,S2,2026-05-08,20260508,2026-05-13,5,Advanced
EVT007367,APP03896,REQ0087,S3,2026-05-13,20260513,2026-05-25,12,Rejected
EVT007368,APP03897,REQ0087,S1,2026-04-19,20260419,2026-04-21,2,Rejected
EVT007369,APP03898,REQ0087,S1,2026-05-03,20260503,2026-05-05,2,Rejected
EVT007370,APP03899,REQ0087,S1,2026-05-01,20260501,2026-05-03,2,Rejected
EVT007371,APP03900,REQ0087,S1,2026-05-11,20260511,2026-05-12,1,Advanced
EVT007372,APP03900,REQ0087,S2,2026-05-12,20260512,2026-05-14,2,Advanced
EVT007373,APP03900,REQ0087,S3,2026-05-14,20260514,2026-05-23,9,Advanced
EVT007374,APP03900,REQ0087,S4,2026-05-23,20260523,2026-05-26,3,Advanced
EVT007375,APP03900,REQ0087,S5,2026-05-26,20260526,2026-06-02,7,Advanced
EVT007376,APP03900,REQ0087,S6,2026-06-02,20260602,2026-06-10,8,Rejected
EVT007377,APP03901,REQ0087,S1,2026-04-21,20260421,2026-04-23,2,Advanced
EVT007378,APP03901,REQ0087,S2,2026-04-23,20260423,2026-04-29,6,Rejected
EVT007379,APP03902,REQ0087,S1,2026-05-10,20260510,2026-05-12,2,Rejected
EVT007380,APP03903,REQ0087,S1,2026-05-13,20260513,2026-05-15,2,Advanced
EVT007381,APP03903,REQ0087,S2,2026-05-15,20260515,2026-05-19,4,Advanced
EVT007382,APP03903,REQ0087,S3,2026-05-19,20260519,2026-05-23,4,Advanced
EVT007383,APP03903,REQ0087,S4,2026-05-23,20260523,2026-05-28,5,Advanced
EVT007384,APP03903,REQ0087,S5,2026-05-28,20260528,2026-06-08,11,Rejected
EVT007385,APP03904,REQ0087,S1,2026-05-14,20260514,2026-05-16,2,Rejected
EVT007386,APP03905,REQ0087,S1,2026-04-19,20260419,2026-04-21,2,Advanced
EVT007387,APP03905,REQ0087,S2,2026-04-21,20260421,2026-04-23,2,Advanced
EVT007388,APP03905,REQ0087,S3,2026-04-23,20260423,2026-05-02,9,Advanced
EVT007389,APP03905,REQ0087,S4,2026-05-02,20260502,2026-05-09,7,Rejected
EVT007390,APP03906,REQ0087,S1,2026-04-24,20260424,2026-04-25,1,Advanced
EVT007391,APP03906,REQ0087,S2,2026-04-25,20260425,2026-04-28,3,Advanced
EVT007392,APP03906,REQ0087,S3,2026-04-28,20260428,2026-05-09,11,Advanced
EVT007393,APP03906,REQ0087,S4,2026-05-09,20260509,2026-05-12,3,Rejected
EVT007394,APP03907,REQ0087,S1,2026-05-12,20260512,2026-05-15,3,Rejected
EVT007395,APP03908,REQ0087,S1,2026-05-14,20260514,2026-05-16,2,Rejected
EVT007396,APP03909,REQ0087,S1,2026-04-23,20260423,2026-04-25,2,Rejected
EVT007397,APP03910,REQ0087,S1,2026-05-10,20260510,2026-05-11,1,Rejected
EVT007398,APP03911,REQ0087,S1,2026-04-21,20260421,2026-04-22,1,Rejected
EVT007399,APP03912,REQ0087,S1,2026-05-07,20260507,2026-05-09,2,Rejected
EVT007400,APP03913,REQ0087,S1,2026-04-30,20260430,2026-05-01,1,Advanced
EVT007401,APP03913,REQ0087,S2,2026-05-01,20260501,2026-05-03,2,Rejected
EVT007402,APP03914,REQ0087,S1,2026-05-02,20260502,2026-05-04,2,Rejected
EVT007403,APP03915,REQ0087,S1,2026-04-19,20260419,2026-04-20,1,Rejected
EVT007404,APP03916,REQ0087,S1,2026-05-01,20260501,2026-05-02,1,Advanced
EVT007405,APP03916,REQ0087,S2,2026-05-02,20260502,2026-05-04,2,Rejected
EVT007406,APP03917,REQ0087,S1,2026-04-27,20260427,2026-04-29,2,Rejected
EVT007407,APP03918,REQ0087,S1,2026-04-18,20260418,2026-04-20,2,Rejected
EVT007408,APP03919,REQ0087,S1,2026-05-08,20260508,2026-05-09,1,Rejected
EVT007409,APP03920,REQ0087,S1,2026-05-13,20260513,2026-05-16,3,Rejected
EVT007410,APP03921,REQ0087,S1,2026-04-23,20260423,2026-04-26,3,Advanced
EVT007411,APP03921,REQ0087,S2,2026-04-26,20260426,2026-05-01,5,Rejected
EVT007412,APP03922,REQ0087,S1,2026-04-26,20260426,2026-04-27,1,Rejected
EVT007413,APP03923,REQ0087,S1,2026-05-13,20260513,2026-05-14,1,Advanced
EVT007414,APP03923,REQ0087,S2,2026-05-14,20260514,2026-05-18,4,Advanced
EVT007415,APP03923,REQ0087,S3,2026-05-18,20260518,2026-05-25,7,Rejected
EVT007416,APP03924,REQ0087,S1,2026-05-11,20260511,2026-05-12,1,Rejected
EVT007417,APP03925,REQ0087,S1,2026-04-30,20260430,2026-05-03,3,Advanced
EVT007418,APP03925,REQ0087,S2,2026-05-03,20260503,2026-05-06,3,Advanced
EVT007419,APP03925,REQ0087,S3,2026-05-06,20260506,2026-05-11,5,Advanced
EVT007420,APP03925,REQ0087,S4,2026-05-11,20260511,2026-05-14,3,Advanced
EVT007421,APP03925,REQ0087,S5,2026-05-14,20260514,2026-05-24,10,Rejected
EVT007422,APP03926,REQ0088,S1,2024-08-28,20240828,2024-08-29,1,Rejected
EVT007423,APP03927,REQ0088,S1,2024-08-22,20240822,2024-08-24,2,Advanced
EVT007424,APP03927,REQ0088,S2,2024-08-24,20240824,2024-08-29,5,Rejected
EVT007425,APP03928,REQ0088,S1,2024-08-26,20240826,2024-08-29,3,Advanced
EVT007426,APP03928,REQ0088,S2,2024-08-29,20240829,2024-09-04,6,Rejected
EVT007427,APP03929,REQ0088,S1,2024-08-19,20240819,2024-08-20,1,Rejected
EVT007428,APP03930,REQ0088,S1,2024-08-17,20240817,2024-08-18,1,Rejected
EVT007429,APP03931,REQ0088,S1,2024-08-19,20240819,2024-08-20,1,Rejected
EVT007430,APP03932,REQ0088,S1,2024-08-15,20240815,2024-08-16,1,Advanced
EVT007431,APP03932,REQ0088,S2,2024-08-16,20240816,2024-08-17,1,Advanced
EVT007432,APP03932,REQ0088,S3,2024-08-17,20240817,2024-08-25,8,Rejected
EVT007433,APP03933,REQ0088,S1,2024-08-20,20240820,2024-08-22,2,Advanced
EVT007434,APP03933,REQ0088,S2,2024-08-22,20240822,2024-08-25,3,Rejected
EVT007435,APP03934,REQ0088,S1,2024-08-14,20240814,2024-08-15,1,Rejected
EVT007436,APP03935,REQ0088,S1,2024-08-15,20240815,2024-08-17,2,Rejected
EVT007437,APP03936,REQ0088,S1,2024-08-18,20240818,2024-08-19,1,Rejected
EVT007438,APP03937,REQ0088,S1,2024-08-21,20240821,2024-08-24,3,Rejected
EVT007439,APP03938,REQ0088,S1,2024-08-19,20240819,2024-08-21,2,Advanced
EVT007440,APP03938,REQ0088,S2,2024-08-21,20240821,2024-08-27,6,Advanced
EVT007441,APP03938,REQ0088,S3,2024-08-27,20240827,2024-09-10,14,Advanced
EVT007442,APP03938,REQ0088,S4,2024-09-10,20240910,2024-09-17,7,Advanced
EVT007443,APP03938,REQ0088,S5,2024-09-17,20240917,2024-09-21,4,Rejected
EVT007444,APP03939,REQ0088,S1,2024-08-28,20240828,2024-08-29,1,Rejected
EVT007445,APP03940,REQ0088,S1,2024-08-15,20240815,2024-08-16,1,Rejected
EVT007446,APP03941,REQ0088,S1,2024-08-14,20240814,2024-08-16,2,Advanced
EVT007447,APP03941,REQ0088,S2,2024-08-16,20240816,2024-08-20,4,Rejected
EVT007448,APP03942,REQ0088,S1,2024-08-28,20240828,2024-08-30,2,Rejected
EVT007449,APP03943,REQ0088,S1,2024-08-23,20240823,2024-08-24,1,Advanced
EVT007450,APP03943,REQ0088,S2,2024-08-24,20240824,2024-08-29,5,Rejected
EVT007451,APP03944,REQ0088,S1,2024-08-24,20240824,2024-08-26,2,Rejected
EVT007452,APP03945,REQ0088,S1,2024-08-14,20240814,2024-08-15,1,Advanced
EVT007453,APP03945,REQ0088,S2,2024-08-15,20240815,2024-08-18,3,Rejected
EVT007454,APP03946,REQ0088,S1,2024-08-15,20240815,2024-08-16,1,Rejected
EVT007455,APP03947,REQ0088,S1,2024-08-22,20240822,2024-08-23,1,Rejected
EVT007456,APP03948,REQ0088,S1,2024-08-21,20240821,2024-08-22,1,Rejected
EVT007457,APP03949,REQ0088,S1,2024-08-30,20240830,2024-09-02,3,Advanced
EVT007458,APP03949,REQ0088,S2,2024-09-02,20240902,2024-09-07,5,Advanced
EVT007459,APP03949,REQ0088,S3,2024-09-07,20240907,2024-09-17,10,Advanced
EVT007460,APP03949,REQ0088,S4,2024-09-17,20240917,2024-09-21,4,Advanced
EVT007461,APP03949,REQ0088,S5,2024-09-21,20240921,2024-10-01,10,Rejected
EVT007462,APP03950,REQ0088,S1,2024-08-22,20240822,2024-08-23,1,Advanced
EVT007463,APP03950,REQ0088,S2,2024-08-23,20240823,2024-08-26,3,Advanced
EVT007464,APP03950,REQ0088,S3,2024-08-26,20240826,2024-09-08,13,Rejected
EVT007465,APP03951,REQ0088,S1,2024-08-31,20240831,2024-09-02,2,Rejected
EVT007466,APP03952,REQ0088,S1,2024-08-26,20240826,2024-08-27,1,Rejected
EVT007467,APP03953,REQ0088,S1,2024-08-22,20240822,2024-08-24,2,Advanced
EVT007468,APP03953,REQ0088,S2,2024-08-24,20240824,2024-08-30,6,Advanced
EVT007469,APP03953,REQ0088,S3,2024-08-30,20240830,2024-09-07,8,Advanced
EVT007470,APP03953,REQ0088,S4,2024-09-07,20240907,2024-09-14,7,Advanced
EVT007471,APP03953,REQ0088,S5,2024-09-14,20240914,2024-09-25,11,Advanced
EVT007472,APP03953,REQ0088,S6,2024-09-25,20240925,2024-10-03,8,Advanced
EVT007473,APP03953,REQ0088,S7,2024-10-03,20241003,2024-10-14,11,Rejected
EVT007474,APP03954,REQ0088,S1,2024-08-23,20240823,2024-08-24,1,Rejected
EVT007475,APP03955,REQ0088,S1,2024-08-31,20240831,2024-09-03,3,Rejected
EVT007476,APP03956,REQ0088,S1,2024-08-27,20240827,2024-08-28,1,Rejected
EVT007477,APP03957,REQ0088,S1,2024-08-25,20240825,2024-08-27,2,Advanced
EVT007478,APP03957,REQ0088,S2,2024-08-27,20240827,2024-08-29,2,Advanced
EVT007479,APP03957,REQ0088,S3,2024-08-29,20240829,2024-09-04,6,Advanced
EVT007480,APP03957,REQ0088,S4,2024-09-04,20240904,2024-09-10,6,Advanced
EVT007481,APP03957,REQ0088,S5,2024-09-10,20240910,2024-09-17,7,Advanced
EVT007482,APP03957,REQ0088,S6,2024-09-17,20240917,2024-09-20,3,Rejected
EVT007483,APP03958,REQ0088,S1,2024-08-29,20240829,2024-08-30,1,Advanced
EVT007484,APP03958,REQ0088,S2,2024-08-30,20240830,2024-09-02,3,Advanced
EVT007485,APP03958,REQ0088,S3,2024-09-02,20240902,2024-09-04,2,Advanced
EVT007486,APP03958,REQ0088,S4,2024-09-04,20240904,2024-09-11,7,Advanced
EVT007487,APP03958,REQ0088,S5,2024-09-11,20240911,2024-09-15,4,Rejected
EVT007488,APP03959,REQ0088,S1,2024-08-24,20240824,2024-08-25,1,Rejected
EVT007489,APP03960,REQ0088,S1,2024-08-30,20240830,2024-08-31,1,Rejected
EVT007490,APP03961,REQ0088,S1,2024-08-24,20240824,2024-08-26,2,Rejected
EVT007491,APP03962,REQ0088,S1,2024-08-26,20240826,2024-08-28,2,Rejected
EVT007492,APP03963,REQ0088,S1,2024-09-01,20240901,2024-09-02,1,Rejected
EVT007493,APP03964,REQ0088,S1,2024-08-25,20240825,2024-08-27,2,Advanced
EVT007494,APP03964,REQ0088,S2,2024-08-27,20240827,2024-08-30,3,Advanced
EVT007495,APP03964,REQ0088,S3,2024-08-30,20240830,2024-09-03,4,Rejected
EVT007496,APP03965,REQ0088,S1,2024-08-23,20240823,2024-08-25,2,Advanced
EVT007497,APP03965,REQ0088,S2,2024-08-25,20240825,2024-08-28,3,Rejected
EVT007498,APP03966,REQ0088,S1,2024-08-15,20240815,2024-08-17,2,Rejected
EVT007499,APP03967,REQ0088,S1,2024-08-21,20240821,2024-08-24,3,Rejected
EVT007500,APP03968,REQ0088,S1,2024-08-15,20240815,2024-08-18,3,Rejected
EVT007501,APP03969,REQ0088,S1,2024-08-30,20240830,2024-09-02,3,Rejected
EVT007502,APP03970,REQ0088,S1,2024-08-20,20240820,2024-08-23,3,Rejected
EVT007503,APP03971,REQ0088,S1,2024-08-24,20240824,2024-08-25,1,Rejected
EVT007504,APP03972,REQ0088,S1,2024-08-21,20240821,2024-08-23,2,Rejected
EVT007505,APP03973,REQ0088,S1,2024-08-19,20240819,2024-08-21,2,Rejected
EVT007506,APP03974,REQ0088,S1,2024-08-26,20240826,2024-08-28,2,Rejected
EVT007507,APP03975,REQ0089,S1,2025-08-20,20250820,2025-08-23,3,Advanced
EVT007508,APP03975,REQ0089,S2,2025-08-23,20250823,2025-08-29,6,Advanced
EVT007509,APP03975,REQ0089,S3,2025-08-29,20250829,2025-09-09,11,Rejected
EVT007510,APP03976,REQ0089,S1,2025-08-09,20250809,2025-08-11,2,Rejected
EVT007511,APP03977,REQ0089,S1,2025-08-01,20250801,2025-08-02,1,Rejected
EVT007512,APP03978,REQ0089,S1,2025-08-20,20250820,2025-08-21,1,Advanced
EVT007513,APP03978,REQ0089,S2,2025-08-21,20250821,2025-08-23,2,Rejected
EVT007514,APP03979,REQ0089,S1,2025-07-20,20250720,2025-07-22,2,Rejected
EVT007515,APP03980,REQ0089,S1,2025-07-28,20250728,2025-07-29,1,Advanced
EVT007516,APP03980,REQ0089,S2,2025-07-29,20250729,2025-08-04,6,Rejected
EVT007517,APP03981,REQ0089,S1,2025-06-26,20250626,2025-06-27,1,Rejected
EVT007518,APP03982,REQ0089,S1,2025-08-03,20250803,2025-08-06,3,Rejected
EVT007519,APP03983,REQ0089,S1,2025-07-05,20250705,2025-07-06,1,Rejected
EVT007520,APP03984,REQ0089,S1,2025-06-07,20250607,2025-06-08,1,Advanced
EVT007521,APP03984,REQ0089,S2,2025-06-08,20250608,2025-06-12,4,Advanced
EVT007522,APP03984,REQ0089,S3,2025-06-12,20250612,2025-06-16,4,Advanced
EVT007523,APP03984,REQ0089,S4,2025-06-16,20250616,2025-06-20,4,Rejected
EVT007524,APP03985,REQ0089,S1,2025-06-19,20250619,2025-06-20,1,Advanced
EVT007525,APP03985,REQ0089,S2,2025-06-20,20250620,2025-06-22,2,Advanced
EVT007526,APP03985,REQ0089,S3,2025-06-22,20250622,2025-06-26,4,Advanced
EVT007527,APP03985,REQ0089,S4,2025-06-26,20250626,2025-07-02,6,Advanced
EVT007528,APP03985,REQ0089,S5,2025-07-02,20250702,2025-07-07,5,Rejected
EVT007529,APP03986,REQ0089,S1,2025-07-18,20250718,2025-07-20,2,Advanced
EVT007530,APP03986,REQ0089,S2,2025-07-20,20250720,2025-07-21,1,Advanced
EVT007531,APP03986,REQ0089,S3,2025-07-21,20250721,2025-07-23,2,Rejected
EVT007532,APP03987,REQ0089,S1,2025-07-25,20250725,2025-07-27,2,Advanced
EVT007533,APP03987,REQ0089,S2,2025-07-27,20250727,2025-08-02,6,Advanced
EVT007534,APP03987,REQ0089,S3,2025-08-02,20250802,2025-08-13,11,Advanced
EVT007535,APP03987,REQ0089,S4,2025-08-13,20250813,2025-08-18,5,Advanced
EVT007536,APP03987,REQ0089,S5,2025-08-18,20250818,2025-08-23,5,Rejected
EVT007537,APP03988,REQ0089,S1,2025-06-14,20250614,2025-06-17,3,Advanced
EVT007538,APP03988,REQ0089,S2,2025-06-17,20250617,2025-06-22,5,Rejected
EVT007539,APP03989,REQ0089,S1,2025-05-31,20250531,2025-06-02,2,Advanced
EVT007540,APP03989,REQ0089,S2,2025-06-02,20250602,2025-06-07,5,Advanced
EVT007541,APP03989,REQ0089,S3,2025-06-07,20250607,2025-06-14,7,Rejected
EVT007542,APP03990,REQ0089,S1,2025-06-06,20250606,2025-06-07,1,Rejected
EVT007543,APP03991,REQ0089,S1,2025-08-06,20250806,2025-08-09,3,Advanced
EVT007544,APP03991,REQ0089,S2,2025-08-09,20250809,2025-08-13,4,Rejected
EVT007545,APP03992,REQ0089,S1,2025-08-17,20250817,2025-08-18,1,Advanced
EVT007546,APP03992,REQ0089,S2,2025-08-18,20250818,2025-08-24,6,Rejected
EVT007547,APP03993,REQ0089,S1,2025-06-30,20250630,2025-07-02,2,Advanced
EVT007548,APP03993,REQ0089,S2,2025-07-02,20250702,2025-07-06,4,Rejected
EVT007549,APP03994,REQ0089,S1,2025-08-14,20250814,2025-08-16,2,Rejected
EVT007550,APP03995,REQ0089,S1,2025-08-20,20250820,2025-08-23,3,Rejected
EVT007551,APP03996,REQ0089,S1,2025-06-24,20250624,2025-06-25,1,Advanced
EVT007552,APP03996,REQ0089,S2,2025-06-25,20250625,2025-06-26,1,Rejected
EVT007553,APP03997,REQ0089,S1,2025-08-02,20250802,2025-08-05,3,Rejected
EVT007554,APP03998,REQ0089,S1,2025-07-29,20250729,2025-07-31,2,Rejected
EVT007555,APP03999,REQ0089,S1,2025-08-06,20250806,2025-08-08,2,Rejected
EVT007556,APP04000,REQ0090,S1,2025-01-24,20250124,2025-01-26,2,Rejected
EVT007557,APP04001,REQ0090,S1,2025-01-20,20250120,2025-01-22,2,Rejected
EVT007558,APP04002,REQ0090,S1,2025-01-26,20250126,2025-01-29,3,Rejected
EVT007559,APP04003,REQ0090,S1,2025-01-25,20250125,2025-01-26,1,Rejected
EVT007560,APP04004,REQ0090,S1,2025-01-28,20250128,2025-01-29,1,Rejected
EVT007561,APP04005,REQ0090,S1,2025-01-25,20250125,2025-01-26,1,Advanced
EVT007562,APP04005,REQ0090,S2,2025-01-26,20250126,2025-01-28,2,Advanced
EVT007563,APP04005,REQ0090,S3,2025-01-28,20250128,2025-02-09,12,Advanced
EVT007564,APP04005,REQ0090,S4,2025-02-09,20250209,2025-02-15,6,Advanced
EVT007565,APP04005,REQ0090,S5,2025-02-15,20250215,2025-02-24,9,Advanced
EVT007566,APP04005,REQ0090,S6,2025-02-24,20250224,2025-02-28,4,Advanced
EVT007567,APP04005,REQ0090,S7,2025-02-28,20250228,2025-03-08,8,Advanced
EVT007568,APP04005,REQ0090,S8,2025-03-08,20250308,2025-03-08,0,Hired
EVT007569,APP04006,REQ0090,S1,2025-01-18,20250118,2025-01-20,2,Rejected
EVT007570,APP04007,REQ0090,S1,2025-01-22,20250122,2025-01-24,2,Advanced
EVT007571,APP04007,REQ0090,S2,2025-01-24,20250124,2025-01-26,2,Rejected
EVT007572,APP04008,REQ0090,S1,2025-01-27,20250127,2025-01-28,1,Advanced
EVT007573,APP04008,REQ0090,S2,2025-01-28,20250128,2025-01-31,3,Advanced
EVT007574,APP04008,REQ0090,S3,2025-01-31,20250131,2025-02-06,6,Rejected
EVT007575,APP04009,REQ0090,S1,2025-01-21,20250121,2025-01-23,2,Advanced
EVT007576,APP04009,REQ0090,S2,2025-01-23,20250123,2025-01-28,5,Rejected
EVT007577,APP04010,REQ0090,S1,2025-01-18,20250118,2025-01-19,1,Rejected
EVT007578,APP04011,REQ0090,S1,2025-01-20,20250120,2025-01-21,1,Rejected
EVT007579,APP04012,REQ0090,S1,2025-01-20,20250120,2025-01-21,1,Rejected
EVT007580,APP04013,REQ0090,S1,2025-01-28,20250128,2025-01-29,1,Advanced
EVT007581,APP04013,REQ0090,S2,2025-01-29,20250129,2025-01-31,2,Advanced
EVT007582,APP04013,REQ0090,S3,2025-01-31,20250131,2025-02-07,7,Rejected
EVT007583,APP04014,REQ0090,S1,2025-01-18,20250118,2025-01-20,2,Advanced
EVT007584,APP04014,REQ0090,S2,2025-01-20,20250120,2025-01-23,3,Advanced
EVT007585,APP04014,REQ0090,S3,2025-01-23,20250123,2025-01-26,3,Rejected
EVT007586,APP04015,REQ0090,S1,2025-01-19,20250119,2025-01-21,2,Advanced
EVT007587,APP04015,REQ0090,S2,2025-01-21,20250121,2025-01-25,4,Advanced
EVT007588,APP04015,REQ0090,S3,2025-01-25,20250125,2025-01-30,5,Advanced
EVT007589,APP04015,REQ0090,S4,2025-01-30,20250130,2025-02-07,8,Advanced
EVT007590,APP04015,REQ0090,S5,2025-02-07,20250207,2025-02-18,11,Advanced
EVT007591,APP04015,REQ0090,S6,2025-02-18,20250218,2025-02-27,9,Advanced
EVT007592,APP04015,REQ0090,S7,2025-02-27,20250227,2025-03-09,10,Advanced
EVT007593,APP04015,REQ0090,S8,2025-03-09,20250309,2025-03-09,0,Hired
EVT007594,APP04016,REQ0090,S1,2025-01-20,20250120,2025-01-21,1,Rejected
EVT007595,APP04017,REQ0090,S1,2025-01-28,20250128,2025-01-29,1,Advanced
EVT007596,APP04017,REQ0090,S2,2025-01-29,20250129,2025-01-31,2,Rejected
EVT007597,APP04018,REQ0090,S1,2025-01-22,20250122,2025-01-23,1,Advanced
EVT007598,APP04018,REQ0090,S2,2025-01-23,20250123,2025-01-24,1,Rejected
EVT007599,APP04019,REQ0090,S1,2025-01-22,20250122,2025-01-23,1,Advanced
EVT007600,APP04019,REQ0090,S2,2025-01-23,20250123,2025-01-25,2,Advanced
EVT007601,APP04019,REQ0090,S3,2025-01-25,20250125,2025-01-27,2,Advanced
EVT007602,APP04019,REQ0090,S4,2025-01-27,20250127,2025-02-02,6,Advanced
EVT007603,APP04019,REQ0090,S5,2025-02-02,20250202,2025-02-08,6,Advanced
EVT007604,APP04019,REQ0090,S6,2025-02-08,20250208,2025-02-17,9,Advanced
EVT007605,APP04019,REQ0090,S7,2025-02-17,20250217,2025-02-25,8,Advanced
EVT007606,APP04019,REQ0090,S8,2025-02-25,20250225,2025-02-25,0,Hired
EVT007607,APP04020,REQ0090,S1,2025-01-28,20250128,2025-01-29,1,Advanced
EVT007608,APP04020,REQ0090,S2,2025-01-29,20250129,2025-02-01,3,Advanced
EVT007609,APP04020,REQ0090,S3,2025-02-01,20250201,2025-02-07,6,Rejected
EVT007610,APP04021,REQ0090,S1,2025-01-26,20250126,2025-01-27,1,Advanced
EVT007611,APP04021,REQ0090,S2,2025-01-27,20250127,2025-02-02,6,Rejected
EVT007612,APP04022,REQ0090,S1,2025-01-20,20250120,2025-01-21,1,Advanced
EVT007613,APP04022,REQ0090,S2,2025-01-21,20250121,2025-01-25,4,Rejected
EVT007614,APP04023,REQ0090,S1,2025-01-28,20250128,2025-01-30,2,Rejected
EVT007615,APP04024,REQ0090,S1,2025-01-19,20250119,2025-01-20,1,Rejected
EVT007616,APP04025,REQ0090,S1,2025-01-28,20250128,2025-01-30,2,Rejected
EVT007617,APP04026,REQ0090,S1,2025-01-22,20250122,2025-01-23,1,Rejected
EVT007618,APP04027,REQ0090,S1,2025-01-20,20250120,2025-01-21,1,Rejected
EVT007619,APP04028,REQ0090,S1,2025-01-19,20250119,2025-01-21,2,Rejected
EVT007620,APP04029,REQ0090,S1,2025-01-23,20250123,2025-01-26,3,Rejected
EVT007621,APP04030,REQ0090,S1,2025-01-21,20250121,2025-01-23,2,Rejected
EVT007622,APP04031,REQ0090,S1,2025-01-23,20250123,2025-01-25,2,Rejected
EVT007623,APP04032,REQ0090,S1,2025-01-28,20250128,2025-01-30,2,Advanced
EVT007624,APP04032,REQ0090,S2,2025-01-30,20250130,2025-02-01,2,Advanced
EVT007625,APP04032,REQ0090,S3,2025-02-01,20250201,2025-02-09,8,Advanced
EVT007626,APP04032,REQ0090,S4,2025-02-09,20250209,2025-02-17,8,Advanced
EVT007627,APP04032,REQ0090,S5,2025-02-17,20250217,2025-02-27,10,Advanced
EVT007628,APP04032,REQ0090,S6,2025-02-27,20250227,2025-03-06,7,Rejected
EVT007629,APP04033,REQ0090,S1,2025-01-23,20250123,2025-01-24,1,Rejected
EVT007630,APP04034,REQ0090,S1,2025-01-21,20250121,2025-01-22,1,Advanced
EVT007631,APP04034,REQ0090,S2,2025-01-22,20250122,2025-01-26,4,Rejected
EVT007632,APP04035,REQ0090,S1,2025-01-18,20250118,2025-01-20,2,Advanced
EVT007633,APP04035,REQ0090,S2,2025-01-20,20250120,2025-01-22,2,Advanced
EVT007634,APP04035,REQ0090,S3,2025-01-22,20250122,2025-01-26,4,Advanced
EVT007635,APP04035,REQ0090,S4,2025-01-26,20250126,2025-01-30,4,Advanced
EVT007636,APP04035,REQ0090,S5,2025-01-30,20250130,2025-02-04,5,Advanced
EVT007637,APP04035,REQ0090,S6,2025-02-04,20250204,2025-02-09,5,Advanced
EVT007638,APP04035,REQ0090,S7,2025-02-09,20250209,2025-02-15,6,Advanced
EVT007639,APP04035,REQ0090,S8,2025-02-15,20250215,2025-02-15,0,Hired
EVT007640,APP04036,REQ0090,S1,2025-01-27,20250127,2025-01-28,1,Rejected
EVT007641,APP04037,REQ0090,S1,2025-01-27,20250127,2025-01-28,1,Rejected
EVT007642,APP04038,REQ0090,S1,2025-01-20,20250120,2025-01-21,1,Rejected
EVT007643,APP04039,REQ0090,S1,2025-01-21,20250121,2025-01-23,2,Rejected
EVT007644,APP04040,REQ0090,S1,2025-01-23,20250123,2025-01-24,1,Advanced
EVT007645,APP04040,REQ0090,S2,2025-01-24,20250124,2025-01-27,3,Rejected
EVT007646,APP04041,REQ0090,S1,2025-01-19,20250119,2025-01-20,1,Advanced
EVT007647,APP04041,REQ0090,S2,2025-01-20,20250120,2025-01-22,2,Advanced
EVT007648,APP04041,REQ0090,S3,2025-01-22,20250122,2025-01-24,2,Advanced
EVT007649,APP04041,REQ0090,S4,2025-01-24,20250124,2025-01-31,7,Advanced
EVT007650,APP04041,REQ0090,S5,2025-01-31,20250131,2025-02-10,10,Rejected
EVT007651,APP04042,REQ0090,S1,2025-01-20,20250120,2025-01-22,2,Advanced
EVT007652,APP04042,REQ0090,S2,2025-01-22,20250122,2025-01-27,5,Advanced
EVT007653,APP04042,REQ0090,S3,2025-01-27,20250127,2025-02-07,11,Advanced
EVT007654,APP04042,REQ0090,S4,2025-02-07,20250207,2025-02-15,8,Advanced
EVT007655,APP04042,REQ0090,S5,2025-02-15,20250215,2025-02-24,9,Rejected
EVT007656,APP04043,REQ0090,S1,2025-01-26,20250126,2025-01-27,1,Rejected
EVT007657,APP04044,REQ0090,S1,2025-01-20,20250120,2025-01-23,3,Rejected
EVT007658,APP04045,REQ0090,S1,2025-01-23,20250123,2025-01-24,1,Advanced
EVT007659,APP04045,REQ0090,S2,2025-01-24,20250124,2025-01-25,1,Advanced
EVT007660,APP04045,REQ0090,S3,2025-01-25,20250125,2025-01-29,4,Rejected
EVT007661,APP04046,REQ0090,S1,2025-01-20,20250120,2025-01-21,1,Rejected
EVT007662,APP04047,REQ0090,S1,2025-01-26,20250126,2025-01-28,2,Advanced
EVT007663,APP04047,REQ0090,S2,2025-01-28,20250128,2025-02-02,5,Advanced
EVT007664,APP04047,REQ0090,S3,2025-02-02,20250202,2025-02-08,6,Rejected
EVT007665,APP04048,REQ0090,S1,2025-01-26,20250126,2025-01-27,1,Rejected
EVT007666,APP04049,REQ0090,S1,2025-01-21,20250121,2025-01-23,2,Rejected
EVT007667,APP04050,REQ0090,S1,2025-01-18,20250118,2025-01-20,2,Rejected
EVT007668,APP04051,REQ0090,S1,2025-01-26,20250126,2025-01-29,3,Advanced
EVT007669,APP04051,REQ0090,S2,2025-01-29,20250129,2025-02-01,3,Advanced
EVT007670,APP04051,REQ0090,S3,2025-02-01,20250201,2025-02-13,12,Rejected
EVT007671,APP04052,REQ0090,S1,2025-01-27,20250127,2025-01-28,1,Advanced
EVT007672,APP04052,REQ0090,S2,2025-01-28,20250128,2025-02-01,4,Advanced
EVT007673,APP04052,REQ0090,S3,2025-02-01,20250201,2025-02-12,11,Rejected
EVT007674,APP04053,REQ0090,S1,2025-01-25,20250125,2025-01-28,3,Advanced
EVT007675,APP04053,REQ0090,S2,2025-01-28,20250128,2025-02-03,6,Advanced
EVT007676,APP04053,REQ0090,S3,2025-02-03,20250203,2025-02-10,7,Advanced
EVT007677,APP04053,REQ0090,S4,2025-02-10,20250210,2025-02-16,6,Advanced
EVT007678,APP04053,REQ0090,S5,2025-02-16,20250216,2025-02-23,7,Advanced
EVT007679,APP04053,REQ0090,S6,2025-02-23,20250223,2025-02-28,5,Advanced
EVT007680,APP04053,REQ0090,S7,2025-02-28,20250228,2025-03-12,12,Advanced
EVT007681,APP04053,REQ0090,S8,2025-03-12,20250312,2025-03-12,0,Hired
EVT007682,APP04054,REQ0090,S1,2025-01-25,20250125,2025-01-28,3,Rejected
EVT007683,APP04055,REQ0090,S1,2025-01-23,20250123,2025-01-24,1,Advanced
EVT007684,APP04055,REQ0090,S2,2025-01-24,20250124,2025-01-26,2,Advanced
EVT007685,APP04055,REQ0090,S3,2025-01-26,20250126,2025-01-30,4,Advanced
EVT007686,APP04055,REQ0090,S4,2025-01-30,20250130,2025-02-06,7,Advanced
EVT007687,APP04055,REQ0090,S5,2025-02-06,20250206,2025-02-13,7,Rejected
EVT007688,APP04056,REQ0090,S1,2025-01-24,20250124,2025-01-27,3,Rejected
EVT007689,APP04057,REQ0090,S1,2025-01-23,20250123,2025-01-25,2,Advanced
EVT007690,APP04057,REQ0090,S2,2025-01-25,20250125,2025-01-27,2,Rejected
EVT007691,APP04058,REQ0090,S1,2025-01-26,20250126,2025-01-28,2,Advanced
EVT007692,APP04058,REQ0090,S2,2025-01-28,20250128,2025-01-29,1,Advanced
EVT007693,APP04058,REQ0090,S3,2025-01-29,20250129,2025-02-04,6,Rejected
EVT007694,APP04059,REQ0090,S1,2025-01-28,20250128,2025-01-30,2,Advanced
EVT007695,APP04059,REQ0090,S2,2025-01-30,20250130,2025-02-03,4,Advanced
EVT007696,APP04059,REQ0090,S3,2025-02-03,20250203,2025-02-07,4,Rejected
EVT007697,APP04060,REQ0090,S1,2025-01-18,20250118,2025-01-19,1,Rejected
EVT007698,APP04061,REQ0090,S1,2025-01-18,20250118,2025-01-19,1,Rejected
EVT007699,APP04062,REQ0090,S1,2025-01-19,20250119,2025-01-22,3,Rejected
EVT007700,APP04063,REQ0090,S1,2025-01-22,20250122,2025-01-24,2,Rejected
EVT007701,APP04064,REQ0090,S1,2025-01-20,20250120,2025-01-23,3,Rejected
EVT007702,APP04065,REQ0090,S1,2025-01-24,20250124,2025-01-27,3,Rejected
EVT007703,APP04066,REQ0090,S1,2025-01-27,20250127,2025-01-28,1,Rejected
EVT007704,APP04067,REQ0090,S1,2025-01-22,20250122,2025-01-23,1,Rejected
EVT007705,APP04068,REQ0090,S1,2025-01-22,20250122,2025-01-23,1,Rejected
EVT007706,APP04069,REQ0090,S1,2025-01-22,20250122,2025-01-23,1,Advanced
EVT007707,APP04069,REQ0090,S2,2025-01-23,20250123,2025-01-27,4,Advanced
EVT007708,APP04069,REQ0090,S3,2025-01-27,20250127,2025-02-03,7,Advanced
EVT007709,APP04069,REQ0090,S4,2025-02-03,20250203,2025-02-08,5,Advanced
EVT007710,APP04069,REQ0090,S5,2025-02-08,20250208,2025-02-15,7,Rejected
EVT007711,APP04070,REQ0091,S1,2026-05-29,20260529,2026-05-31,2,Rejected
EVT007712,APP04071,REQ0091,S1,2026-06-03,20260603,2026-06-04,1,Rejected
EVT007713,APP04072,REQ0091,S1,2026-06-08,20260608,2026-06-09,1,Advanced
EVT007714,APP04072,REQ0091,S2,2026-06-09,20260609,2026-06-12,3,Rejected
EVT007715,APP04073,REQ0091,S1,2026-06-03,20260603,2026-06-06,3,Rejected
EVT007716,APP04074,REQ0091,S1,2026-05-29,20260529,2026-05-30,1,Advanced
EVT007717,APP04074,REQ0091,S2,2026-05-30,20260530,2026-06-01,2,Advanced
EVT007718,APP04074,REQ0091,S3,2026-06-01,20260601,2026-06-06,5,Rejected
EVT007719,APP04075,REQ0091,S1,2026-05-31,20260531,2026-06-02,2,Advanced
EVT007720,APP04075,REQ0091,S2,2026-06-02,20260602,2026-06-04,2,Rejected
EVT007721,APP04076,REQ0091,S1,2026-06-03,20260603,2026-06-05,2,Rejected
EVT007722,APP04077,REQ0091,S1,2026-06-11,20260611,2026-06-13,2,Rejected
EVT007723,APP04078,REQ0091,S1,2026-06-10,20260610,2026-06-11,1,Rejected
EVT007724,APP04079,REQ0091,S1,2026-05-31,20260531,2026-06-01,1,Rejected
EVT007725,APP04080,REQ0091,S1,2026-06-10,20260610,2026-06-11,1,Advanced
EVT007726,APP04080,REQ0091,S2,2026-06-11,20260611,2026-06-12,1,Advanced
EVT007727,APP04080,REQ0091,S3,2026-06-12,20260612,2026-06-16,4,Rejected
EVT007728,APP04081,REQ0091,S1,2026-06-06,20260606,2026-06-07,1,Advanced
EVT007729,APP04081,REQ0091,S2,2026-06-07,20260607,2026-06-12,5,Rejected
EVT007730,APP04082,REQ0091,S1,2026-06-10,20260610,2026-06-13,3,Rejected
EVT007731,APP04083,REQ0091,S1,2026-06-08,20260608,2026-06-09,1,Rejected
EVT007732,APP04084,REQ0091,S1,2026-06-12,20260612,2026-06-13,1,Rejected
EVT007733,APP04085,REQ0091,S1,2026-06-09,20260609,2026-06-10,1,Rejected
EVT007734,APP04086,REQ0091,S1,2026-06-12,20260612,2026-06-14,2,Advanced
EVT007735,APP04086,REQ0091,S2,2026-06-14,20260614,2026-06-18,4,Rejected
EVT007736,APP04087,REQ0091,S1,2026-05-28,20260528,2026-05-29,1,Advanced
EVT007737,APP04087,REQ0091,S2,2026-05-29,20260529,2026-06-02,4,Advanced
EVT007738,APP04087,REQ0091,S3,2026-06-02,20260602,2026-06-05,3,Rejected
EVT007739,APP04088,REQ0091,S1,2026-06-07,20260607,2026-06-08,1,Rejected
EVT007740,APP04089,REQ0091,S1,2026-06-03,20260603,2026-06-05,2,Rejected
EVT007741,APP04090,REQ0091,S1,2026-06-07,20260607,2026-06-09,2,Rejected
EVT007742,APP04091,REQ0091,S1,2026-06-12,20260612,2026-06-14,2,Advanced
EVT007743,APP04091,REQ0091,S2,2026-06-14,20260614,2026-06-18,4,Rejected
EVT007744,APP04092,REQ0091,S1,2026-06-05,20260605,2026-06-08,3,Advanced
EVT007745,APP04092,REQ0091,S2,2026-06-08,20260608,2026-06-10,2,Advanced
EVT007746,APP04092,REQ0091,S3,2026-06-10,20260610,2026-06-18,8,Advanced
EVT007747,APP04092,REQ0091,S4,2026-06-18,20260618,2026-06-24,6,Advanced
EVT007748,APP04092,REQ0091,S5,2026-06-24,20260624,2026-07-05,11,Rejected
EVT007749,APP04093,REQ0091,S1,2026-05-28,20260528,2026-05-30,2,Rejected
EVT007750,APP04094,REQ0091,S1,2026-06-08,20260608,2026-06-10,2,Advanced
EVT007751,APP04094,REQ0091,S2,2026-06-10,20260610,2026-06-16,6,Advanced
EVT007752,APP04094,REQ0091,S3,2026-06-16,20260616,2026-06-30,14,Rejected
EVT007753,APP04095,REQ0091,S1,2026-06-03,20260603,2026-06-04,1,Rejected
EVT007754,APP04096,REQ0091,S1,2026-06-05,20260605,2026-06-07,2,Rejected
EVT007755,APP04097,REQ0091,S1,2026-06-04,20260604,2026-06-05,1,Advanced
EVT007756,APP04097,REQ0091,S2,2026-06-05,20260605,2026-06-07,2,Rejected
EVT007757,APP04098,REQ0091,S1,2026-06-04,20260604,2026-06-05,1,Advanced
EVT007758,APP04098,REQ0091,S2,2026-06-05,20260605,2026-06-07,2,Advanced
EVT007759,APP04098,REQ0091,S3,2026-06-07,20260607,2026-06-13,6,Advanced
EVT007760,APP04098,REQ0091,S4,2026-06-13,20260613,2026-06-17,4,Rejected
EVT007761,APP04099,REQ0091,S1,2026-06-03,20260603,2026-06-05,2,Rejected
EVT007762,APP04100,REQ0092,S1,2025-09-09,20250909,2025-09-10,1,Rejected
EVT007763,APP04101,REQ0092,S1,2025-09-16,20250916,2025-09-19,3,Advanced
EVT007764,APP04101,REQ0092,S2,2025-09-19,20250919,2025-09-21,2,Advanced
EVT007765,APP04101,REQ0092,S3,2025-09-21,20250921,2025-09-26,5,Rejected
EVT007766,APP04102,REQ0092,S1,2025-09-10,20250910,2025-09-12,2,Advanced
EVT007767,APP04102,REQ0092,S2,2025-09-12,20250912,2025-09-15,3,Rejected
EVT007768,APP04103,REQ0092,S1,2025-09-13,20250913,2025-09-14,1,Rejected
EVT007769,APP04104,REQ0092,S1,2025-09-06,20250906,2025-09-08,2,Rejected
EVT007770,APP04105,REQ0092,S1,2025-09-04,20250904,2025-09-06,2,Rejected
EVT007771,APP04106,REQ0092,S1,2025-09-13,20250913,2025-09-15,2,Rejected
EVT007772,APP04107,REQ0092,S1,2025-09-09,20250909,2025-09-10,1,Rejected
EVT007773,APP04108,REQ0092,S1,2025-09-05,20250905,2025-09-07,2,Rejected
EVT007774,APP04109,REQ0092,S1,2025-09-19,20250919,2025-09-20,1,Rejected
EVT007775,APP04110,REQ0092,S1,2025-09-20,20250920,2025-09-22,2,Advanced
EVT007776,APP04110,REQ0092,S2,2025-09-22,20250922,2025-09-23,1,Advanced
EVT007777,APP04110,REQ0092,S3,2025-09-23,20250923,2025-09-27,4,Rejected
EVT007778,APP04111,REQ0092,S1,2025-09-14,20250914,2025-09-16,2,Advanced
EVT007779,APP04111,REQ0092,S2,2025-09-16,20250916,2025-09-17,1,Rejected
EVT007780,APP04112,REQ0092,S1,2025-09-06,20250906,2025-09-07,1,Rejected
EVT007781,APP04113,REQ0092,S1,2025-09-12,20250912,2025-09-13,1,Advanced
EVT007782,APP04113,REQ0092,S2,2025-09-13,20250913,2025-09-19,6,Rejected
EVT007783,APP04114,REQ0092,S1,2025-09-08,20250908,2025-09-10,2,Rejected
EVT007784,APP04115,REQ0092,S1,2025-09-06,20250906,2025-09-07,1,Advanced
EVT007785,APP04115,REQ0092,S2,2025-09-07,20250907,2025-09-11,4,Rejected
EVT007786,APP04116,REQ0092,S1,2025-09-10,20250910,2025-09-11,1,Rejected
EVT007787,APP04117,REQ0092,S1,2025-09-19,20250919,2025-09-22,3,Advanced
EVT007788,APP04117,REQ0092,S2,2025-09-22,20250922,2025-09-25,3,Advanced
EVT007789,APP04117,REQ0092,S3,2025-09-25,20250925,2025-09-29,4,Advanced
EVT007790,APP04117,REQ0092,S4,2025-09-29,20250929,2025-10-05,6,Advanced
EVT007791,APP04117,REQ0092,S5,2025-10-05,20251005,2025-10-15,10,Advanced
EVT007792,APP04117,REQ0092,S6,2025-10-15,20251015,2025-10-23,8,Advanced
EVT007793,APP04117,REQ0092,S7,2025-10-23,20251023,2025-11-02,10,Advanced
EVT007794,APP04117,REQ0092,S8,2025-11-02,20251102,2025-11-02,0,Hired
EVT007795,APP04118,REQ0092,S1,2025-09-09,20250909,2025-09-10,1,Advanced
EVT007796,APP04118,REQ0092,S2,2025-09-10,20250910,2025-09-14,4,Advanced
EVT007797,APP04118,REQ0092,S3,2025-09-14,20250914,2025-09-23,9,Advanced
EVT007798,APP04118,REQ0092,S4,2025-09-23,20250923,2025-09-29,6,Advanced
EVT007799,APP04118,REQ0092,S5,2025-09-29,20250929,2025-10-07,8,Advanced
EVT007800,APP04118,REQ0092,S6,2025-10-07,20251007,2025-10-12,5,Advanced
EVT007801,APP04118,REQ0092,S7,2025-10-12,20251012,2025-10-23,11,Advanced
EVT007802,APP04118,REQ0092,S8,2025-10-23,20251023,2025-10-23,0,Hired
EVT007803,APP04119,REQ0092,S1,2025-09-16,20250916,2025-09-18,2,Advanced
EVT007804,APP04119,REQ0092,S2,2025-09-18,20250918,2025-09-24,6,Advanced
EVT007805,APP04119,REQ0092,S3,2025-09-24,20250924,2025-10-03,9,Rejected
EVT007806,APP04120,REQ0092,S1,2025-09-09,20250909,2025-09-12,3,Advanced
EVT007807,APP04120,REQ0092,S2,2025-09-12,20250912,2025-09-16,4,Advanced
EVT007808,APP04120,REQ0092,S3,2025-09-16,20250916,2025-09-21,5,Advanced
EVT007809,APP04120,REQ0092,S4,2025-09-21,20250921,2025-09-28,7,Advanced
EVT007810,APP04120,REQ0092,S5,2025-09-28,20250928,2025-10-09,11,Advanced
EVT007811,APP04120,REQ0092,S6,2025-10-09,20251009,2025-10-15,6,Advanced
EVT007812,APP04120,REQ0092,S7,2025-10-15,20251015,2025-10-22,7,Rejected
EVT007813,APP04121,REQ0092,S1,2025-09-15,20250915,2025-09-18,3,Advanced
EVT007814,APP04121,REQ0092,S2,2025-09-18,20250918,2025-09-24,6,Advanced
EVT007815,APP04121,REQ0092,S3,2025-09-24,20250924,2025-10-01,7,Advanced
EVT007816,APP04121,REQ0092,S4,2025-10-01,20251001,2025-10-05,4,Rejected
EVT007817,APP04122,REQ0092,S1,2025-09-19,20250919,2025-09-20,1,Rejected
EVT007818,APP04123,REQ0092,S1,2025-09-10,20250910,2025-09-11,1,Advanced
EVT007819,APP04123,REQ0092,S2,2025-09-11,20250911,2025-09-17,6,Rejected
EVT007820,APP04124,REQ0092,S1,2025-09-11,20250911,2025-09-13,2,Rejected
EVT007821,APP04125,REQ0092,S1,2025-09-11,20250911,2025-09-13,2,Rejected
EVT007822,APP04126,REQ0092,S1,2025-09-20,20250920,2025-09-21,1,Rejected
EVT007823,APP04127,REQ0092,S1,2025-09-17,20250917,2025-09-18,1,Rejected
EVT007824,APP04128,REQ0092,S1,2025-09-12,20250912,2025-09-13,1,Rejected
EVT007825,APP04129,REQ0092,S1,2025-09-12,20250912,2025-09-14,2,Rejected
EVT007826,APP04130,REQ0092,S1,2025-09-15,20250915,2025-09-18,3,Advanced
EVT007827,APP04130,REQ0092,S2,2025-09-18,20250918,2025-09-22,4,Rejected
EVT007828,APP04131,REQ0092,S1,2025-09-12,20250912,2025-09-15,3,Rejected
EVT007829,APP04132,REQ0092,S1,2025-09-14,20250914,2025-09-15,1,Rejected
EVT007830,APP04133,REQ0092,S1,2025-09-17,20250917,2025-09-18,1,Rejected
EVT007831,APP04134,REQ0092,S1,2025-09-09,20250909,2025-09-10,1,Advanced
EVT007832,APP04134,REQ0092,S2,2025-09-10,20250910,2025-09-14,4,Advanced
EVT007833,APP04134,REQ0092,S3,2025-09-14,20250914,2025-09-18,4,Advanced
EVT007834,APP04134,REQ0092,S4,2025-09-18,20250918,2025-09-21,3,Advanced
EVT007835,APP04134,REQ0092,S5,2025-09-21,20250921,2025-09-26,5,Rejected
EVT007836,APP04135,REQ0092,S1,2025-09-13,20250913,2025-09-16,3,Rejected
EVT007837,APP04136,REQ0092,S1,2025-09-16,20250916,2025-09-18,2,Rejected
EVT007838,APP04137,REQ0092,S1,2025-09-06,20250906,2025-09-08,2,Rejected
EVT007839,APP04138,REQ0092,S1,2025-09-09,20250909,2025-09-10,1,Advanced
EVT007840,APP04138,REQ0092,S2,2025-09-10,20250910,2025-09-12,2,Advanced
EVT007841,APP04138,REQ0092,S3,2025-09-12,20250912,2025-09-18,6,Advanced
EVT007842,APP04138,REQ0092,S4,2025-09-18,20250918,2025-09-24,6,Advanced
EVT007843,APP04138,REQ0092,S5,2025-09-24,20250924,2025-10-05,11,Advanced
EVT007844,APP04138,REQ0092,S6,2025-10-05,20251005,2025-10-12,7,Advanced
EVT007845,APP04138,REQ0092,S7,2025-10-12,20251012,2025-10-24,12,Advanced
EVT007846,APP04138,REQ0092,S8,2025-10-24,20251024,2025-10-24,0,Hired
EVT007847,APP04139,REQ0092,S1,2025-09-19,20250919,2025-09-21,2,Advanced
EVT007848,APP04139,REQ0092,S2,2025-09-21,20250921,2025-09-26,5,Advanced
EVT007849,APP04139,REQ0092,S3,2025-09-26,20250926,2025-10-03,7,Rejected
EVT007850,APP04140,REQ0092,S1,2025-09-06,20250906,2025-09-07,1,Advanced
EVT007851,APP04140,REQ0092,S2,2025-09-07,20250907,2025-09-11,4,Rejected
EVT007852,APP04141,REQ0092,S1,2025-09-04,20250904,2025-09-06,2,Advanced
EVT007853,APP04141,REQ0092,S2,2025-09-06,20250906,2025-09-09,3,Rejected
EVT007854,APP04142,REQ0092,S1,2025-09-05,20250905,2025-09-06,1,Rejected
EVT007855,APP04143,REQ0092,S1,2025-09-10,20250910,2025-09-13,3,Advanced
EVT007856,APP04143,REQ0092,S2,2025-09-13,20250913,2025-09-19,6,Rejected
EVT007857,APP04144,REQ0092,S1,2025-09-13,20250913,2025-09-15,2,Rejected
EVT007858,APP04145,REQ0092,S1,2025-09-10,20250910,2025-09-13,3,Rejected
EVT007859,APP04146,REQ0092,S1,2025-09-18,20250918,2025-09-21,3,Rejected
EVT007860,APP04147,REQ0092,S1,2025-09-10,20250910,2025-09-11,1,Rejected
EVT007861,APP04148,REQ0092,S1,2025-09-14,20250914,2025-09-15,1,Rejected
EVT007862,APP04149,REQ0092,S1,2025-09-17,20250917,2025-09-18,1,Rejected
EVT007863,APP04150,REQ0092,S1,2025-09-06,20250906,2025-09-07,1,Rejected
EVT007864,APP04151,REQ0092,S1,2025-09-17,20250917,2025-09-18,1,Advanced
EVT007865,APP04151,REQ0092,S2,2025-09-18,20250918,2025-09-19,1,Rejected
EVT007866,APP04152,REQ0092,S1,2025-09-11,20250911,2025-09-14,3,Rejected
EVT007867,APP04153,REQ0092,S1,2025-09-10,20250910,2025-09-11,1,Rejected
EVT007868,APP04154,REQ0092,S1,2025-09-07,20250907,2025-09-08,1,Rejected
EVT007869,APP04155,REQ0092,S1,2025-09-09,20250909,2025-09-11,2,Advanced
EVT007870,APP04155,REQ0092,S2,2025-09-11,20250911,2025-09-13,2,Advanced
EVT007871,APP04155,REQ0092,S3,2025-09-13,20250913,2025-09-20,7,Advanced
EVT007872,APP04155,REQ0092,S4,2025-09-20,20250920,2025-09-26,6,Advanced
EVT007873,APP04155,REQ0092,S5,2025-09-26,20250926,2025-10-07,11,Advanced
EVT007874,APP04155,REQ0092,S6,2025-10-07,20251007,2025-10-16,9,Rejected
EVT007875,APP04156,REQ0093,S1,2026-04-27,20260427,2026-04-28,1,Rejected
EVT007876,APP04157,REQ0093,S1,2026-05-09,20260509,2026-05-12,3,Advanced
EVT007877,APP04157,REQ0093,S2,2026-05-12,20260512,2026-05-18,6,Advanced
EVT007878,APP04157,REQ0093,S3,2026-05-18,20260518,2026-05-27,9,Advanced
EVT007879,APP04157,REQ0093,S4,2026-05-27,20260527,2026-06-04,8,Advanced
EVT007880,APP04157,REQ0093,S5,2026-06-04,20260604,2026-06-11,7,Advanced
EVT007881,APP04157,REQ0093,S6,2026-06-11,20260611,2026-06-14,3,Rejected
EVT007882,APP04158,REQ0093,S1,2026-04-26,20260426,2026-04-28,2,Rejected
EVT007883,APP04159,REQ0093,S1,2026-04-26,20260426,2026-04-28,2,Advanced
EVT007884,APP04159,REQ0093,S2,2026-04-28,20260428,2026-04-30,2,Advanced
EVT007885,APP04159,REQ0093,S3,2026-04-30,20260430,2026-05-10,10,Rejected
EVT007886,APP04160,REQ0093,S1,2026-04-20,20260420,2026-04-22,2,Rejected
EVT007887,APP04161,REQ0093,S1,2026-04-08,20260408,2026-04-09,1,Advanced
EVT007888,APP04161,REQ0093,S2,2026-04-09,20260409,2026-04-11,2,Advanced
EVT007889,APP04161,REQ0093,S3,2026-04-11,20260411,2026-04-19,8,Advanced
EVT007890,APP04161,REQ0093,S4,2026-04-19,20260419,2026-04-27,8,Advanced
EVT007891,APP04161,REQ0093,S5,2026-04-27,20260427,2026-05-08,11,Rejected
EVT007892,APP04162,REQ0093,S1,2026-04-30,20260430,2026-05-02,2,Advanced
EVT007893,APP04162,REQ0093,S2,2026-05-02,20260502,2026-05-06,4,Advanced
EVT007894,APP04162,REQ0093,S3,2026-05-06,20260506,2026-05-08,2,Rejected
EVT007895,APP04163,REQ0093,S1,2026-05-17,20260517,2026-05-20,3,Rejected
EVT007896,APP04164,REQ0093,S1,2026-04-24,20260424,2026-04-25,1,Rejected
EVT007897,APP04165,REQ0093,S1,2026-05-06,20260506,2026-05-09,3,Rejected
EVT007898,APP04166,REQ0093,S1,2026-04-08,20260408,2026-04-09,1,Rejected
EVT007899,APP04167,REQ0093,S1,2026-04-23,20260423,2026-04-24,1,Rejected
EVT007900,APP04168,REQ0093,S1,2026-04-17,20260417,2026-04-19,2,Advanced
EVT007901,APP04168,REQ0093,S2,2026-04-19,20260419,2026-04-25,6,Rejected
EVT007902,APP04169,REQ0093,S1,2026-05-11,20260511,2026-05-13,2,Rejected
EVT007903,APP04170,REQ0093,S1,2026-05-11,20260511,2026-05-12,1,Rejected
EVT007904,APP04171,REQ0093,S1,2026-04-24,20260424,2026-04-25,1,Rejected
EVT007905,APP04172,REQ0093,S1,2026-05-20,20260520,2026-05-21,1,Rejected
EVT007906,APP04173,REQ0093,S1,2026-05-01,20260501,2026-05-02,1,Rejected
EVT007907,APP04174,REQ0093,S1,2026-05-16,20260516,2026-05-19,3,Rejected
EVT007908,APP04175,REQ0093,S1,2026-04-29,20260429,2026-05-01,2,Advanced
EVT007909,APP04175,REQ0093,S2,2026-05-01,20260501,2026-05-05,4,Advanced
EVT007910,APP04175,REQ0093,S3,2026-05-05,20260505,2026-05-12,7,Rejected
EVT007911,APP04176,REQ0093,S1,2026-04-24,20260424,2026-04-27,3,Advanced
EVT007912,APP04176,REQ0093,S2,2026-04-27,20260427,2026-05-02,5,Advanced
EVT007913,APP04176,REQ0093,S3,2026-05-02,20260502,2026-05-07,5,Advanced
EVT007914,APP04176,REQ0093,S4,2026-05-07,20260507,2026-05-11,4,Advanced
EVT007915,APP04176,REQ0093,S5,2026-05-11,20260511,2026-05-22,11,Advanced
EVT007916,APP04176,REQ0093,S6,2026-05-22,20260522,2026-05-31,9,Rejected
EVT007917,APP04177,REQ0093,S1,2026-05-07,20260507,2026-05-09,2,Advanced
EVT007918,APP04177,REQ0093,S2,2026-05-09,20260509,2026-05-13,4,Rejected
EVT007919,APP04178,REQ0093,S1,2026-05-17,20260517,2026-05-18,1,Advanced
EVT007920,APP04178,REQ0093,S2,2026-05-18,20260518,2026-05-23,5,Advanced
EVT007921,APP04178,REQ0093,S3,2026-05-23,20260523,2026-06-05,13,Advanced
EVT007922,APP04178,REQ0093,S4,2026-06-05,20260605,2026-06-13,8,Rejected
EVT007923,APP04179,REQ0093,S1,2026-05-06,20260506,2026-05-09,3,Rejected
EVT007924,APP04180,REQ0093,S1,2026-05-06,20260506,2026-05-09,3,Rejected
EVT007925,APP04181,REQ0093,S1,2026-04-30,20260430,2026-05-03,3,Rejected
EVT007926,APP04182,REQ0093,S1,2026-05-18,20260518,2026-05-19,1,Rejected
EVT007927,APP04183,REQ0093,S1,2026-05-23,20260523,2026-05-26,3,Advanced
EVT007928,APP04183,REQ0093,S2,2026-05-26,20260526,2026-05-31,5,Rejected
EVT007929,APP04184,REQ0093,S1,2026-05-02,20260502,2026-05-04,2,Rejected
EVT007930,APP04185,REQ0093,S1,2026-05-21,20260521,2026-05-23,2,Rejected
EVT007931,APP04186,REQ0093,S1,2026-05-01,20260501,2026-05-04,3,Rejected
EVT007932,APP04187,REQ0093,S1,2026-04-07,20260407,2026-04-08,1,Advanced
EVT007933,APP04187,REQ0093,S2,2026-04-08,20260408,2026-04-11,3,Advanced
EVT007934,APP04187,REQ0093,S3,2026-04-11,20260411,2026-04-19,8,Advanced
EVT007935,APP04187,REQ0093,S4,2026-04-19,20260419,2026-04-24,5,Advanced
EVT007936,APP04187,REQ0093,S5,2026-04-24,20260424,2026-04-30,6,Rejected
EVT007937,APP04188,REQ0093,S1,2026-04-26,20260426,2026-04-29,3,Rejected
EVT007938,APP04189,REQ0093,S1,2026-04-24,20260424,2026-04-26,2,Rejected
EVT007939,APP04190,REQ0093,S1,2026-05-06,20260506,2026-05-07,1,Rejected
EVT007940,APP04191,REQ0093,S1,2026-05-08,20260508,2026-05-09,1,Rejected
EVT007941,APP04192,REQ0093,S1,2026-05-14,20260514,2026-05-15,1,Rejected
EVT007942,APP04193,REQ0093,S1,2026-04-26,20260426,2026-04-28,2,Rejected
EVT007943,APP04194,REQ0093,S1,2026-04-25,20260425,2026-04-26,1,Rejected
EVT007944,APP04195,REQ0093,S1,2026-04-27,20260427,2026-04-28,1,Rejected
EVT007945,APP04196,REQ0093,S1,2026-05-07,20260507,2026-05-09,2,Advanced
EVT007946,APP04196,REQ0093,S2,2026-05-09,20260509,2026-05-12,3,Rejected
EVT007947,APP04197,REQ0093,S1,2026-04-28,20260428,2026-04-29,1,Rejected
EVT007948,APP04198,REQ0093,S1,2026-05-16,20260516,2026-05-18,2,Rejected
EVT007949,APP04199,REQ0093,S1,2026-04-06,20260406,2026-04-09,3,Rejected
EVT007950,APP04200,REQ0093,S1,2026-05-11,20260511,2026-05-14,3,Advanced
EVT007951,APP04200,REQ0093,S2,2026-05-14,20260514,2026-05-19,5,Rejected
EVT007952,APP04201,REQ0093,S1,2026-04-30,20260430,2026-05-02,2,Rejected
EVT007953,APP04202,REQ0093,S1,2026-05-17,20260517,2026-05-19,2,Rejected
EVT007954,APP04203,REQ0093,S1,2026-04-17,20260417,2026-04-20,3,Rejected
EVT007955,APP04204,REQ0093,S1,2026-04-19,20260419,2026-04-20,1,Advanced
EVT007956,APP04204,REQ0093,S2,2026-04-20,20260420,2026-04-23,3,Rejected
EVT007957,APP04205,REQ0093,S1,2026-04-10,20260410,2026-04-13,3,Advanced
EVT007958,APP04205,REQ0093,S2,2026-04-13,20260413,2026-04-17,4,Rejected
EVT007959,APP04206,REQ0093,S1,2026-04-10,20260410,2026-04-12,2,Rejected
EVT007960,APP04207,REQ0093,S1,2026-05-12,20260512,2026-05-14,2,Advanced
EVT007961,APP04207,REQ0093,S2,2026-05-14,20260514,2026-05-15,1,Rejected
EVT007962,APP04208,REQ0093,S1,2026-05-17,20260517,2026-05-18,1,Advanced
EVT007963,APP04208,REQ0093,S2,2026-05-18,20260518,2026-05-19,1,Advanced
EVT007964,APP04208,REQ0093,S3,2026-05-19,20260519,2026-05-22,3,Advanced
EVT007965,APP04208,REQ0093,S4,2026-05-22,20260522,2026-05-30,8,Rejected
EVT007966,APP04209,REQ0093,S1,2026-05-23,20260523,2026-05-25,2,Rejected
EVT007967,APP04210,REQ0093,S1,2026-04-08,20260408,2026-04-10,2,Rejected
EVT007968,APP04211,REQ0093,S1,2026-05-04,20260504,2026-05-06,2,Advanced
EVT007969,APP04211,REQ0093,S2,2026-05-06,20260506,2026-05-07,1,Advanced
EVT007970,APP04211,REQ0093,S3,2026-05-07,20260507,2026-05-14,7,Advanced
EVT007971,APP04211,REQ0093,S4,2026-05-14,20260514,2026-05-20,6,Advanced
EVT007972,APP04211,REQ0093,S5,2026-05-20,20260520,2026-05-24,4,Advanced
EVT007973,APP04211,REQ0093,S6,2026-05-24,20260524,2026-05-29,5,Rejected
EVT007974,APP04212,REQ0093,S1,2026-04-05,20260405,2026-04-08,3,Rejected
EVT007975,APP04213,REQ0093,S1,2026-05-14,20260514,2026-05-17,3,Advanced
EVT007976,APP04213,REQ0093,S2,2026-05-17,20260517,2026-05-20,3,Advanced
EVT007977,APP04213,REQ0093,S3,2026-05-20,20260520,2026-06-03,14,Rejected
EVT007978,APP04214,REQ0093,S1,2026-05-20,20260520,2026-05-22,2,Rejected
EVT007979,APP04215,REQ0093,S1,2026-04-23,20260423,2026-04-24,1,Rejected
EVT007980,APP04216,REQ0093,S1,2026-05-05,20260505,2026-05-07,2,Advanced
EVT007981,APP04216,REQ0093,S2,2026-05-07,20260507,2026-05-09,2,Rejected
EVT007982,APP04217,REQ0093,S1,2026-04-30,20260430,2026-05-02,2,Rejected
EVT007983,APP04218,REQ0093,S1,2026-05-20,20260520,2026-05-22,2,Rejected
EVT007984,APP04219,REQ0094,S1,2026-03-15,20260315,2026-03-18,3,Advanced
EVT007985,APP04219,REQ0094,S2,2026-03-18,20260318,2026-03-22,4,Advanced
EVT007986,APP04219,REQ0094,S3,2026-03-22,20260322,2026-04-04,13,Rejected
EVT007987,APP04220,REQ0094,S1,2026-03-17,20260317,2026-03-18,1,Rejected
EVT007988,APP04221,REQ0094,S1,2026-02-27,20260227,2026-03-01,2,Rejected
EVT007989,APP04222,REQ0094,S1,2026-03-06,20260306,2026-03-07,1,Advanced
EVT007990,APP04222,REQ0094,S2,2026-03-07,20260307,2026-03-09,2,Advanced
EVT007991,APP04222,REQ0094,S3,2026-03-09,20260309,2026-03-14,5,Rejected
EVT007992,APP04223,REQ0094,S1,2026-03-16,20260316,2026-03-18,2,Rejected
EVT007993,APP04224,REQ0094,S1,2026-02-27,20260227,2026-02-28,1,Rejected
EVT007994,APP04225,REQ0094,S1,2026-02-14,20260214,2026-02-17,3,Advanced
EVT007995,APP04225,REQ0094,S2,2026-02-17,20260217,2026-02-20,3,Advanced
EVT007996,APP04225,REQ0094,S3,2026-02-20,20260220,2026-03-02,10,Advanced
EVT007997,APP04225,REQ0094,S4,2026-03-02,20260302,2026-03-08,6,Advanced
EVT007998,APP04225,REQ0094,S5,2026-03-08,20260308,2026-03-15,7,Rejected
EVT007999,APP04226,REQ0094,S1,2026-02-05,20260205,2026-02-07,2,Rejected
EVT008000,APP04227,REQ0094,S1,2026-03-19,20260319,2026-03-21,2,Rejected
EVT008001,APP04228,REQ0094,S1,2026-01-12,20260112,2026-01-15,3,Rejected
EVT008002,APP04229,REQ0094,S1,2026-02-06,20260206,2026-02-08,2,Advanced
EVT008003,APP04229,REQ0094,S2,2026-02-08,20260208,2026-02-09,1,Advanced
EVT008004,APP04229,REQ0094,S3,2026-02-09,20260209,2026-02-18,9,Rejected
EVT008005,APP04230,REQ0094,S1,2026-03-20,20260320,2026-03-22,2,Rejected
EVT008006,APP04231,REQ0094,S1,2026-01-27,20260127,2026-01-28,1,Advanced
EVT008007,APP04231,REQ0094,S2,2026-01-28,20260128,2026-01-31,3,Advanced
EVT008008,APP04231,REQ0094,S3,2026-01-31,20260131,2026-02-09,9,Rejected
EVT008009,APP04232,REQ0094,S1,2026-03-21,20260321,2026-03-23,2,Rejected
EVT008010,APP04233,REQ0094,S1,2026-02-06,20260206,2026-02-08,2,Rejected
EVT008011,APP04234,REQ0094,S1,2026-02-03,20260203,2026-02-05,2,Advanced
EVT008012,APP04234,REQ0094,S2,2026-02-05,20260205,2026-02-09,4,Advanced
EVT008013,APP04234,REQ0094,S3,2026-02-09,20260209,2026-02-15,6,Rejected
EVT008014,APP04235,REQ0094,S1,2026-03-22,20260322,2026-03-25,3,Rejected
EVT008015,APP04236,REQ0094,S1,2026-01-17,20260117,2026-01-18,1,Rejected
EVT008016,APP04237,REQ0094,S1,2026-03-09,20260309,2026-03-10,1,Advanced
EVT008017,APP04237,REQ0094,S2,2026-03-10,20260310,2026-03-13,3,Advanced
EVT008018,APP04237,REQ0094,S3,2026-03-13,20260313,2026-03-20,7,Rejected
EVT008019,APP04238,REQ0094,S1,2026-02-14,20260214,2026-02-16,2,Rejected
EVT008020,APP04239,REQ0094,S1,2026-03-12,20260312,2026-03-13,1,Advanced
EVT008021,APP04239,REQ0094,S2,2026-03-13,20260313,2026-03-18,5,Advanced
EVT008022,APP04239,REQ0094,S3,2026-03-18,20260318,2026-03-26,8,Rejected
EVT008023,APP04240,REQ0094,S1,2026-01-24,20260124,2026-01-26,2,Rejected
EVT008024,APP04241,REQ0094,S1,2026-03-12,20260312,2026-03-13,1,Rejected
EVT008025,APP04242,REQ0094,S1,2026-03-24,20260324,2026-03-27,3,Rejected
EVT008026,APP04243,REQ0094,S1,2026-02-26,20260226,2026-03-01,3,Rejected
EVT008027,APP04244,REQ0094,S1,2026-02-26,20260226,2026-02-27,1,Advanced
EVT008028,APP04244,REQ0094,S2,2026-02-27,20260227,2026-03-01,2,Advanced
EVT008029,APP04244,REQ0094,S3,2026-03-01,20260301,2026-03-14,13,Advanced
EVT008030,APP04244,REQ0094,S4,2026-03-14,20260314,2026-03-19,5,Rejected
EVT008031,APP04245,REQ0094,S1,2026-03-27,20260327,2026-03-29,2,Rejected
EVT008032,APP04246,REQ0094,S1,2026-01-18,20260118,2026-01-19,1,Advanced
EVT008033,APP04246,REQ0094,S2,2026-01-19,20260119,2026-01-25,6,Rejected
EVT008034,APP04247,REQ0094,S1,2026-03-16,20260316,2026-03-18,2,Rejected
EVT008035,APP04248,REQ0094,S1,2026-03-12,20260312,2026-03-13,1,Rejected
EVT008036,APP04249,REQ0094,S1,2026-03-02,20260302,2026-03-03,1,Rejected
EVT008037,APP04250,REQ0094,S1,2026-02-05,20260205,2026-02-08,3,Rejected
EVT008038,APP04251,REQ0094,S1,2026-01-28,20260128,2026-01-29,1,Rejected
EVT008039,APP04252,REQ0094,S1,2026-03-22,20260322,2026-03-24,2,Rejected
EVT008040,APP04253,REQ0094,S1,2026-01-13,20260113,2026-01-16,3,Advanced
EVT008041,APP04253,REQ0094,S2,2026-01-16,20260116,2026-01-19,3,Rejected
EVT008042,APP04254,REQ0094,S1,2026-02-19,20260219,2026-02-21,2,Advanced
EVT008043,APP04254,REQ0094,S2,2026-02-21,20260221,2026-02-25,4,Rejected
EVT008044,APP04255,REQ0094,S1,2026-03-03,20260303,2026-03-04,1,Rejected
EVT008045,APP04256,REQ0094,S1,2026-03-12,20260312,2026-03-14,2,Advanced
EVT008046,APP04256,REQ0094,S2,2026-03-14,20260314,2026-03-17,3,Rejected
EVT008047,APP04257,REQ0094,S1,2026-02-08,20260208,2026-02-10,2,Rejected
EVT008048,APP04258,REQ0094,S1,2026-03-30,20260330,2026-04-01,2,Rejected
EVT008049,APP04259,REQ0094,S1,2026-02-09,20260209,2026-02-12,3,Rejected
EVT008050,APP04260,REQ0094,S1,2026-02-01,20260201,2026-02-02,1,Rejected
EVT008051,APP04261,REQ0094,S1,2026-02-17,20260217,2026-02-20,3,Rejected
EVT008052,APP04262,REQ0094,S1,2026-03-06,20260306,2026-03-09,3,Rejected
EVT008053,APP04263,REQ0094,S1,2026-03-11,20260311,2026-03-14,3,Rejected
EVT008054,APP04264,REQ0094,S1,2026-01-23,20260123,2026-01-26,3,Advanced
EVT008055,APP04264,REQ0094,S2,2026-01-26,20260126,2026-01-28,2,Rejected
EVT008056,APP04265,REQ0094,S1,2026-01-15,20260115,2026-01-16,1,Rejected
EVT008057,APP04266,REQ0094,S1,2026-02-11,20260211,2026-02-12,1,Advanced
EVT008058,APP04266,REQ0094,S2,2026-02-12,20260212,2026-02-16,4,Rejected
EVT008059,APP04267,REQ0094,S1,2026-03-25,20260325,2026-03-27,2,Rejected
EVT008060,APP04268,REQ0094,S1,2026-01-31,20260131,2026-02-02,2,Advanced
EVT008061,APP04268,REQ0094,S2,2026-02-02,20260202,2026-02-07,5,Rejected
EVT008062,APP04269,REQ0095,S1,2026-06-14,20260614,2026-06-15,1,Rejected
EVT008063,APP04270,REQ0095,S1,2026-06-25,20260625,2026-06-26,1,Rejected
EVT008064,APP04271,REQ0095,S1,2026-06-22,20260622,2026-06-23,1,Advanced
EVT008065,APP04271,REQ0095,S2,2026-06-23,20260623,2026-06-25,2,Rejected
EVT008066,APP04272,REQ0095,S1,2026-06-14,20260614,2026-06-15,1,Rejected
EVT008067,APP04273,REQ0095,S1,2026-06-17,20260617,2026-06-19,2,Rejected
EVT008068,APP04274,REQ0095,S1,2026-06-19,20260619,2026-06-22,3,Rejected
EVT008069,APP04275,REQ0095,S1,2026-06-18,20260618,2026-06-19,1,Rejected
EVT008070,APP04276,REQ0095,S1,2026-06-20,20260620,2026-06-21,1,Rejected
EVT008071,APP04277,REQ0095,S1,2026-06-14,20260614,2026-06-16,2,Advanced
EVT008072,APP04277,REQ0095,S2,2026-06-16,20260616,2026-06-17,1,Advanced
EVT008073,APP04277,REQ0095,S3,2026-06-17,20260617,2026-06-19,2,Advanced
EVT008074,APP04277,REQ0095,S4,2026-06-19,20260619,2026-06-26,7,Advanced
EVT008075,APP04277,REQ0095,S5,2026-06-26,20260626,,4,In Process
EVT008076,APP04278,REQ0095,S1,2026-06-15,20260615,2026-06-16,1,Rejected
EVT008077,APP04279,REQ0095,S1,2026-06-24,20260624,2026-06-27,3,Rejected
EVT008078,APP04280,REQ0095,S1,2026-06-23,20260623,2026-06-26,3,Rejected
EVT008079,APP04281,REQ0095,S1,2026-06-15,20260615,2026-06-16,1,Rejected
EVT008080,APP04282,REQ0095,S1,2026-06-18,20260618,2026-06-19,1,Rejected
EVT008081,APP04283,REQ0095,S1,2026-06-14,20260614,2026-06-15,1,Advanced
EVT008082,APP04283,REQ0095,S2,2026-06-15,20260615,2026-06-19,4,Rejected
EVT008083,APP04284,REQ0095,S1,2026-06-14,20260614,2026-06-17,3,Rejected
EVT008084,APP04285,REQ0095,S1,2026-06-29,20260629,2026-06-30,1,Rejected
EVT008085,APP04286,REQ0095,S1,2026-06-16,20260616,2026-06-18,2,Rejected
EVT008086,APP04287,REQ0095,S1,2026-06-22,20260622,2026-06-23,1,Advanced
EVT008087,APP04287,REQ0095,S2,2026-06-23,20260623,2026-06-24,1,Rejected
EVT008088,APP04288,REQ0095,S1,2026-06-19,20260619,2026-06-20,1,Rejected
EVT008089,APP04289,REQ0095,S1,2026-06-21,20260621,2026-06-24,3,Advanced
EVT008090,APP04289,REQ0095,S2,2026-06-24,20260624,2026-06-29,5,Advanced
EVT008091,APP04289,REQ0095,S3,2026-06-29,20260629,,1,In Process
EVT008092,APP04290,REQ0095,S1,2026-06-22,20260622,2026-06-23,1,Advanced
EVT008093,APP04290,REQ0095,S2,2026-06-23,20260623,2026-06-25,2,Advanced
EVT008094,APP04290,REQ0095,S3,2026-06-25,20260625,2026-06-28,3,Rejected
EVT008095,APP04291,REQ0095,S1,2026-06-22,20260622,2026-06-25,3,Rejected
EVT008096,APP04292,REQ0095,S1,2026-06-15,20260615,2026-06-18,3,Rejected
EVT008097,APP04293,REQ0095,S1,2026-06-15,20260615,2026-06-17,2,Rejected
EVT008098,APP04294,REQ0095,S1,2026-06-16,20260616,2026-06-19,3,Rejected
EVT008099,APP04295,REQ0095,S1,2026-06-20,20260620,2026-06-21,1,Advanced
EVT008100,APP04295,REQ0095,S2,2026-06-21,20260621,2026-06-25,4,Advanced
EVT008101,APP04295,REQ0095,S3,2026-06-25,20260625,,5,In Process
EVT008102,APP04296,REQ0095,S1,2026-06-29,20260629,2026-06-30,1,Rejected
EVT008103,APP04297,REQ0095,S1,2026-06-14,20260614,2026-06-15,1,Advanced
EVT008104,APP04297,REQ0095,S2,2026-06-15,20260615,2026-06-18,3,Rejected
EVT008105,APP04298,REQ0095,S1,2026-06-15,20260615,2026-06-16,1,Advanced
EVT008106,APP04298,REQ0095,S2,2026-06-16,20260616,2026-06-19,3,Rejected
EVT008107,APP04299,REQ0095,S1,2026-06-27,20260627,2026-06-28,1,Rejected
EVT008108,APP04300,REQ0095,S1,2026-06-29,20260629,,1,In Process
EVT008109,APP04301,REQ0095,S1,2026-06-20,20260620,2026-06-22,2,Rejected
EVT008110,APP04302,REQ0096,S1,2025-08-29,20250829,2025-08-30,1,Rejected
EVT008111,APP04303,REQ0096,S1,2025-08-14,20250814,2025-08-16,2,Rejected
EVT008112,APP04304,REQ0096,S1,2025-09-06,20250906,2025-09-07,1,Advanced
EVT008113,APP04304,REQ0096,S2,2025-09-07,20250907,2025-09-09,2,Rejected
EVT008114,APP04305,REQ0096,S1,2025-08-02,20250802,2025-08-03,1,Rejected
EVT008115,APP04306,REQ0096,S1,2025-08-17,20250817,2025-08-20,3,Rejected
EVT008116,APP04307,REQ0096,S1,2025-08-30,20250830,2025-09-01,2,Advanced
EVT008117,APP04307,REQ0096,S2,2025-09-01,20250901,2025-09-05,4,Advanced
EVT008118,APP04307,REQ0096,S3,2025-09-05,20250905,2025-09-09,4,Advanced
EVT008119,APP04307,REQ0096,S4,2025-09-09,20250909,2025-09-17,8,Advanced
EVT008120,APP04307,REQ0096,S5,2025-09-17,20250917,2025-09-21,4,Rejected
EVT008121,APP04308,REQ0096,S1,2025-09-05,20250905,2025-09-06,1,Rejected
EVT008122,APP04309,REQ0096,S1,2025-09-09,20250909,2025-09-12,3,Rejected
EVT008123,APP04310,REQ0096,S1,2025-09-07,20250907,2025-09-08,1,Rejected
EVT008124,APP04311,REQ0096,S1,2025-08-09,20250809,2025-08-10,1,Advanced
EVT008125,APP04311,REQ0096,S2,2025-08-10,20250810,2025-08-13,3,Rejected
EVT008126,APP04312,REQ0096,S1,2025-08-15,20250815,2025-08-16,1,Advanced
EVT008127,APP04312,REQ0096,S2,2025-08-16,20250816,2025-08-19,3,Advanced
EVT008128,APP04312,REQ0096,S3,2025-08-19,20250819,2025-08-27,8,Rejected
EVT008129,APP04313,REQ0096,S1,2025-08-17,20250817,2025-08-18,1,Rejected
EVT008130,APP04314,REQ0096,S1,2025-08-02,20250802,2025-08-04,2,Advanced
EVT008131,APP04314,REQ0096,S2,2025-08-04,20250804,2025-08-08,4,Rejected
EVT008132,APP04315,REQ0096,S1,2025-09-01,20250901,2025-09-02,1,Advanced
EVT008133,APP04315,REQ0096,S2,2025-09-02,20250902,2025-09-06,4,Advanced
EVT008134,APP04315,REQ0096,S3,2025-09-06,20250906,2025-09-08,2,Rejected
EVT008135,APP04316,REQ0096,S1,2025-08-29,20250829,2025-08-30,1,Rejected
EVT008136,APP04317,REQ0096,S1,2025-08-10,20250810,2025-08-11,1,Advanced
EVT008137,APP04317,REQ0096,S2,2025-08-11,20250811,2025-08-15,4,Advanced
EVT008138,APP04317,REQ0096,S3,2025-08-15,20250815,2025-08-20,5,Rejected
EVT008139,APP04318,REQ0096,S1,2025-08-07,20250807,2025-08-09,2,Advanced
EVT008140,APP04318,REQ0096,S2,2025-08-09,20250809,2025-08-13,4,Advanced
EVT008141,APP04318,REQ0096,S3,2025-08-13,20250813,2025-08-21,8,Rejected
EVT008142,APP04319,REQ0096,S1,2025-08-18,20250818,2025-08-21,3,Rejected
EVT008143,APP04320,REQ0096,S1,2025-08-23,20250823,2025-08-24,1,Rejected
EVT008144,APP04321,REQ0096,S1,2025-08-13,20250813,2025-08-15,2,Rejected
EVT008145,APP04322,REQ0096,S1,2025-09-09,20250909,2025-09-10,1,Rejected
EVT008146,APP04323,REQ0096,S1,2025-08-23,20250823,2025-08-25,2,Rejected
EVT008147,APP04324,REQ0096,S1,2025-08-31,20250831,2025-09-03,3,Advanced
EVT008148,APP04324,REQ0096,S2,2025-09-03,20250903,2025-09-06,3,Advanced
EVT008149,APP04324,REQ0096,S3,2025-09-06,20250906,2025-09-12,6,Advanced
EVT008150,APP04324,REQ0096,S4,2025-09-12,20250912,2025-09-15,3,Rejected
EVT008151,APP04325,REQ0096,S1,2025-08-27,20250827,2025-08-30,3,Rejected
EVT008152,APP04326,REQ0096,S1,2025-08-08,20250808,2025-08-09,1,Advanced
EVT008153,APP04326,REQ0096,S2,2025-08-09,20250809,2025-08-12,3,Advanced
EVT008154,APP04326,REQ0096,S3,2025-08-12,20250812,2025-08-21,9,Rejected
EVT008155,APP04327,REQ0096,S1,2025-08-21,20250821,2025-08-22,1,Rejected
EVT008156,APP04328,REQ0096,S1,2025-09-04,20250904,2025-09-05,1,Rejected
EVT008157,APP04329,REQ0096,S1,2025-08-14,20250814,2025-08-16,2,Rejected
EVT008158,APP04330,REQ0096,S1,2025-08-09,20250809,2025-08-11,2,Rejected
EVT008159,APP04331,REQ0096,S1,2025-08-18,20250818,2025-08-21,3,Rejected
EVT008160,APP04332,REQ0096,S1,2025-09-04,20250904,2025-09-05,1,Rejected
EVT008161,APP04333,REQ0096,S1,2025-08-24,20250824,2025-08-25,1,Advanced
EVT008162,APP04333,REQ0096,S2,2025-08-25,20250825,2025-08-28,3,Advanced
EVT008163,APP04333,REQ0096,S3,2025-08-28,20250828,2025-09-05,8,Advanced
EVT008164,APP04333,REQ0096,S4,2025-09-05,20250905,2025-09-12,7,Advanced
EVT008165,APP04333,REQ0096,S5,2025-09-12,20250912,2025-09-23,11,Advanced
EVT008166,APP04333,REQ0096,S6,2025-09-23,20250923,2025-10-02,9,Advanced
EVT008167,APP04333,REQ0096,S7,2025-10-02,20251002,2025-10-06,4,Advanced
EVT008168,APP04333,REQ0096,S8,2025-10-06,20251006,2025-10-06,0,Hired
EVT008169,APP04334,REQ0096,S1,2025-08-14,20250814,2025-08-17,3,Advanced
EVT008170,APP04334,REQ0096,S2,2025-08-17,20250817,2025-08-19,2,Advanced
EVT008171,APP04334,REQ0096,S3,2025-08-19,20250819,2025-08-27,8,Advanced
EVT008172,APP04334,REQ0096,S4,2025-08-27,20250827,2025-09-01,5,Advanced
EVT008173,APP04334,REQ0096,S5,2025-09-01,20250901,2025-09-07,6,Rejected
EVT008174,APP04335,REQ0096,S1,2025-08-11,20250811,2025-08-14,3,Rejected
EVT008175,APP04336,REQ0096,S1,2025-08-20,20250820,2025-08-22,2,Rejected
EVT008176,APP04337,REQ0096,S1,2025-08-25,20250825,2025-08-27,2,Rejected
EVT008177,APP04338,REQ0096,S1,2025-09-03,20250903,2025-09-05,2,Rejected
EVT008178,APP04339,REQ0096,S1,2025-08-02,20250802,2025-08-05,3,Advanced
EVT008179,APP04339,REQ0096,S2,2025-08-05,20250805,2025-08-11,6,Advanced
EVT008180,APP04339,REQ0096,S3,2025-08-11,20250811,2025-08-23,12,Rejected
EVT008181,APP04340,REQ0096,S1,2025-08-21,20250821,2025-08-22,1,Advanced
EVT008182,APP04340,REQ0096,S2,2025-08-22,20250822,2025-08-23,1,Rejected
EVT008183,APP04341,REQ0096,S1,2025-08-17,20250817,2025-08-19,2,Advanced
EVT008184,APP04341,REQ0096,S2,2025-08-19,20250819,2025-08-21,2,Advanced
EVT008185,APP04341,REQ0096,S3,2025-08-21,20250821,2025-08-24,3,Advanced
EVT008186,APP04341,REQ0096,S4,2025-08-24,20250824,2025-08-30,6,Advanced
EVT008187,APP04341,REQ0096,S5,2025-08-30,20250830,2025-09-04,5,Advanced
EVT008188,APP04341,REQ0096,S6,2025-09-04,20250904,2025-09-12,8,Rejected
EVT008189,APP04342,REQ0096,S1,2025-08-29,20250829,2025-08-31,2,Rejected
EVT008190,APP04343,REQ0096,S1,2025-08-20,20250820,2025-08-23,3,Advanced
EVT008191,APP04343,REQ0096,S2,2025-08-23,20250823,2025-08-28,5,Advanced
EVT008192,APP04343,REQ0096,S3,2025-08-28,20250828,2025-09-10,13,Advanced
EVT008193,APP04343,REQ0096,S4,2025-09-10,20250910,2025-09-13,3,Advanced
EVT008194,APP04343,REQ0096,S5,2025-09-13,20250913,2025-09-22,9,Advanced
EVT008195,APP04343,REQ0096,S6,2025-09-22,20250922,2025-09-30,8,Advanced
EVT008196,APP04343,REQ0096,S7,2025-09-30,20250930,2025-10-12,12,Advanced
EVT008197,APP04343,REQ0096,S8,2025-10-12,20251012,2025-10-12,0,Hired
EVT008198,APP04344,REQ0096,S1,2025-08-31,20250831,2025-09-01,1,Rejected
EVT008199,APP04345,REQ0096,S1,2025-08-19,20250819,2025-08-21,2,Rejected
EVT008200,APP04346,REQ0096,S1,2025-08-21,20250821,2025-08-22,1,Advanced
EVT008201,APP04346,REQ0096,S2,2025-08-22,20250822,2025-08-24,2,Advanced
EVT008202,APP04346,REQ0096,S3,2025-08-24,20250824,2025-09-06,13,Rejected
EVT008203,APP04347,REQ0096,S1,2025-08-05,20250805,2025-08-06,1,Rejected
EVT008204,APP04348,REQ0096,S1,2025-08-24,20250824,2025-08-26,2,Rejected
EVT008205,APP04349,REQ0096,S1,2025-08-27,20250827,2025-08-28,1,Rejected
EVT008206,APP04350,REQ0096,S1,2025-08-03,20250803,2025-08-05,2,Advanced
EVT008207,APP04350,REQ0096,S2,2025-08-05,20250805,2025-08-09,4,Rejected
EVT008208,APP04351,REQ0096,S1,2025-08-27,20250827,2025-08-28,1,Rejected
EVT008209,APP04352,REQ0096,S1,2025-09-02,20250902,2025-09-03,1,Rejected
EVT008210,APP04353,REQ0096,S1,2025-08-31,20250831,2025-09-01,1,Rejected
EVT008211,APP04354,REQ0096,S1,2025-09-03,20250903,2025-09-06,3,Advanced
EVT008212,APP04354,REQ0096,S2,2025-09-06,20250906,2025-09-09,3,Rejected
EVT008213,APP04355,REQ0096,S1,2025-08-16,20250816,2025-08-17,1,Rejected
EVT008214,APP04356,REQ0096,S1,2025-08-11,20250811,2025-08-14,3,Advanced
EVT008215,APP04356,REQ0096,S2,2025-08-14,20250814,2025-08-19,5,Rejected
EVT008216,APP04357,REQ0096,S1,2025-08-18,20250818,2025-08-21,3,Rejected
EVT008217,APP04358,REQ0096,S1,2025-08-16,20250816,2025-08-18,2,Rejected
EVT008218,APP04359,REQ0096,S1,2025-09-04,20250904,2025-09-05,1,Rejected
EVT008219,APP04360,REQ0096,S1,2025-08-09,20250809,2025-08-11,2,Advanced
EVT008220,APP04360,REQ0096,S2,2025-08-11,20250811,2025-08-15,4,Rejected
EVT008221,APP04361,REQ0096,S1,2025-08-15,20250815,2025-08-18,3,Rejected
EVT008222,APP04362,REQ0096,S1,2025-09-02,20250902,2025-09-04,2,Advanced
EVT008223,APP04362,REQ0096,S2,2025-09-04,20250904,2025-09-07,3,Advanced
EVT008224,APP04362,REQ0096,S3,2025-09-07,20250907,2025-09-15,8,Rejected
EVT008225,APP04363,REQ0096,S1,2025-08-08,20250808,2025-08-09,1,Rejected
EVT008226,APP04364,REQ0096,S1,2025-08-17,20250817,2025-08-18,1,Advanced
EVT008227,APP04364,REQ0096,S2,2025-08-18,20250818,2025-08-20,2,Advanced
EVT008228,APP04364,REQ0096,S3,2025-08-20,20250820,2025-08-29,9,Rejected
EVT008229,APP04365,REQ0096,S1,2025-08-15,20250815,2025-08-18,3,Advanced
EVT008230,APP04365,REQ0096,S2,2025-08-18,20250818,2025-08-24,6,Rejected
EVT008231,APP04366,REQ0096,S1,2025-08-22,20250822,2025-08-23,1,Rejected
EVT008232,APP04367,REQ0097,S1,2024-04-01,20240401,2024-04-02,1,Rejected
EVT008233,APP04368,REQ0097,S1,2024-04-04,20240404,2024-04-06,2,Rejected
EVT008234,APP04369,REQ0097,S1,2024-03-31,20240331,2024-04-01,1,Advanced
EVT008235,APP04369,REQ0097,S2,2024-04-01,20240401,2024-04-05,4,Advanced
EVT008236,APP04369,REQ0097,S3,2024-04-05,20240405,2024-04-12,7,Advanced
EVT008237,APP04369,REQ0097,S4,2024-04-12,20240412,2024-04-19,7,Advanced
EVT008238,APP04369,REQ0097,S5,2024-04-19,20240419,2024-04-29,10,Rejected
EVT008239,APP04370,REQ0097,S1,2024-04-02,20240402,2024-04-03,1,Rejected
EVT008240,APP04371,REQ0097,S1,2024-04-04,20240404,2024-04-06,2,Rejected
EVT008241,APP04372,REQ0097,S1,2024-04-08,20240408,2024-04-09,1,Rejected
EVT008242,APP04373,REQ0097,S1,2024-04-08,20240408,2024-04-10,2,Advanced
EVT008243,APP04373,REQ0097,S2,2024-04-10,20240410,2024-04-15,5,Rejected
EVT008244,APP04374,REQ0097,S1,2024-04-08,20240408,2024-04-10,2,Advanced
EVT008245,APP04374,REQ0097,S2,2024-04-10,20240410,2024-04-12,2,Rejected
EVT008246,APP04375,REQ0097,S1,2024-04-08,20240408,2024-04-10,2,Rejected
EVT008247,APP04376,REQ0097,S1,2024-04-02,20240402,2024-04-04,2,Advanced
EVT008248,APP04376,REQ0097,S2,2024-04-04,20240404,2024-04-06,2,Advanced
EVT008249,APP04376,REQ0097,S3,2024-04-06,20240406,2024-04-13,7,Rejected
EVT008250,APP04377,REQ0097,S1,2024-04-08,20240408,2024-04-10,2,Advanced
EVT008251,APP04377,REQ0097,S2,2024-04-10,20240410,2024-04-13,3,Rejected
EVT008252,APP04378,REQ0097,S1,2024-04-01,20240401,2024-04-02,1,Advanced
EVT008253,APP04378,REQ0097,S2,2024-04-02,20240402,2024-04-04,2,Advanced
EVT008254,APP04378,REQ0097,S3,2024-04-04,20240404,2024-04-09,5,Rejected
EVT008255,APP04379,REQ0097,S1,2024-04-03,20240403,2024-04-06,3,Rejected
EVT008256,APP04380,REQ0097,S1,2024-03-31,20240331,2024-04-01,1,Rejected
EVT008257,APP04381,REQ0097,S1,2024-04-10,20240410,2024-04-11,1,Advanced
EVT008258,APP04381,REQ0097,S2,2024-04-11,20240411,2024-04-13,2,Advanced
EVT008259,APP04381,REQ0097,S3,2024-04-13,20240413,2024-04-19,6,Rejected
EVT008260,APP04382,REQ0097,S1,2024-04-06,20240406,2024-04-07,1,Rejected
EVT008261,APP04383,REQ0097,S1,2024-04-01,20240401,2024-04-03,2,Advanced
EVT008262,APP04383,REQ0097,S2,2024-04-03,20240403,2024-04-08,5,Advanced
EVT008263,APP04383,REQ0097,S3,2024-04-08,20240408,2024-04-20,12,Advanced
EVT008264,APP04383,REQ0097,S4,2024-04-20,20240420,2024-04-23,3,Advanced
EVT008265,APP04383,REQ0097,S5,2024-04-23,20240423,2024-04-28,5,Advanced
EVT008266,APP04383,REQ0097,S6,2024-04-28,20240428,2024-05-03,5,Advanced
EVT008267,APP04383,REQ0097,S7,2024-05-03,20240503,2024-05-14,11,Advanced
EVT008268,APP04383,REQ0097,S8,2024-05-14,20240514,2024-05-14,0,Hired
EVT008269,APP04384,REQ0097,S1,2024-04-09,20240409,2024-04-11,2,Rejected
EVT008270,APP04385,REQ0097,S1,2024-04-04,20240404,2024-04-06,2,Advanced
EVT008271,APP04385,REQ0097,S2,2024-04-06,20240406,2024-04-10,4,Rejected
EVT008272,APP04386,REQ0097,S1,2024-04-03,20240403,2024-04-04,1,Advanced
EVT008273,APP04386,REQ0097,S2,2024-04-04,20240404,2024-04-06,2,Advanced
EVT008274,APP04386,REQ0097,S3,2024-04-06,20240406,2024-04-15,9,Advanced
EVT008275,APP04386,REQ0097,S4,2024-04-15,20240415,2024-04-20,5,Rejected
EVT008276,APP04387,REQ0097,S1,2024-04-02,20240402,2024-04-03,1,Advanced
EVT008277,APP04387,REQ0097,S2,2024-04-03,20240403,2024-04-09,6,Advanced
EVT008278,APP04387,REQ0097,S3,2024-04-09,20240409,2024-04-19,10,Advanced
EVT008279,APP04387,REQ0097,S4,2024-04-19,20240419,2024-04-26,7,Advanced
EVT008280,APP04387,REQ0097,S5,2024-04-26,20240426,2024-05-07,11,Rejected
EVT008281,APP04388,REQ0097,S1,2024-04-03,20240403,2024-04-06,3,Advanced
EVT008282,APP04388,REQ0097,S2,2024-04-06,20240406,2024-04-10,4,Rejected
EVT008283,APP04389,REQ0097,S1,2024-03-31,20240331,2024-04-03,3,Rejected
EVT008284,APP04390,REQ0097,S1,2024-04-03,20240403,2024-04-04,1,Rejected
EVT008285,APP04391,REQ0097,S1,2024-04-09,20240409,2024-04-11,2,Rejected
EVT008286,APP04392,REQ0097,S1,2024-04-03,20240403,2024-04-04,1,Advanced
EVT008287,APP04392,REQ0097,S2,2024-04-04,20240404,2024-04-08,4,Rejected
EVT008288,APP04393,REQ0097,S1,2024-04-01,20240401,2024-04-02,1,Rejected
EVT008289,APP04394,REQ0097,S1,2024-04-05,20240405,2024-04-07,2,Rejected
EVT008290,APP04395,REQ0097,S1,2024-04-08,20240408,2024-04-09,1,Rejected
EVT008291,APP04396,REQ0097,S1,2024-04-05,20240405,2024-04-08,3,Rejected
EVT008292,APP04397,REQ0097,S1,2024-03-31,20240331,2024-04-02,2,Advanced
EVT008293,APP04397,REQ0097,S2,2024-04-02,20240402,2024-04-04,2,Rejected
EVT008294,APP04398,REQ0097,S1,2024-04-04,20240404,2024-04-05,1,Rejected
EVT008295,APP04399,REQ0097,S1,2024-04-08,20240408,2024-04-11,3,Advanced
EVT008296,APP04399,REQ0097,S2,2024-04-11,20240411,2024-04-14,3,Advanced
EVT008297,APP04399,REQ0097,S3,2024-04-14,20240414,2024-04-27,13,Rejected
EVT008298,APP04400,REQ0097,S1,2024-04-06,20240406,2024-04-07,1,Advanced
EVT008299,APP04400,REQ0097,S2,2024-04-07,20240407,2024-04-09,2,Rejected
EVT008300,APP04401,REQ0097,S1,2024-04-10,20240410,2024-04-11,1,Advanced
EVT008301,APP04401,REQ0097,S2,2024-04-11,20240411,2024-04-14,3,Rejected
EVT008302,APP04402,REQ0097,S1,2024-04-01,20240401,2024-04-03,2,Rejected
EVT008303,APP04403,REQ0097,S1,2024-04-09,20240409,2024-04-10,1,Rejected
EVT008304,APP04404,REQ0097,S1,2024-04-04,20240404,2024-04-05,1,Advanced
EVT008305,APP04404,REQ0097,S2,2024-04-05,20240405,2024-04-08,3,Rejected
EVT008306,APP04405,REQ0097,S1,2024-04-04,20240404,2024-04-06,2,Rejected
EVT008307,APP04406,REQ0098,S1,2024-05-16,20240516,2024-05-17,1,Advanced
EVT008308,APP04406,REQ0098,S2,2024-05-17,20240517,2024-05-23,6,Rejected
EVT008309,APP04407,REQ0098,S1,2024-05-25,20240525,2024-05-27,2,Advanced
EVT008310,APP04407,REQ0098,S2,2024-05-27,20240527,2024-05-29,2,Advanced
EVT008311,APP04407,REQ0098,S3,2024-05-29,20240529,2024-06-02,4,Advanced
EVT008312,APP04407,REQ0098,S4,2024-06-02,20240602,2024-06-06,4,Advanced
EVT008313,APP04407,REQ0098,S5,2024-06-06,20240606,2024-06-12,6,Rejected
EVT008314,APP04408,REQ0098,S1,2024-05-13,20240513,2024-05-14,1,Advanced
EVT008315,APP04408,REQ0098,S2,2024-05-14,20240514,2024-05-19,5,Advanced
EVT008316,APP04408,REQ0098,S3,2024-05-19,20240519,2024-05-26,7,Rejected
EVT008317,APP04409,REQ0098,S1,2024-05-22,20240522,2024-05-23,1,Advanced
EVT008318,APP04409,REQ0098,S2,2024-05-23,20240523,2024-05-26,3,Advanced
EVT008319,APP04409,REQ0098,S3,2024-05-26,20240526,2024-06-01,6,Rejected
EVT008320,APP04410,REQ0098,S1,2024-05-23,20240523,2024-05-25,2,Rejected
EVT008321,APP04411,REQ0098,S1,2024-05-20,20240520,2024-05-23,3,Rejected
EVT008322,APP04412,REQ0098,S1,2024-05-13,20240513,2024-05-14,1,Advanced
EVT008323,APP04412,REQ0098,S2,2024-05-14,20240514,2024-05-17,3,Advanced
EVT008324,APP04412,REQ0098,S3,2024-05-17,20240517,2024-05-22,5,Rejected
EVT008325,APP04413,REQ0098,S1,2024-05-01,20240501,2024-05-04,3,Rejected
EVT008326,APP04414,REQ0098,S1,2024-05-17,20240517,2024-05-19,2,Advanced
EVT008327,APP04414,REQ0098,S2,2024-05-19,20240519,2024-05-21,2,Rejected
EVT008328,APP04415,REQ0098,S1,2024-05-26,20240526,2024-05-29,3,Rejected
EVT008329,APP04416,REQ0098,S1,2024-05-14,20240514,2024-05-16,2,Rejected
EVT008330,APP04417,REQ0098,S1,2024-05-29,20240529,2024-05-31,2,Advanced
EVT008331,APP04417,REQ0098,S2,2024-05-31,20240531,2024-06-02,2,Advanced
EVT008332,APP04417,REQ0098,S3,2024-06-02,20240602,2024-06-06,4,Rejected
EVT008333,APP04418,REQ0098,S1,2024-05-13,20240513,2024-05-14,1,Advanced
EVT008334,APP04418,REQ0098,S2,2024-05-14,20240514,2024-05-17,3,Rejected
EVT008335,APP04419,REQ0098,S1,2024-05-23,20240523,2024-05-26,3,Rejected
EVT008336,APP04420,REQ0098,S1,2024-05-14,20240514,2024-05-15,1,Rejected
EVT008337,APP04421,REQ0098,S1,2024-05-11,20240511,2024-05-12,1,Rejected
EVT008338,APP04422,REQ0098,S1,2024-05-20,20240520,2024-05-23,3,Advanced
EVT008339,APP04422,REQ0098,S2,2024-05-23,20240523,2024-05-25,2,Rejected
EVT008340,APP04423,REQ0098,S1,2024-05-15,20240515,2024-05-17,2,Advanced
EVT008341,APP04423,REQ0098,S2,2024-05-17,20240517,2024-05-18,1,Rejected
EVT008342,APP04424,REQ0098,S1,2024-05-22,20240522,2024-05-23,1,Advanced
EVT008343,APP04424,REQ0098,S2,2024-05-23,20240523,2024-05-24,1,Advanced
EVT008344,APP04424,REQ0098,S3,2024-05-24,20240524,2024-06-02,9,Rejected
EVT008345,APP04425,REQ0098,S1,2024-05-05,20240505,2024-05-08,3,Advanced
EVT008346,APP04425,REQ0098,S2,2024-05-08,20240508,2024-05-13,5,Rejected
EVT008347,APP04426,REQ0098,S1,2024-05-31,20240531,2024-06-03,3,Rejected
EVT008348,APP04427,REQ0098,S1,2024-05-27,20240527,2024-05-28,1,Advanced
EVT008349,APP04427,REQ0098,S2,2024-05-28,20240528,2024-05-30,2,Advanced
EVT008350,APP04427,REQ0098,S3,2024-05-30,20240530,2024-06-07,8,Rejected
EVT008351,APP04428,REQ0098,S1,2024-05-24,20240524,2024-05-26,2,Advanced
EVT008352,APP04428,REQ0098,S2,2024-05-26,20240526,2024-05-27,1,Rejected
EVT008353,APP04429,REQ0098,S1,2024-05-09,20240509,2024-05-10,1,Rejected
EVT008354,APP04430,REQ0098,S1,2024-05-02,20240502,2024-05-03,1,Advanced
EVT008355,APP04430,REQ0098,S2,2024-05-03,20240503,2024-05-05,2,Rejected
EVT008356,APP04431,REQ0098,S1,2024-06-02,20240602,2024-06-03,1,Rejected
EVT008357,APP04432,REQ0098,S1,2024-05-25,20240525,2024-05-26,1,Rejected
EVT008358,APP04433,REQ0098,S1,2024-05-24,20240524,2024-05-26,2,Advanced
EVT008359,APP04433,REQ0098,S2,2024-05-26,20240526,2024-05-29,3,Advanced
EVT008360,APP04433,REQ0098,S3,2024-05-29,20240529,2024-06-04,6,Rejected
EVT008361,APP04434,REQ0098,S1,2024-05-11,20240511,2024-05-13,2,Rejected
EVT008362,APP04435,REQ0098,S1,2024-06-02,20240602,2024-06-05,3,Rejected
EVT008363,APP04436,REQ0098,S1,2024-05-02,20240502,2024-05-03,1,Rejected
EVT008364,APP04437,REQ0098,S1,2024-05-07,20240507,2024-05-08,1,Rejected
EVT008365,APP04438,REQ0098,S1,2024-05-08,20240508,2024-05-09,1,Advanced
EVT008366,APP04438,REQ0098,S2,2024-05-09,20240509,2024-05-10,1,Advanced
EVT008367,APP04438,REQ0098,S3,2024-05-10,20240510,2024-05-13,3,Advanced
EVT008368,APP04438,REQ0098,S4,2024-05-13,20240513,2024-05-20,7,Advanced
EVT008369,APP04438,REQ0098,S5,2024-05-20,20240520,2024-05-29,9,Rejected
EVT008370,APP04439,REQ0098,S1,2024-05-21,20240521,2024-05-23,2,Rejected
EVT008371,APP04440,REQ0098,S1,2024-05-19,20240519,2024-05-22,3,Advanced
EVT008372,APP04440,REQ0098,S2,2024-05-22,20240522,2024-05-26,4,Rejected
EVT008373,APP04441,REQ0098,S1,2024-05-07,20240507,2024-05-08,1,Rejected
EVT008374,APP04442,REQ0098,S1,2024-05-10,20240510,2024-05-13,3,Rejected
EVT008375,APP04443,REQ0098,S1,2024-05-26,20240526,2024-05-27,1,Rejected
EVT008376,APP04444,REQ0098,S1,2024-05-06,20240506,2024-05-07,1,Rejected
EVT008377,APP04445,REQ0098,S1,2024-05-12,20240512,2024-05-14,2,Advanced
EVT008378,APP04445,REQ0098,S2,2024-05-14,20240514,2024-05-16,2,Advanced
EVT008379,APP04445,REQ0098,S3,2024-05-16,20240516,2024-05-29,13,Rejected
EVT008380,APP04446,REQ0098,S1,2024-05-23,20240523,2024-05-26,3,Rejected
EVT008381,APP04447,REQ0098,S1,2024-05-30,20240530,2024-05-31,1,Advanced
EVT008382,APP04447,REQ0098,S2,2024-05-31,20240531,2024-06-05,5,Advanced
EVT008383,APP04447,REQ0098,S3,2024-06-05,20240605,2024-06-17,12,Advanced
EVT008384,APP04447,REQ0098,S4,2024-06-17,20240617,2024-06-23,6,Advanced
EVT008385,APP04447,REQ0098,S5,2024-06-23,20240623,2024-07-04,11,Rejected
EVT008386,APP04448,REQ0098,S1,2024-05-02,20240502,2024-05-03,1,Rejected
EVT008387,APP04449,REQ0098,S1,2024-05-08,20240508,2024-05-10,2,Rejected
EVT008388,APP04450,REQ0098,S1,2024-05-18,20240518,2024-05-20,2,Rejected
EVT008389,APP04451,REQ0098,S1,2024-05-03,20240503,2024-05-04,1,Advanced
EVT008390,APP04451,REQ0098,S2,2024-05-04,20240504,2024-05-05,1,Rejected
EVT008391,APP04452,REQ0098,S1,2024-05-16,20240516,2024-05-17,1,Rejected
EVT008392,APP04453,REQ0098,S1,2024-05-02,20240502,2024-05-03,1,Rejected
EVT008393,APP04454,REQ0098,S1,2024-06-01,20240601,2024-06-03,2,Rejected
EVT008394,APP04455,REQ0098,S1,2024-05-10,20240510,2024-05-12,2,Rejected
EVT008395,APP04456,REQ0098,S1,2024-05-08,20240508,2024-05-09,1,Rejected
EVT008396,APP04457,REQ0098,S1,2024-05-29,20240529,2024-06-01,3,Advanced
EVT008397,APP04457,REQ0098,S2,2024-06-01,20240601,2024-06-06,5,Advanced
EVT008398,APP04457,REQ0098,S3,2024-06-06,20240606,2024-06-11,5,Rejected
EVT008399,APP04458,REQ0098,S1,2024-05-01,20240501,2024-05-02,1,Advanced
EVT008400,APP04458,REQ0098,S2,2024-05-02,20240502,2024-05-03,1,Advanced
EVT008401,APP04458,REQ0098,S3,2024-05-03,20240503,2024-05-12,9,Rejected
EVT008402,APP04459,REQ0098,S1,2024-05-29,20240529,2024-06-01,3,Rejected
EVT008403,APP04460,REQ0098,S1,2024-05-28,20240528,2024-05-31,3,Advanced
EVT008404,APP04460,REQ0098,S2,2024-05-31,20240531,2024-06-04,4,Advanced
EVT008405,APP04460,REQ0098,S3,2024-06-04,20240604,2024-06-17,13,Advanced
EVT008406,APP04460,REQ0098,S4,2024-06-17,20240617,2024-06-22,5,Advanced
EVT008407,APP04460,REQ0098,S5,2024-06-22,20240622,2024-06-26,4,Rejected
EVT008408,APP04461,REQ0098,S1,2024-05-29,20240529,2024-05-30,1,Advanced
EVT008409,APP04461,REQ0098,S2,2024-05-30,20240530,2024-05-31,1,Advanced
EVT008410,APP04461,REQ0098,S3,2024-05-31,20240531,2024-06-06,6,Rejected
EVT008411,APP04462,REQ0099,S1,2025-03-04,20250304,2025-03-06,2,Rejected
EVT008412,APP04463,REQ0099,S1,2025-03-25,20250325,2025-03-28,3,Rejected
EVT008413,APP04464,REQ0099,S1,2025-05-11,20250511,2025-05-13,2,Advanced
EVT008414,APP04464,REQ0099,S2,2025-05-13,20250513,2025-05-17,4,Rejected
EVT008415,APP04465,REQ0099,S1,2025-03-12,20250312,2025-03-13,1,Rejected
EVT008416,APP04466,REQ0099,S1,2025-03-26,20250326,2025-03-29,3,Advanced
EVT008417,APP04466,REQ0099,S2,2025-03-29,20250329,2025-03-31,2,Advanced
EVT008418,APP04466,REQ0099,S3,2025-03-31,20250331,2025-04-04,4,Advanced
EVT008419,APP04466,REQ0099,S4,2025-04-04,20250404,2025-04-09,5,Advanced
EVT008420,APP04466,REQ0099,S5,2025-04-09,20250409,2025-04-16,7,Advanced
EVT008421,APP04466,REQ0099,S6,2025-04-16,20250416,2025-04-22,6,Advanced
EVT008422,APP04466,REQ0099,S7,2025-04-22,20250422,2025-05-03,11,Advanced
EVT008423,APP04466,REQ0099,S8,2025-05-03,20250503,2025-05-03,0,Hired
EVT008424,APP04467,REQ0099,S1,2025-03-20,20250320,2025-03-21,1,Rejected
EVT008425,APP04468,REQ0099,S1,2025-04-15,20250415,2025-04-16,1,Rejected
EVT008426,APP04469,REQ0099,S1,2025-03-13,20250313,2025-03-15,2,Rejected
EVT008427,APP04470,REQ0099,S1,2025-04-19,20250419,2025-04-22,3,Rejected
EVT008428,APP04471,REQ0099,S1,2025-03-07,20250307,2025-03-08,1,Advanced
EVT008429,APP04471,REQ0099,S2,2025-03-08,20250308,2025-03-12,4,Advanced
EVT008430,APP04471,REQ0099,S3,2025-03-12,20250312,2025-03-16,4,Rejected
EVT008431,APP04472,REQ0099,S1,2025-04-19,20250419,2025-04-21,2,Advanced
EVT008432,APP04472,REQ0099,S2,2025-04-21,20250421,2025-04-25,4,Advanced
EVT008433,APP04472,REQ0099,S3,2025-04-25,20250425,2025-04-27,2,Advanced
EVT008434,APP04472,REQ0099,S4,2025-04-27,20250427,2025-04-30,3,Advanced
EVT008435,APP04472,REQ0099,S5,2025-04-30,20250430,2025-05-04,4,Advanced
EVT008436,APP04472,REQ0099,S6,2025-05-04,20250504,2025-05-11,7,Advanced
EVT008437,APP04472,REQ0099,S7,2025-05-11,20250511,2025-05-22,11,Advanced
EVT008438,APP04472,REQ0099,S8,2025-05-22,20250522,2025-05-22,0,Hired
EVT008439,APP04473,REQ0099,S1,2025-04-02,20250402,2025-04-03,1,Rejected
EVT008440,APP04474,REQ0099,S1,2025-03-19,20250319,2025-03-20,1,Advanced
EVT008441,APP04474,REQ0099,S2,2025-03-20,20250320,2025-03-22,2,Rejected
EVT008442,APP04475,REQ0099,S1,2025-03-07,20250307,2025-03-08,1,Advanced
EVT008443,APP04475,REQ0099,S2,2025-03-08,20250308,2025-03-09,1,Advanced
EVT008444,APP04475,REQ0099,S3,2025-03-09,20250309,2025-03-16,7,Rejected
EVT008445,APP04476,REQ0099,S1,2025-03-27,20250327,2025-03-28,1,Rejected
EVT008446,APP04477,REQ0099,S1,2025-05-07,20250507,2025-05-08,1,Advanced
EVT008447,APP04477,REQ0099,S2,2025-05-08,20250508,2025-05-11,3,Advanced
EVT008448,APP04477,REQ0099,S3,2025-05-11,20250511,2025-05-15,4,Advanced
EVT008449,APP04477,REQ0099,S4,2025-05-15,20250515,2025-05-20,5,Advanced
EVT008450,APP04477,REQ0099,S5,2025-05-20,20250520,2025-05-24,4,Rejected
EVT008451,APP04478,REQ0099,S1,2025-03-13,20250313,2025-03-15,2,Rejected
EVT008452,APP04479,REQ0099,S1,2025-03-29,20250329,2025-04-01,3,Rejected
EVT008453,APP04480,REQ0099,S1,2025-05-02,20250502,2025-05-03,1,Rejected
EVT008454,APP04481,REQ0099,S1,2025-03-24,20250324,2025-03-27,3,Advanced
EVT008455,APP04481,REQ0099,S2,2025-03-27,20250327,2025-04-01,5,Advanced
EVT008456,APP04481,REQ0099,S3,2025-04-01,20250401,2025-04-06,5,Advanced
EVT008457,APP04481,REQ0099,S4,2025-04-06,20250406,2025-04-14,8,Advanced
EVT008458,APP04481,REQ0099,S5,2025-04-14,20250414,2025-04-18,4,Advanced
EVT008459,APP04481,REQ0099,S6,2025-04-18,20250418,2025-04-27,9,Rejected
EVT008460,APP04482,REQ0099,S1,2025-04-24,20250424,2025-04-25,1,Advanced
EVT008461,APP04482,REQ0099,S2,2025-04-25,20250425,2025-04-28,3,Rejected
EVT008462,APP04483,REQ0099,S1,2025-03-01,20250301,2025-03-03,2,Advanced
EVT008463,APP04483,REQ0099,S2,2025-03-03,20250303,2025-03-09,6,Advanced
EVT008464,APP04483,REQ0099,S3,2025-03-09,20250309,2025-03-22,13,Rejected
EVT008465,APP04484,REQ0099,S1,2025-05-14,20250514,2025-05-17,3,Rejected
EVT008466,APP04485,REQ0099,S1,2025-03-12,20250312,2025-03-15,3,Advanced
EVT008467,APP04485,REQ0099,S2,2025-03-15,20250315,2025-03-19,4,Rejected
EVT008468,APP04486,REQ0099,S1,2025-03-03,20250303,2025-03-04,1,Rejected
EVT008469,APP04487,REQ0099,S1,2025-04-15,20250415,2025-04-16,1,Rejected
EVT008470,APP04488,REQ0099,S1,2025-04-29,20250429,2025-05-01,2,Rejected
EVT008471,APP04489,REQ0099,S1,2025-03-18,20250318,2025-03-21,3,Rejected
EVT008472,APP04490,REQ0099,S1,2025-05-09,20250509,2025-05-11,2,Rejected
EVT008473,APP04491,REQ0099,S1,2025-05-20,20250520,2025-05-23,3,Advanced
EVT008474,APP04491,REQ0099,S2,2025-05-23,20250523,2025-05-27,4,Advanced
EVT008475,APP04491,REQ0099,S3,2025-05-27,20250527,2025-06-03,7,Advanced
EVT008476,APP04491,REQ0099,S4,2025-06-03,20250603,2025-06-07,4,Rejected
EVT008477,APP04492,REQ0099,S1,2025-04-28,20250428,2025-04-30,2,Rejected
EVT008478,APP04493,REQ0099,S1,2025-04-26,20250426,2025-04-27,1,Rejected
EVT008479,APP04494,REQ0099,S1,2025-05-17,20250517,2025-05-18,1,Rejected
EVT008480,APP04495,REQ0099,S1,2025-03-08,20250308,2025-03-11,3,Rejected
EVT008481,APP04496,REQ0099,S1,2025-04-23,20250423,2025-04-24,1,Advanced
EVT008482,APP04496,REQ0099,S2,2025-04-24,20250424,2025-04-29,5,Advanced
EVT008483,APP04496,REQ0099,S3,2025-04-29,20250429,2025-05-12,13,Advanced
EVT008484,APP04496,REQ0099,S4,2025-05-12,20250512,2025-05-17,5,Rejected
EVT008485,APP04497,REQ0099,S1,2025-03-27,20250327,2025-03-29,2,Rejected
EVT008486,APP04498,REQ0099,S1,2025-04-17,20250417,2025-04-18,1,Rejected
EVT008487,APP04499,REQ0099,S1,2025-04-06,20250406,2025-04-09,3,Advanced
EVT008488,APP04499,REQ0099,S2,2025-04-09,20250409,2025-04-11,2,Advanced
EVT008489,APP04499,REQ0099,S3,2025-04-11,20250411,2025-04-19,8,Advanced
EVT008490,APP04499,REQ0099,S4,2025-04-19,20250419,2025-04-26,7,Advanced
EVT008491,APP04499,REQ0099,S5,2025-04-26,20250426,2025-05-06,10,Advanced
EVT008492,APP04499,REQ0099,S6,2025-05-06,20250506,2025-05-11,5,Advanced
EVT008493,APP04499,REQ0099,S7,2025-05-11,20250511,2025-05-16,5,Rejected
EVT008494,APP04500,REQ0099,S1,2025-03-24,20250324,2025-03-25,1,Rejected
EVT008495,APP04501,REQ0099,S1,2025-03-27,20250327,2025-03-29,2,Advanced
EVT008496,APP04501,REQ0099,S2,2025-03-29,20250329,2025-04-02,4,Advanced
EVT008497,APP04501,REQ0099,S3,2025-04-02,20250402,2025-04-06,4,Advanced
EVT008498,APP04501,REQ0099,S4,2025-04-06,20250406,2025-04-14,8,Rejected
EVT008499,APP04502,REQ0099,S1,2025-05-12,20250512,2025-05-15,3,Advanced
EVT008500,APP04502,REQ0099,S2,2025-05-15,20250515,2025-05-19,4,Rejected
EVT008501,APP04503,REQ0099,S1,2025-03-05,20250305,2025-03-07,2,Rejected
EVT008502,APP04504,REQ0100,S1,2026-06-22,20260622,2026-06-24,2,Advanced
EVT008503,APP04504,REQ0100,S2,2026-06-24,20260624,2026-06-27,3,Advanced
EVT008504,APP04504,REQ0100,S3,2026-06-27,20260627,,3,In Process
EVT008505,APP04505,REQ0100,S1,2026-06-26,20260626,2026-06-27,1,Advanced
EVT008506,APP04505,REQ0100,S2,2026-06-27,20260627,,3,In Process
EVT008507,APP04506,REQ0100,S1,2026-06-29,20260629,,1,In Process
EVT008508,APP04507,REQ0100,S1,2026-06-22,20260622,2026-06-24,2,Rejected
EVT008509,APP04508,REQ0100,S1,2026-06-29,20260629,,1,In Process
EVT008510,APP04509,REQ0100,S1,2026-06-29,20260629,2026-06-30,1,Advanced
EVT008511,APP04509,REQ0100,S2,2026-06-30,20260630,,0,In Process
EVT008512,APP04510,REQ0100,S1,2026-06-29,20260629,,1,In Process
EVT008513,APP04511,REQ0100,S1,2026-06-25,20260625,2026-06-28,3,Rejected
EVT008514,APP04512,REQ0100,S1,2026-06-25,20260625,2026-06-27,2,Rejected
EVT008515,APP04513,REQ0100,S1,2026-06-21,20260621,2026-06-24,3,Rejected
EVT008516,APP04514,REQ0100,S1,2026-06-22,20260622,2026-06-25,3,Rejected
EVT008517,APP04515,REQ0100,S1,2026-06-27,20260627,2026-06-29,2,Advanced
EVT008518,APP04515,REQ0100,S2,2026-06-29,20260629,,1,In Process
EVT008519,APP04516,REQ0100,S1,2026-06-29,20260629,,1,In Process
EVT008520,APP04517,REQ0100,S1,2026-06-24,20260624,2026-06-27,3,Advanced
EVT008521,APP04517,REQ0100,S2,2026-06-27,20260627,,3,In Process
EVT008522,APP04518,REQ0100,S1,2026-06-29,20260629,2026-06-30,1,Rejected
EVT008523,APP04519,REQ0100,S1,2026-06-21,20260621,2026-06-22,1,Rejected
EVT008524,APP04520,REQ0100,S1,2026-06-25,20260625,2026-06-27,2,Advanced
EVT008525,APP04520,REQ0100,S2,2026-06-27,20260627,2026-06-29,2,Rejected
EVT008526,APP04521,REQ0100,S1,2026-06-29,20260629,2026-06-30,1,Rejected
EVT008527,APP04522,REQ0100,S1,2026-06-27,20260627,2026-06-28,1,Rejected
EVT008528,APP04523,REQ0100,S1,2026-06-23,20260623,2026-06-25,2,Rejected
EVT008529,APP04524,REQ0100,S1,2026-06-21,20260621,2026-06-23,2,Rejected
EVT008530,APP04525,REQ0100,S1,2026-06-21,20260621,2026-06-23,2,Advanced
EVT008531,APP04525,REQ0100,S2,2026-06-23,20260623,2026-06-24,1,Rejected
EVT008532,APP04526,REQ0100,S1,2026-06-23,20260623,2026-06-25,2,Rejected
EVT008533,APP04527,REQ0100,S1,2026-06-27,20260627,2026-06-28,1,Rejected
EVT008534,APP04528,REQ0100,S1,2026-06-29,20260629,,1,In Process
EVT008535,APP04529,REQ0100,S1,2026-06-29,20260629,,1,In Process
EVT008536,APP04530,REQ0100,S1,2026-06-22,20260622,2026-06-23,1,Rejected
EVT008537,APP04531,REQ0100,S1,2026-06-27,20260627,2026-06-30,3,Rejected
EVT008538,APP04532,REQ0100,S1,2026-06-25,20260625,2026-06-26,1,Advanced
EVT008539,APP04532,REQ0100,S2,2026-06-26,20260626,2026-06-27,1,Rejected
EVT008540,APP04533,REQ0100,S1,2026-06-27,20260627,2026-06-28,1,Rejected
EVT008541,APP04534,REQ0100,S1,2026-06-21,20260621,2026-06-22,1,Rejected
EVT008542,APP04535,REQ0100,S1,2026-06-27,20260627,2026-06-29,2,Rejected
EVT008543,APP04536,REQ0100,S1,2026-06-24,20260624,2026-06-27,3,Rejected
EVT008544,APP04537,REQ0100,S1,2026-06-27,20260627,2026-06-28,1,Rejected
EVT008545,APP04538,REQ0100,S1,2026-06-28,20260628,2026-06-30,2,Rejected
EVT008546,APP04539,REQ0100,S1,2026-06-27,20260627,2026-06-28,1,Advanced
EVT008547,APP04539,REQ0100,S2,2026-06-28,20260628,2026-06-30,2,Advanced
EVT008548,APP04539,REQ0100,S3,2026-06-30,20260630,,0,In Process
EVT008549,APP04540,REQ0100,S1,2026-06-21,20260621,2026-06-24,3,Rejected
EVT008550,APP04541,REQ0100,S1,2026-06-25,20260625,2026-06-27,2,Rejected
EVT008551,APP04542,REQ0100,S1,2026-06-22,20260622,2026-06-23,1,Advanced
EVT008552,APP04542,REQ0100,S2,2026-06-23,20260623,2026-06-25,2,Rejected
EVT008553,APP04543,REQ0100,S1,2026-06-22,20260622,2026-06-23,1,Rejected
EVT008554,APP04544,REQ0100,S1,2026-06-24,20260624,2026-06-26,2,Rejected
EVT008555,APP04545,REQ0100,S1,2026-06-23,20260623,2026-06-24,1,Rejected
EVT008556,APP04546,REQ0100,S1,2026-06-26,20260626,2026-06-28,2,Rejected
EVT008557,APP04547,REQ0100,S1,2026-06-29,20260629,,1,In Process
EVT008558,APP04548,REQ0100,S1,2026-06-26,20260626,2026-06-27,1,Advanced
EVT008559,APP04548,REQ0100,S2,2026-06-27,20260627,2026-06-28,1,Rejected
EVT008560,APP04549,REQ0100,S1,2026-06-25,20260625,2026-06-26,1,Rejected
EVT008561,APP04550,REQ0100,S1,2026-06-23,20260623,2026-06-25,2,Rejected
EVT008562,APP04551,REQ0100,S1,2026-06-26,20260626,2026-06-28,2,Rejected
EVT008563,APP04552,REQ0100,S1,2026-06-26,20260626,2026-06-27,1,Advanced
EVT008564,APP04552,REQ0100,S2,2026-06-27,20260627,2026-06-28,1,Rejected
EVT008565,APP04553,REQ0100,S1,2026-06-22,20260622,2026-06-24,2,Advanced
EVT008566,APP04553,REQ0100,S2,2026-06-24,20260624,2026-06-30,6,Rejected
EVT008567,APP04554,REQ0100,S1,2026-06-24,20260624,2026-06-25,1,Rejected
EVT008568,APP04555,REQ0100,S1,2026-06-22,20260622,2026-06-25,3,Advanced
EVT008569,APP04555,REQ0100,S2,2026-06-25,20260625,2026-06-29,4,Rejected
EVT008570,APP04556,REQ0100,S1,2026-06-22,20260622,2026-06-24,2,Advanced
EVT008571,APP04556,REQ0100,S2,2026-06-24,20260624,2026-06-27,3,Advanced
EVT008572,APP04556,REQ0100,S3,2026-06-27,20260627,,3,In Process
EVT008573,APP04557,REQ0100,S1,2026-06-29,20260629,,1,In Process
EVT008574,APP04558,REQ0100,S1,2026-06-25,20260625,2026-06-28,3,Rejected
EVT008575,APP04559,REQ0100,S1,2026-06-23,20260623,2026-06-24,1,Rejected
EVT008576,APP04560,REQ0100,S1,2026-06-23,20260623,2026-06-24,1,Advanced
EVT008577,APP04560,REQ0100,S2,2026-06-24,20260624,2026-06-26,2,Advanced
EVT008578,APP04560,REQ0100,S3,2026-06-26,20260626,,4,In Process
EVT008579,APP04561,REQ0100,S1,2026-06-22,20260622,2026-06-23,1,Rejected
EVT008580,APP04562,REQ0100,S1,2026-06-23,20260623,2026-06-24,1,Rejected
EVT008581,APP04563,REQ0100,S1,2026-06-29,20260629,,1,In Process
EVT008582,APP04564,REQ0100,S1,2026-06-27,20260627,2026-06-29,2,Advanced
EVT008583,APP04564,REQ0100,S2,2026-06-29,20260629,,1,In Process
EVT008584,APP04565,REQ0100,S1,2026-06-23,20260623,2026-06-24,1,Rejected
EVT008585,APP04566,REQ0101,S1,2025-08-05,20250805,2025-08-06,1,Rejected
EVT008586,APP04567,REQ0101,S1,2025-09-03,20250903,2025-09-05,2,Rejected
EVT008587,APP04568,REQ0101,S1,2025-06-16,20250616,2025-06-17,1,Advanced
EVT008588,APP04568,REQ0101,S2,2025-06-17,20250617,2025-06-21,4,Advanced
EVT008589,APP04568,REQ0101,S3,2025-06-21,20250621,2025-06-30,9,Rejected
EVT008590,APP04569,REQ0101,S1,2025-11-25,20251125,2025-11-26,1,Rejected
EVT008591,APP04570,REQ0101,S1,2025-11-01,20251101,2025-11-02,1,Rejected
EVT008592,APP04571,REQ0101,S1,2025-08-05,20250805,2025-08-08,3,Advanced
EVT008593,APP04571,REQ0101,S2,2025-08-08,20250808,2025-08-14,6,Advanced
EVT008594,APP04571,REQ0101,S3,2025-08-14,20250814,2025-08-25,11,Rejected
EVT008595,APP04572,REQ0101,S1,2025-06-14,20250614,2025-06-15,1,Rejected
EVT008596,APP04573,REQ0101,S1,2025-10-12,20251012,2025-10-13,1,Advanced
EVT008597,APP04573,REQ0101,S2,2025-10-13,20251013,2025-10-15,2,Advanced
EVT008598,APP04573,REQ0101,S3,2025-10-15,20251015,2025-10-23,8,Rejected
EVT008599,APP04574,REQ0101,S1,2025-07-09,20250709,2025-07-10,1,Advanced
EVT008600,APP04574,REQ0101,S2,2025-07-10,20250710,2025-07-13,3,Rejected
EVT008601,APP04575,REQ0101,S1,2025-11-06,20251106,2025-11-08,2,Rejected
EVT008602,APP04576,REQ0101,S1,2025-07-25,20250725,2025-07-28,3,Rejected
EVT008603,APP04577,REQ0101,S1,2025-07-22,20250722,2025-07-24,2,Advanced
EVT008604,APP04577,REQ0101,S2,2025-07-24,20250724,2025-07-25,1,Rejected
EVT008605,APP04578,REQ0101,S1,2025-12-30,20251230,2026-01-02,3,Rejected
EVT008606,APP04579,REQ0101,S1,2025-09-10,20250910,2025-09-11,1,Rejected
EVT008607,APP04580,REQ0101,S1,2025-08-02,20250802,2025-08-03,1,Advanced
EVT008608,APP04580,REQ0101,S2,2025-08-03,20250803,2025-08-04,1,Rejected
EVT008609,APP04581,REQ0102,S1,2025-11-28,20251128,2025-11-29,1,Rejected
EVT008610,APP04582,REQ0102,S1,2025-11-26,20251126,2025-11-28,2,Advanced
EVT008611,APP04582,REQ0102,S2,2025-11-28,20251128,2025-12-03,5,Advanced
EVT008612,APP04582,REQ0102,S3,2025-12-03,20251203,2025-12-11,8,Advanced
EVT008613,APP04582,REQ0102,S4,2025-12-11,20251211,2025-12-14,3,Rejected
EVT008614,APP04583,REQ0102,S1,2025-12-11,20251211,2025-12-12,1,Advanced
EVT008615,APP04583,REQ0102,S2,2025-12-12,20251212,2025-12-18,6,Rejected
EVT008616,APP04584,REQ0102,S1,2025-12-10,20251210,2025-12-12,2,Advanced
EVT008617,APP04584,REQ0102,S2,2025-12-12,20251212,2025-12-16,4,Rejected
EVT008618,APP04585,REQ0102,S1,2025-11-26,20251126,2025-11-27,1,Rejected
EVT008619,APP04586,REQ0102,S1,2025-11-23,20251123,2025-11-24,1,Rejected
EVT008620,APP04587,REQ0102,S1,2025-12-06,20251206,2025-12-08,2,Advanced
EVT008621,APP04587,REQ0102,S2,2025-12-08,20251208,2025-12-14,6,Advanced
EVT008622,APP04587,REQ0102,S3,2025-12-14,20251214,2025-12-23,9,Advanced
EVT008623,APP04587,REQ0102,S4,2025-12-23,20251223,2025-12-28,5,Advanced
EVT008624,APP04587,REQ0102,S5,2025-12-28,20251228,2026-01-07,10,Advanced
EVT008625,APP04587,REQ0102,S6,2026-01-07,20260107,2026-01-11,4,Advanced
EVT008626,APP04587,REQ0102,S7,2026-01-11,20260111,2026-01-21,10,Advanced
EVT008627,APP04587,REQ0102,S8,2026-01-21,20260121,2026-01-21,0,Hired
EVT008628,APP04588,REQ0102,S1,2025-12-11,20251211,2025-12-13,2,Advanced
EVT008629,APP04588,REQ0102,S2,2025-12-13,20251213,2025-12-17,4,Rejected
EVT008630,APP04589,REQ0102,S1,2025-12-11,20251211,2025-12-12,1,Advanced
EVT008631,APP04589,REQ0102,S2,2025-12-12,20251212,2025-12-14,2,Rejected
EVT008632,APP04590,REQ0102,S1,2025-11-28,20251128,2025-11-30,2,Advanced
EVT008633,APP04590,REQ0102,S2,2025-11-30,20251130,2025-12-04,4,Advanced
EVT008634,APP04590,REQ0102,S3,2025-12-04,20251204,2025-12-06,2,Rejected
EVT008635,APP04591,REQ0102,S1,2025-11-27,20251127,2025-11-29,2,Advanced
EVT008636,APP04591,REQ0102,S2,2025-11-29,20251129,2025-12-04,5,Rejected
EVT008637,APP04592,REQ0102,S1,2025-11-23,20251123,2025-11-24,1,Rejected
EVT008638,APP04593,REQ0102,S1,2025-12-05,20251205,2025-12-07,2,Rejected
EVT008639,APP04594,REQ0102,S1,2025-12-01,20251201,2025-12-04,3,Rejected
EVT008640,APP04595,REQ0102,S1,2025-12-01,20251201,2025-12-04,3,Advanced
EVT008641,APP04595,REQ0102,S2,2025-12-04,20251204,2025-12-08,4,Rejected
EVT008642,APP04596,REQ0102,S1,2025-11-23,20251123,2025-11-25,2,Rejected
EVT008643,APP04597,REQ0102,S1,2025-12-03,20251203,2025-12-05,2,Rejected
EVT008644,APP04598,REQ0102,S1,2025-12-03,20251203,2025-12-05,2,Rejected
EVT008645,APP04599,REQ0102,S1,2025-12-02,20251202,2025-12-03,1,Advanced
EVT008646,APP04599,REQ0102,S2,2025-12-03,20251203,2025-12-06,3,Advanced
EVT008647,APP04599,REQ0102,S3,2025-12-06,20251206,2025-12-15,9,Advanced
EVT008648,APP04599,REQ0102,S4,2025-12-15,20251215,2025-12-18,3,Advanced
EVT008649,APP04599,REQ0102,S5,2025-12-18,20251218,2025-12-27,9,Advanced
EVT008650,APP04599,REQ0102,S6,2025-12-27,20251227,2025-12-30,3,Advanced
EVT008651,APP04599,REQ0102,S7,2025-12-30,20251230,2026-01-11,12,Advanced
EVT008652,APP04599,REQ0102,S8,2026-01-11,20260111,2026-01-11,0,Hired
EVT008653,APP04600,REQ0102,S1,2025-11-23,20251123,2025-11-25,2,Rejected
EVT008654,APP04601,REQ0102,S1,2025-12-10,20251210,2025-12-11,1,Advanced
EVT008655,APP04601,REQ0102,S2,2025-12-11,20251211,2025-12-14,3,Rejected
EVT008656,APP04602,REQ0102,S1,2025-11-30,20251130,2025-12-01,1,Rejected
EVT008657,APP04603,REQ0102,S1,2025-12-01,20251201,2025-12-04,3,Advanced
EVT008658,APP04603,REQ0102,S2,2025-12-04,20251204,2025-12-07,3,Rejected
EVT008659,APP04604,REQ0102,S1,2025-11-30,20251130,2025-12-02,2,Advanced
EVT008660,APP04604,REQ0102,S2,2025-12-02,20251202,2025-12-04,2,Rejected
EVT008661,APP04605,REQ0102,S1,2025-12-09,20251209,2025-12-10,1,Rejected
EVT008662,APP04606,REQ0102,S1,2025-12-07,20251207,2025-12-08,1,Advanced
EVT008663,APP04606,REQ0102,S2,2025-12-08,20251208,2025-12-13,5,Rejected
EVT008664,APP04607,REQ0102,S1,2025-11-23,20251123,2025-11-26,3,Advanced
EVT008665,APP04607,REQ0102,S2,2025-11-26,20251126,2025-11-28,2,Rejected
EVT008666,APP04608,REQ0102,S1,2025-12-04,20251204,2025-12-05,1,Rejected
EVT008667,APP04609,REQ0102,S1,2025-12-12,20251212,2025-12-14,2,Advanced
EVT008668,APP04609,REQ0102,S2,2025-12-14,20251214,2025-12-18,4,Rejected
EVT008669,APP04610,REQ0102,S1,2025-12-04,20251204,2025-12-06,2,Advanced
EVT008670,APP04610,REQ0102,S2,2025-12-06,20251206,2025-12-08,2,Advanced
EVT008671,APP04610,REQ0102,S3,2025-12-08,20251208,2025-12-12,4,Rejected
EVT008672,APP04611,REQ0103,S1,2025-02-02,20250202,2025-02-03,1,Rejected
EVT008673,APP04612,REQ0103,S1,2025-07-03,20250703,2025-07-05,2,Rejected
EVT008674,APP04613,REQ0103,S1,2025-06-30,20250630,2025-07-02,2,Advanced
EVT008675,APP04613,REQ0103,S2,2025-07-02,20250702,2025-07-06,4,Advanced
EVT008676,APP04613,REQ0103,S3,2025-07-06,20250706,2025-07-10,4,Rejected
EVT008677,APP04614,REQ0103,S1,2025-01-07,20250107,2025-01-09,2,Rejected
EVT008678,APP04615,REQ0103,S1,2024-12-11,20241211,2024-12-12,1,Advanced
EVT008679,APP04615,REQ0103,S2,2024-12-12,20241212,2024-12-15,3,Rejected
EVT008680,APP04616,REQ0103,S1,2024-12-25,20241225,2024-12-26,1,Rejected
EVT008681,APP04617,REQ0103,S1,2025-02-03,20250203,2025-02-05,2,Rejected
EVT008682,APP04618,REQ0103,S1,2025-06-27,20250627,2025-06-28,1,Rejected
EVT008683,APP04619,REQ0103,S1,2024-12-05,20241205,2024-12-07,2,Rejected
EVT008684,APP04620,REQ0103,S1,2025-04-08,20250408,2025-04-09,1,Rejected
EVT008685,APP04621,REQ0103,S1,2025-05-03,20250503,2025-05-05,2,Advanced
EVT008686,APP04621,REQ0103,S2,2025-05-05,20250505,2025-05-09,4,Rejected
EVT008687,APP04622,REQ0103,S1,2025-02-03,20250203,2025-02-05,2,Rejected
EVT008688,APP04623,REQ0103,S1,2025-03-17,20250317,2025-03-19,2,Advanced
EVT008689,APP04623,REQ0103,S2,2025-03-19,20250319,2025-03-21,2,Advanced
EVT008690,APP04623,REQ0103,S3,2025-03-21,20250321,2025-03-31,10,Rejected
EVT008691,APP04624,REQ0103,S1,2025-04-01,20250401,2025-04-03,2,Advanced
EVT008692,APP04624,REQ0103,S2,2025-04-03,20250403,2025-04-09,6,Rejected
EVT008693,APP04625,REQ0103,S1,2025-09-17,20250917,2025-09-18,1,Rejected
EVT008694,APP04626,REQ0103,S1,2025-05-02,20250502,2025-05-05,3,Rejected
EVT008695,APP04627,REQ0103,S1,2025-04-03,20250403,2025-04-05,2,Rejected
EVT008696,APP04628,REQ0103,S1,2025-06-04,20250604,2025-06-05,1,Rejected
EVT008697,APP04629,REQ0104,S1,2024-07-15,20240715,2024-07-16,1,Rejected
EVT008698,APP04630,REQ0104,S1,2024-07-31,20240731,2024-08-03,3,Advanced
EVT008699,APP04630,REQ0104,S2,2024-08-03,20240803,2024-08-09,6,Rejected
EVT008700,APP04631,REQ0104,S1,2024-07-26,20240726,2024-07-27,1,Rejected
EVT008701,APP04632,REQ0104,S1,2024-07-23,20240723,2024-07-24,1,Rejected
EVT008702,APP04633,REQ0104,S1,2024-07-25,20240725,2024-07-26,1,Rejected
EVT008703,APP04634,REQ0104,S1,2024-07-29,20240729,2024-07-30,1,Advanced
EVT008704,APP04634,REQ0104,S2,2024-07-30,20240730,2024-08-02,3,Advanced
EVT008705,APP04634,REQ0104,S3,2024-08-02,20240802,2024-08-07,5,Rejected
EVT008706,APP04635,REQ0104,S1,2024-07-17,20240717,2024-07-18,1,Rejected
EVT008707,APP04636,REQ0104,S1,2024-07-29,20240729,2024-07-30,1,Advanced
EVT008708,APP04636,REQ0104,S2,2024-07-30,20240730,2024-08-05,6,Advanced
EVT008709,APP04636,REQ0104,S3,2024-08-05,20240805,2024-08-17,12,Rejected
EVT008710,APP04637,REQ0104,S1,2024-07-23,20240723,2024-07-25,2,Rejected
EVT008711,APP04638,REQ0104,S1,2024-07-26,20240726,2024-07-27,1,Advanced
EVT008712,APP04638,REQ0104,S2,2024-07-27,20240727,2024-07-28,1,Advanced
EVT008713,APP04638,REQ0104,S3,2024-07-28,20240728,2024-08-02,5,Advanced
EVT008714,APP04638,REQ0104,S4,2024-08-02,20240802,2024-08-10,8,Advanced
EVT008715,APP04638,REQ0104,S5,2024-08-10,20240810,2024-08-14,4,Advanced
EVT008716,APP04638,REQ0104,S6,2024-08-14,20240814,2024-08-21,7,Advanced
EVT008717,APP04638,REQ0104,S7,2024-08-21,20240821,2024-09-01,11,Advanced
EVT008718,APP04638,REQ0104,S8,2024-09-01,20240901,2024-09-01,0,Hired
EVT008719,APP04639,REQ0104,S1,2024-07-21,20240721,2024-07-23,2,Rejected
EVT008720,APP04640,REQ0104,S1,2024-07-25,20240725,2024-07-26,1,Rejected
EVT008721,APP04641,REQ0104,S1,2024-07-12,20240712,2024-07-13,1,Rejected
EVT008722,APP04642,REQ0104,S1,2024-07-20,20240720,2024-07-23,3,Rejected
EVT008723,APP04643,REQ0104,S1,2024-07-19,20240719,2024-07-21,2,Advanced
EVT008724,APP04643,REQ0104,S2,2024-07-21,20240721,2024-07-26,5,Advanced
EVT008725,APP04643,REQ0104,S3,2024-07-26,20240726,2024-08-02,7,Advanced
EVT008726,APP04643,REQ0104,S4,2024-08-02,20240802,2024-08-09,7,Advanced
EVT008727,APP04643,REQ0104,S5,2024-08-09,20240809,2024-08-19,10,Advanced
EVT008728,APP04643,REQ0104,S6,2024-08-19,20240819,2024-08-26,7,Rejected
EVT008729,APP04644,REQ0104,S1,2024-07-26,20240726,2024-07-28,2,Rejected
EVT008730,APP04645,REQ0104,S1,2024-07-13,20240713,2024-07-14,1,Advanced
EVT008731,APP04645,REQ0104,S2,2024-07-14,20240714,2024-07-15,1,Advanced
EVT008732,APP04645,REQ0104,S3,2024-07-15,20240715,2024-07-22,7,Advanced
EVT008733,APP04645,REQ0104,S4,2024-07-22,20240722,2024-07-28,6,Advanced
EVT008734,APP04645,REQ0104,S5,2024-07-28,20240728,2024-08-06,9,Rejected
EVT008735,APP04646,REQ0104,S1,2024-07-15,20240715,2024-07-18,3,Rejected
EVT008736,APP04647,REQ0104,S1,2024-07-15,20240715,2024-07-16,1,Advanced
EVT008737,APP04647,REQ0104,S2,2024-07-16,20240716,2024-07-18,2,Rejected
EVT008738,APP04648,REQ0104,S1,2024-07-12,20240712,2024-07-15,3,Advanced
EVT008739,APP04648,REQ0104,S2,2024-07-15,20240715,2024-07-17,2,Advanced
EVT008740,APP04648,REQ0104,S3,2024-07-17,20240717,2024-07-31,14,Rejected
EVT008741,APP04649,REQ0105,S1,2025-06-19,20250619,2025-06-21,2,Advanced
EVT008742,APP04649,REQ0105,S2,2025-06-21,20250621,2025-06-24,3,Advanced
EVT008743,APP04649,REQ0105,S3,2025-06-24,20250624,2025-07-06,12,Advanced
EVT008744,APP04649,REQ0105,S4,2025-07-06,20250706,2025-07-13,7,Rejected
EVT008745,APP04650,REQ0105,S1,2025-06-27,20250627,2025-06-29,2,Rejected
EVT008746,APP04651,REQ0105,S1,2025-06-27,20250627,2025-06-29,2,Advanced
EVT008747,APP04651,REQ0105,S2,2025-06-29,20250629,2025-07-02,3,Advanced
EVT008748,APP04651,REQ0105,S3,2025-07-02,20250702,2025-07-10,8,Advanced
EVT008749,APP04651,REQ0105,S4,2025-07-10,20250710,2025-07-14,4,Advanced
EVT008750,APP04651,REQ0105,S5,2025-07-14,20250714,2025-07-20,6,Advanced
EVT008751,APP04651,REQ0105,S6,2025-07-20,20250720,2025-07-27,7,Rejected
EVT008752,APP04652,REQ0105,S1,2025-06-21,20250621,2025-06-23,2,Advanced
EVT008753,APP04652,REQ0105,S2,2025-06-23,20250623,2025-06-25,2,Advanced
EVT008754,APP04652,REQ0105,S3,2025-06-25,20250625,2025-07-03,8,Advanced
EVT008755,APP04652,REQ0105,S4,2025-07-03,20250703,2025-07-08,5,Advanced
EVT008756,APP04652,REQ0105,S5,2025-07-08,20250708,2025-07-12,4,Rejected
EVT008757,APP04653,REQ0105,S1,2025-07-01,20250701,2025-07-03,2,Rejected
EVT008758,APP04654,REQ0105,S1,2025-06-22,20250622,2025-06-25,3,Rejected
EVT008759,APP04655,REQ0105,S1,2025-06-27,20250627,2025-06-29,2,Rejected
EVT008760,APP04656,REQ0105,S1,2025-06-28,20250628,2025-06-29,1,Advanced
EVT008761,APP04656,REQ0105,S2,2025-06-29,20250629,2025-07-02,3,Advanced
EVT008762,APP04656,REQ0105,S3,2025-07-02,20250702,2025-07-09,7,Rejected
EVT008763,APP04657,REQ0105,S1,2025-07-02,20250702,2025-07-03,1,Advanced
EVT008764,APP04657,REQ0105,S2,2025-07-03,20250703,2025-07-08,5,Rejected
EVT008765,APP04658,REQ0105,S1,2025-06-21,20250621,2025-06-23,2,Rejected
EVT008766,APP04659,REQ0105,S1,2025-06-28,20250628,2025-06-30,2,Advanced
EVT008767,APP04659,REQ0105,S2,2025-06-30,20250630,2025-07-06,6,Advanced
EVT008768,APP04659,REQ0105,S3,2025-07-06,20250706,2025-07-11,5,Advanced
EVT008769,APP04659,REQ0105,S4,2025-07-11,20250711,2025-07-19,8,Rejected
EVT008770,APP04660,REQ0105,S1,2025-06-30,20250630,2025-07-01,1,Rejected
EVT008771,APP04661,REQ0105,S1,2025-07-01,20250701,2025-07-03,2,Rejected
EVT008772,APP04662,REQ0105,S1,2025-06-23,20250623,2025-06-26,3,Advanced
EVT008773,APP04662,REQ0105,S2,2025-06-26,20250626,2025-07-02,6,Rejected
EVT008774,APP04663,REQ0105,S1,2025-06-29,20250629,2025-07-01,2,Rejected
EVT008775,APP04664,REQ0105,S1,2025-06-28,20250628,2025-06-29,1,Rejected
EVT008776,APP04665,REQ0105,S1,2025-06-23,20250623,2025-06-25,2,Rejected
EVT008777,APP04666,REQ0105,S1,2025-07-02,20250702,2025-07-03,1,Rejected
EVT008778,APP04667,REQ0105,S1,2025-06-26,20250626,2025-06-27,1,Rejected
EVT008779,APP04668,REQ0105,S1,2025-06-23,20250623,2025-06-26,3,Rejected
EVT008780,APP04669,REQ0105,S1,2025-06-30,20250630,2025-07-01,1,Rejected
EVT008781,APP04670,REQ0105,S1,2025-06-20,20250620,2025-06-21,1,Advanced
EVT008782,APP04670,REQ0105,S2,2025-06-21,20250621,2025-06-24,3,Advanced
EVT008783,APP04670,REQ0105,S3,2025-06-24,20250624,2025-06-28,4,Rejected
EVT008784,APP04671,REQ0105,S1,2025-06-25,20250625,2025-06-26,1,Advanced
EVT008785,APP04671,REQ0105,S2,2025-06-26,20250626,2025-06-27,1,Advanced
EVT008786,APP04671,REQ0105,S3,2025-06-27,20250627,2025-07-06,9,Rejected
EVT008787,APP04672,REQ0105,S1,2025-06-19,20250619,2025-06-20,1,Rejected
EVT008788,APP04673,REQ0105,S1,2025-06-25,20250625,2025-06-27,2,Advanced
EVT008789,APP04673,REQ0105,S2,2025-06-27,20250627,2025-06-29,2,Advanced
EVT008790,APP04673,REQ0105,S3,2025-06-29,20250629,2025-07-05,6,Advanced
EVT008791,APP04673,REQ0105,S4,2025-07-05,20250705,2025-07-12,7,Advanced
EVT008792,APP04673,REQ0105,S5,2025-07-12,20250712,2025-07-16,4,Advanced
EVT008793,APP04673,REQ0105,S6,2025-07-16,20250716,2025-07-25,9,Advanced
EVT008794,APP04673,REQ0105,S7,2025-07-25,20250725,2025-08-03,9,Advanced
EVT008795,APP04673,REQ0105,S8,2025-08-03,20250803,2025-08-03,0,Hired
EVT008796,APP04674,REQ0105,S1,2025-06-22,20250622,2025-06-25,3,Advanced
EVT008797,APP04674,REQ0105,S2,2025-06-25,20250625,2025-06-27,2,Rejected
EVT008798,APP04675,REQ0105,S1,2025-06-29,20250629,2025-07-01,2,Advanced
EVT008799,APP04675,REQ0105,S2,2025-07-01,20250701,2025-07-04,3,Advanced
EVT008800,APP04675,REQ0105,S3,2025-07-04,20250704,2025-07-12,8,Rejected
EVT008801,APP04676,REQ0105,S1,2025-06-20,20250620,2025-06-22,2,Rejected
EVT008802,APP04677,REQ0105,S1,2025-06-30,20250630,2025-07-01,1,Rejected
EVT008803,APP04678,REQ0105,S1,2025-06-25,20250625,2025-06-27,2,Rejected
EVT008804,APP04679,REQ0105,S1,2025-06-24,20250624,2025-06-26,2,Advanced
EVT008805,APP04679,REQ0105,S2,2025-06-26,20250626,2025-07-01,5,Rejected
EVT008806,APP04680,REQ0105,S1,2025-06-30,20250630,2025-07-03,3,Advanced
EVT008807,APP04680,REQ0105,S2,2025-07-03,20250703,2025-07-07,4,Rejected
EVT008808,APP04681,REQ0105,S1,2025-07-01,20250701,2025-07-02,1,Rejected
EVT008809,APP04682,REQ0105,S1,2025-06-29,20250629,2025-06-30,1,Rejected
EVT008810,APP04683,REQ0105,S1,2025-06-28,20250628,2025-06-30,2,Advanced
EVT008811,APP04683,REQ0105,S2,2025-06-30,20250630,2025-07-04,4,Advanced
EVT008812,APP04683,REQ0105,S3,2025-07-04,20250704,2025-07-08,4,Advanced
EVT008813,APP04683,REQ0105,S4,2025-07-08,20250708,2025-07-14,6,Advanced
EVT008814,APP04683,REQ0105,S5,2025-07-14,20250714,2025-07-24,10,Rejected
EVT008815,APP04684,REQ0105,S1,2025-06-28,20250628,2025-06-29,1,Rejected
EVT008816,APP04685,REQ0105,S1,2025-06-23,20250623,2025-06-24,1,Rejected
EVT008817,APP04686,REQ0105,S1,2025-07-02,20250702,2025-07-04,2,Rejected
EVT008818,APP04687,REQ0105,S1,2025-06-26,20250626,2025-06-27,1,Rejected
EVT008819,APP04688,REQ0105,S1,2025-06-20,20250620,2025-06-22,2,Rejected
EVT008820,APP04689,REQ0105,S1,2025-06-25,20250625,2025-06-26,1,Rejected
EVT008821,APP04690,REQ0105,S1,2025-06-21,20250621,2025-06-24,3,Rejected
EVT008822,APP04691,REQ0105,S1,2025-06-30,20250630,2025-07-01,1,Advanced
EVT008823,APP04691,REQ0105,S2,2025-07-01,20250701,2025-07-04,3,Advanced
EVT008824,APP04691,REQ0105,S3,2025-07-04,20250704,2025-07-10,6,Rejected
EVT008825,APP04692,REQ0105,S1,2025-06-29,20250629,2025-07-01,2,Advanced
EVT008826,APP04692,REQ0105,S2,2025-07-01,20250701,2025-07-06,5,Advanced
EVT008827,APP04692,REQ0105,S3,2025-07-06,20250706,2025-07-10,4,Rejected
EVT008828,APP04693,REQ0105,S1,2025-06-26,20250626,2025-06-28,2,Rejected
EVT008829,APP04694,REQ0105,S1,2025-07-02,20250702,2025-07-03,1,Rejected
EVT008830,APP04695,REQ0105,S1,2025-06-21,20250621,2025-06-23,2,Rejected
EVT008831,APP04696,REQ0105,S1,2025-06-22,20250622,2025-06-23,1,Advanced
EVT008832,APP04696,REQ0105,S2,2025-06-23,20250623,2025-06-29,6,Advanced
EVT008833,APP04696,REQ0105,S3,2025-06-29,20250629,2025-07-13,14,Advanced
EVT008834,APP04696,REQ0105,S4,2025-07-13,20250713,2025-07-17,4,Advanced
EVT008835,APP04696,REQ0105,S5,2025-07-17,20250717,2025-07-24,7,Advanced
EVT008836,APP04696,REQ0105,S6,2025-07-24,20250724,2025-07-27,3,Advanced
EVT008837,APP04696,REQ0105,S7,2025-07-27,20250727,2025-07-31,4,Rejected
EVT008838,APP04697,REQ0105,S1,2025-06-19,20250619,2025-06-22,3,Rejected
EVT008839,APP04698,REQ0105,S1,2025-06-25,20250625,2025-06-26,1,Advanced
EVT008840,APP04698,REQ0105,S2,2025-06-26,20250626,2025-06-29,3,Rejected
EVT008841,APP04699,REQ0105,S1,2025-06-27,20250627,2025-06-28,1,Rejected
EVT008842,APP04700,REQ0105,S1,2025-06-26,20250626,2025-06-27,1,Rejected
EVT008843,APP04701,REQ0106,S1,2025-08-30,20250830,2025-09-01,2,Advanced
EVT008844,APP04701,REQ0106,S2,2025-09-01,20250901,2025-09-04,3,Rejected
EVT008845,APP04702,REQ0106,S1,2025-08-29,20250829,2025-08-31,2,Rejected
EVT008846,APP04703,REQ0106,S1,2025-08-28,20250828,2025-08-30,2,Rejected
EVT008847,APP04704,REQ0106,S1,2025-08-28,20250828,2025-08-29,1,Rejected
EVT008848,APP04705,REQ0106,S1,2025-08-30,20250830,2025-09-01,2,Rejected
EVT008849,APP04706,REQ0106,S1,2025-08-23,20250823,2025-08-26,3,Rejected
EVT008850,APP04707,REQ0106,S1,2025-08-26,20250826,2025-08-27,1,Advanced
EVT008851,APP04707,REQ0106,S2,2025-08-27,20250827,2025-09-02,6,Rejected
EVT008852,APP04708,REQ0106,S1,2025-08-30,20250830,2025-09-01,2,Rejected
EVT008853,APP04709,REQ0106,S1,2025-08-26,20250826,2025-08-28,2,Rejected
EVT008854,APP04710,REQ0106,S1,2025-08-29,20250829,2025-08-30,1,Rejected
EVT008855,APP04711,REQ0106,S1,2025-08-24,20250824,2025-08-26,2,Advanced
EVT008856,APP04711,REQ0106,S2,2025-08-26,20250826,2025-09-01,6,Rejected
EVT008857,APP04712,REQ0106,S1,2025-08-27,20250827,2025-08-28,1,Rejected
EVT008858,APP04713,REQ0106,S1,2025-08-22,20250822,2025-08-24,2,Rejected
EVT008859,APP04714,REQ0106,S1,2025-08-22,20250822,2025-08-24,2,Advanced
EVT008860,APP04714,REQ0106,S2,2025-08-24,20250824,2025-08-28,4,Rejected
EVT008861,APP04715,REQ0106,S1,2025-08-22,20250822,2025-08-24,2,Rejected
EVT008862,APP04716,REQ0106,S1,2025-08-22,20250822,2025-08-25,3,Rejected
EVT008863,APP04717,REQ0106,S1,2025-08-30,20250830,2025-08-31,1,Rejected
EVT008864,APP04718,REQ0106,S1,2025-08-27,20250827,2025-08-29,2,Rejected
EVT008865,APP04719,REQ0106,S1,2025-08-22,20250822,2025-08-23,1,Rejected
EVT008866,APP04720,REQ0106,S1,2025-08-24,20250824,2025-08-25,1,Advanced
EVT008867,APP04720,REQ0106,S2,2025-08-25,20250825,2025-08-29,4,Advanced
EVT008868,APP04720,REQ0106,S3,2025-08-29,20250829,2025-09-12,14,Advanced
EVT008869,APP04720,REQ0106,S4,2025-09-12,20250912,2025-09-16,4,Advanced
EVT008870,APP04720,REQ0106,S5,2025-09-16,20250916,2025-09-26,10,Advanced
EVT008871,APP04720,REQ0106,S6,2025-09-26,20250926,2025-10-04,8,Advanced
EVT008872,APP04720,REQ0106,S7,2025-10-04,20251004,2025-10-12,8,Advanced
EVT008873,APP04720,REQ0106,S8,2025-10-12,20251012,2025-10-12,0,Hired
EVT008874,APP04721,REQ0106,S1,2025-08-27,20250827,2025-08-29,2,Rejected
EVT008875,APP04722,REQ0106,S1,2025-08-23,20250823,2025-08-25,2,Advanced
EVT008876,APP04722,REQ0106,S2,2025-08-25,20250825,2025-08-29,4,Advanced
EVT008877,APP04722,REQ0106,S3,2025-08-29,20250829,2025-09-08,10,Advanced
EVT008878,APP04722,REQ0106,S4,2025-09-08,20250908,2025-09-11,3,Advanced
EVT008879,APP04722,REQ0106,S5,2025-09-11,20250911,2025-09-15,4,Advanced
EVT008880,APP04722,REQ0106,S6,2025-09-15,20250915,2025-09-23,8,Rejected
EVT008881,APP04723,REQ0106,S1,2025-08-23,20250823,2025-08-25,2,Advanced
EVT008882,APP04723,REQ0106,S2,2025-08-25,20250825,2025-08-29,4,Rejected
EVT008883,APP04724,REQ0106,S1,2025-08-28,20250828,2025-08-29,1,Rejected
EVT008884,APP04725,REQ0106,S1,2025-08-24,20250824,2025-08-25,1,Rejected
EVT008885,APP04726,REQ0106,S1,2025-08-22,20250822,2025-08-24,2,Rejected
EVT008886,APP04727,REQ0106,S1,2025-08-26,20250826,2025-08-27,1,Advanced
EVT008887,APP04727,REQ0106,S2,2025-08-27,20250827,2025-08-28,1,Rejected
EVT008888,APP04728,REQ0106,S1,2025-08-28,20250828,2025-08-31,3,Rejected
EVT008889,APP04729,REQ0106,S1,2025-08-23,20250823,2025-08-25,2,Advanced
EVT008890,APP04729,REQ0106,S2,2025-08-25,20250825,2025-08-29,4,Rejected
EVT008891,APP04730,REQ0106,S1,2025-08-29,20250829,2025-09-01,3,Rejected
EVT008892,APP04731,REQ0106,S1,2025-08-28,20250828,2025-08-31,3,Rejected
EVT008893,APP04732,REQ0106,S1,2025-08-28,20250828,2025-08-30,2,Rejected
EVT008894,APP04733,REQ0106,S1,2025-08-22,20250822,2025-08-24,2,Rejected
EVT008895,APP04734,REQ0106,S1,2025-08-23,20250823,2025-08-24,1,Advanced
EVT008896,APP04734,REQ0106,S2,2025-08-24,20250824,2025-08-25,1,Rejected
EVT008897,APP04735,REQ0106,S1,2025-08-26,20250826,2025-08-27,1,Rejected
EVT008898,APP04736,REQ0106,S1,2025-08-22,20250822,2025-08-25,3,Advanced
EVT008899,APP04736,REQ0106,S2,2025-08-25,20250825,2025-08-29,4,Advanced
EVT008900,APP04736,REQ0106,S3,2025-08-29,20250829,2025-09-08,10,Rejected
EVT008901,APP04737,REQ0107,S1,2026-02-19,20260219,2026-02-20,1,Advanced
EVT008902,APP04737,REQ0107,S2,2026-02-20,20260220,2026-02-24,4,Advanced
EVT008903,APP04737,REQ0107,S3,2026-02-24,20260224,2026-03-07,11,Rejected
EVT008904,APP04738,REQ0107,S1,2026-02-28,20260228,2026-03-01,1,Rejected
EVT008905,APP04739,REQ0107,S1,2026-03-15,20260315,2026-03-17,2,Rejected
EVT008906,APP04740,REQ0107,S1,2026-03-15,20260315,2026-03-17,2,Rejected
EVT008907,APP04741,REQ0107,S1,2026-03-19,20260319,2026-03-20,1,Advanced
EVT008908,APP04741,REQ0107,S2,2026-03-20,20260320,2026-03-24,4,Rejected
EVT008909,APP04742,REQ0107,S1,2026-02-25,20260225,2026-02-28,3,Advanced
EVT008910,APP04742,REQ0107,S2,2026-02-28,20260228,2026-03-04,4,Advanced
EVT008911,APP04742,REQ0107,S3,2026-03-04,20260304,2026-03-12,8,Advanced
EVT008912,APP04742,REQ0107,S4,2026-03-12,20260312,2026-03-16,4,Advanced
EVT008913,APP04742,REQ0107,S5,2026-03-16,20260316,2026-03-24,8,Advanced
EVT008914,APP04742,REQ0107,S6,2026-03-24,20260324,2026-04-01,8,Advanced
EVT008915,APP04742,REQ0107,S7,2026-04-01,20260401,2026-04-13,12,Advanced
EVT008916,APP04742,REQ0107,S8,2026-04-13,20260413,2026-04-13,0,Hired
EVT008917,APP04743,REQ0107,S1,2026-02-25,20260225,2026-02-27,2,Rejected
EVT008918,APP04744,REQ0107,S1,2026-02-27,20260227,2026-03-02,3,Advanced
EVT008919,APP04744,REQ0107,S2,2026-03-02,20260302,2026-03-07,5,Advanced
EVT008920,APP04744,REQ0107,S3,2026-03-07,20260307,2026-03-16,9,Rejected
EVT008921,APP04745,REQ0107,S1,2026-03-04,20260304,2026-03-05,1,Rejected
EVT008922,APP04746,REQ0107,S1,2026-03-03,20260303,2026-03-06,3,Rejected
EVT008923,APP04747,REQ0107,S1,2026-02-28,20260228,2026-03-01,1,Advanced
EVT008924,APP04747,REQ0107,S2,2026-03-01,20260301,2026-03-04,3,Advanced
EVT008925,APP04747,REQ0107,S3,2026-03-04,20260304,2026-03-09,5,Rejected
EVT008926,APP04748,REQ0107,S1,2026-02-23,20260223,2026-02-24,1,Rejected
EVT008927,APP04749,REQ0107,S1,2026-03-19,20260319,2026-03-20,1,Advanced
EVT008928,APP04749,REQ0107,S2,2026-03-20,20260320,2026-03-21,1,Rejected
EVT008929,APP04750,REQ0107,S1,2026-03-02,20260302,2026-03-05,3,Rejected
EVT008930,APP04751,REQ0107,S1,2026-03-14,20260314,2026-03-17,3,Advanced
EVT008931,APP04751,REQ0107,S2,2026-03-17,20260317,2026-03-19,2,Advanced
EVT008932,APP04751,REQ0107,S3,2026-03-19,20260319,2026-04-01,13,Rejected
EVT008933,APP04752,REQ0107,S1,2026-03-21,20260321,2026-03-23,2,Rejected
EVT008934,APP04753,REQ0107,S1,2026-03-20,20260320,2026-03-22,2,Rejected
EVT008935,APP04754,REQ0107,S1,2026-03-03,20260303,2026-03-04,1,Rejected
EVT008936,APP04755,REQ0107,S1,2026-03-16,20260316,2026-03-19,3,Advanced
EVT008937,APP04755,REQ0107,S2,2026-03-19,20260319,2026-03-23,4,Rejected
EVT008938,APP04756,REQ0107,S1,2026-02-27,20260227,2026-03-02,3,Rejected
EVT008939,APP04757,REQ0107,S1,2026-03-21,20260321,2026-03-24,3,Advanced
EVT008940,APP04757,REQ0107,S2,2026-03-24,20260324,2026-03-29,5,Advanced
EVT008941,APP04757,REQ0107,S3,2026-03-29,20260329,2026-04-09,11,Advanced
EVT008942,APP04757,REQ0107,S4,2026-04-09,20260409,2026-04-12,3,Advanced
EVT008943,APP04757,REQ0107,S5,2026-04-12,20260412,2026-04-22,10,Rejected
EVT008944,APP04758,REQ0107,S1,2026-03-06,20260306,2026-03-07,1,Rejected
EVT008945,APP04759,REQ0107,S1,2026-03-17,20260317,2026-03-18,1,Advanced
EVT008946,APP04759,REQ0107,S2,2026-03-18,20260318,2026-03-21,3,Rejected
EVT008947,APP04760,REQ0107,S1,2026-02-22,20260222,2026-02-23,1,Rejected
EVT008948,APP04761,REQ0107,S1,2026-03-19,20260319,2026-03-20,1,Rejected
EVT008949,APP04762,REQ0107,S1,2026-02-24,20260224,2026-02-25,1,Rejected
EVT008950,APP04763,REQ0107,S1,2026-03-03,20260303,2026-03-05,2,Rejected
EVT008951,APP04764,REQ0107,S1,2026-03-09,20260309,2026-03-10,1,Advanced
EVT008952,APP04764,REQ0107,S2,2026-03-10,20260310,2026-03-13,3,Advanced
EVT008953,APP04764,REQ0107,S3,2026-03-13,20260313,2026-03-19,6,Advanced
EVT008954,APP04764,REQ0107,S4,2026-03-19,20260319,2026-03-25,6,Advanced
EVT008955,APP04764,REQ0107,S5,2026-03-25,20260325,2026-03-29,4,Advanced
EVT008956,APP04764,REQ0107,S6,2026-03-29,20260329,2026-04-03,5,Advanced
EVT008957,APP04764,REQ0107,S7,2026-04-03,20260403,2026-04-09,6,Advanced
EVT008958,APP04764,REQ0107,S8,2026-04-09,20260409,2026-04-09,0,Hired
EVT008959,APP04765,REQ0107,S1,2026-03-17,20260317,2026-03-19,2,Rejected
EVT008960,APP04766,REQ0107,S1,2026-03-11,20260311,2026-03-12,1,Rejected
EVT008961,APP04767,REQ0107,S1,2026-03-01,20260301,2026-03-03,2,Advanced
EVT008962,APP04767,REQ0107,S2,2026-03-03,20260303,2026-03-08,5,Advanced
EVT008963,APP04767,REQ0107,S3,2026-03-08,20260308,2026-03-15,7,Rejected
EVT008964,APP04768,REQ0107,S1,2026-02-28,20260228,2026-03-01,1,Rejected
EVT008965,APP04769,REQ0107,S1,2026-03-07,20260307,2026-03-10,3,Advanced
EVT008966,APP04769,REQ0107,S2,2026-03-10,20260310,2026-03-16,6,Advanced
EVT008967,APP04769,REQ0107,S3,2026-03-16,20260316,2026-03-29,13,Advanced
EVT008968,APP04769,REQ0107,S4,2026-03-29,20260329,2026-04-04,6,Rejected
EVT008969,APP04770,REQ0107,S1,2026-02-21,20260221,2026-02-23,2,Advanced
EVT008970,APP04770,REQ0107,S2,2026-02-23,20260223,2026-02-27,4,Advanced
EVT008971,APP04770,REQ0107,S3,2026-02-27,20260227,2026-03-03,4,Rejected
EVT008972,APP04771,REQ0107,S1,2026-03-18,20260318,2026-03-19,1,Rejected
EVT008973,APP04772,REQ0107,S1,2026-02-26,20260226,2026-02-28,2,Advanced
EVT008974,APP04772,REQ0107,S2,2026-02-28,20260228,2026-03-05,5,Rejected
EVT008975,APP04773,REQ0107,S1,2026-03-18,20260318,2026-03-21,3,Advanced
EVT008976,APP04773,REQ0107,S2,2026-03-21,20260321,2026-03-26,5,Advanced
EVT008977,APP04773,REQ0107,S3,2026-03-26,20260326,2026-04-07,12,Rejected
EVT008978,APP04774,REQ0107,S1,2026-03-01,20260301,2026-03-02,1,Advanced
EVT008979,APP04774,REQ0107,S2,2026-03-02,20260302,2026-03-03,1,Advanced
EVT008980,APP04774,REQ0107,S3,2026-03-03,20260303,2026-03-12,9,Advanced
EVT008981,APP04774,REQ0107,S4,2026-03-12,20260312,2026-03-20,8,Advanced
EVT008982,APP04774,REQ0107,S5,2026-03-20,20260320,2026-03-26,6,Advanced
EVT008983,APP04774,REQ0107,S6,2026-03-26,20260326,2026-04-02,7,Rejected
EVT008984,APP04775,REQ0107,S1,2026-03-17,20260317,2026-03-19,2,Rejected
EVT008985,APP04776,REQ0107,S1,2026-02-24,20260224,2026-02-26,2,Rejected
EVT008986,APP04777,REQ0107,S1,2026-03-01,20260301,2026-03-03,2,Rejected
EVT008987,APP04778,REQ0107,S1,2026-02-19,20260219,2026-02-20,1,Advanced
EVT008988,APP04778,REQ0107,S2,2026-02-20,20260220,2026-02-21,1,Rejected
EVT008989,APP04779,REQ0107,S1,2026-03-01,20260301,2026-03-03,2,Rejected
EVT008990,APP04780,REQ0107,S1,2026-03-04,20260304,2026-03-05,1,Advanced
EVT008991,APP04780,REQ0107,S2,2026-03-05,20260305,2026-03-07,2,Advanced
EVT008992,APP04780,REQ0107,S3,2026-03-07,20260307,2026-03-21,14,Advanced
EVT008993,APP04780,REQ0107,S4,2026-03-21,20260321,2026-03-29,8,Advanced
EVT008994,APP04780,REQ0107,S5,2026-03-29,20260329,2026-04-09,11,Advanced
EVT008995,APP04780,REQ0107,S6,2026-04-09,20260409,2026-04-17,8,Advanced
EVT008996,APP04780,REQ0107,S7,2026-04-17,20260417,2026-04-21,4,Rejected
EVT008997,APP04781,REQ0107,S1,2026-02-25,20260225,2026-02-28,3,Rejected
EVT008998,APP04782,REQ0108,S1,2024-11-21,20241121,2024-11-24,3,Rejected
EVT008999,APP04783,REQ0108,S1,2024-11-20,20241120,2024-11-21,1,Rejected
EVT009000,APP04784,REQ0108,S1,2024-11-24,20241124,2024-11-26,2,Rejected
EVT009001,APP04785,REQ0108,S1,2024-11-08,20241108,2024-11-09,1,Rejected
EVT009002,APP04786,REQ0108,S1,2024-11-27,20241127,2024-11-30,3,Rejected
EVT009003,APP04787,REQ0108,S1,2024-11-26,20241126,2024-11-28,2,Rejected
EVT009004,APP04788,REQ0108,S1,2024-11-13,20241113,2024-11-14,1,Advanced
EVT009005,APP04788,REQ0108,S2,2024-11-14,20241114,2024-11-17,3,Advanced
EVT009006,APP04788,REQ0108,S3,2024-11-17,20241117,2024-11-23,6,Advanced
EVT009007,APP04788,REQ0108,S4,2024-11-23,20241123,2024-11-28,5,Rejected
EVT009008,APP04789,REQ0108,S1,2024-11-16,20241116,2024-11-17,1,Rejected
EVT009009,APP04790,REQ0108,S1,2024-11-19,20241119,2024-11-21,2,Advanced
EVT009010,APP04790,REQ0108,S2,2024-11-21,20241121,2024-11-25,4,Advanced
EVT009011,APP04790,REQ0108,S3,2024-11-25,20241125,2024-11-29,4,Advanced
EVT009012,APP04790,REQ0108,S4,2024-11-29,20241129,2024-12-04,5,Advanced
EVT009013,APP04790,REQ0108,S5,2024-12-04,20241204,2024-12-09,5,Advanced
EVT009014,APP04790,REQ0108,S6,2024-12-09,20241209,2024-12-18,9,Advanced
EVT009015,APP04790,REQ0108,S7,2024-12-18,20241218,2024-12-29,11,Advanced
EVT009016,APP04790,REQ0108,S8,2024-12-29,20241229,2024-12-29,0,Hired
EVT009017,APP04791,REQ0108,S1,2024-11-30,20241130,2024-12-02,2,Advanced
EVT009018,APP04791,REQ0108,S2,2024-12-02,20241202,2024-12-07,5,Advanced
EVT009019,APP04791,REQ0108,S3,2024-12-07,20241207,2024-12-21,14,Rejected
EVT009020,APP04792,REQ0108,S1,2024-11-22,20241122,2024-11-23,1,Rejected
EVT009021,APP04793,REQ0108,S1,2024-11-30,20241130,2024-12-03,3,Rejected
EVT009022,APP04794,REQ0108,S1,2024-11-25,20241125,2024-11-27,2,Advanced
EVT009023,APP04794,REQ0108,S2,2024-11-27,20241127,2024-12-01,4,Rejected
EVT009024,APP04795,REQ0108,S1,2024-11-26,20241126,2024-11-27,1,Advanced
EVT009025,APP04795,REQ0108,S2,2024-11-27,20241127,2024-12-01,4,Rejected
EVT009026,APP04796,REQ0108,S1,2024-11-25,20241125,2024-11-26,1,Rejected
EVT009027,APP04797,REQ0108,S1,2024-11-25,20241125,2024-11-27,2,Advanced
EVT009028,APP04797,REQ0108,S2,2024-11-27,20241127,2024-11-30,3,Rejected
EVT009029,APP04798,REQ0108,S1,2024-11-22,20241122,2024-11-24,2,Advanced
EVT009030,APP04798,REQ0108,S2,2024-11-24,20241124,2024-11-26,2,Advanced
EVT009031,APP04798,REQ0108,S3,2024-11-26,20241126,2024-12-04,8,Advanced
EVT009032,APP04798,REQ0108,S4,2024-12-04,20241204,2024-12-10,6,Advanced
EVT009033,APP04798,REQ0108,S5,2024-12-10,20241210,2024-12-17,7,Advanced
EVT009034,APP04798,REQ0108,S6,2024-12-17,20241217,2024-12-22,5,Rejected
EVT009035,APP04799,REQ0108,S1,2024-11-28,20241128,2024-12-01,3,Advanced
EVT009036,APP04799,REQ0108,S2,2024-12-01,20241201,2024-12-04,3,Advanced
EVT009037,APP04799,REQ0108,S3,2024-12-04,20241204,2024-12-13,9,Rejected
EVT009038,APP04800,REQ0108,S1,2024-11-27,20241127,2024-11-29,2,Rejected
EVT009039,APP04801,REQ0108,S1,2024-11-26,20241126,2024-11-27,1,Rejected
EVT009040,APP04802,REQ0108,S1,2024-11-20,20241120,2024-11-21,1,Rejected
EVT009041,APP04803,REQ0108,S1,2024-11-29,20241129,2024-11-30,1,Advanced
EVT009042,APP04803,REQ0108,S2,2024-11-30,20241130,2024-12-04,4,Advanced
EVT009043,APP04803,REQ0108,S3,2024-12-04,20241204,2024-12-13,9,Rejected
EVT009044,APP04804,REQ0108,S1,2024-12-03,20241203,2024-12-04,1,Rejected
EVT009045,APP04805,REQ0108,S1,2024-11-15,20241115,2024-11-17,2,Advanced
EVT009046,APP04805,REQ0108,S2,2024-11-17,20241117,2024-11-23,6,Rejected
EVT009047,APP04806,REQ0108,S1,2024-12-02,20241202,2024-12-03,1,Rejected
EVT009048,APP04807,REQ0108,S1,2024-12-02,20241202,2024-12-03,1,Rejected
EVT009049,APP04808,REQ0108,S1,2024-11-16,20241116,2024-11-17,1,Rejected
EVT009050,APP04809,REQ0108,S1,2024-11-20,20241120,2024-11-21,1,Advanced
EVT009051,APP04809,REQ0108,S2,2024-11-21,20241121,2024-11-24,3,Advanced
EVT009052,APP04809,REQ0108,S3,2024-11-24,20241124,2024-11-30,6,Advanced
EVT009053,APP04809,REQ0108,S4,2024-11-30,20241130,2024-12-07,7,Rejected
EVT009054,APP04810,REQ0108,S1,2024-11-17,20241117,2024-11-18,1,Advanced
EVT009055,APP04810,REQ0108,S2,2024-11-18,20241118,2024-11-21,3,Rejected
EVT009056,APP04811,REQ0108,S1,2024-11-13,20241113,2024-11-15,2,Rejected
EVT009057,APP04812,REQ0108,S1,2024-11-21,20241121,2024-11-22,1,Rejected
EVT009058,APP04813,REQ0108,S1,2024-12-04,20241204,2024-12-06,2,Rejected
EVT009059,APP04814,REQ0109,S1,2024-02-27,20240227,2024-02-28,1,Rejected
EVT009060,APP04815,REQ0109,S1,2024-03-07,20240307,2024-03-10,3,Rejected
EVT009061,APP04816,REQ0109,S1,2024-03-06,20240306,2024-03-08,2,Advanced
EVT009062,APP04816,REQ0109,S2,2024-03-08,20240308,2024-03-09,1,Rejected
EVT009063,APP04817,REQ0109,S1,2024-02-28,20240228,2024-02-29,1,Advanced
EVT009064,APP04817,REQ0109,S2,2024-02-29,20240229,2024-03-04,4,Advanced
EVT009065,APP04817,REQ0109,S3,2024-03-04,20240304,2024-03-16,12,Advanced
EVT009066,APP04817,REQ0109,S4,2024-03-16,20240316,2024-03-21,5,Advanced
EVT009067,APP04817,REQ0109,S5,2024-03-21,20240321,2024-03-28,7,Advanced
EVT009068,APP04817,REQ0109,S6,2024-03-28,20240328,2024-03-31,3,Advanced
EVT009069,APP04817,REQ0109,S7,2024-03-31,20240331,2024-04-06,6,Advanced
EVT009070,APP04817,REQ0109,S8,2024-04-06,20240406,2024-04-06,0,Hired
EVT009071,APP04818,REQ0109,S1,2024-02-26,20240226,2024-02-27,1,Rejected
EVT009072,APP04819,REQ0109,S1,2024-03-11,20240311,2024-03-14,3,Rejected
EVT009073,APP04820,REQ0109,S1,2024-03-04,20240304,2024-03-05,1,Rejected
EVT009074,APP04821,REQ0109,S1,2024-03-08,20240308,2024-03-11,3,Advanced
EVT009075,APP04821,REQ0109,S2,2024-03-11,20240311,2024-03-14,3,Advanced
EVT009076,APP04821,REQ0109,S3,2024-03-14,20240314,2024-03-20,6,Rejected
EVT009077,APP04822,REQ0109,S1,2024-03-11,20240311,2024-03-12,1,Rejected
EVT009078,APP04823,REQ0109,S1,2024-02-18,20240218,2024-02-19,1,Advanced
EVT009079,APP04823,REQ0109,S2,2024-02-19,20240219,2024-02-20,1,Rejected
EVT009080,APP04824,REQ0109,S1,2024-02-20,20240220,2024-02-22,2,Advanced
EVT009081,APP04824,REQ0109,S2,2024-02-22,20240222,2024-02-24,2,Rejected
EVT009082,APP04825,REQ0109,S1,2024-03-03,20240303,2024-03-06,3,Rejected
EVT009083,APP04826,REQ0109,S1,2024-03-07,20240307,2024-03-09,2,Advanced
EVT009084,APP04826,REQ0109,S2,2024-03-09,20240309,2024-03-10,1,Advanced
EVT009085,APP04826,REQ0109,S3,2024-03-10,20240310,2024-03-19,9,Rejected
EVT009086,APP04827,REQ0109,S1,2024-03-09,20240309,2024-03-11,2,Rejected
EVT009087,APP04828,REQ0109,S1,2024-03-07,20240307,2024-03-09,2,Advanced
EVT009088,APP04828,REQ0109,S2,2024-03-09,20240309,2024-03-13,4,Advanced
EVT009089,APP04828,REQ0109,S3,2024-03-13,20240313,2024-03-26,13,Rejected
EVT009090,APP04829,REQ0109,S1,2024-02-20,20240220,2024-02-23,3,Advanced
EVT009091,APP04829,REQ0109,S2,2024-02-23,20240223,2024-02-27,4,Advanced
EVT009092,APP04829,REQ0109,S3,2024-02-27,20240227,2024-03-09,11,Rejected
EVT009093,APP04830,REQ0109,S1,2024-02-24,20240224,2024-02-25,1,Rejected
EVT009094,APP04831,REQ0109,S1,2024-02-24,20240224,2024-02-25,1,Rejected
EVT009095,APP04832,REQ0109,S1,2024-03-01,20240301,2024-03-02,1,Rejected
EVT009096,APP04833,REQ0109,S1,2024-03-06,20240306,2024-03-08,2,Rejected
EVT009097,APP04834,REQ0109,S1,2024-02-26,20240226,2024-02-29,3,Advanced
EVT009098,APP04834,REQ0109,S2,2024-02-29,20240229,2024-03-03,3,Rejected
EVT009099,APP04835,REQ0109,S1,2024-02-23,20240223,2024-02-25,2,Advanced
EVT009100,APP04835,REQ0109,S2,2024-02-25,20240225,2024-02-29,4,Rejected
EVT009101,APP04836,REQ0109,S1,2024-02-25,20240225,2024-02-26,1,Advanced
EVT009102,APP04836,REQ0109,S2,2024-02-26,20240226,2024-02-27,1,Rejected
EVT009103,APP04837,REQ0109,S1,2024-03-07,20240307,2024-03-08,1,Advanced
EVT009104,APP04837,REQ0109,S2,2024-03-08,20240308,2024-03-11,3,Rejected
EVT009105,APP04838,REQ0109,S1,2024-03-10,20240310,2024-03-11,1,Rejected
EVT009106,APP04839,REQ0109,S1,2024-03-10,20240310,2024-03-13,3,Advanced
EVT009107,APP04839,REQ0109,S2,2024-03-13,20240313,2024-03-16,3,Rejected
EVT009108,APP04840,REQ0109,S1,2024-03-09,20240309,2024-03-10,1,Rejected
EVT009109,APP04841,REQ0109,S1,2024-02-25,20240225,2024-02-28,3,Rejected
EVT009110,APP04842,REQ0109,S1,2024-03-05,20240305,2024-03-07,2,Advanced
EVT009111,APP04842,REQ0109,S2,2024-03-07,20240307,2024-03-11,4,Advanced
EVT009112,APP04842,REQ0109,S3,2024-03-11,20240311,2024-03-15,4,Rejected
EVT009113,APP04843,REQ0109,S1,2024-03-01,20240301,2024-03-04,3,Rejected
EVT009114,APP04844,REQ0109,S1,2024-03-01,20240301,2024-03-02,1,Advanced
EVT009115,APP04844,REQ0109,S2,2024-03-02,20240302,2024-03-04,2,Advanced
EVT009116,APP04844,REQ0109,S3,2024-03-04,20240304,2024-03-13,9,Rejected
EVT009117,APP04845,REQ0109,S1,2024-03-08,20240308,2024-03-10,2,Rejected
EVT009118,APP04846,REQ0109,S1,2024-03-09,20240309,2024-03-10,1,Advanced
EVT009119,APP04846,REQ0109,S2,2024-03-10,20240310,2024-03-13,3,Advanced
EVT009120,APP04846,REQ0109,S3,2024-03-13,20240313,2024-03-15,2,Rejected
EVT009121,APP04847,REQ0109,S1,2024-03-01,20240301,2024-03-04,3,Rejected
EVT009122,APP04848,REQ0109,S1,2024-02-29,20240229,2024-03-02,2,Rejected
EVT009123,APP04849,REQ0109,S1,2024-03-09,20240309,2024-03-12,3,Advanced
EVT009124,APP04849,REQ0109,S2,2024-03-12,20240312,2024-03-15,3,Rejected
EVT009125,APP04850,REQ0109,S1,2024-03-03,20240303,2024-03-04,1,Advanced
EVT009126,APP04850,REQ0109,S2,2024-03-04,20240304,2024-03-08,4,Advanced
EVT009127,APP04850,REQ0109,S3,2024-03-08,20240308,2024-03-20,12,Advanced
EVT009128,APP04850,REQ0109,S4,2024-03-20,20240320,2024-03-27,7,Advanced
EVT009129,APP04850,REQ0109,S5,2024-03-27,20240327,2024-04-03,7,Advanced
EVT009130,APP04850,REQ0109,S6,2024-04-03,20240403,2024-04-11,8,Advanced
EVT009131,APP04850,REQ0109,S7,2024-04-11,20240411,2024-04-15,4,Advanced
EVT009132,APP04850,REQ0109,S8,2024-04-15,20240415,2024-04-15,0,Hired
EVT009133,APP04851,REQ0109,S1,2024-03-10,20240310,2024-03-13,3,Advanced
EVT009134,APP04851,REQ0109,S2,2024-03-13,20240313,2024-03-17,4,Advanced
EVT009135,APP04851,REQ0109,S3,2024-03-17,20240317,2024-03-23,6,Rejected
EVT009136,APP04852,REQ0109,S1,2024-02-29,20240229,2024-03-02,2,Advanced
EVT009137,APP04852,REQ0109,S2,2024-03-02,20240302,2024-03-08,6,Advanced
EVT009138,APP04852,REQ0109,S3,2024-03-08,20240308,2024-03-12,4,Advanced
EVT009139,APP04852,REQ0109,S4,2024-03-12,20240312,2024-03-19,7,Advanced
EVT009140,APP04852,REQ0109,S5,2024-03-19,20240319,2024-03-26,7,Advanced
EVT009141,APP04852,REQ0109,S6,2024-03-26,20240326,2024-04-01,6,Advanced
EVT009142,APP04852,REQ0109,S7,2024-04-01,20240401,2024-04-07,6,Rejected
EVT009143,APP04853,REQ0109,S1,2024-02-28,20240228,2024-02-29,1,Rejected
EVT009144,APP04854,REQ0109,S1,2024-02-19,20240219,2024-02-22,3,Rejected
EVT009145,APP04855,REQ0109,S1,2024-03-10,20240310,2024-03-11,1,Advanced
EVT009146,APP04855,REQ0109,S2,2024-03-11,20240311,2024-03-13,2,Rejected
EVT009147,APP04856,REQ0109,S1,2024-03-09,20240309,2024-03-12,3,Rejected
EVT009148,APP04857,REQ0109,S1,2024-03-11,20240311,2024-03-13,2,Advanced
EVT009149,APP04857,REQ0109,S2,2024-03-13,20240313,2024-03-15,2,Advanced
EVT009150,APP04857,REQ0109,S3,2024-03-15,20240315,2024-03-20,5,Advanced
EVT009151,APP04857,REQ0109,S4,2024-03-20,20240320,2024-03-25,5,Advanced
EVT009152,APP04857,REQ0109,S5,2024-03-25,20240325,2024-03-31,6,Advanced
EVT009153,APP04857,REQ0109,S6,2024-03-31,20240331,2024-04-06,6,Advanced
EVT009154,APP04857,REQ0109,S7,2024-04-06,20240406,2024-04-15,9,Advanced
EVT009155,APP04857,REQ0109,S8,2024-04-15,20240415,2024-04-15,0,Hired
EVT009156,APP04858,REQ0109,S1,2024-02-29,20240229,2024-03-03,3,Advanced
EVT009157,APP04858,REQ0109,S2,2024-03-03,20240303,2024-03-09,6,Advanced
EVT009158,APP04858,REQ0109,S3,2024-03-09,20240309,2024-03-23,14,Advanced
EVT009159,APP04858,REQ0109,S4,2024-03-23,20240323,2024-03-28,5,Rejected
EVT009160,APP04859,REQ0110,S1,2024-10-24,20241024,2024-10-27,3,Advanced
EVT009161,APP04859,REQ0110,S2,2024-10-27,20241027,2024-10-30,3,Rejected
EVT009162,APP04860,REQ0110,S1,2024-10-18,20241018,2024-10-20,2,Advanced
EVT009163,APP04860,REQ0110,S2,2024-10-20,20241020,2024-10-26,6,Rejected
EVT009164,APP04861,REQ0110,S1,2024-10-24,20241024,2024-10-25,1,Rejected
EVT009165,APP04862,REQ0110,S1,2024-08-27,20240827,2024-08-28,1,Advanced
EVT009166,APP04862,REQ0110,S2,2024-08-28,20240828,2024-08-30,2,Advanced
EVT009167,APP04862,REQ0110,S3,2024-08-30,20240830,2024-09-03,4,Rejected
EVT009168,APP04863,REQ0110,S1,2024-09-22,20240922,2024-09-24,2,Rejected
EVT009169,APP04864,REQ0110,S1,2024-09-04,20240904,2024-09-05,1,Advanced
EVT009170,APP04864,REQ0110,S2,2024-09-05,20240905,2024-09-07,2,Rejected
EVT009171,APP04865,REQ0110,S1,2024-10-13,20241013,2024-10-14,1,Rejected
EVT009172,APP04866,REQ0110,S1,2024-08-27,20240827,2024-08-28,1,Advanced
EVT009173,APP04866,REQ0110,S2,2024-08-28,20240828,2024-08-31,3,Advanced
EVT009174,APP04866,REQ0110,S3,2024-08-31,20240831,2024-09-13,13,Advanced
EVT009175,APP04866,REQ0110,S4,2024-09-13,20240913,2024-09-17,4,Advanced
EVT009176,APP04866,REQ0110,S5,2024-09-17,20240917,2024-09-23,6,Rejected
EVT009177,APP04867,REQ0110,S1,2024-10-26,20241026,2024-10-27,1,Rejected
EVT009178,APP04868,REQ0110,S1,2024-08-31,20240831,2024-09-01,1,Advanced
EVT009179,APP04868,REQ0110,S2,2024-09-01,20240901,2024-09-04,3,Rejected
EVT009180,APP04869,REQ0110,S1,2024-08-03,20240803,2024-08-05,2,Rejected
EVT009181,APP04870,REQ0110,S1,2024-10-26,20241026,2024-10-28,2,Rejected
EVT009182,APP04871,REQ0110,S1,2024-08-03,20240803,2024-08-04,1,Rejected
EVT009183,APP04872,REQ0110,S1,2024-08-08,20240808,2024-08-10,2,Rejected
EVT009184,APP04873,REQ0110,S1,2024-09-06,20240906,2024-09-07,1,Rejected
EVT009185,APP04874,REQ0110,S1,2024-09-12,20240912,2024-09-15,3,Advanced
EVT009186,APP04874,REQ0110,S2,2024-09-15,20240915,2024-09-17,2,Rejected
EVT009187,APP04875,REQ0110,S1,2024-08-17,20240817,2024-08-18,1,Advanced
EVT009188,APP04875,REQ0110,S2,2024-08-18,20240818,2024-08-19,1,Rejected
EVT009189,APP04876,REQ0110,S1,2024-09-24,20240924,2024-09-27,3,Advanced
EVT009190,APP04876,REQ0110,S2,2024-09-27,20240927,2024-10-01,4,Rejected
EVT009191,APP04877,REQ0110,S1,2024-10-14,20241014,2024-10-15,1,Advanced
EVT009192,APP04877,REQ0110,S2,2024-10-15,20241015,2024-10-17,2,Advanced
EVT009193,APP04877,REQ0110,S3,2024-10-17,20241017,2024-10-20,3,Advanced
EVT009194,APP04877,REQ0110,S4,2024-10-20,20241020,2024-10-26,6,Advanced
EVT009195,APP04877,REQ0110,S5,2024-10-26,20241026,2024-10-30,4,Advanced
EVT009196,APP04877,REQ0110,S6,2024-10-30,20241030,2024-11-02,3,Advanced
EVT009197,APP04877,REQ0110,S7,2024-11-02,20241102,2024-11-09,7,Advanced
EVT009198,APP04877,REQ0110,S8,2024-11-09,20241109,2024-11-09,0,Hired
EVT009199,APP04878,REQ0110,S1,2024-08-08,20240808,2024-08-09,1,Advanced
EVT009200,APP04878,REQ0110,S2,2024-08-09,20240809,2024-08-10,1,Advanced
EVT009201,APP04878,REQ0110,S3,2024-08-10,20240810,2024-08-16,6,Rejected
EVT009202,APP04879,REQ0110,S1,2024-10-09,20241009,2024-10-12,3,Advanced
EVT009203,APP04879,REQ0110,S2,2024-10-12,20241012,2024-10-16,4,Advanced
EVT009204,APP04879,REQ0110,S3,2024-10-16,20241016,2024-10-21,5,Advanced
EVT009205,APP04879,REQ0110,S4,2024-10-21,20241021,2024-10-24,3,Rejected
EVT009206,APP04880,REQ0110,S1,2024-09-22,20240922,2024-09-24,2,Advanced
EVT009207,APP04880,REQ0110,S2,2024-09-24,20240924,2024-09-28,4,Advanced
EVT009208,APP04880,REQ0110,S3,2024-09-28,20240928,2024-10-02,4,Advanced
EVT009209,APP04880,REQ0110,S4,2024-10-02,20241002,2024-10-07,5,Advanced
EVT009210,APP04880,REQ0110,S5,2024-10-07,20241007,2024-10-11,4,Advanced
EVT009211,APP04880,REQ0110,S6,2024-10-11,20241011,2024-10-17,6,Advanced
EVT009212,APP04880,REQ0110,S7,2024-10-17,20241017,2024-10-25,8,Advanced
EVT009213,APP04880,REQ0110,S8,2024-10-25,20241025,2024-10-25,0,Hired
EVT009214,APP04881,REQ0110,S1,2024-09-05,20240905,2024-09-07,2,Rejected
EVT009215,APP04882,REQ0110,S1,2024-09-19,20240919,2024-09-20,1,Advanced
EVT009216,APP04882,REQ0110,S2,2024-09-20,20240920,2024-09-23,3,Rejected
EVT009217,APP04883,REQ0110,S1,2024-10-02,20241002,2024-10-03,1,Rejected
EVT009218,APP04884,REQ0110,S1,2024-08-10,20240810,2024-08-11,1,Rejected
EVT009219,APP04885,REQ0110,S1,2024-10-10,20241010,2024-10-13,3,Advanced
EVT009220,APP04885,REQ0110,S2,2024-10-13,20241013,2024-10-16,3,Rejected
EVT009221,APP04886,REQ0110,S1,2024-10-06,20241006,2024-10-07,1,Advanced
EVT009222,APP04886,REQ0110,S2,2024-10-07,20241007,2024-10-09,2,Advanced
EVT009223,APP04886,REQ0110,S3,2024-10-09,20241009,2024-10-14,5,Advanced
EVT009224,APP04886,REQ0110,S4,2024-10-14,20241014,2024-10-18,4,Rejected
EVT009225,APP04887,REQ0110,S1,2024-09-06,20240906,2024-09-08,2,Advanced
EVT009226,APP04887,REQ0110,S2,2024-09-08,20240908,2024-09-14,6,Advanced
EVT009227,APP04887,REQ0110,S3,2024-09-14,20240914,2024-09-23,9,Rejected
EVT009228,APP04888,REQ0110,S1,2024-09-28,20240928,2024-10-01,3,Advanced
EVT009229,APP04888,REQ0110,S2,2024-10-01,20241001,2024-10-07,6,Advanced
EVT009230,APP04888,REQ0110,S3,2024-10-07,20241007,2024-10-11,4,Rejected
EVT009231,APP04889,REQ0110,S1,2024-08-23,20240823,2024-08-26,3,Rejected
EVT009232,APP04890,REQ0110,S1,2024-10-03,20241003,2024-10-04,1,Rejected
EVT009233,APP04891,REQ0111,S1,2024-05-27,20240527,2024-05-29,2,Rejected
EVT009234,APP04892,REQ0111,S1,2024-05-01,20240501,2024-05-02,1,Rejected
EVT009235,APP04893,REQ0111,S1,2024-04-24,20240424,2024-04-26,2,Advanced
EVT009236,APP04893,REQ0111,S2,2024-04-26,20240426,2024-04-29,3,Advanced
EVT009237,APP04893,REQ0111,S3,2024-04-29,20240429,2024-05-06,7,Advanced
EVT009238,APP04893,REQ0111,S4,2024-05-06,20240506,2024-05-13,7,Advanced
EVT009239,APP04893,REQ0111,S5,2024-05-13,20240513,2024-05-24,11,Rejected
EVT009240,APP04894,REQ0111,S1,2024-04-25,20240425,2024-04-28,3,Advanced
EVT009241,APP04894,REQ0111,S2,2024-04-28,20240428,2024-05-01,3,Advanced
EVT009242,APP04894,REQ0111,S3,2024-05-01,20240501,2024-05-11,10,Advanced
EVT009243,APP04894,REQ0111,S4,2024-05-11,20240511,2024-05-17,6,Advanced
EVT009244,APP04894,REQ0111,S5,2024-05-17,20240517,2024-05-22,5,Rejected
EVT009245,APP04895,REQ0111,S1,2024-05-24,20240524,2024-05-25,1,Rejected
EVT009246,APP04896,REQ0111,S1,2024-05-01,20240501,2024-05-04,3,Advanced
EVT009247,APP04896,REQ0111,S2,2024-05-04,20240504,2024-05-06,2,Rejected
EVT009248,APP04897,REQ0111,S1,2024-05-06,20240506,2024-05-09,3,Rejected
EVT009249,APP04898,REQ0111,S1,2024-05-03,20240503,2024-05-06,3,Advanced
EVT009250,APP04898,REQ0111,S2,2024-05-06,20240506,2024-05-09,3,Rejected
EVT009251,APP04899,REQ0111,S1,2024-05-16,20240516,2024-05-17,1,Rejected
EVT009252,APP04900,REQ0111,S1,2024-06-04,20240604,2024-06-07,3,Rejected
EVT009253,APP04901,REQ0111,S1,2024-05-05,20240505,2024-05-07,2,Advanced
EVT009254,APP04901,REQ0111,S2,2024-05-07,20240507,2024-05-13,6,Advanced
EVT009255,APP04901,REQ0111,S3,2024-05-13,20240513,2024-05-20,7,Rejected
EVT009256,APP04902,REQ0111,S1,2024-05-13,20240513,2024-05-14,1,Advanced
EVT009257,APP04902,REQ0111,S2,2024-05-14,20240514,2024-05-16,2,Advanced
EVT009258,APP04902,REQ0111,S3,2024-05-16,20240516,2024-05-24,8,Rejected
EVT009259,APP04903,REQ0111,S1,2024-05-03,20240503,2024-05-04,1,Rejected
EVT009260,APP04904,REQ0111,S1,2024-06-08,20240608,2024-06-09,1,Rejected
EVT009261,APP04905,REQ0111,S1,2024-05-26,20240526,2024-05-27,1,Advanced
EVT009262,APP04905,REQ0111,S2,2024-05-27,20240527,2024-05-31,4,Rejected
EVT009263,APP04906,REQ0111,S1,2024-05-20,20240520,2024-05-23,3,Rejected
EVT009264,APP04907,REQ0111,S1,2024-05-16,20240516,2024-05-17,1,Rejected
EVT009265,APP04908,REQ0111,S1,2024-05-09,20240509,2024-05-10,1,Advanced
EVT009266,APP04908,REQ0111,S2,2024-05-10,20240510,2024-05-14,4,Rejected
EVT009267,APP04909,REQ0111,S1,2024-05-07,20240507,2024-05-08,1,Rejected
EVT009268,APP04910,REQ0111,S1,2024-05-26,20240526,2024-05-29,3,Advanced
EVT009269,APP04910,REQ0111,S2,2024-05-29,20240529,2024-06-02,4,Rejected
EVT009270,APP04911,REQ0111,S1,2024-05-06,20240506,2024-05-07,1,Rejected
EVT009271,APP04912,REQ0111,S1,2024-05-05,20240505,2024-05-06,1,Advanced
EVT009272,APP04912,REQ0111,S2,2024-05-06,20240506,2024-05-10,4,Advanced
EVT009273,APP04912,REQ0111,S3,2024-05-10,20240510,2024-05-17,7,Advanced
EVT009274,APP04912,REQ0111,S4,2024-05-17,20240517,2024-05-25,8,Advanced
EVT009275,APP04912,REQ0111,S5,2024-05-25,20240525,2024-05-29,4,Advanced
EVT009276,APP04912,REQ0111,S6,2024-05-29,20240529,2024-06-05,7,Rejected
EVT009277,APP04913,REQ0111,S1,2024-05-10,20240510,2024-05-11,1,Rejected
EVT009278,APP04914,REQ0111,S1,2024-05-27,20240527,2024-05-29,2,Advanced
EVT009279,APP04914,REQ0111,S2,2024-05-29,20240529,2024-06-01,3,Advanced
EVT009280,APP04914,REQ0111,S3,2024-06-01,20240601,2024-06-08,7,Rejected
EVT009281,APP04915,REQ0111,S1,2024-05-05,20240505,2024-05-06,1,Advanced
EVT009282,APP04915,REQ0111,S2,2024-05-06,20240506,2024-05-11,5,Rejected
EVT009283,APP04916,REQ0111,S1,2024-05-13,20240513,2024-05-14,1,Rejected
EVT009284,APP04917,REQ0111,S1,2024-05-19,20240519,2024-05-21,2,Rejected
EVT009285,APP04918,REQ0111,S1,2024-06-04,20240604,2024-06-05,1,Rejected
EVT009286,APP04919,REQ0111,S1,2024-05-03,20240503,2024-05-04,1,Advanced
EVT009287,APP04919,REQ0111,S2,2024-05-04,20240504,2024-05-08,4,Rejected
EVT009288,APP04920,REQ0111,S1,2024-04-22,20240422,2024-04-23,1,Rejected
EVT009289,APP04921,REQ0111,S1,2024-05-27,20240527,2024-05-28,1,Advanced
EVT009290,APP04921,REQ0111,S2,2024-05-28,20240528,2024-06-03,6,Advanced
EVT009291,APP04921,REQ0111,S3,2024-06-03,20240603,2024-06-10,7,Advanced
EVT009292,APP04921,REQ0111,S4,2024-06-10,20240610,2024-06-13,3,Advanced
EVT009293,APP04921,REQ0111,S5,2024-06-13,20240613,2024-06-22,9,Rejected
EVT009294,APP04922,REQ0111,S1,2024-06-08,20240608,2024-06-09,1,Advanced
EVT009295,APP04922,REQ0111,S2,2024-06-09,20240609,2024-06-15,6,Advanced
EVT009296,APP04922,REQ0111,S3,2024-06-15,20240615,2024-06-29,14,Advanced
EVT009297,APP04922,REQ0111,S4,2024-06-29,20240629,2024-07-04,5,Advanced
EVT009298,APP04922,REQ0111,S5,2024-07-04,20240704,2024-07-13,9,Advanced
EVT009299,APP04922,REQ0111,S6,2024-07-13,20240713,2024-07-19,6,Rejected
EVT009300,APP04923,REQ0111,S1,2024-05-12,20240512,2024-05-13,1,Advanced
EVT009301,APP04923,REQ0111,S2,2024-05-13,20240513,2024-05-19,6,Rejected
EVT009302,APP04924,REQ0111,S1,2024-04-22,20240422,2024-04-23,1,Advanced
EVT009303,APP04924,REQ0111,S2,2024-04-23,20240423,2024-04-28,5,Advanced
EVT009304,APP04924,REQ0111,S3,2024-04-28,20240428,2024-05-11,13,Rejected
EVT009305,APP04925,REQ0111,S1,2024-04-29,20240429,2024-05-01,2,Rejected
EVT009306,APP04926,REQ0111,S1,2024-05-27,20240527,2024-05-30,3,Advanced
EVT009307,APP04926,REQ0111,S2,2024-05-30,20240530,2024-06-04,5,Rejected
EVT009308,APP04927,REQ0111,S1,2024-06-02,20240602,2024-06-03,1,Advanced
EVT009309,APP04927,REQ0111,S2,2024-06-03,20240603,2024-06-07,4,Advanced
EVT009310,APP04927,REQ0111,S3,2024-06-07,20240607,2024-06-13,6,Rejected
EVT009311,APP04928,REQ0111,S1,2024-05-15,20240515,2024-05-17,2,Rejected
EVT009312,APP04929,REQ0111,S1,2024-05-08,20240508,2024-05-10,2,Rejected
EVT009313,APP04930,REQ0111,S1,2024-05-12,20240512,2024-05-13,1,Advanced
EVT009314,APP04930,REQ0111,S2,2024-05-13,20240513,2024-05-16,3,Advanced
EVT009315,APP04930,REQ0111,S3,2024-05-16,20240516,2024-05-23,7,Advanced
EVT009316,APP04930,REQ0111,S4,2024-05-23,20240523,2024-05-29,6,Rejected
EVT009317,APP04931,REQ0111,S1,2024-05-07,20240507,2024-05-09,2,Rejected
EVT009318,APP04932,REQ0111,S1,2024-05-25,20240525,2024-05-28,3,Advanced
EVT009319,APP04932,REQ0111,S2,2024-05-28,20240528,2024-06-02,5,Advanced
EVT009320,APP04932,REQ0111,S3,2024-06-02,20240602,2024-06-13,11,Advanced
EVT009321,APP04932,REQ0111,S4,2024-06-13,20240613,2024-06-16,3,Rejected
EVT009322,APP04933,REQ0111,S1,2024-05-02,20240502,2024-05-05,3,Rejected
EVT009323,APP04934,REQ0111,S1,2024-04-28,20240428,2024-04-30,2,Advanced
EVT009324,APP04934,REQ0111,S2,2024-04-30,20240430,2024-05-04,4,Rejected
EVT009325,APP04935,REQ0111,S1,2024-05-13,20240513,2024-05-16,3,Rejected
EVT009326,APP04936,REQ0111,S1,2024-05-24,20240524,2024-05-26,2,Rejected
EVT009327,APP04937,REQ0111,S1,2024-05-03,20240503,2024-05-04,1,Rejected
EVT009328,APP04938,REQ0111,S1,2024-05-07,20240507,2024-05-09,2,Rejected
EVT009329,APP04939,REQ0111,S1,2024-05-16,20240516,2024-05-17,1,Rejected
EVT009330,APP04940,REQ0111,S1,2024-04-24,20240424,2024-04-27,3,Advanced
EVT009331,APP04940,REQ0111,S2,2024-04-27,20240427,2024-04-29,2,Rejected
EVT009332,APP04941,REQ0111,S1,2024-04-22,20240422,2024-04-23,1,Rejected
EVT009333,APP04942,REQ0111,S1,2024-06-10,20240610,2024-06-12,2,Advanced
EVT009334,APP04942,REQ0111,S2,2024-06-12,20240612,2024-06-14,2,Rejected
EVT009335,APP04943,REQ0111,S1,2024-05-30,20240530,2024-06-01,2,Rejected
EVT009336,APP04944,REQ0111,S1,2024-04-28,20240428,2024-05-01,3,Rejected
EVT009337,APP04945,REQ0111,S1,2024-04-30,20240430,2024-05-01,1,Rejected
EVT009338,APP04946,REQ0111,S1,2024-05-26,20240526,2024-05-28,2,Rejected
EVT009339,APP04947,REQ0111,S1,2024-06-02,20240602,2024-06-03,1,Advanced
EVT009340,APP04947,REQ0111,S2,2024-06-03,20240603,2024-06-05,2,Rejected
EVT009341,APP04948,REQ0111,S1,2024-05-30,20240530,2024-05-31,1,Advanced
EVT009342,APP04948,REQ0111,S2,2024-05-31,20240531,2024-06-02,2,Advanced
EVT009343,APP04948,REQ0111,S3,2024-06-02,20240602,2024-06-07,5,Rejected
EVT009344,APP04949,REQ0111,S1,2024-06-03,20240603,2024-06-06,3,Rejected
EVT009345,APP04950,REQ0111,S1,2024-05-10,20240510,2024-05-11,1,Rejected
EVT009346,APP04951,REQ0112,S1,2024-07-27,20240727,2024-07-30,3,Rejected
EVT009347,APP04952,REQ0112,S1,2024-08-20,20240820,2024-08-21,1,Advanced
EVT009348,APP04952,REQ0112,S2,2024-08-21,20240821,2024-08-27,6,Advanced
EVT009349,APP04952,REQ0112,S3,2024-08-27,20240827,2024-09-10,14,Rejected
EVT009350,APP04953,REQ0112,S1,2024-07-30,20240730,2024-08-01,2,Advanced
EVT009351,APP04953,REQ0112,S2,2024-08-01,20240801,2024-08-04,3,Rejected
EVT009352,APP04954,REQ0112,S1,2024-08-08,20240808,2024-08-09,1,Rejected
EVT009353,APP04955,REQ0112,S1,2024-08-18,20240818,2024-08-20,2,Rejected
EVT009354,APP04956,REQ0112,S1,2024-08-18,20240818,2024-08-19,1,Rejected
EVT009355,APP04957,REQ0112,S1,2024-07-15,20240715,2024-07-16,1,Rejected
EVT009356,APP04958,REQ0112,S1,2024-08-07,20240807,2024-08-08,1,Advanced
EVT009357,APP04958,REQ0112,S2,2024-08-08,20240808,2024-08-10,2,Rejected
EVT009358,APP04959,REQ0112,S1,2024-08-23,20240823,2024-08-26,3,Advanced
EVT009359,APP04959,REQ0112,S2,2024-08-26,20240826,2024-08-29,3,Advanced
EVT009360,APP04959,REQ0112,S3,2024-08-29,20240829,2024-09-02,4,Rejected
EVT009361,APP04960,REQ0112,S1,2024-08-05,20240805,2024-08-07,2,Rejected
EVT009362,APP04961,REQ0112,S1,2024-08-24,20240824,2024-08-27,3,Advanced
EVT009363,APP04961,REQ0112,S2,2024-08-27,20240827,2024-09-01,5,Rejected
EVT009364,APP04962,REQ0112,S1,2024-08-02,20240802,2024-08-03,1,Advanced
EVT009365,APP04962,REQ0112,S2,2024-08-03,20240803,2024-08-04,1,Rejected
EVT009366,APP04963,REQ0112,S1,2024-07-18,20240718,2024-07-20,2,Advanced
EVT009367,APP04963,REQ0112,S2,2024-07-20,20240720,2024-07-22,2,Rejected
EVT009368,APP04964,REQ0112,S1,2024-08-24,20240824,2024-08-25,1,Rejected
EVT009369,APP04965,REQ0112,S1,2024-07-30,20240730,2024-07-31,1,Rejected
EVT009370,APP04966,REQ0112,S1,2024-08-18,20240818,2024-08-20,2,Advanced
EVT009371,APP04966,REQ0112,S2,2024-08-20,20240820,2024-08-25,5,Advanced
EVT009372,APP04966,REQ0112,S3,2024-08-25,20240825,2024-09-07,13,Advanced
EVT009373,APP04966,REQ0112,S4,2024-09-07,20240907,2024-09-12,5,Advanced
EVT009374,APP04966,REQ0112,S5,2024-09-12,20240912,2024-09-18,6,Advanced
EVT009375,APP04966,REQ0112,S6,2024-09-18,20240918,2024-09-26,8,Rejected
EVT009376,APP04967,REQ0112,S1,2024-07-26,20240726,2024-07-27,1,Rejected
EVT009377,APP04968,REQ0112,S1,2024-07-12,20240712,2024-07-14,2,Rejected
EVT009378,APP04969,REQ0112,S1,2024-08-10,20240810,2024-08-11,1,Rejected
EVT009379,APP04970,REQ0112,S1,2024-07-22,20240722,2024-07-23,1,Rejected
EVT009380,APP04971,REQ0112,S1,2024-08-16,20240816,2024-08-18,2,Advanced
EVT009381,APP04971,REQ0112,S2,2024-08-18,20240818,2024-08-21,3,Rejected
EVT009382,APP04972,REQ0112,S1,2024-08-18,20240818,2024-08-20,2,Rejected
EVT009383,APP04973,REQ0112,S1,2024-07-15,20240715,2024-07-17,2,Rejected
EVT009384,APP04974,REQ0112,S1,2024-08-09,20240809,2024-08-10,1,Rejected
EVT009385,APP04975,REQ0112,S1,2024-08-20,20240820,2024-08-21,1,Advanced
EVT009386,APP04975,REQ0112,S2,2024-08-21,20240821,2024-08-23,2,Rejected
EVT009387,APP04976,REQ0112,S1,2024-08-13,20240813,2024-08-15,2,Rejected
EVT009388,APP04977,REQ0112,S1,2024-08-22,20240822,2024-08-25,3,Advanced
EVT009389,APP04977,REQ0112,S2,2024-08-25,20240825,2024-08-27,2,Rejected
EVT009390,APP04978,REQ0112,S1,2024-08-05,20240805,2024-08-06,1,Advanced
EVT009391,APP04978,REQ0112,S2,2024-08-06,20240806,2024-08-08,2,Advanced
EVT009392,APP04978,REQ0112,S3,2024-08-08,20240808,2024-08-14,6,Rejected
EVT009393,APP04979,REQ0112,S1,2024-07-19,20240719,2024-07-21,2,Rejected
EVT009394,APP04980,REQ0112,S1,2024-08-10,20240810,2024-08-11,1,Advanced
EVT009395,APP04980,REQ0112,S2,2024-08-11,20240811,2024-08-13,2,Advanced
EVT009396,APP04980,REQ0112,S3,2024-08-13,20240813,2024-08-20,7,Rejected
EVT009397,APP04981,REQ0112,S1,2024-08-21,20240821,2024-08-23,2,Advanced
EVT009398,APP04981,REQ0112,S2,2024-08-23,20240823,2024-08-29,6,Rejected
EVT009399,APP04982,REQ0112,S1,2024-08-12,20240812,2024-08-13,1,Rejected
EVT009400,APP04983,REQ0112,S1,2024-07-29,20240729,2024-07-31,2,Advanced
EVT009401,APP04983,REQ0112,S2,2024-07-31,20240731,2024-08-03,3,Advanced
EVT009402,APP04983,REQ0112,S3,2024-08-03,20240803,2024-08-10,7,Advanced
EVT009403,APP04983,REQ0112,S4,2024-08-10,20240810,2024-08-13,3,Advanced
EVT009404,APP04983,REQ0112,S5,2024-08-13,20240813,2024-08-18,5,Advanced
EVT009405,APP04983,REQ0112,S6,2024-08-18,20240818,2024-08-27,9,Rejected
EVT009406,APP04984,REQ0112,S1,2024-07-20,20240720,2024-07-22,2,Rejected
EVT009407,APP04985,REQ0112,S1,2024-07-12,20240712,2024-07-15,3,Rejected
EVT009408,APP04986,REQ0112,S1,2024-07-28,20240728,2024-07-31,3,Rejected
EVT009409,APP04987,REQ0112,S1,2024-07-29,20240729,2024-08-01,3,Rejected
EVT009410,APP04988,REQ0112,S1,2024-07-20,20240720,2024-07-21,1,Advanced
EVT009411,APP04988,REQ0112,S2,2024-07-21,20240721,2024-07-24,3,Rejected
EVT009412,APP04989,REQ0112,S1,2024-08-03,20240803,2024-08-04,1,Advanced
EVT009413,APP04989,REQ0112,S2,2024-08-04,20240804,2024-08-09,5,Rejected
EVT009414,APP04990,REQ0112,S1,2024-08-19,20240819,2024-08-21,2,Advanced
EVT009415,APP04990,REQ0112,S2,2024-08-21,20240821,2024-08-24,3,Rejected
EVT009416,APP04991,REQ0112,S1,2024-07-31,20240731,2024-08-02,2,Advanced
EVT009417,APP04991,REQ0112,S2,2024-08-02,20240802,2024-08-05,3,Advanced
EVT009418,APP04991,REQ0112,S3,2024-08-05,20240805,2024-08-17,12,Advanced
EVT009419,APP04991,REQ0112,S4,2024-08-17,20240817,2024-08-20,3,Rejected
EVT009420,APP04992,REQ0112,S1,2024-08-09,20240809,2024-08-11,2,Advanced
EVT009421,APP04992,REQ0112,S2,2024-08-11,20240811,2024-08-13,2,Rejected
EVT009422,APP04993,REQ0112,S1,2024-07-18,20240718,2024-07-19,1,Advanced
EVT009423,APP04993,REQ0112,S2,2024-07-19,20240719,2024-07-24,5,Advanced
EVT009424,APP04993,REQ0112,S3,2024-07-24,20240724,2024-07-28,4,Rejected
EVT009425,APP04994,REQ0112,S1,2024-07-22,20240722,2024-07-25,3,Advanced
EVT009426,APP04994,REQ0112,S2,2024-07-25,20240725,2024-07-31,6,Advanced
EVT009427,APP04994,REQ0112,S3,2024-07-31,20240731,2024-08-13,13,Advanced
EVT009428,APP04994,REQ0112,S4,2024-08-13,20240813,2024-08-20,7,Advanced
EVT009429,APP04994,REQ0112,S5,2024-08-20,20240820,2024-08-29,9,Rejected
EVT009430,APP04995,REQ0112,S1,2024-07-26,20240726,2024-07-29,3,Advanced
EVT009431,APP04995,REQ0112,S2,2024-07-29,20240729,2024-08-01,3,Rejected
EVT009432,APP04996,REQ0112,S1,2024-07-23,20240723,2024-07-25,2,Rejected
EVT009433,APP04997,REQ0112,S1,2024-08-23,20240823,2024-08-24,1,Advanced
EVT009434,APP04997,REQ0112,S2,2024-08-24,20240824,2024-08-30,6,Advanced
EVT009435,APP04997,REQ0112,S3,2024-08-30,20240830,2024-09-06,7,Advanced
EVT009436,APP04997,REQ0112,S4,2024-09-06,20240906,2024-09-13,7,Advanced
EVT009437,APP04997,REQ0112,S5,2024-09-13,20240913,2024-09-23,10,Advanced
EVT009438,APP04997,REQ0112,S6,2024-09-23,20240923,2024-09-27,4,Rejected
EVT009439,APP04998,REQ0112,S1,2024-07-13,20240713,2024-07-15,2,Rejected
EVT009440,APP04999,REQ0112,S1,2024-08-14,20240814,2024-08-16,2,Advanced
EVT009441,APP04999,REQ0112,S2,2024-08-16,20240816,2024-08-17,1,Rejected
EVT009442,APP05000,REQ0112,S1,2024-07-30,20240730,2024-08-01,2,Advanced
EVT009443,APP05000,REQ0112,S2,2024-08-01,20240801,2024-08-04,3,Rejected
EVT009444,APP05001,REQ0112,S1,2024-07-13,20240713,2024-07-16,3,Advanced
EVT009445,APP05001,REQ0112,S2,2024-07-16,20240716,2024-07-20,4,Advanced
EVT009446,APP05001,REQ0112,S3,2024-07-20,20240720,2024-07-26,6,Advanced
EVT009447,APP05001,REQ0112,S4,2024-07-26,20240726,2024-07-30,4,Rejected
EVT009448,APP05002,REQ0112,S1,2024-07-17,20240717,2024-07-19,2,Advanced
EVT009449,APP05002,REQ0112,S2,2024-07-19,20240719,2024-07-21,2,Rejected
EVT009450,APP05003,REQ0112,S1,2024-08-01,20240801,2024-08-02,1,Advanced
EVT009451,APP05003,REQ0112,S2,2024-08-02,20240802,2024-08-05,3,Rejected
EVT009452,APP05004,REQ0112,S1,2024-08-09,20240809,2024-08-11,2,Rejected
EVT009453,APP05005,REQ0112,S1,2024-07-16,20240716,2024-07-18,2,Rejected
EVT009454,APP05006,REQ0112,S1,2024-07-23,20240723,2024-07-24,1,Rejected
EVT009455,APP05007,REQ0112,S1,2024-08-13,20240813,2024-08-16,3,Advanced
EVT009456,APP05007,REQ0112,S2,2024-08-16,20240816,2024-08-19,3,Rejected
EVT009457,APP05008,REQ0112,S1,2024-07-31,20240731,2024-08-01,1,Rejected
EVT009458,APP05009,REQ0112,S1,2024-07-13,20240713,2024-07-14,1,Advanced
EVT009459,APP05009,REQ0112,S2,2024-07-14,20240714,2024-07-16,2,Advanced
EVT009460,APP05009,REQ0112,S3,2024-07-16,20240716,2024-07-25,9,Rejected
EVT009461,APP05010,REQ0112,S1,2024-07-17,20240717,2024-07-19,2,Rejected
EVT009462,APP05011,REQ0112,S1,2024-07-12,20240712,2024-07-15,3,Advanced
EVT009463,APP05011,REQ0112,S2,2024-07-15,20240715,2024-07-17,2,Advanced
EVT009464,APP05011,REQ0112,S3,2024-07-17,20240717,2024-07-22,5,Rejected
EVT009465,APP05012,REQ0112,S1,2024-07-12,20240712,2024-07-14,2,Rejected
EVT009466,APP05013,REQ0112,S1,2024-08-06,20240806,2024-08-09,3,Rejected
EVT009467,APP05014,REQ0112,S1,2024-07-30,20240730,2024-08-02,3,Rejected
EVT009468,APP05015,REQ0112,S1,2024-08-10,20240810,2024-08-12,2,Rejected
EVT009469,APP05016,REQ0112,S1,2024-07-21,20240721,2024-07-22,1,Rejected
EVT009470,APP05017,REQ0113,S1,2025-05-09,20250509,2025-05-11,2,Rejected
EVT009471,APP05018,REQ0113,S1,2025-05-04,20250504,2025-05-05,1,Advanced
EVT009472,APP05018,REQ0113,S2,2025-05-05,20250505,2025-05-09,4,Rejected
EVT009473,APP05019,REQ0113,S1,2025-05-16,20250516,2025-05-17,1,Rejected
EVT009474,APP05020,REQ0113,S1,2025-05-13,20250513,2025-05-16,3,Rejected
EVT009475,APP05021,REQ0113,S1,2025-05-18,20250518,2025-05-19,1,Advanced
EVT009476,APP05021,REQ0113,S2,2025-05-19,20250519,2025-05-21,2,Advanced
EVT009477,APP05021,REQ0113,S3,2025-05-21,20250521,2025-05-29,8,Advanced
EVT009478,APP05021,REQ0113,S4,2025-05-29,20250529,2025-06-06,8,Rejected
EVT009479,APP05022,REQ0113,S1,2025-05-05,20250505,2025-05-07,2,Rejected
EVT009480,APP05023,REQ0113,S1,2025-05-16,20250516,2025-05-17,1,Advanced
EVT009481,APP05023,REQ0113,S2,2025-05-17,20250517,2025-05-22,5,Rejected
EVT009482,APP05024,REQ0113,S1,2025-05-12,20250512,2025-05-13,1,Rejected
EVT009483,APP05025,REQ0113,S1,2025-05-14,20250514,2025-05-15,1,Rejected
EVT009484,APP05026,REQ0113,S1,2025-04-30,20250430,2025-05-01,1,Advanced
EVT009485,APP05026,REQ0113,S2,2025-05-01,20250501,2025-05-06,5,Rejected
EVT009486,APP05027,REQ0113,S1,2025-05-06,20250506,2025-05-07,1,Rejected
EVT009487,APP05028,REQ0113,S1,2025-05-02,20250502,2025-05-05,3,Advanced
EVT009488,APP05028,REQ0113,S2,2025-05-05,20250505,2025-05-11,6,Advanced
EVT009489,APP05028,REQ0113,S3,2025-05-11,20250511,2025-05-15,4,Rejected
EVT009490,APP05029,REQ0113,S1,2025-05-05,20250505,2025-05-07,2,Rejected
EVT009491,APP05030,REQ0113,S1,2025-04-30,20250430,2025-05-02,2,Rejected
EVT009492,APP05031,REQ0113,S1,2025-05-21,20250521,2025-05-22,1,Advanced
EVT009493,APP05031,REQ0113,S2,2025-05-22,20250522,2025-05-23,1,Rejected
EVT009494,APP05032,REQ0113,S1,2025-05-03,20250503,2025-05-04,1,Rejected
EVT009495,APP05033,REQ0113,S1,2025-05-21,20250521,2025-05-22,1,Advanced
EVT009496,APP05033,REQ0113,S2,2025-05-22,20250522,2025-05-25,3,Advanced
EVT009497,APP05033,REQ0113,S3,2025-05-25,20250525,2025-06-03,9,Rejected
EVT009498,APP05034,REQ0113,S1,2025-05-02,20250502,2025-05-03,1,Rejected
EVT009499,APP05035,REQ0113,S1,2025-05-20,20250520,2025-05-22,2,Rejected
EVT009500,APP05036,REQ0113,S1,2025-05-06,20250506,2025-05-07,1,Rejected
EVT009501,APP05037,REQ0113,S1,2025-05-07,20250507,2025-05-08,1,Advanced
EVT009502,APP05037,REQ0113,S2,2025-05-08,20250508,2025-05-12,4,Advanced
EVT009503,APP05037,REQ0113,S3,2025-05-12,20250512,2025-05-24,12,Rejected
EVT009504,APP05038,REQ0113,S1,2025-05-20,20250520,2025-05-21,1,Advanced
EVT009505,APP05038,REQ0113,S2,2025-05-21,20250521,2025-05-23,2,Rejected
EVT009506,APP05039,REQ0113,S1,2025-05-19,20250519,2025-05-21,2,Rejected
EVT009507,APP05040,REQ0113,S1,2025-05-05,20250505,2025-05-06,1,Rejected
EVT009508,APP05041,REQ0113,S1,2025-05-04,20250504,2025-05-05,1,Rejected
EVT009509,APP05042,REQ0113,S1,2025-05-08,20250508,2025-05-09,1,Advanced
EVT009510,APP05042,REQ0113,S2,2025-05-09,20250509,2025-05-12,3,Advanced
EVT009511,APP05042,REQ0113,S3,2025-05-12,20250512,2025-05-16,4,Advanced
EVT009512,APP05042,REQ0113,S4,2025-05-16,20250516,2025-05-21,5,Advanced
EVT009513,APP05042,REQ0113,S5,2025-05-21,20250521,2025-05-31,10,Rejected
EVT009514,APP05043,REQ0113,S1,2025-05-01,20250501,2025-05-03,2,Advanced
EVT009515,APP05043,REQ0113,S2,2025-05-03,20250503,2025-05-07,4,Advanced
EVT009516,APP05043,REQ0113,S3,2025-05-07,20250507,2025-05-16,9,Rejected
EVT009517,APP05044,REQ0113,S1,2025-05-19,20250519,2025-05-20,1,Rejected
EVT009518,APP05045,REQ0113,S1,2025-05-08,20250508,2025-05-09,1,Rejected
EVT009519,APP05046,REQ0113,S1,2025-05-04,20250504,2025-05-07,3,Rejected
EVT009520,APP05047,REQ0113,S1,2025-05-02,20250502,2025-05-04,2,Rejected
EVT009521,APP05048,REQ0114,S1,2025-04-17,20250417,2025-04-20,3,Advanced
EVT009522,APP05048,REQ0114,S2,2025-04-20,20250420,2025-04-26,6,Advanced
EVT009523,APP05048,REQ0114,S3,2025-04-26,20250426,2025-05-08,12,Advanced
EVT009524,APP05048,REQ0114,S4,2025-05-08,20250508,2025-05-14,6,Advanced
EVT009525,APP05048,REQ0114,S5,2025-05-14,20250514,2025-05-25,11,Rejected
EVT009526,APP05049,REQ0114,S1,2025-05-04,20250504,2025-05-06,2,Advanced
EVT009527,APP05049,REQ0114,S2,2025-05-06,20250506,2025-05-09,3,Rejected
EVT009528,APP05050,REQ0114,S1,2025-04-26,20250426,2025-04-28,2,Rejected
EVT009529,APP05051,REQ0114,S1,2025-05-04,20250504,2025-05-07,3,Rejected
EVT009530,APP05052,REQ0114,S1,2025-05-05,20250505,2025-05-07,2,Rejected
EVT009531,APP05053,REQ0114,S1,2025-05-04,20250504,2025-05-06,2,Advanced
EVT009532,APP05053,REQ0114,S2,2025-05-06,20250506,2025-05-11,5,Rejected
EVT009533,APP05054,REQ0114,S1,2025-04-29,20250429,2025-05-01,2,Advanced
EVT009534,APP05054,REQ0114,S2,2025-05-01,20250501,2025-05-04,3,Rejected
EVT009535,APP05055,REQ0114,S1,2025-04-20,20250420,2025-04-22,2,Rejected
EVT009536,APP05056,REQ0114,S1,2025-04-21,20250421,2025-04-23,2,Advanced
EVT009537,APP05056,REQ0114,S2,2025-04-23,20250423,2025-04-26,3,Advanced
EVT009538,APP05056,REQ0114,S3,2025-04-26,20250426,2025-05-04,8,Rejected
EVT009539,APP05057,REQ0114,S1,2025-05-13,20250513,2025-05-15,2,Advanced
EVT009540,APP05057,REQ0114,S2,2025-05-15,20250515,2025-05-17,2,Advanced
EVT009541,APP05057,REQ0114,S3,2025-05-17,20250517,2025-05-22,5,Rejected
EVT009542,APP05058,REQ0114,S1,2025-05-13,20250513,2025-05-14,1,Advanced
EVT009543,APP05058,REQ0114,S2,2025-05-14,20250514,2025-05-18,4,Advanced
EVT009544,APP05058,REQ0114,S3,2025-05-18,20250518,2025-05-21,3,Rejected
EVT009545,APP05059,REQ0114,S1,2025-04-17,20250417,2025-04-18,1,Rejected
EVT009546,APP05060,REQ0114,S1,2025-05-01,20250501,2025-05-03,2,Advanced
EVT009547,APP05060,REQ0114,S2,2025-05-03,20250503,2025-05-07,4,Advanced
EVT009548,APP05060,REQ0114,S3,2025-05-07,20250507,2025-05-12,5,Advanced
EVT009549,APP05060,REQ0114,S4,2025-05-12,20250512,2025-05-20,8,Advanced
EVT009550,APP05060,REQ0114,S5,2025-05-20,20250520,2025-05-31,11,Advanced
EVT009551,APP05060,REQ0114,S6,2025-05-31,20250531,2025-06-04,4,Rejected
EVT009552,APP05061,REQ0114,S1,2025-04-14,20250414,2025-04-15,1,Rejected
EVT009553,APP05062,REQ0114,S1,2025-04-13,20250413,2025-04-16,3,Advanced
EVT009554,APP05062,REQ0114,S2,2025-04-16,20250416,2025-04-21,5,Advanced
EVT009555,APP05062,REQ0114,S3,2025-04-21,20250421,2025-05-02,11,Rejected
EVT009556,APP05063,REQ0114,S1,2025-05-05,20250505,2025-05-06,1,Rejected
EVT009557,APP05064,REQ0114,S1,2025-04-14,20250414,2025-04-15,1,Advanced
EVT009558,APP05064,REQ0114,S2,2025-04-15,20250415,2025-04-18,3,Advanced
EVT009559,APP05064,REQ0114,S3,2025-04-18,20250418,2025-04-25,7,Advanced
EVT009560,APP05064,REQ0114,S4,2025-04-25,20250425,2025-04-30,5,Rejected
EVT009561,APP05065,REQ0114,S1,2025-04-27,20250427,2025-04-30,3,Advanced
EVT009562,APP05065,REQ0114,S2,2025-04-30,20250430,2025-05-05,5,Advanced
EVT009563,APP05065,REQ0114,S3,2025-05-05,20250505,2025-05-16,11,Rejected
EVT009564,APP05066,REQ0114,S1,2025-05-08,20250508,2025-05-10,2,Advanced
EVT009565,APP05066,REQ0114,S2,2025-05-10,20250510,2025-05-13,3,Advanced
EVT009566,APP05066,REQ0114,S3,2025-05-13,20250513,2025-05-19,6,Rejected
EVT009567,APP05067,REQ0114,S1,2025-04-25,20250425,2025-04-26,1,Rejected
EVT009568,APP05068,REQ0114,S1,2025-04-24,20250424,2025-04-26,2,Rejected
EVT009569,APP05069,REQ0114,S1,2025-05-08,20250508,2025-05-11,3,Rejected
EVT009570,APP05070,REQ0114,S1,2025-04-30,20250430,2025-05-01,1,Rejected
EVT009571,APP05071,REQ0114,S1,2025-04-27,20250427,2025-04-28,1,Advanced
EVT009572,APP05071,REQ0114,S2,2025-04-28,20250428,2025-04-30,2,Rejected
EVT009573,APP05072,REQ0114,S1,2025-05-05,20250505,2025-05-06,1,Rejected
EVT009574,APP05073,REQ0114,S1,2025-05-11,20250511,2025-05-12,1,Rejected
EVT009575,APP05074,REQ0114,S1,2025-05-05,20250505,2025-05-07,2,Advanced
EVT009576,APP05074,REQ0114,S2,2025-05-07,20250507,2025-05-09,2,Advanced
EVT009577,APP05074,REQ0114,S3,2025-05-09,20250509,2025-05-18,9,Rejected
EVT009578,APP05075,REQ0114,S1,2025-05-09,20250509,2025-05-10,1,Rejected
EVT009579,APP05076,REQ0114,S1,2025-05-11,20250511,2025-05-12,1,Rejected
EVT009580,APP05077,REQ0114,S1,2025-05-12,20250512,2025-05-13,1,Rejected
EVT009581,APP05078,REQ0114,S1,2025-05-03,20250503,2025-05-04,1,Rejected
EVT009582,APP05079,REQ0114,S1,2025-04-24,20250424,2025-04-26,2,Advanced
EVT009583,APP05079,REQ0114,S2,2025-04-26,20250426,2025-04-27,1,Rejected
EVT009584,APP05080,REQ0114,S1,2025-04-19,20250419,2025-04-20,1,Rejected
EVT009585,APP05081,REQ0114,S1,2025-05-08,20250508,2025-05-09,1,Rejected
EVT009586,APP05082,REQ0114,S1,2025-05-12,20250512,2025-05-13,1,Advanced
EVT009587,APP05082,REQ0114,S2,2025-05-13,20250513,2025-05-17,4,Rejected
EVT009588,APP05083,REQ0114,S1,2025-05-07,20250507,2025-05-09,2,Advanced
EVT009589,APP05083,REQ0114,S2,2025-05-09,20250509,2025-05-11,2,Advanced
EVT009590,APP05083,REQ0114,S3,2025-05-11,20250511,2025-05-16,5,Advanced
EVT009591,APP05083,REQ0114,S4,2025-05-16,20250516,2025-05-19,3,Advanced
EVT009592,APP05083,REQ0114,S5,2025-05-19,20250519,2025-05-25,6,Rejected
EVT009593,APP05084,REQ0114,S1,2025-05-06,20250506,2025-05-07,1,Rejected
EVT009594,APP05085,REQ0114,S1,2025-04-23,20250423,2025-04-26,3,Advanced
EVT009595,APP05085,REQ0114,S2,2025-04-26,20250426,2025-04-28,2,Rejected
EVT009596,APP05086,REQ0114,S1,2025-04-30,20250430,2025-05-03,3,Rejected
EVT009597,APP05087,REQ0114,S1,2025-04-28,20250428,2025-05-01,3,Rejected
EVT009598,APP05088,REQ0114,S1,2025-04-14,20250414,2025-04-16,2,Advanced
EVT009599,APP05088,REQ0114,S2,2025-04-16,20250416,2025-04-17,1,Rejected
EVT009600,APP05089,REQ0114,S1,2025-05-12,20250512,2025-05-15,3,Advanced
EVT009601,APP05089,REQ0114,S2,2025-05-15,20250515,2025-05-19,4,Advanced
EVT009602,APP05089,REQ0114,S3,2025-05-19,20250519,2025-05-24,5,Rejected
EVT009603,APP05090,REQ0114,S1,2025-04-25,20250425,2025-04-26,1,Rejected
EVT009604,APP05091,REQ0114,S1,2025-04-30,20250430,2025-05-02,2,Advanced
EVT009605,APP05091,REQ0114,S2,2025-05-02,20250502,2025-05-04,2,Advanced
EVT009606,APP05091,REQ0114,S3,2025-05-04,20250504,2025-05-12,8,Rejected
EVT009607,APP05092,REQ0114,S1,2025-04-13,20250413,2025-04-14,1,Advanced
EVT009608,APP05092,REQ0114,S2,2025-04-14,20250414,2025-04-17,3,Advanced
EVT009609,APP05092,REQ0114,S3,2025-04-17,20250417,2025-04-26,9,Rejected
EVT009610,APP05093,REQ0114,S1,2025-04-21,20250421,2025-04-24,3,Rejected
EVT009611,APP05094,REQ0114,S1,2025-05-13,20250513,2025-05-15,2,Advanced
EVT009612,APP05094,REQ0114,S2,2025-05-15,20250515,2025-05-18,3,Rejected
EVT009613,APP05095,REQ0114,S1,2025-05-07,20250507,2025-05-09,2,Rejected
EVT009614,APP05096,REQ0114,S1,2025-05-13,20250513,2025-05-14,1,Advanced
EVT009615,APP05096,REQ0114,S2,2025-05-14,20250514,2025-05-15,1,Advanced
EVT009616,APP05096,REQ0114,S3,2025-05-15,20250515,2025-05-24,9,Advanced
EVT009617,APP05096,REQ0114,S4,2025-05-24,20250524,2025-05-29,5,Advanced
EVT009618,APP05096,REQ0114,S5,2025-05-29,20250529,2025-06-03,5,Advanced
EVT009619,APP05096,REQ0114,S6,2025-06-03,20250603,2025-06-10,7,Rejected
EVT009620,APP05097,REQ0114,S1,2025-05-07,20250507,2025-05-10,3,Rejected
EVT009621,APP05098,REQ0114,S1,2025-04-21,20250421,2025-04-22,1,Rejected
EVT009622,APP05099,REQ0114,S1,2025-05-06,20250506,2025-05-08,2,Rejected
EVT009623,APP05100,REQ0114,S1,2025-05-03,20250503,2025-05-04,1,Rejected
EVT009624,APP05101,REQ0114,S1,2025-05-10,20250510,2025-05-12,2,Rejected
EVT009625,APP05102,REQ0114,S1,2025-04-26,20250426,2025-04-27,1,Rejected
EVT009626,APP05103,REQ0114,S1,2025-05-01,20250501,2025-05-02,1,Advanced
EVT009627,APP05103,REQ0114,S2,2025-05-02,20250502,2025-05-04,2,Advanced
EVT009628,APP05103,REQ0114,S3,2025-05-04,20250504,2025-05-10,6,Rejected
EVT009629,APP05104,REQ0114,S1,2025-04-27,20250427,2025-04-28,1,Advanced
EVT009630,APP05104,REQ0114,S2,2025-04-28,20250428,2025-05-03,5,Rejected
EVT009631,APP05105,REQ0114,S1,2025-05-03,20250503,2025-05-04,1,Advanced
EVT009632,APP05105,REQ0114,S2,2025-05-04,20250504,2025-05-07,3,Rejected
EVT009633,APP05106,REQ0114,S1,2025-05-04,20250504,2025-05-06,2,Rejected
EVT009634,APP05107,REQ0114,S1,2025-04-24,20250424,2025-04-26,2,Rejected
EVT009635,APP05108,REQ0114,S1,2025-04-28,20250428,2025-04-29,1,Rejected
EVT009636,APP05109,REQ0114,S1,2025-05-01,20250501,2025-05-03,2,Rejected
EVT009637,APP05110,REQ0114,S1,2025-04-19,20250419,2025-04-20,1,Rejected
EVT009638,APP05111,REQ0114,S1,2025-05-08,20250508,2025-05-10,2,Rejected
EVT009639,APP05112,REQ0114,S1,2025-04-26,20250426,2025-04-29,3,Advanced
EVT009640,APP05112,REQ0114,S2,2025-04-29,20250429,2025-05-01,2,Advanced
EVT009641,APP05112,REQ0114,S3,2025-05-01,20250501,2025-05-11,10,Advanced
EVT009642,APP05112,REQ0114,S4,2025-05-11,20250511,2025-05-17,6,Advanced
EVT009643,APP05112,REQ0114,S5,2025-05-17,20250517,2025-05-28,11,Advanced
EVT009644,APP05112,REQ0114,S6,2025-05-28,20250528,2025-06-04,7,Rejected
EVT009645,APP05113,REQ0114,S1,2025-04-18,20250418,2025-04-21,3,Advanced
EVT009646,APP05113,REQ0114,S2,2025-04-21,20250421,2025-04-23,2,Rejected
EVT009647,APP05114,REQ0114,S1,2025-04-24,20250424,2025-04-26,2,Rejected
EVT009648,APP05115,REQ0115,S1,2024-06-24,20240624,2024-06-25,1,Advanced
EVT009649,APP05115,REQ0115,S2,2024-06-25,20240625,2024-06-27,2,Advanced
EVT009650,APP05115,REQ0115,S3,2024-06-27,20240627,2024-07-06,9,Advanced
EVT009651,APP05115,REQ0115,S4,2024-07-06,20240706,2024-07-09,3,Advanced
EVT009652,APP05115,REQ0115,S5,2024-07-09,20240709,2024-07-15,6,Advanced
EVT009653,APP05115,REQ0115,S6,2024-07-15,20240715,2024-07-21,6,Rejected
EVT009654,APP05116,REQ0115,S1,2024-07-17,20240717,2024-07-18,1,Rejected
EVT009655,APP05117,REQ0115,S1,2024-07-05,20240705,2024-07-07,2,Advanced
EVT009656,APP05117,REQ0115,S2,2024-07-07,20240707,2024-07-09,2,Rejected
EVT009657,APP05118,REQ0115,S1,2024-06-23,20240623,2024-06-24,1,Advanced
EVT009658,APP05118,REQ0115,S2,2024-06-24,20240624,2024-06-26,2,Rejected
EVT009659,APP05119,REQ0115,S1,2024-06-24,20240624,2024-06-25,1,Rejected
EVT009660,APP05120,REQ0115,S1,2024-06-18,20240618,2024-06-19,1,Rejected
EVT009661,APP05121,REQ0115,S1,2024-07-16,20240716,2024-07-17,1,Rejected
EVT009662,APP05122,REQ0115,S1,2024-07-10,20240710,2024-07-11,1,Rejected
EVT009663,APP05123,REQ0115,S1,2024-07-24,20240724,2024-07-27,3,Advanced
EVT009664,APP05123,REQ0115,S2,2024-07-27,20240727,2024-07-29,2,Rejected
EVT009665,APP05124,REQ0115,S1,2024-07-23,20240723,2024-07-25,2,Rejected
EVT009666,APP05125,REQ0115,S1,2024-06-11,20240611,2024-06-14,3,Rejected
EVT009667,APP05126,REQ0115,S1,2024-06-29,20240629,2024-06-30,1,Rejected
EVT009668,APP05127,REQ0115,S1,2024-06-15,20240615,2024-06-17,2,Advanced
EVT009669,APP05127,REQ0115,S2,2024-06-17,20240617,2024-06-19,2,Rejected
EVT009670,APP05128,REQ0115,S1,2024-07-02,20240702,2024-07-03,1,Advanced
EVT009671,APP05128,REQ0115,S2,2024-07-03,20240703,2024-07-07,4,Rejected
EVT009672,APP05129,REQ0115,S1,2024-06-22,20240622,2024-06-25,3,Rejected
EVT009673,APP05130,REQ0115,S1,2024-07-22,20240722,2024-07-24,2,Advanced
EVT009674,APP05130,REQ0115,S2,2024-07-24,20240724,2024-07-26,2,Advanced
EVT009675,APP05130,REQ0115,S3,2024-07-26,20240726,2024-08-02,7,Rejected
EVT009676,APP05131,REQ0115,S1,2024-07-08,20240708,2024-07-09,1,Advanced
EVT009677,APP05131,REQ0115,S2,2024-07-09,20240709,2024-07-10,1,Advanced
EVT009678,APP05131,REQ0115,S3,2024-07-10,20240710,2024-07-19,9,Rejected
EVT009679,APP05132,REQ0115,S1,2024-06-09,20240609,2024-06-11,2,Advanced
EVT009680,APP05132,REQ0115,S2,2024-06-11,20240611,2024-06-14,3,Advanced
EVT009681,APP05132,REQ0115,S3,2024-06-14,20240614,2024-06-25,11,Advanced
EVT009682,APP05132,REQ0115,S4,2024-06-25,20240625,2024-06-30,5,Advanced
EVT009683,APP05132,REQ0115,S5,2024-06-30,20240630,2024-07-07,7,Advanced
EVT009684,APP05132,REQ0115,S6,2024-07-07,20240707,2024-07-15,8,Advanced
EVT009685,APP05132,REQ0115,S7,2024-07-15,20240715,2024-07-22,7,Advanced
EVT009686,APP05132,REQ0115,S8,2024-07-22,20240722,2024-07-22,0,Hired
EVT009687,APP05133,REQ0115,S1,2024-07-06,20240706,2024-07-07,1,Rejected
EVT009688,APP05134,REQ0115,S1,2024-06-19,20240619,2024-06-21,2,Advanced
EVT009689,APP05134,REQ0115,S2,2024-06-21,20240621,2024-06-24,3,Rejected
EVT009690,APP05135,REQ0115,S1,2024-07-14,20240714,2024-07-16,2,Advanced
EVT009691,APP05135,REQ0115,S2,2024-07-16,20240716,2024-07-18,2,Rejected
EVT009692,APP05136,REQ0115,S1,2024-07-24,20240724,2024-07-25,1,Advanced
EVT009693,APP05136,REQ0115,S2,2024-07-25,20240725,2024-07-28,3,Rejected
EVT009694,APP05137,REQ0115,S1,2024-06-29,20240629,2024-06-30,1,Rejected
EVT009695,APP05138,REQ0115,S1,2024-07-10,20240710,2024-07-11,1,Rejected
EVT009696,APP05139,REQ0115,S1,2024-07-13,20240713,2024-07-16,3,Advanced
EVT009697,APP05139,REQ0115,S2,2024-07-16,20240716,2024-07-19,3,Advanced
EVT009698,APP05139,REQ0115,S3,2024-07-19,20240719,2024-07-26,7,Rejected
EVT009699,APP05140,REQ0115,S1,2024-07-15,20240715,2024-07-18,3,Rejected
EVT009700,APP05141,REQ0115,S1,2024-06-08,20240608,2024-06-10,2,Rejected
EVT009701,APP05142,REQ0115,S1,2024-07-15,20240715,2024-07-16,1,Advanced
EVT009702,APP05142,REQ0115,S2,2024-07-16,20240716,2024-07-19,3,Rejected
EVT009703,APP05143,REQ0115,S1,2024-07-02,20240702,2024-07-05,3,Rejected
EVT009704,APP05144,REQ0115,S1,2024-07-02,20240702,2024-07-04,2,Advanced
EVT009705,APP05144,REQ0115,S2,2024-07-04,20240704,2024-07-07,3,Advanced
EVT009706,APP05144,REQ0115,S3,2024-07-07,20240707,2024-07-15,8,Advanced
EVT009707,APP05144,REQ0115,S4,2024-07-15,20240715,2024-07-21,6,Advanced
EVT009708,APP05144,REQ0115,S5,2024-07-21,20240721,2024-07-25,4,Advanced
EVT009709,APP05144,REQ0115,S6,2024-07-25,20240725,2024-07-30,5,Advanced
EVT009710,APP05144,REQ0115,S7,2024-07-30,20240730,2024-08-08,9,Rejected
EVT009711,APP05145,REQ0115,S1,2024-07-06,20240706,2024-07-08,2,Rejected
EVT009712,APP05146,REQ0115,S1,2024-07-12,20240712,2024-07-13,1,Rejected
EVT009713,APP05147,REQ0115,S1,2024-06-07,20240607,2024-06-09,2,Advanced
EVT009714,APP05147,REQ0115,S2,2024-06-09,20240609,2024-06-11,2,Advanced
EVT009715,APP05147,REQ0115,S3,2024-06-11,20240611,2024-06-20,9,Advanced
EVT009716,APP05147,REQ0115,S4,2024-06-20,20240620,2024-06-24,4,Rejected
EVT009717,APP05148,REQ0115,S1,2024-06-24,20240624,2024-06-27,3,Rejected
EVT009718,APP05149,REQ0115,S1,2024-06-17,20240617,2024-06-18,1,Advanced
EVT009719,APP05149,REQ0115,S2,2024-06-18,20240618,2024-06-24,6,Rejected
EVT009720,APP05150,REQ0115,S1,2024-06-10,20240610,2024-06-11,1,Advanced
EVT009721,APP05150,REQ0115,S2,2024-06-11,20240611,2024-06-14,3,Advanced
EVT009722,APP05150,REQ0115,S3,2024-06-14,20240614,2024-06-27,13,Rejected
EVT009723,APP05151,REQ0115,S1,2024-06-24,20240624,2024-06-27,3,Rejected
EVT009724,APP05152,REQ0115,S1,2024-06-28,20240628,2024-06-30,2,Rejected
EVT009725,APP05153,REQ0115,S1,2024-07-09,20240709,2024-07-12,3,Rejected
EVT009726,APP05154,REQ0115,S1,2024-07-23,20240723,2024-07-26,3,Rejected
EVT009727,APP05155,REQ0116,S1,2025-11-29,20251129,2025-12-01,2,Advanced
EVT009728,APP05155,REQ0116,S2,2025-12-01,20251201,2025-12-06,5,Rejected
EVT009729,APP05156,REQ0116,S1,2026-01-22,20260122,2026-01-23,1,Advanced
EVT009730,APP05156,REQ0116,S2,2026-01-23,20260123,2026-01-26,3,Advanced
EVT009731,APP05156,REQ0116,S3,2026-01-26,20260126,2026-02-04,9,Advanced
EVT009732,APP05156,REQ0116,S4,2026-02-04,20260204,2026-02-10,6,Rejected
EVT009733,APP05157,REQ0116,S1,2025-12-22,20251222,2025-12-24,2,Rejected
EVT009734,APP05158,REQ0116,S1,2026-02-07,20260207,2026-02-08,1,Rejected
EVT009735,APP05159,REQ0116,S1,2025-12-06,20251206,2025-12-09,3,Advanced
EVT009736,APP05159,REQ0116,S2,2025-12-09,20251209,2025-12-12,3,Advanced
EVT009737,APP05159,REQ0116,S3,2025-12-12,20251212,2025-12-25,13,Rejected
EVT009738,APP05160,REQ0116,S1,2025-12-03,20251203,2025-12-05,2,Rejected
EVT009739,APP05161,REQ0116,S1,2025-12-28,20251228,2025-12-29,1,Rejected
EVT009740,APP05162,REQ0116,S1,2026-01-20,20260120,2026-01-21,1,Rejected
EVT009741,APP05163,REQ0116,S1,2026-01-12,20260112,2026-01-14,2,Rejected
EVT009742,APP05164,REQ0116,S1,2026-02-03,20260203,2026-02-05,2,Advanced
EVT009743,APP05164,REQ0116,S2,2026-02-05,20260205,2026-02-07,2,Rejected
EVT009744,APP05165,REQ0116,S1,2026-01-06,20260106,2026-01-08,2,Advanced
EVT009745,APP05165,REQ0116,S2,2026-01-08,20260108,2026-01-11,3,Rejected
EVT009746,APP05166,REQ0116,S1,2025-12-05,20251205,2025-12-08,3,Rejected
EVT009747,APP05167,REQ0116,S1,2026-01-31,20260131,2026-02-03,3,Rejected
EVT009748,APP05168,REQ0116,S1,2026-02-17,20260217,2026-02-18,1,Rejected
EVT009749,APP05169,REQ0116,S1,2026-01-30,20260130,2026-02-01,2,Rejected
EVT009750,APP05170,REQ0116,S1,2026-02-28,20260228,2026-03-01,1,Advanced
EVT009751,APP05170,REQ0116,S2,2026-03-01,20260301,2026-03-03,2,Advanced
EVT009752,APP05170,REQ0116,S3,2026-03-03,20260303,2026-03-07,4,Rejected
EVT009753,APP05171,REQ0116,S1,2026-01-29,20260129,2026-01-30,1,Advanced
EVT009754,APP05171,REQ0116,S2,2026-01-30,20260130,2026-02-03,4,Rejected
EVT009755,APP05172,REQ0116,S1,2026-01-28,20260128,2026-01-30,2,Rejected
EVT009756,APP05173,REQ0116,S1,2026-02-11,20260211,2026-02-14,3,Rejected
EVT009757,APP05174,REQ0116,S1,2026-01-09,20260109,2026-01-10,1,Advanced
EVT009758,APP05174,REQ0116,S2,2026-01-10,20260110,2026-01-11,1,Advanced
EVT009759,APP05174,REQ0116,S3,2026-01-11,20260111,2026-01-20,9,Rejected
EVT009760,APP05175,REQ0116,S1,2026-02-13,20260213,2026-02-14,1,Advanced
EVT009761,APP05175,REQ0116,S2,2026-02-14,20260214,2026-02-15,1,Advanced
EVT009762,APP05175,REQ0116,S3,2026-02-15,20260215,2026-02-21,6,Advanced
EVT009763,APP05175,REQ0116,S4,2026-02-21,20260221,2026-02-28,7,Advanced
EVT009764,APP05175,REQ0116,S5,2026-02-28,20260228,2026-03-08,8,Advanced
EVT009765,APP05175,REQ0116,S6,2026-03-08,20260308,2026-03-13,5,Rejected
EVT009766,APP05176,REQ0116,S1,2026-01-10,20260110,2026-01-13,3,Rejected
EVT009767,APP05177,REQ0116,S1,2025-12-12,20251212,2025-12-14,2,Advanced
EVT009768,APP05177,REQ0116,S2,2025-12-14,20251214,2025-12-15,1,Advanced
EVT009769,APP05177,REQ0116,S3,2025-12-15,20251215,2025-12-19,4,Rejected
EVT009770,APP05178,REQ0116,S1,2026-02-18,20260218,2026-02-20,2,Rejected
EVT009771,APP05179,REQ0116,S1,2026-01-14,20260114,2026-01-17,3,Rejected
EVT009772,APP05180,REQ0116,S1,2026-02-03,20260203,2026-02-05,2,Advanced
EVT009773,APP05180,REQ0116,S2,2026-02-05,20260205,2026-02-07,2,Advanced
EVT009774,APP05180,REQ0116,S3,2026-02-07,20260207,2026-02-11,4,Rejected
EVT009775,APP05181,REQ0116,S1,2025-12-11,20251211,2025-12-13,2,Advanced
EVT009776,APP05181,REQ0116,S2,2025-12-13,20251213,2025-12-17,4,Rejected
EVT009777,APP05182,REQ0116,S1,2026-01-13,20260113,2026-01-14,1,Advanced
EVT009778,APP05182,REQ0116,S2,2026-01-14,20260114,2026-01-18,4,Rejected
EVT009779,APP05183,REQ0116,S1,2026-02-04,20260204,2026-02-06,2,Rejected
EVT009780,APP05184,REQ0116,S1,2026-02-20,20260220,2026-02-21,1,Rejected
EVT009781,APP05185,REQ0116,S1,2026-01-14,20260114,2026-01-15,1,Rejected
EVT009782,APP05186,REQ0116,S1,2025-12-31,20251231,2026-01-01,1,Advanced
EVT009783,APP05186,REQ0116,S2,2026-01-01,20260101,2026-01-05,4,Advanced
EVT009784,APP05186,REQ0116,S3,2026-01-05,20260105,2026-01-14,9,Rejected
EVT009785,APP05187,REQ0116,S1,2025-12-02,20251202,2025-12-05,3,Advanced
EVT009786,APP05187,REQ0116,S2,2025-12-05,20251205,2025-12-07,2,Rejected
EVT009787,APP05188,REQ0116,S1,2026-01-23,20260123,2026-01-26,3,Rejected
EVT009788,APP05189,REQ0116,S1,2025-11-29,20251129,2025-11-30,1,Advanced
EVT009789,APP05189,REQ0116,S2,2025-11-30,20251130,2025-12-03,3,Advanced
EVT009790,APP05189,REQ0116,S3,2025-12-03,20251203,2025-12-09,6,Advanced
EVT009791,APP05189,REQ0116,S4,2025-12-09,20251209,2025-12-15,6,Advanced
EVT009792,APP05189,REQ0116,S5,2025-12-15,20251215,2025-12-21,6,Advanced
EVT009793,APP05189,REQ0116,S6,2025-12-21,20251221,2025-12-29,8,Advanced
EVT009794,APP05189,REQ0116,S7,2025-12-29,20251229,2026-01-03,5,Advanced
EVT009795,APP05189,REQ0116,S8,2026-01-03,20260103,2026-01-03,0,Hired
EVT009796,APP05190,REQ0116,S1,2026-02-17,20260217,2026-02-20,3,Advanced
EVT009797,APP05190,REQ0116,S2,2026-02-20,20260220,2026-02-22,2,Rejected
EVT009798,APP05191,REQ0116,S1,2026-01-08,20260108,2026-01-09,1,Rejected
EVT009799,APP05192,REQ0116,S1,2026-02-20,20260220,2026-02-21,1,Advanced
EVT009800,APP05192,REQ0116,S2,2026-02-21,20260221,2026-02-22,1,Advanced
EVT009801,APP05192,REQ0116,S3,2026-02-22,20260222,2026-03-03,9,Advanced
EVT009802,APP05192,REQ0116,S4,2026-03-03,20260303,2026-03-10,7,Rejected
EVT009803,APP05193,REQ0116,S1,2026-02-12,20260212,2026-02-15,3,Rejected
EVT009804,APP05194,REQ0116,S1,2026-01-02,20260102,2026-01-05,3,Advanced
EVT009805,APP05194,REQ0116,S2,2026-01-05,20260105,2026-01-08,3,Advanced
EVT009806,APP05194,REQ0116,S3,2026-01-08,20260108,2026-01-17,9,Rejected
EVT009807,APP05195,REQ0116,S1,2025-12-06,20251206,2025-12-07,1,Rejected
EVT009808,APP05196,REQ0116,S1,2026-01-07,20260107,2026-01-09,2,Rejected
EVT009809,APP05197,REQ0116,S1,2026-01-20,20260120,2026-01-23,3,Rejected
EVT009810,APP05198,REQ0116,S1,2026-02-24,20260224,2026-02-26,2,Rejected
EVT009811,APP05199,REQ0116,S1,2025-12-07,20251207,2025-12-08,1,Advanced
EVT009812,APP05199,REQ0116,S2,2025-12-08,20251208,2025-12-10,2,Rejected
EVT009813,APP05200,REQ0116,S1,2025-12-01,20251201,2025-12-02,1,Advanced
EVT009814,APP05200,REQ0116,S2,2025-12-02,20251202,2025-12-05,3,Rejected
EVT009815,APP05201,REQ0116,S1,2025-12-07,20251207,2025-12-09,2,Rejected
EVT009816,APP05202,REQ0116,S1,2025-12-10,20251210,2025-12-11,1,Advanced
EVT009817,APP05202,REQ0116,S2,2025-12-11,20251211,2025-12-14,3,Advanced
EVT009818,APP05202,REQ0116,S3,2025-12-14,20251214,2025-12-20,6,Rejected
EVT009819,APP05203,REQ0116,S1,2025-12-20,20251220,2025-12-21,1,Rejected
EVT009820,APP05204,REQ0116,S1,2025-12-08,20251208,2025-12-09,1,Advanced
EVT009821,APP05204,REQ0116,S2,2025-12-09,20251209,2025-12-13,4,Advanced
EVT009822,APP05204,REQ0116,S3,2025-12-13,20251213,2025-12-22,9,Advanced
EVT009823,APP05204,REQ0116,S4,2025-12-22,20251222,2025-12-28,6,Rejected
EVT009824,APP05205,REQ0116,S1,2025-11-27,20251127,2025-11-30,3,Rejected
EVT009825,APP05206,REQ0116,S1,2025-11-27,20251127,2025-11-30,3,Rejected
EVT009826,APP05207,REQ0117,S1,2026-03-11,20260311,2026-03-13,2,Rejected
EVT009827,APP05208,REQ0117,S1,2026-05-20,20260520,2026-05-22,2,Rejected
EVT009828,APP05209,REQ0117,S1,2026-05-08,20260508,2026-05-10,2,Rejected
EVT009829,APP05210,REQ0117,S1,2026-04-21,20260421,2026-04-22,1,Rejected
EVT009830,APP05211,REQ0117,S1,2026-06-04,20260604,2026-06-06,2,Rejected
EVT009831,APP05212,REQ0117,S1,2026-04-22,20260422,2026-04-24,2,Rejected
EVT009832,APP05213,REQ0117,S1,2026-06-08,20260608,2026-06-10,2,Rejected
EVT009833,APP05214,REQ0117,S1,2026-03-27,20260327,2026-03-28,1,Advanced
EVT009834,APP05214,REQ0117,S2,2026-03-28,20260328,2026-03-30,2,Advanced
EVT009835,APP05214,REQ0117,S3,2026-03-30,20260330,2026-04-08,9,Advanced
EVT009836,APP05214,REQ0117,S4,2026-04-08,20260408,2026-04-15,7,Rejected
EVT009837,APP05215,REQ0117,S1,2026-04-11,20260411,2026-04-12,1,Advanced
EVT009838,APP05215,REQ0117,S2,2026-04-12,20260412,2026-04-15,3,Advanced
EVT009839,APP05215,REQ0117,S3,2026-04-15,20260415,2026-04-21,6,Advanced
EVT009840,APP05215,REQ0117,S4,2026-04-21,20260421,2026-04-25,4,Rejected
EVT009841,APP05216,REQ0117,S1,2026-04-03,20260403,2026-04-04,1,Rejected
EVT009842,APP05217,REQ0117,S1,2026-03-19,20260319,2026-03-21,2,Advanced
EVT009843,APP05217,REQ0117,S2,2026-03-21,20260321,2026-03-25,4,Rejected
EVT009844,APP05218,REQ0117,S1,2026-06-09,20260609,2026-06-11,2,Advanced
EVT009845,APP05218,REQ0117,S2,2026-06-11,20260611,2026-06-15,4,Advanced
EVT009846,APP05218,REQ0117,S3,2026-06-15,20260615,2026-06-25,10,Rejected
EVT009847,APP05219,REQ0117,S1,2026-05-16,20260516,2026-05-18,2,Advanced
EVT009848,APP05219,REQ0117,S2,2026-05-18,20260518,2026-05-20,2,Rejected
EVT009849,APP05220,REQ0117,S1,2026-05-03,20260503,2026-05-05,2,Rejected
EVT009850,APP05221,REQ0117,S1,2026-06-18,20260618,2026-06-19,1,Rejected
EVT009851,APP05222,REQ0117,S1,2026-04-29,20260429,2026-05-01,2,Rejected
EVT009852,APP05223,REQ0117,S1,2026-05-04,20260504,2026-05-05,1,Rejected
EVT009853,APP05224,REQ0117,S1,2026-03-29,20260329,2026-03-31,2,Rejected
EVT009854,APP05225,REQ0117,S1,2026-06-14,20260614,2026-06-17,3,Advanced
EVT009855,APP05225,REQ0117,S2,2026-06-17,20260617,2026-06-23,6,Rejected
EVT009856,APP05226,REQ0117,S1,2026-04-15,20260415,2026-04-17,2,Rejected
EVT009857,APP05227,REQ0117,S1,2026-04-28,20260428,2026-04-30,2,Rejected
EVT009858,APP05228,REQ0117,S1,2026-03-17,20260317,2026-03-19,2,Advanced
EVT009859,APP05228,REQ0117,S2,2026-03-19,20260319,2026-03-25,6,Advanced
EVT009860,APP05228,REQ0117,S3,2026-03-25,20260325,2026-04-05,11,Rejected
EVT009861,APP05229,REQ0117,S1,2026-04-01,20260401,2026-04-02,1,Rejected
EVT009862,APP05230,REQ0117,S1,2026-06-18,20260618,2026-06-21,3,Rejected
EVT009863,APP05231,REQ0117,S1,2026-03-14,20260314,2026-03-16,2,Rejected
EVT009864,APP05232,REQ0117,S1,2026-05-25,20260525,2026-05-27,2,Rejected
EVT009865,APP05233,REQ0117,S1,2026-06-10,20260610,2026-06-11,1,Advanced
EVT009866,APP05233,REQ0117,S2,2026-06-11,20260611,2026-06-15,4,Advanced
EVT009867,APP05233,REQ0117,S3,2026-06-15,20260615,2026-06-19,4,Advanced
EVT009868,APP05233,REQ0117,S4,2026-06-19,20260619,2026-06-27,8,Advanced
EVT009869,APP05233,REQ0117,S5,2026-06-27,20260627,,3,In Process
EVT009870,APP05234,REQ0117,S1,2026-03-11,20260311,2026-03-12,1,Advanced
EVT009871,APP05234,REQ0117,S2,2026-03-12,20260312,2026-03-16,4,Rejected
EVT009872,APP05235,REQ0117,S1,2026-06-12,20260612,2026-06-13,1,Advanced
EVT009873,APP05235,REQ0117,S2,2026-06-13,20260613,2026-06-17,4,Advanced
EVT009874,APP05235,REQ0117,S3,2026-06-17,20260617,2026-06-24,7,Advanced
EVT009875,APP05235,REQ0117,S4,2026-06-24,20260624,2026-06-27,3,Advanced
EVT009876,APP05235,REQ0117,S5,2026-06-27,20260627,,3,In Process
EVT009877,APP05236,REQ0117,S1,2026-04-25,20260425,2026-04-26,1,Advanced
EVT009878,APP05236,REQ0117,S2,2026-04-26,20260426,2026-04-28,2,Rejected
EVT009879,APP05237,REQ0117,S1,2026-03-31,20260331,2026-04-02,2,Rejected
EVT009880,APP05238,REQ0117,S1,2026-03-17,20260317,2026-03-20,3,Rejected
EVT009881,APP05239,REQ0117,S1,2026-05-05,20260505,2026-05-07,2,Advanced
EVT009882,APP05239,REQ0117,S2,2026-05-07,20260507,2026-05-09,2,Advanced
EVT009883,APP05239,REQ0117,S3,2026-05-09,20260509,2026-05-18,9,Advanced
EVT009884,APP05239,REQ0117,S4,2026-05-18,20260518,2026-05-24,6,Advanced
EVT009885,APP05239,REQ0117,S5,2026-05-24,20260524,2026-06-03,10,Advanced
EVT009886,APP05239,REQ0117,S6,2026-06-03,20260603,2026-06-11,8,Rejected
EVT009887,APP05240,REQ0117,S1,2026-05-08,20260508,2026-05-09,1,Advanced
EVT009888,APP05240,REQ0117,S2,2026-05-09,20260509,2026-05-10,1,Rejected
EVT009889,APP05241,REQ0117,S1,2026-03-12,20260312,2026-03-15,3,Advanced
EVT009890,APP05241,REQ0117,S2,2026-03-15,20260315,2026-03-21,6,Advanced
EVT009891,APP05241,REQ0117,S3,2026-03-21,20260321,2026-04-02,12,Rejected
EVT009892,APP05242,REQ0117,S1,2026-05-23,20260523,2026-05-24,1,Advanced
EVT009893,APP05242,REQ0117,S2,2026-05-24,20260524,2026-05-28,4,Rejected
EVT009894,APP05243,REQ0117,S1,2026-05-17,20260517,2026-05-20,3,Rejected
EVT009895,APP05244,REQ0117,S1,2026-06-16,20260616,2026-06-18,2,Rejected
EVT009896,APP05245,REQ0117,S1,2026-04-05,20260405,2026-04-06,1,Rejected
EVT009897,APP05246,REQ0117,S1,2026-04-13,20260413,2026-04-14,1,Advanced
EVT009898,APP05246,REQ0117,S2,2026-04-14,20260414,2026-04-15,1,Rejected
EVT009899,APP05247,REQ0117,S1,2026-04-21,20260421,2026-04-23,2,Advanced
EVT009900,APP05247,REQ0117,S2,2026-04-23,20260423,2026-04-24,1,Rejected
EVT009901,APP05248,REQ0117,S1,2026-06-15,20260615,2026-06-17,2,Advanced
EVT009902,APP05248,REQ0117,S2,2026-06-17,20260617,2026-06-22,5,Rejected
EVT009903,APP05249,REQ0117,S1,2026-06-08,20260608,2026-06-09,1,Advanced
EVT009904,APP05249,REQ0117,S2,2026-06-09,20260609,2026-06-12,3,Advanced
EVT009905,APP05249,REQ0117,S3,2026-06-12,20260612,2026-06-17,5,Advanced
EVT009906,APP05249,REQ0117,S4,2026-06-17,20260617,2026-06-21,4,Advanced
EVT009907,APP05249,REQ0117,S5,2026-06-21,20260621,,9,In Process
EVT009908,APP05250,REQ0118,S1,2026-03-30,20260330,2026-04-01,2,Rejected
EVT009909,APP05251,REQ0118,S1,2026-04-01,20260401,2026-04-03,2,Advanced
EVT009910,APP05251,REQ0118,S2,2026-04-03,20260403,2026-04-04,1,Rejected
EVT009911,APP05252,REQ0118,S1,2026-04-18,20260418,2026-04-19,1,Rejected
EVT009912,APP05253,REQ0118,S1,2026-03-22,20260322,2026-03-25,3,Rejected
EVT009913,APP05254,REQ0118,S1,2026-04-15,20260415,2026-04-17,2,Advanced
EVT009914,APP05254,REQ0118,S2,2026-04-17,20260417,2026-04-22,5,Advanced
EVT009915,APP05254,REQ0118,S3,2026-04-22,20260422,2026-05-02,10,Rejected
EVT009916,APP05255,REQ0118,S1,2026-03-25,20260325,2026-03-28,3,Rejected
EVT009917,APP05256,REQ0118,S1,2026-04-13,20260413,2026-04-14,1,Advanced
EVT009918,APP05256,REQ0118,S2,2026-04-14,20260414,2026-04-17,3,Advanced
EVT009919,APP05256,REQ0118,S3,2026-04-17,20260417,2026-04-30,13,Advanced
EVT009920,APP05256,REQ0118,S4,2026-04-30,20260430,2026-05-06,6,Rejected
EVT009921,APP05257,REQ0118,S1,2026-04-04,20260404,2026-04-06,2,Rejected
EVT009922,APP05258,REQ0118,S1,2026-03-24,20260324,2026-03-26,2,Rejected
EVT009923,APP05259,REQ0118,S1,2026-04-14,20260414,2026-04-16,2,Rejected
EVT009924,APP05260,REQ0118,S1,2026-03-28,20260328,2026-03-30,2,Rejected
EVT009925,APP05261,REQ0118,S1,2026-04-08,20260408,2026-04-10,2,Advanced
EVT009926,APP05261,REQ0118,S2,2026-04-10,20260410,2026-04-12,2,Rejected
EVT009927,APP05262,REQ0118,S1,2026-04-11,20260411,2026-04-12,1,Rejected
EVT009928,APP05263,REQ0118,S1,2026-04-11,20260411,2026-04-12,1,Advanced
EVT009929,APP05263,REQ0118,S2,2026-04-12,20260412,2026-04-13,1,Rejected
EVT009930,APP05264,REQ0118,S1,2026-04-07,20260407,2026-04-09,2,Advanced
EVT009931,APP05264,REQ0118,S2,2026-04-09,20260409,2026-04-10,1,Rejected
EVT009932,APP05265,REQ0118,S1,2026-04-11,20260411,2026-04-12,1,Advanced
EVT009933,APP05265,REQ0118,S2,2026-04-12,20260412,2026-04-17,5,Rejected
EVT009934,APP05266,REQ0118,S1,2026-04-07,20260407,2026-04-09,2,Rejected
EVT009935,APP05267,REQ0118,S1,2026-04-18,20260418,2026-04-21,3,Rejected
EVT009936,APP05268,REQ0118,S1,2026-04-12,20260412,2026-04-15,3,Rejected
EVT009937,APP05269,REQ0118,S1,2026-03-31,20260331,2026-04-01,1,Advanced
EVT009938,APP05269,REQ0118,S2,2026-04-01,20260401,2026-04-04,3,Rejected
EVT009939,APP05270,REQ0118,S1,2026-04-14,20260414,2026-04-17,3,Rejected
EVT009940,APP05271,REQ0118,S1,2026-03-21,20260321,2026-03-22,1,Rejected
EVT009941,APP05272,REQ0118,S1,2026-03-29,20260329,2026-03-31,2,Rejected
EVT009942,APP05273,REQ0118,S1,2026-03-23,20260323,2026-03-24,1,Rejected
EVT009943,APP05274,REQ0118,S1,2026-04-03,20260403,2026-04-04,1,Advanced
EVT009944,APP05274,REQ0118,S2,2026-04-04,20260404,2026-04-05,1,Advanced
EVT009945,APP05274,REQ0118,S3,2026-04-05,20260405,2026-04-08,3,Advanced
EVT009946,APP05274,REQ0118,S4,2026-04-08,20260408,2026-04-14,6,Rejected
EVT009947,APP05275,REQ0118,S1,2026-03-26,20260326,2026-03-27,1,Advanced
EVT009948,APP05275,REQ0118,S2,2026-03-27,20260327,2026-03-31,4,Rejected
EVT009949,APP05276,REQ0118,S1,2026-04-03,20260403,2026-04-06,3,Rejected
EVT009950,APP05277,REQ0118,S1,2026-04-06,20260406,2026-04-08,2,Rejected
EVT009951,APP05278,REQ0118,S1,2026-04-20,20260420,2026-04-22,2,Advanced
EVT009952,APP05278,REQ0118,S2,2026-04-22,20260422,2026-04-28,6,Advanced
EVT009953,APP05278,REQ0118,S3,2026-04-28,20260428,2026-05-11,13,Advanced
EVT009954,APP05278,REQ0118,S4,2026-05-11,20260511,2026-05-18,7,Rejected
EVT009955,APP05279,REQ0118,S1,2026-03-19,20260319,2026-03-22,3,Rejected
EVT009956,APP05280,REQ0118,S1,2026-04-09,20260409,2026-04-12,3,Rejected
EVT009957,APP05281,REQ0118,S1,2026-04-15,20260415,2026-04-16,1,Advanced
EVT009958,APP05281,REQ0118,S2,2026-04-16,20260416,2026-04-22,6,Advanced
EVT009959,APP05281,REQ0118,S3,2026-04-22,20260422,2026-04-27,5,Advanced
EVT009960,APP05281,REQ0118,S4,2026-04-27,20260427,2026-05-04,7,Advanced
EVT009961,APP05281,REQ0118,S5,2026-05-04,20260504,2026-05-08,4,Advanced
EVT009962,APP05281,REQ0118,S6,2026-05-08,20260508,2026-05-13,5,Advanced
EVT009963,APP05281,REQ0118,S7,2026-05-13,20260513,2026-05-24,11,Advanced
EVT009964,APP05281,REQ0118,S8,2026-05-24,20260524,2026-05-24,0,Hired
EVT009965,APP05282,REQ0118,S1,2026-03-31,20260331,2026-04-02,2,Advanced
EVT009966,APP05282,REQ0118,S2,2026-04-02,20260402,2026-04-07,5,Advanced
EVT009967,APP05282,REQ0118,S3,2026-04-07,20260407,2026-04-20,13,Advanced
EVT009968,APP05282,REQ0118,S4,2026-04-20,20260420,2026-04-24,4,Rejected
EVT009969,APP05283,REQ0118,S1,2026-04-20,20260420,2026-04-22,2,Advanced
EVT009970,APP05283,REQ0118,S2,2026-04-22,20260422,2026-04-25,3,Advanced
EVT009971,APP05283,REQ0118,S3,2026-04-25,20260425,2026-05-08,13,Rejected
EVT009972,APP05284,REQ0118,S1,2026-03-27,20260327,2026-03-29,2,Advanced
EVT009973,APP05284,REQ0118,S2,2026-03-29,20260329,2026-04-01,3,Advanced
EVT009974,APP05284,REQ0118,S3,2026-04-01,20260401,2026-04-10,9,Advanced
EVT009975,APP05284,REQ0118,S4,2026-04-10,20260410,2026-04-16,6,Rejected
EVT009976,APP05285,REQ0118,S1,2026-04-05,20260405,2026-04-06,1,Advanced
EVT009977,APP05285,REQ0118,S2,2026-04-06,20260406,2026-04-08,2,Rejected
EVT009978,APP05286,REQ0118,S1,2026-03-21,20260321,2026-03-24,3,Advanced
EVT009979,APP05286,REQ0118,S2,2026-03-24,20260324,2026-03-29,5,Rejected
EVT009980,APP05287,REQ0118,S1,2026-03-26,20260326,2026-03-29,3,Rejected
EVT009981,APP05288,REQ0118,S1,2026-04-20,20260420,2026-04-21,1,Advanced
EVT009982,APP05288,REQ0118,S2,2026-04-21,20260421,2026-04-23,2,Rejected
EVT009983,APP05289,REQ0118,S1,2026-04-01,20260401,2026-04-03,2,Advanced
EVT009984,APP05289,REQ0118,S2,2026-04-03,20260403,2026-04-04,1,Rejected
EVT009985,APP05290,REQ0118,S1,2026-04-04,20260404,2026-04-06,2,Rejected
EVT009986,APP05291,REQ0118,S1,2026-04-20,20260420,2026-04-21,1,Rejected
EVT009987,APP05292,REQ0118,S1,2026-04-13,20260413,2026-04-15,2,Rejected
EVT009988,APP05293,REQ0118,S1,2026-03-19,20260319,2026-03-21,2,Advanced
EVT009989,APP05293,REQ0118,S2,2026-03-21,20260321,2026-03-23,2,Rejected
EVT009990,APP05294,REQ0118,S1,2026-03-31,20260331,2026-04-02,2,Rejected
EVT009991,APP05295,REQ0118,S1,2026-04-07,20260407,2026-04-10,3,Rejected
EVT009992,APP05296,REQ0118,S1,2026-04-03,20260403,2026-04-04,1,Advanced
EVT009993,APP05296,REQ0118,S2,2026-04-04,20260404,2026-04-08,4,Advanced
EVT009994,APP05296,REQ0118,S3,2026-04-08,20260408,2026-04-13,5,Rejected
EVT009995,APP05297,REQ0118,S1,2026-03-19,20260319,2026-03-20,1,Rejected
EVT009996,APP05298,REQ0118,S1,2026-03-22,20260322,2026-03-24,2,Advanced
EVT009997,APP05298,REQ0118,S2,2026-03-24,20260324,2026-03-27,3,Advanced
EVT009998,APP05298,REQ0118,S3,2026-03-27,20260327,2026-03-29,2,Rejected
EVT009999,APP05299,REQ0118,S1,2026-04-06,20260406,2026-04-08,2,Advanced
EVT010000,APP05299,REQ0118,S2,2026-04-08,20260408,2026-04-10,2,Advanced
EVT010001,APP05299,REQ0118,S3,2026-04-10,20260410,2026-04-17,7,Rejected
EVT010002,APP05300,REQ0118,S1,2026-04-17,20260417,2026-04-18,1,Rejected
EVT010003,APP05301,REQ0118,S1,2026-03-27,20260327,2026-03-28,1,Rejected
EVT010004,APP05302,REQ0118,S1,2026-04-17,20260417,2026-04-19,2,Advanced
EVT010005,APP05302,REQ0118,S2,2026-04-19,20260419,2026-04-22,3,Advanced
EVT010006,APP05302,REQ0118,S3,2026-04-22,20260422,2026-04-27,5,Rejected
EVT010007,APP05303,REQ0118,S1,2026-04-16,20260416,2026-04-17,1,Advanced
EVT010008,APP05303,REQ0118,S2,2026-04-17,20260417,2026-04-22,5,Rejected
EVT010009,APP05304,REQ0118,S1,2026-03-20,20260320,2026-03-21,1,Rejected
EVT010010,APP05305,REQ0118,S1,2026-04-08,20260408,2026-04-09,1,Rejected
EVT010011,APP05306,REQ0118,S1,2026-04-12,20260412,2026-04-14,2,Advanced
EVT010012,APP05306,REQ0118,S2,2026-04-14,20260414,2026-04-16,2,Advanced
EVT010013,APP05306,REQ0118,S3,2026-04-16,20260416,2026-04-27,11,Advanced
EVT010014,APP05306,REQ0118,S4,2026-04-27,20260427,2026-04-30,3,Rejected
EVT010015,APP05307,REQ0118,S1,2026-04-12,20260412,2026-04-14,2,Rejected
EVT010016,APP05308,REQ0118,S1,2026-03-24,20260324,2026-03-26,2,Rejected
EVT010017,APP05309,REQ0118,S1,2026-03-26,20260326,2026-03-29,3,Rejected
EVT010018,APP05310,REQ0118,S1,2026-04-11,20260411,2026-04-12,1,Advanced
EVT010019,APP05310,REQ0118,S2,2026-04-12,20260412,2026-04-15,3,Rejected
EVT010020,APP05311,REQ0118,S1,2026-03-26,20260326,2026-03-28,2,Rejected
EVT010021,APP05312,REQ0118,S1,2026-03-29,20260329,2026-03-30,1,Rejected
EVT010022,APP05313,REQ0118,S1,2026-04-05,20260405,2026-04-08,3,Rejected
EVT010023,APP05314,REQ0119,S1,2025-03-18,20250318,2025-03-21,3,Rejected
EVT010024,APP05315,REQ0119,S1,2025-03-19,20250319,2025-03-21,2,Advanced
EVT010025,APP05315,REQ0119,S2,2025-03-21,20250321,2025-03-25,4,Rejected
EVT010026,APP05316,REQ0119,S1,2025-03-30,20250330,2025-04-02,3,Rejected
EVT010027,APP05317,REQ0119,S1,2025-03-16,20250316,2025-03-17,1,Rejected
EVT010028,APP05318,REQ0119,S1,2025-03-18,20250318,2025-03-19,1,Rejected
EVT010029,APP05319,REQ0119,S1,2025-03-15,20250315,2025-03-16,1,Advanced
EVT010030,APP05319,REQ0119,S2,2025-03-16,20250316,2025-03-22,6,Rejected
EVT010031,APP05320,REQ0119,S1,2025-04-01,20250401,2025-04-03,2,Advanced
EVT010032,APP05320,REQ0119,S2,2025-04-03,20250403,2025-04-04,1,Advanced
EVT010033,APP05320,REQ0119,S3,2025-04-04,20250404,2025-04-12,8,Advanced
EVT010034,APP05320,REQ0119,S4,2025-04-12,20250412,2025-04-18,6,Rejected
EVT010035,APP05321,REQ0119,S1,2025-03-29,20250329,2025-03-31,2,Rejected
EVT010036,APP05322,REQ0119,S1,2025-03-22,20250322,2025-03-25,3,Rejected
EVT010037,APP05323,REQ0119,S1,2025-04-01,20250401,2025-04-04,3,Rejected
EVT010038,APP05324,REQ0119,S1,2025-03-12,20250312,2025-03-15,3,Rejected
EVT010039,APP05325,REQ0119,S1,2025-03-16,20250316,2025-03-17,1,Advanced
EVT010040,APP05325,REQ0119,S2,2025-03-17,20250317,2025-03-21,4,Advanced
EVT010041,APP05325,REQ0119,S3,2025-03-21,20250321,2025-03-27,6,Advanced
EVT010042,APP05325,REQ0119,S4,2025-03-27,20250327,2025-04-03,7,Rejected
EVT010043,APP05326,REQ0119,S1,2025-03-20,20250320,2025-03-21,1,Advanced
EVT010044,APP05326,REQ0119,S2,2025-03-21,20250321,2025-03-23,2,Advanced
EVT010045,APP05326,REQ0119,S3,2025-03-23,20250323,2025-04-06,14,Advanced
EVT010046,APP05326,REQ0119,S4,2025-04-06,20250406,2025-04-14,8,Advanced
EVT010047,APP05326,REQ0119,S5,2025-04-14,20250414,2025-04-20,6,Advanced
EVT010048,APP05326,REQ0119,S6,2025-04-20,20250420,2025-04-28,8,Advanced
EVT010049,APP05326,REQ0119,S7,2025-04-28,20250428,2025-05-04,6,Advanced
EVT010050,APP05326,REQ0119,S8,2025-05-04,20250504,2025-05-04,0,Hired
EVT010051,APP05327,REQ0119,S1,2025-03-16,20250316,2025-03-19,3,Advanced
EVT010052,APP05327,REQ0119,S2,2025-03-19,20250319,2025-03-21,2,Advanced
EVT010053,APP05327,REQ0119,S3,2025-03-21,20250321,2025-03-28,7,Rejected
EVT010054,APP05328,REQ0119,S1,2025-03-26,20250326,2025-03-28,2,Rejected
EVT010055,APP05329,REQ0119,S1,2025-03-14,20250314,2025-03-17,3,Rejected
EVT010056,APP05330,REQ0119,S1,2025-03-25,20250325,2025-03-26,1,Rejected
EVT010057,APP05331,REQ0119,S1,2025-03-15,20250315,2025-03-18,3,Rejected
EVT010058,APP05332,REQ0120,S1,2024-02-06,20240206,2024-02-08,2,Rejected
EVT010059,APP05333,REQ0120,S1,2024-02-07,20240207,2024-02-10,3,Advanced
EVT010060,APP05333,REQ0120,S2,2024-02-10,20240210,2024-02-13,3,Rejected
EVT010061,APP05334,REQ0120,S1,2024-01-28,20240128,2024-01-29,1,Advanced
EVT010062,APP05334,REQ0120,S2,2024-01-29,20240129,2024-01-30,1,Rejected
EVT010063,APP05335,REQ0120,S1,2024-01-29,20240129,2024-01-31,2,Advanced
EVT010064,APP05335,REQ0120,S2,2024-01-31,20240131,2024-02-04,4,Rejected
EVT010065,APP05336,REQ0120,S1,2024-02-05,20240205,2024-02-06,1,Rejected
EVT010066,APP05337,REQ0120,S1,2024-02-27,20240227,2024-02-29,2,Rejected
EVT010067,APP05338,REQ0120,S1,2024-02-24,20240224,2024-02-26,2,Rejected
EVT010068,APP05339,REQ0120,S1,2024-03-03,20240303,2024-03-05,2,Rejected
EVT010069,APP05340,REQ0120,S1,2024-02-14,20240214,2024-02-15,1,Rejected
EVT010070,APP05341,REQ0120,S1,2024-01-28,20240128,2024-01-30,2,Advanced
EVT010071,APP05341,REQ0120,S2,2024-01-30,20240130,2024-02-03,4,Advanced
EVT010072,APP05341,REQ0120,S3,2024-02-03,20240203,2024-02-14,11,Advanced
EVT010073,APP05341,REQ0120,S4,2024-02-14,20240214,2024-02-17,3,Rejected
EVT010074,APP05342,REQ0120,S1,2024-03-03,20240303,2024-03-06,3,Rejected
EVT010075,APP05343,REQ0120,S1,2024-02-20,20240220,2024-02-22,2,Advanced
EVT010076,APP05343,REQ0120,S2,2024-02-22,20240222,2024-02-26,4,Advanced
EVT010077,APP05343,REQ0120,S3,2024-02-26,20240226,2024-03-07,10,Advanced
EVT010078,APP05343,REQ0120,S4,2024-03-07,20240307,2024-03-14,7,Rejected
EVT010079,APP05344,REQ0120,S1,2024-02-09,20240209,2024-02-11,2,Rejected
EVT010080,APP05345,REQ0120,S1,2024-02-22,20240222,2024-02-23,1,Rejected
EVT010081,APP05346,REQ0120,S1,2024-01-31,20240131,2024-02-01,1,Advanced
EVT010082,APP05346,REQ0120,S2,2024-02-01,20240201,2024-02-03,2,Advanced
EVT010083,APP05346,REQ0120,S3,2024-02-03,20240203,2024-02-10,7,Rejected
EVT010084,APP05347,REQ0120,S1,2024-02-14,20240214,2024-02-16,2,Rejected
EVT010085,APP05348,REQ0120,S1,2024-02-13,20240213,2024-02-15,2,Advanced
EVT010086,APP05348,REQ0120,S2,2024-02-15,20240215,2024-02-18,3,Rejected
EVT010087,APP05349,REQ0120,S1,2024-02-07,20240207,2024-02-10,3,Advanced
EVT010088,APP05349,REQ0120,S2,2024-02-10,20240210,2024-02-15,5,Advanced
EVT010089,APP05349,REQ0120,S3,2024-02-15,20240215,2024-02-25,10,Advanced
EVT010090,APP05349,REQ0120,S4,2024-02-25,20240225,2024-03-01,5,Advanced
EVT010091,APP05349,REQ0120,S5,2024-03-01,20240301,2024-03-09,8,Rejected
EVT010092,APP05350,REQ0120,S1,2024-02-20,20240220,2024-02-22,2,Rejected
EVT010093,APP05351,REQ0120,S1,2024-02-15,20240215,2024-02-16,1,Rejected
EVT010094,APP05352,REQ0120,S1,2024-02-10,20240210,2024-02-11,1,Rejected
EVT010095,APP05353,REQ0120,S1,2024-01-29,20240129,2024-01-31,2,Rejected
EVT010096,APP05354,REQ0120,S1,2024-02-05,20240205,2024-02-07,2,Rejected
EVT010097,APP05355,REQ0120,S1,2024-02-14,20240214,2024-02-15,1,Advanced
EVT010098,APP05355,REQ0120,S2,2024-02-15,20240215,2024-02-16,1,Advanced
EVT010099,APP05355,REQ0120,S3,2024-02-16,20240216,2024-02-23,7,Rejected
EVT010100,APP05356,REQ0120,S1,2024-02-01,20240201,2024-02-03,2,Rejected
EVT010101,APP05357,REQ0120,S1,2024-02-28,20240228,2024-02-29,1,Rejected
EVT010102,APP05358,REQ0120,S1,2024-02-09,20240209,2024-02-10,1,Rejected
EVT010103,APP05359,REQ0120,S1,2024-02-14,20240214,2024-02-15,1,Rejected
EVT010104,APP05360,REQ0120,S1,2024-01-29,20240129,2024-02-01,3,Rejected
EVT010105,APP05361,REQ0120,S1,2024-02-02,20240202,2024-02-03,1,Rejected
EVT010106,APP05362,REQ0120,S1,2024-02-15,20240215,2024-02-16,1,Advanced
EVT010107,APP05362,REQ0120,S2,2024-02-16,20240216,2024-02-18,2,Rejected
EVT010108,APP05363,REQ0120,S1,2024-02-01,20240201,2024-02-03,2,Advanced
EVT010109,APP05363,REQ0120,S2,2024-02-03,20240203,2024-02-07,4,Advanced
EVT010110,APP05363,REQ0120,S3,2024-02-07,20240207,2024-02-20,13,Advanced
EVT010111,APP05363,REQ0120,S4,2024-02-20,20240220,2024-02-24,4,Advanced
EVT010112,APP05363,REQ0120,S5,2024-02-24,20240224,2024-03-01,6,Rejected
EVT010113,APP05364,REQ0120,S1,2024-02-28,20240228,2024-03-02,3,Advanced
EVT010114,APP05364,REQ0120,S2,2024-03-02,20240302,2024-03-05,3,Advanced
EVT010115,APP05364,REQ0120,S3,2024-03-05,20240305,2024-03-12,7,Advanced
EVT010116,APP05364,REQ0120,S4,2024-03-12,20240312,2024-03-20,8,Advanced
EVT010117,APP05364,REQ0120,S5,2024-03-20,20240320,2024-03-27,7,Advanced
EVT010118,APP05364,REQ0120,S6,2024-03-27,20240327,2024-04-01,5,Rejected
EVT010119,APP05365,REQ0121,S1,2025-02-01,20250201,2025-02-04,3,Advanced
EVT010120,APP05365,REQ0121,S2,2025-02-04,20250204,2025-02-08,4,Rejected
EVT010121,APP05366,REQ0121,S1,2024-12-21,20241221,2024-12-22,1,Rejected
EVT010122,APP05367,REQ0121,S1,2025-02-27,20250227,2025-02-28,1,Advanced
EVT010123,APP05367,REQ0121,S2,2025-02-28,20250228,2025-03-02,2,Rejected
EVT010124,APP05368,REQ0121,S1,2024-11-28,20241128,2024-11-30,2,Advanced
EVT010125,APP05368,REQ0121,S2,2024-11-30,20241130,2024-12-03,3,Rejected
EVT010126,APP05369,REQ0121,S1,2025-02-19,20250219,2025-02-20,1,Rejected
EVT010127,APP05370,REQ0121,S1,2025-01-07,20250107,2025-01-08,1,Rejected
EVT010128,APP05371,REQ0121,S1,2024-12-25,20241225,2024-12-26,1,Rejected
EVT010129,APP05372,REQ0121,S1,2025-01-15,20250115,2025-01-16,1,Rejected
EVT010130,APP05373,REQ0121,S1,2025-01-18,20250118,2025-01-19,1,Rejected
EVT010131,APP05374,REQ0121,S1,2025-01-20,20250120,2025-01-23,3,Rejected
EVT010132,APP05375,REQ0121,S1,2025-02-20,20250220,2025-02-22,2,Rejected
EVT010133,APP05376,REQ0121,S1,2024-12-18,20241218,2024-12-20,2,Advanced
EVT010134,APP05376,REQ0121,S2,2024-12-20,20241220,2024-12-22,2,Rejected
EVT010135,APP05377,REQ0121,S1,2025-02-19,20250219,2025-02-20,1,Rejected
EVT010136,APP05378,REQ0121,S1,2024-12-05,20241205,2024-12-06,1,Advanced
EVT010137,APP05378,REQ0121,S2,2024-12-06,20241206,2024-12-08,2,Rejected
EVT010138,APP05379,REQ0121,S1,2024-11-12,20241112,2024-11-15,3,Advanced
EVT010139,APP05379,REQ0121,S2,2024-11-15,20241115,2024-11-20,5,Advanced
EVT010140,APP05379,REQ0121,S3,2024-11-20,20241120,2024-12-01,11,Advanced
EVT010141,APP05379,REQ0121,S4,2024-12-01,20241201,2024-12-06,5,Rejected
EVT010142,APP05380,REQ0121,S1,2024-12-11,20241211,2024-12-13,2,Rejected
EVT010143,APP05381,REQ0121,S1,2025-01-20,20250120,2025-01-21,1,Rejected
EVT010144,APP05382,REQ0121,S1,2025-01-30,20250130,2025-01-31,1,Rejected
EVT010145,APP05383,REQ0121,S1,2024-11-22,20241122,2024-11-23,1,Rejected
EVT010146,APP05384,REQ0121,S1,2024-12-10,20241210,2024-12-13,3,Advanced
EVT010147,APP05384,REQ0121,S2,2024-12-13,20241213,2024-12-19,6,Rejected
EVT010148,APP05385,REQ0121,S1,2024-11-29,20241129,2024-12-02,3,Rejected
EVT010149,APP05386,REQ0121,S1,2025-01-27,20250127,2025-01-29,2,Advanced
EVT010150,APP05386,REQ0121,S2,2025-01-29,20250129,2025-01-31,2,Rejected
EVT010151,APP05387,REQ0121,S1,2024-12-07,20241207,2024-12-08,1,Advanced
EVT010152,APP05387,REQ0121,S2,2024-12-08,20241208,2024-12-11,3,Advanced
EVT010153,APP05387,REQ0121,S3,2024-12-11,20241211,2024-12-21,10,Rejected
EVT010154,APP05388,REQ0121,S1,2024-12-11,20241211,2024-12-12,1,Rejected
EVT010155,APP05389,REQ0121,S1,2024-12-13,20241213,2024-12-15,2,Rejected
EVT010156,APP05390,REQ0121,S1,2024-12-14,20241214,2024-12-17,3,Rejected
EVT010157,APP05391,REQ0121,S1,2025-02-20,20250220,2025-02-22,2,Advanced
EVT010158,APP05391,REQ0121,S2,2025-02-22,20250222,2025-02-27,5,Rejected
EVT010159,APP05392,REQ0121,S1,2024-11-18,20241118,2024-11-19,1,Rejected
EVT010160,APP05393,REQ0121,S1,2024-11-16,20241116,2024-11-18,2,Rejected
EVT010161,APP05394,REQ0121,S1,2024-12-31,20241231,2025-01-03,3,Advanced
EVT010162,APP05394,REQ0121,S2,2025-01-03,20250103,2025-01-08,5,Advanced
EVT010163,APP05394,REQ0121,S3,2025-01-08,20250108,2025-01-18,10,Rejected
EVT010164,APP05395,REQ0121,S1,2024-11-30,20241130,2024-12-01,1,Rejected
EVT010165,APP05396,REQ0121,S1,2025-03-02,20250302,2025-03-04,2,Advanced
EVT010166,APP05396,REQ0121,S2,2025-03-04,20250304,2025-03-07,3,Rejected
EVT010167,APP05397,REQ0121,S1,2025-02-17,20250217,2025-02-19,2,Advanced
EVT010168,APP05397,REQ0121,S2,2025-02-19,20250219,2025-02-21,2,Rejected
EVT010169,APP05398,REQ0121,S1,2025-02-25,20250225,2025-02-27,2,Rejected
EVT010170,APP05399,REQ0121,S1,2024-11-15,20241115,2024-11-18,3,Rejected
EVT010171,APP05400,REQ0121,S1,2025-02-25,20250225,2025-02-26,1,Rejected
EVT010172,APP05401,REQ0121,S1,2024-11-18,20241118,2024-11-19,1,Advanced
EVT010173,APP05401,REQ0121,S2,2024-11-19,20241119,2024-11-23,4,Advanced
EVT010174,APP05401,REQ0121,S3,2024-11-23,20241123,2024-12-03,10,Rejected
EVT010175,APP05402,REQ0121,S1,2024-12-02,20241202,2024-12-05,3,Advanced
EVT010176,APP05402,REQ0121,S2,2024-12-05,20241205,2024-12-08,3,Rejected
EVT010177,APP05403,REQ0121,S1,2025-01-15,20250115,2025-01-16,1,Advanced
EVT010178,APP05403,REQ0121,S2,2025-01-16,20250116,2025-01-21,5,Advanced
EVT010179,APP05403,REQ0121,S3,2025-01-21,20250121,2025-01-26,5,Advanced
EVT010180,APP05403,REQ0121,S4,2025-01-26,20250126,2025-01-29,3,Rejected
EVT010181,APP05404,REQ0122,S1,2025-05-26,20250526,2025-05-28,2,Advanced
EVT010182,APP05404,REQ0122,S2,2025-05-28,20250528,2025-05-31,3,Advanced
EVT010183,APP05404,REQ0122,S3,2025-05-31,20250531,2025-06-04,4,Rejected
EVT010184,APP05405,REQ0122,S1,2025-04-30,20250430,2025-05-02,2,Rejected
EVT010185,APP05406,REQ0122,S1,2025-05-16,20250516,2025-05-19,3,Advanced
EVT010186,APP05406,REQ0122,S2,2025-05-19,20250519,2025-05-21,2,Advanced
EVT010187,APP05406,REQ0122,S3,2025-05-21,20250521,2025-05-28,7,Advanced
EVT010188,APP05406,REQ0122,S4,2025-05-28,20250528,2025-06-03,6,Advanced
EVT010189,APP05406,REQ0122,S5,2025-06-03,20250603,2025-06-09,6,Advanced
EVT010190,APP05406,REQ0122,S6,2025-06-09,20250609,2025-06-16,7,Advanced
EVT010191,APP05406,REQ0122,S7,2025-06-16,20250616,2025-06-28,12,Advanced
EVT010192,APP05406,REQ0122,S8,2025-06-28,20250628,2025-06-28,0,Hired
EVT010193,APP05407,REQ0122,S1,2025-04-02,20250402,2025-04-05,3,Rejected
EVT010194,APP05408,REQ0122,S1,2025-03-22,20250322,2025-03-25,3,Rejected
EVT010195,APP05409,REQ0122,S1,2025-04-18,20250418,2025-04-19,1,Rejected
EVT010196,APP05410,REQ0122,S1,2025-04-01,20250401,2025-04-02,1,Rejected
EVT010197,APP05411,REQ0122,S1,2025-03-29,20250329,2025-03-30,1,Rejected
EVT010198,APP05412,REQ0122,S1,2025-04-10,20250410,2025-04-13,3,Advanced
EVT010199,APP05412,REQ0122,S2,2025-04-13,20250413,2025-04-18,5,Advanced
EVT010200,APP05412,REQ0122,S3,2025-04-18,20250418,2025-05-02,14,Rejected
EVT010201,APP05413,REQ0122,S1,2025-03-19,20250319,2025-03-21,2,Advanced
EVT010202,APP05413,REQ0122,S2,2025-03-21,20250321,2025-03-23,2,Advanced
EVT010203,APP05413,REQ0122,S3,2025-03-23,20250323,2025-03-28,5,Advanced
EVT010204,APP05413,REQ0122,S4,2025-03-28,20250328,2025-04-03,6,Advanced
EVT010205,APP05413,REQ0122,S5,2025-04-03,20250403,2025-04-07,4,Rejected
EVT010206,APP05414,REQ0122,S1,2025-04-06,20250406,2025-04-09,3,Rejected
EVT010207,APP05415,REQ0122,S1,2025-03-10,20250310,2025-03-13,3,Rejected
EVT010208,APP05416,REQ0122,S1,2025-03-30,20250330,2025-04-01,2,Rejected
EVT010209,APP05417,REQ0122,S1,2025-03-28,20250328,2025-03-29,1,Rejected
EVT010210,APP05418,REQ0122,S1,2025-04-24,20250424,2025-04-25,1,Rejected
EVT010211,APP05419,REQ0122,S1,2025-04-19,20250419,2025-04-20,1,Advanced
EVT010212,APP05419,REQ0122,S2,2025-04-20,20250420,2025-04-22,2,Advanced
EVT010213,APP05419,REQ0122,S3,2025-04-22,20250422,2025-04-27,5,Rejected
EVT010214,APP05420,REQ0122,S1,2025-03-28,20250328,2025-03-29,1,Rejected
EVT010215,APP05421,REQ0122,S1,2025-05-14,20250514,2025-05-15,1,Advanced
EVT010216,APP05421,REQ0122,S2,2025-05-15,20250515,2025-05-21,6,Advanced
EVT010217,APP05421,REQ0122,S3,2025-05-21,20250521,2025-05-31,10,Advanced
EVT010218,APP05421,REQ0122,S4,2025-05-31,20250531,2025-06-07,7,Advanced
EVT010219,APP05421,REQ0122,S5,2025-06-07,20250607,2025-06-15,8,Advanced
EVT010220,APP05421,REQ0122,S6,2025-06-15,20250615,2025-06-24,9,Rejected
EVT010221,APP05422,REQ0122,S1,2025-04-10,20250410,2025-04-13,3,Rejected
EVT010222,APP05423,REQ0122,S1,2025-05-12,20250512,2025-05-15,3,Advanced
EVT010223,APP05423,REQ0122,S2,2025-05-15,20250515,2025-05-20,5,Rejected
EVT010224,APP05424,REQ0122,S1,2025-05-24,20250524,2025-05-25,1,Advanced
EVT010225,APP05424,REQ0122,S2,2025-05-25,20250525,2025-05-28,3,Rejected
EVT010226,APP05425,REQ0122,S1,2025-03-19,20250319,2025-03-20,1,Rejected
EVT010227,APP05426,REQ0122,S1,2025-05-01,20250501,2025-05-03,2,Advanced
EVT010228,APP05426,REQ0122,S2,2025-05-03,20250503,2025-05-07,4,Advanced
EVT010229,APP05426,REQ0122,S3,2025-05-07,20250507,2025-05-20,13,Rejected
EVT010230,APP05427,REQ0122,S1,2025-04-02,20250402,2025-04-03,1,Rejected
EVT010231,APP05428,REQ0122,S1,2025-05-27,20250527,2025-05-28,1,Advanced
EVT010232,APP05428,REQ0122,S2,2025-05-28,20250528,2025-05-30,2,Advanced
EVT010233,APP05428,REQ0122,S3,2025-05-30,20250530,2025-06-10,11,Rejected
EVT010234,APP05429,REQ0122,S1,2025-04-05,20250405,2025-04-06,1,Rejected
EVT010235,APP05430,REQ0123,S1,2025-07-31,20250731,2025-08-02,2,Rejected
EVT010236,APP05431,REQ0123,S1,2025-09-17,20250917,2025-09-19,2,Rejected
EVT010237,APP05432,REQ0123,S1,2025-06-28,20250628,2025-06-30,2,Advanced
EVT010238,APP05432,REQ0123,S2,2025-06-30,20250630,2025-07-05,5,Rejected
EVT010239,APP05433,REQ0123,S1,2025-09-16,20250916,2025-09-19,3,Rejected
EVT010240,APP05434,REQ0123,S1,2025-08-08,20250808,2025-08-09,1,Advanced
EVT010241,APP05434,REQ0123,S2,2025-08-09,20250809,2025-08-12,3,Rejected
EVT010242,APP05435,REQ0123,S1,2025-09-05,20250905,2025-09-07,2,Rejected
EVT010243,APP05436,REQ0123,S1,2025-07-20,20250720,2025-07-21,1,Rejected
EVT010244,APP05437,REQ0123,S1,2025-06-28,20250628,2025-06-30,2,Rejected
EVT010245,APP05438,REQ0123,S1,2025-09-12,20250912,2025-09-13,1,Advanced
EVT010246,APP05438,REQ0123,S2,2025-09-13,20250913,2025-09-17,4,Advanced
EVT010247,APP05438,REQ0123,S3,2025-09-17,20250917,2025-09-24,7,Rejected
EVT010248,APP05439,REQ0123,S1,2025-09-06,20250906,2025-09-08,2,Rejected
EVT010249,APP05440,REQ0123,S1,2025-08-21,20250821,2025-08-22,1,Advanced
EVT010250,APP05440,REQ0123,S2,2025-08-22,20250822,2025-08-26,4,Rejected
EVT010251,APP05441,REQ0123,S1,2025-07-17,20250717,2025-07-18,1,Rejected
EVT010252,APP05442,REQ0123,S1,2025-07-19,20250719,2025-07-20,1,Rejected
EVT010253,APP05443,REQ0123,S1,2025-08-25,20250825,2025-08-26,1,Rejected
EVT010254,APP05444,REQ0123,S1,2025-08-22,20250822,2025-08-24,2,Advanced
EVT010255,APP05444,REQ0123,S2,2025-08-24,20250824,2025-08-26,2,Advanced
EVT010256,APP05444,REQ0123,S3,2025-08-26,20250826,2025-09-07,12,Rejected
EVT010257,APP05445,REQ0123,S1,2025-08-17,20250817,2025-08-19,2,Advanced
EVT010258,APP05445,REQ0123,S2,2025-08-19,20250819,2025-08-24,5,Advanced
EVT010259,APP05445,REQ0123,S3,2025-08-24,20250824,2025-09-05,12,Advanced
EVT010260,APP05445,REQ0123,S4,2025-09-05,20250905,2025-09-09,4,Advanced
EVT010261,APP05445,REQ0123,S5,2025-09-09,20250909,2025-09-18,9,Rejected
EVT010262,APP05446,REQ0123,S1,2025-08-03,20250803,2025-08-05,2,Rejected
EVT010263,APP05447,REQ0123,S1,2025-08-17,20250817,2025-08-19,2,Rejected
EVT010264,APP05448,REQ0123,S1,2025-08-06,20250806,2025-08-09,3,Rejected
EVT010265,APP05449,REQ0123,S1,2025-07-08,20250708,2025-07-09,1,Advanced
EVT010266,APP05449,REQ0123,S2,2025-07-09,20250709,2025-07-12,3,Rejected
EVT010267,APP05450,REQ0123,S1,2025-09-03,20250903,2025-09-04,1,Rejected
EVT010268,APP05451,REQ0123,S1,2025-07-24,20250724,2025-07-26,2,Rejected
EVT010269,APP05452,REQ0123,S1,2025-08-04,20250804,2025-08-06,2,Rejected
EVT010270,APP05453,REQ0123,S1,2025-07-25,20250725,2025-07-27,2,Advanced
EVT010271,APP05453,REQ0123,S2,2025-07-27,20250727,2025-07-30,3,Rejected
EVT010272,APP05454,REQ0123,S1,2025-07-24,20250724,2025-07-27,3,Advanced
EVT010273,APP05454,REQ0123,S2,2025-07-27,20250727,2025-08-01,5,Advanced
EVT010274,APP05454,REQ0123,S3,2025-08-01,20250801,2025-08-07,6,Advanced
EVT010275,APP05454,REQ0123,S4,2025-08-07,20250807,2025-08-13,6,Advanced
EVT010276,APP05454,REQ0123,S5,2025-08-13,20250813,2025-08-21,8,Advanced
EVT010277,APP05454,REQ0123,S6,2025-08-21,20250821,2025-08-28,7,Rejected
EVT010278,APP05455,REQ0123,S1,2025-08-29,20250829,2025-08-31,2,Rejected
EVT010279,APP05456,REQ0123,S1,2025-08-19,20250819,2025-08-20,1,Rejected
EVT010280,APP05457,REQ0123,S1,2025-08-06,20250806,2025-08-07,1,Rejected
EVT010281,APP05458,REQ0123,S1,2025-08-10,20250810,2025-08-12,2,Advanced
EVT010282,APP05458,REQ0123,S2,2025-08-12,20250812,2025-08-17,5,Rejected
EVT010283,APP05459,REQ0123,S1,2025-08-06,20250806,2025-08-07,1,Rejected
EVT010284,APP05460,REQ0123,S1,2025-07-20,20250720,2025-07-23,3,Advanced
EVT010285,APP05460,REQ0123,S2,2025-07-23,20250723,2025-07-29,6,Advanced
EVT010286,APP05460,REQ0123,S3,2025-07-29,20250729,2025-08-06,8,Advanced
EVT010287,APP05460,REQ0123,S4,2025-08-06,20250806,2025-08-12,6,Advanced
EVT010288,APP05460,REQ0123,S5,2025-08-12,20250812,2025-08-21,9,Rejected
EVT010289,APP05461,REQ0123,S1,2025-08-11,20250811,2025-08-14,3,Rejected
EVT010290,APP05462,REQ0123,S1,2025-08-04,20250804,2025-08-07,3,Advanced
EVT010291,APP05462,REQ0123,S2,2025-08-07,20250807,2025-08-13,6,Rejected
EVT010292,APP05463,REQ0123,S1,2025-08-02,20250802,2025-08-03,1,Rejected
EVT010293,APP05464,REQ0123,S1,2025-07-13,20250713,2025-07-16,3,Rejected
EVT010294,APP05465,REQ0123,S1,2025-08-15,20250815,2025-08-16,1,Advanced
EVT010295,APP05465,REQ0123,S2,2025-08-16,20250816,2025-08-18,2,Rejected
EVT010296,APP05466,REQ0123,S1,2025-08-15,20250815,2025-08-16,1,Advanced
EVT010297,APP05466,REQ0123,S2,2025-08-16,20250816,2025-08-19,3,Rejected
EVT010298,APP05467,REQ0123,S1,2025-08-10,20250810,2025-08-12,2,Rejected
EVT010299,APP05468,REQ0123,S1,2025-06-28,20250628,2025-07-01,3,Rejected
EVT010300,APP05469,REQ0123,S1,2025-07-01,20250701,2025-07-02,1,Rejected
EVT010301,APP05470,REQ0123,S1,2025-09-11,20250911,2025-09-14,3,Rejected
EVT010302,APP05471,REQ0123,S1,2025-09-14,20250914,2025-09-16,2,Advanced
EVT010303,APP05471,REQ0123,S2,2025-09-16,20250916,2025-09-18,2,Rejected
EVT010304,APP05472,REQ0123,S1,2025-06-29,20250629,2025-07-01,2,Advanced
EVT010305,APP05472,REQ0123,S2,2025-07-01,20250701,2025-07-07,6,Advanced
EVT010306,APP05472,REQ0123,S3,2025-07-07,20250707,2025-07-15,8,Advanced
EVT010307,APP05472,REQ0123,S4,2025-07-15,20250715,2025-07-21,6,Advanced
EVT010308,APP05472,REQ0123,S5,2025-07-21,20250721,2025-08-01,11,Advanced
EVT010309,APP05472,REQ0123,S6,2025-08-01,20250801,2025-08-04,3,Rejected
EVT010310,APP05473,REQ0123,S1,2025-09-10,20250910,2025-09-11,1,Advanced
EVT010311,APP05473,REQ0123,S2,2025-09-11,20250911,2025-09-13,2,Rejected
EVT010312,APP05474,REQ0123,S1,2025-07-03,20250703,2025-07-05,2,Rejected
EVT010313,APP05475,REQ0123,S1,2025-09-07,20250907,2025-09-10,3,Rejected
EVT010314,APP05476,REQ0123,S1,2025-08-01,20250801,2025-08-04,3,Rejected
EVT010315,APP05477,REQ0123,S1,2025-09-18,20250918,2025-09-19,1,Rejected
EVT010316,APP05478,REQ0123,S1,2025-08-07,20250807,2025-08-09,2,Rejected
EVT010317,APP05479,REQ0123,S1,2025-07-21,20250721,2025-07-22,1,Advanced
EVT010318,APP05479,REQ0123,S2,2025-07-22,20250722,2025-07-25,3,Rejected
EVT010319,APP05480,REQ0123,S1,2025-07-24,20250724,2025-07-26,2,Rejected
EVT010320,APP05481,REQ0123,S1,2025-06-30,20250630,2025-07-01,1,Advanced
EVT010321,APP05481,REQ0123,S2,2025-07-01,20250701,2025-07-03,2,Rejected
EVT010322,APP05482,REQ0123,S1,2025-07-15,20250715,2025-07-17,2,Advanced
EVT010323,APP05482,REQ0123,S2,2025-07-17,20250717,2025-07-21,4,Advanced
EVT010324,APP05482,REQ0123,S3,2025-07-21,20250721,2025-08-04,14,Advanced
EVT010325,APP05482,REQ0123,S4,2025-08-04,20250804,2025-08-10,6,Advanced
EVT010326,APP05482,REQ0123,S5,2025-08-10,20250810,2025-08-17,7,Advanced
EVT010327,APP05482,REQ0123,S6,2025-08-17,20250817,2025-08-23,6,Advanced
EVT010328,APP05482,REQ0123,S7,2025-08-23,20250823,2025-08-30,7,Advanced
EVT010329,APP05482,REQ0123,S8,2025-08-30,20250830,2025-08-30,0,Hired
EVT010330,APP05483,REQ0123,S1,2025-09-03,20250903,2025-09-04,1,Rejected
EVT010331,APP05484,REQ0123,S1,2025-08-10,20250810,2025-08-13,3,Rejected
EVT010332,APP05485,REQ0123,S1,2025-09-12,20250912,2025-09-15,3,Advanced
EVT010333,APP05485,REQ0123,S2,2025-09-15,20250915,2025-09-17,2,Rejected
EVT010334,APP05486,REQ0123,S1,2025-08-21,20250821,2025-08-23,2,Advanced
EVT010335,APP05486,REQ0123,S2,2025-08-23,20250823,2025-08-25,2,Rejected
EVT010336,APP05487,REQ0123,S1,2025-09-12,20250912,2025-09-14,2,Rejected
EVT010337,APP05488,REQ0123,S1,2025-08-18,20250818,2025-08-19,1,Advanced
EVT010338,APP05488,REQ0123,S2,2025-08-19,20250819,2025-08-25,6,Rejected
EVT010339,APP05489,REQ0123,S1,2025-08-25,20250825,2025-08-28,3,Rejected
EVT010340,APP05490,REQ0123,S1,2025-08-01,20250801,2025-08-04,3,Rejected
EVT010341,APP05491,REQ0123,S1,2025-08-03,20250803,2025-08-04,1,Rejected
EVT010342,APP05492,REQ0123,S1,2025-09-08,20250908,2025-09-11,3,Rejected
EVT010343,APP05493,REQ0123,S1,2025-08-21,20250821,2025-08-22,1,Rejected
EVT010344,APP05494,REQ0123,S1,2025-09-05,20250905,2025-09-06,1,Rejected
EVT010345,APP05495,REQ0123,S1,2025-08-20,20250820,2025-08-23,3,Rejected
EVT010346,APP05496,REQ0123,S1,2025-08-05,20250805,2025-08-06,1,Advanced
EVT010347,APP05496,REQ0123,S2,2025-08-06,20250806,2025-08-10,4,Rejected
EVT010348,APP05497,REQ0123,S1,2025-07-10,20250710,2025-07-11,1,Rejected
EVT010349,APP05498,REQ0124,S1,2025-05-30,20250530,2025-06-02,3,Rejected
EVT010350,APP05499,REQ0124,S1,2025-06-22,20250622,2025-06-24,2,Rejected
EVT010351,APP05500,REQ0124,S1,2025-09-12,20250912,2025-09-14,2,Rejected
EVT010352,APP05501,REQ0124,S1,2025-07-07,20250707,2025-07-10,3,Rejected
EVT010353,APP05502,REQ0124,S1,2026-01-06,20260106,2026-01-07,1,Rejected
EVT010354,APP05503,REQ0124,S1,2025-11-23,20251123,2025-11-24,1,Advanced
EVT010355,APP05503,REQ0124,S2,2025-11-24,20251124,2025-11-27,3,Advanced
EVT010356,APP05503,REQ0124,S3,2025-11-27,20251127,2025-12-01,4,Rejected
EVT010357,APP05504,REQ0124,S1,2025-10-05,20251005,2025-10-06,1,Rejected
EVT010358,APP05505,REQ0124,S1,2025-06-15,20250615,2025-06-17,2,Rejected
EVT010359,APP05506,REQ0124,S1,2025-08-12,20250812,2025-08-13,1,Advanced
EVT010360,APP05506,REQ0124,S2,2025-08-13,20250813,2025-08-16,3,Advanced
EVT010361,APP05506,REQ0124,S3,2025-08-16,20250816,2025-08-20,4,Rejected
EVT010362,APP05507,REQ0124,S1,2025-06-07,20250607,2025-06-08,1,Advanced
EVT010363,APP05507,REQ0124,S2,2025-06-08,20250608,2025-06-10,2,Advanced
EVT010364,APP05507,REQ0124,S3,2025-06-10,20250610,2025-06-23,13,Rejected
EVT010365,APP05508,REQ0124,S1,2025-09-26,20250926,2025-09-28,2,Advanced
EVT010366,APP05508,REQ0124,S2,2025-09-28,20250928,2025-10-02,4,Advanced
EVT010367,APP05508,REQ0124,S3,2025-10-02,20251002,2025-10-09,7,Rejected
EVT010368,APP05509,REQ0124,S1,2025-07-07,20250707,2025-07-10,3,Advanced
EVT010369,APP05509,REQ0124,S2,2025-07-10,20250710,2025-07-16,6,Advanced
EVT010370,APP05509,REQ0124,S3,2025-07-16,20250716,2025-07-23,7,Rejected
EVT010371,APP05510,REQ0124,S1,2025-07-25,20250725,2025-07-28,3,Rejected
EVT010372,APP05511,REQ0124,S1,2025-06-19,20250619,2025-06-20,1,Advanced
EVT010373,APP05511,REQ0124,S2,2025-06-20,20250620,2025-06-21,1,Advanced
EVT010374,APP05511,REQ0124,S3,2025-06-21,20250621,2025-06-24,3,Rejected
EVT010375,APP05512,REQ0124,S1,2025-09-27,20250927,2025-09-28,1,Advanced
EVT010376,APP05512,REQ0124,S2,2025-09-28,20250928,2025-10-02,4,Advanced
EVT010377,APP05512,REQ0124,S3,2025-10-02,20251002,2025-10-10,8,Rejected
EVT010378,APP05513,REQ0124,S1,2025-06-25,20250625,2025-06-26,1,Advanced
EVT010379,APP05513,REQ0124,S2,2025-06-26,20250626,2025-06-28,2,Advanced
EVT010380,APP05513,REQ0124,S3,2025-06-28,20250628,2025-07-02,4,Rejected
EVT010381,APP05514,REQ0124,S1,2025-08-16,20250816,2025-08-19,3,Rejected
EVT010382,APP05515,REQ0124,S1,2025-12-06,20251206,2025-12-08,2,Advanced
EVT010383,APP05515,REQ0124,S2,2025-12-08,20251208,2025-12-10,2,Rejected
EVT010384,APP05516,REQ0124,S1,2025-08-29,20250829,2025-08-31,2,Rejected
EVT010385,APP05517,REQ0124,S1,2025-10-23,20251023,2025-10-24,1,Rejected
EVT010386,APP05518,REQ0124,S1,2025-08-03,20250803,2025-08-06,3,Advanced
EVT010387,APP05518,REQ0124,S2,2025-08-06,20250806,2025-08-09,3,Rejected
EVT010388,APP05519,REQ0124,S1,2025-08-21,20250821,2025-08-22,1,Advanced
EVT010389,APP05519,REQ0124,S2,2025-08-22,20250822,2025-08-24,2,Rejected
EVT010390,APP05520,REQ0124,S1,2025-07-24,20250724,2025-07-26,2,Advanced
EVT010391,APP05520,REQ0124,S2,2025-07-26,20250726,2025-07-31,5,Rejected
EVT010392,APP05521,REQ0124,S1,2025-11-27,20251127,2025-11-30,3,Advanced
EVT010393,APP05521,REQ0124,S2,2025-11-30,20251130,2025-12-04,4,Rejected
EVT010394,APP05522,REQ0124,S1,2025-09-07,20250907,2025-09-10,3,Rejected
EVT010395,APP05523,REQ0125,S1,2024-03-16,20240316,2024-03-18,2,Advanced
EVT010396,APP05523,REQ0125,S2,2024-03-18,20240318,2024-03-20,2,Advanced
EVT010397,APP05523,REQ0125,S3,2024-03-20,20240320,2024-03-27,7,Advanced
EVT010398,APP05523,REQ0125,S4,2024-03-27,20240327,2024-03-30,3,Advanced
EVT010399,APP05523,REQ0125,S5,2024-03-30,20240330,2024-04-06,7,Rejected
EVT010400,APP05524,REQ0125,S1,2024-03-09,20240309,2024-03-12,3,Rejected
EVT010401,APP05525,REQ0125,S1,2024-03-05,20240305,2024-03-06,1,Advanced
EVT010402,APP05525,REQ0125,S2,2024-03-06,20240306,2024-03-12,6,Rejected
EVT010403,APP05526,REQ0125,S1,2024-02-22,20240222,2024-02-23,1,Advanced
EVT010404,APP05526,REQ0125,S2,2024-02-23,20240223,2024-02-25,2,Rejected
EVT010405,APP05527,REQ0125,S1,2024-03-10,20240310,2024-03-12,2,Advanced
EVT010406,APP05527,REQ0125,S2,2024-03-12,20240312,2024-03-14,2,Rejected
EVT010407,APP05528,REQ0125,S1,2024-02-16,20240216,2024-02-18,2,Advanced
EVT010408,APP05528,REQ0125,S2,2024-02-18,20240218,2024-02-21,3,Advanced
EVT010409,APP05528,REQ0125,S3,2024-02-21,20240221,2024-02-28,7,Rejected
EVT010410,APP05529,REQ0125,S1,2024-02-27,20240227,2024-02-28,1,Rejected
EVT010411,APP05530,REQ0125,S1,2024-03-09,20240309,2024-03-12,3,Rejected
EVT010412,APP05531,REQ0125,S1,2024-03-09,20240309,2024-03-10,1,Advanced
EVT010413,APP05531,REQ0125,S2,2024-03-10,20240310,2024-03-11,1,Advanced
EVT010414,APP05531,REQ0125,S3,2024-03-11,20240311,2024-03-13,2,Rejected
EVT010415,APP05532,REQ0125,S1,2024-03-20,20240320,2024-03-21,1,Rejected
EVT010416,APP05533,REQ0125,S1,2024-03-17,20240317,2024-03-18,1,Advanced
EVT010417,APP05533,REQ0125,S2,2024-03-18,20240318,2024-03-19,1,Advanced
EVT010418,APP05533,REQ0125,S3,2024-03-19,20240319,2024-03-25,6,Rejected
EVT010419,APP05534,REQ0125,S1,2024-02-16,20240216,2024-02-19,3,Advanced
EVT010420,APP05534,REQ0125,S2,2024-02-19,20240219,2024-02-25,6,Advanced
EVT010421,APP05534,REQ0125,S3,2024-02-25,20240225,2024-03-02,6,Advanced
EVT010422,APP05534,REQ0125,S4,2024-03-02,20240302,2024-03-08,6,Advanced
EVT010423,APP05534,REQ0125,S5,2024-03-08,20240308,2024-03-12,4,Advanced
EVT010424,APP05534,REQ0125,S6,2024-03-12,20240312,2024-03-17,5,Rejected
EVT010425,APP05535,REQ0125,S1,2024-03-09,20240309,2024-03-11,2,Rejected
EVT010426,APP05536,REQ0125,S1,2024-03-16,20240316,2024-03-19,3,Rejected
EVT010427,APP05537,REQ0125,S1,2024-02-18,20240218,2024-02-19,1,Advanced
EVT010428,APP05537,REQ0125,S2,2024-02-19,20240219,2024-02-23,4,Rejected
EVT010429,APP05538,REQ0125,S1,2024-03-03,20240303,2024-03-04,1,Rejected
EVT010430,APP05539,REQ0125,S1,2024-03-09,20240309,2024-03-12,3,Advanced
EVT010431,APP05539,REQ0125,S2,2024-03-12,20240312,2024-03-18,6,Rejected
EVT010432,APP05540,REQ0125,S1,2024-03-14,20240314,2024-03-17,3,Rejected
EVT010433,APP05541,REQ0125,S1,2024-03-16,20240316,2024-03-19,3,Rejected
EVT010434,APP05542,REQ0125,S1,2024-02-18,20240218,2024-02-19,1,Rejected
EVT010435,APP05543,REQ0125,S1,2024-03-01,20240301,2024-03-02,1,Advanced
EVT010436,APP05543,REQ0125,S2,2024-03-02,20240302,2024-03-04,2,Advanced
EVT010437,APP05543,REQ0125,S3,2024-03-04,20240304,2024-03-10,6,Rejected
EVT010438,APP05544,REQ0125,S1,2024-03-16,20240316,2024-03-19,3,Rejected
EVT010439,APP05545,REQ0125,S1,2024-03-04,20240304,2024-03-05,1,Rejected
EVT010440,APP05546,REQ0125,S1,2024-03-16,20240316,2024-03-18,2,Rejected
EVT010441,APP05547,REQ0125,S1,2024-03-02,20240302,2024-03-04,2,Advanced
EVT010442,APP05547,REQ0125,S2,2024-03-04,20240304,2024-03-10,6,Rejected
EVT010443,APP05548,REQ0125,S1,2024-03-16,20240316,2024-03-17,1,Advanced
EVT010444,APP05548,REQ0125,S2,2024-03-17,20240317,2024-03-19,2,Advanced
EVT010445,APP05548,REQ0125,S3,2024-03-19,20240319,2024-03-24,5,Advanced
EVT010446,APP05548,REQ0125,S4,2024-03-24,20240324,2024-03-29,5,Advanced
EVT010447,APP05548,REQ0125,S5,2024-03-29,20240329,2024-04-09,11,Rejected
EVT010448,APP05549,REQ0125,S1,2024-02-23,20240223,2024-02-25,2,Rejected
EVT010449,APP05550,REQ0125,S1,2024-03-08,20240308,2024-03-09,1,Rejected
EVT010450,APP05551,REQ0125,S1,2024-02-16,20240216,2024-02-19,3,Rejected
EVT010451,APP05552,REQ0125,S1,2024-03-05,20240305,2024-03-07,2,Rejected
EVT010452,APP05553,REQ0125,S1,2024-03-08,20240308,2024-03-11,3,Advanced
EVT010453,APP05553,REQ0125,S2,2024-03-11,20240311,2024-03-17,6,Advanced
EVT010454,APP05553,REQ0125,S3,2024-03-17,20240317,2024-03-30,13,Advanced
EVT010455,APP05553,REQ0125,S4,2024-03-30,20240330,2024-04-02,3,Rejected
EVT010456,APP05554,REQ0125,S1,2024-02-20,20240220,2024-02-21,1,Advanced
EVT010457,APP05554,REQ0125,S2,2024-02-21,20240221,2024-02-24,3,Rejected
EVT010458,APP05555,REQ0125,S1,2024-03-02,20240302,2024-03-04,2,Rejected
EVT010459,APP05556,REQ0125,S1,2024-02-18,20240218,2024-02-20,2,Advanced
EVT010460,APP05556,REQ0125,S2,2024-02-20,20240220,2024-02-26,6,Rejected
EVT010461,APP05557,REQ0125,S1,2024-03-11,20240311,2024-03-13,2,Rejected
EVT010462,APP05558,REQ0125,S1,2024-02-27,20240227,2024-02-29,2,Rejected
EVT010463,APP05559,REQ0125,S1,2024-02-26,20240226,2024-02-28,2,Advanced
EVT010464,APP05559,REQ0125,S2,2024-02-28,20240228,2024-03-02,3,Advanced
EVT010465,APP05559,REQ0125,S3,2024-03-02,20240302,2024-03-09,7,Rejected
EVT010466,APP05560,REQ0125,S1,2024-03-18,20240318,2024-03-20,2,Advanced
EVT010467,APP05560,REQ0125,S2,2024-03-20,20240320,2024-03-24,4,Rejected
EVT010468,APP05561,REQ0125,S1,2024-03-13,20240313,2024-03-15,2,Advanced
EVT010469,APP05561,REQ0125,S2,2024-03-15,20240315,2024-03-17,2,Advanced
EVT010470,APP05561,REQ0125,S3,2024-03-17,20240317,2024-03-29,12,Rejected
EVT010471,APP05562,REQ0125,S1,2024-03-07,20240307,2024-03-08,1,Rejected
EVT010472,APP05563,REQ0125,S1,2024-02-27,20240227,2024-02-28,1,Rejected
EVT010473,APP05564,REQ0125,S1,2024-02-17,20240217,2024-02-19,2,Rejected
EVT010474,APP05565,REQ0125,S1,2024-03-04,20240304,2024-03-05,1,Advanced
EVT010475,APP05565,REQ0125,S2,2024-03-05,20240305,2024-03-07,2,Advanced
EVT010476,APP05565,REQ0125,S3,2024-03-07,20240307,2024-03-11,4,Rejected
EVT010477,APP05566,REQ0125,S1,2024-03-09,20240309,2024-03-11,2,Rejected
EVT010478,APP05567,REQ0125,S1,2024-03-10,20240310,2024-03-11,1,Rejected
EVT010479,APP05568,REQ0125,S1,2024-02-19,20240219,2024-02-22,3,Rejected
EVT010480,APP05569,REQ0125,S1,2024-03-11,20240311,2024-03-13,2,Advanced
EVT010481,APP05569,REQ0125,S2,2024-03-13,20240313,2024-03-14,1,Advanced
EVT010482,APP05569,REQ0125,S3,2024-03-14,20240314,2024-03-20,6,Rejected
EVT010483,APP05570,REQ0125,S1,2024-03-12,20240312,2024-03-14,2,Advanced
EVT010484,APP05570,REQ0125,S2,2024-03-14,20240314,2024-03-19,5,Advanced
EVT010485,APP05570,REQ0125,S3,2024-03-19,20240319,2024-03-23,4,Advanced
EVT010486,APP05570,REQ0125,S4,2024-03-23,20240323,2024-03-27,4,Advanced
EVT010487,APP05570,REQ0125,S5,2024-03-27,20240327,2024-04-01,5,Advanced
EVT010488,APP05570,REQ0125,S6,2024-04-01,20240401,2024-04-05,4,Advanced
EVT010489,APP05570,REQ0125,S7,2024-04-05,20240405,2024-04-16,11,Advanced
EVT010490,APP05570,REQ0125,S8,2024-04-16,20240416,2024-04-16,0,Hired
EVT010491,APP05571,REQ0125,S1,2024-03-13,20240313,2024-03-14,1,Rejected
EVT010492,APP05572,REQ0125,S1,2024-03-20,20240320,2024-03-21,1,Advanced
EVT010493,APP05572,REQ0125,S2,2024-03-21,20240321,2024-03-24,3,Advanced
EVT010494,APP05572,REQ0125,S3,2024-03-24,20240324,2024-03-31,7,Advanced
EVT010495,APP05572,REQ0125,S4,2024-03-31,20240331,2024-04-04,4,Rejected
EVT010496,APP05573,REQ0125,S1,2024-03-16,20240316,2024-03-18,2,Rejected
EVT010497,APP05574,REQ0125,S1,2024-03-08,20240308,2024-03-10,2,Rejected
EVT010498,APP05575,REQ0125,S1,2024-03-07,20240307,2024-03-08,1,Rejected
EVT010499,APP05576,REQ0125,S1,2024-03-11,20240311,2024-03-14,3,Rejected
EVT010500,APP05577,REQ0125,S1,2024-03-14,20240314,2024-03-15,1,Rejected
EVT010501,APP05578,REQ0125,S1,2024-02-29,20240229,2024-03-01,1,Rejected
EVT010502,APP05579,REQ0125,S1,2024-02-20,20240220,2024-02-22,2,Rejected
EVT010503,APP05580,REQ0125,S1,2024-03-11,20240311,2024-03-12,1,Rejected
EVT010504,APP05581,REQ0125,S1,2024-02-25,20240225,2024-02-26,1,Rejected
EVT010505,APP05582,REQ0126,S1,2024-01-26,20240126,2024-01-28,2,Advanced
EVT010506,APP05582,REQ0126,S2,2024-01-28,20240128,2024-01-31,3,Advanced
EVT010507,APP05582,REQ0126,S3,2024-01-31,20240131,2024-02-06,6,Rejected
EVT010508,APP05583,REQ0126,S1,2024-01-24,20240124,2024-01-26,2,Advanced
EVT010509,APP05583,REQ0126,S2,2024-01-26,20240126,2024-01-28,2,Advanced
EVT010510,APP05583,REQ0126,S3,2024-01-28,20240128,2024-02-01,4,Advanced
EVT010511,APP05583,REQ0126,S4,2024-02-01,20240201,2024-02-09,8,Advanced
EVT010512,APP05583,REQ0126,S5,2024-02-09,20240209,2024-02-14,5,Advanced
EVT010513,APP05583,REQ0126,S6,2024-02-14,20240214,2024-02-23,9,Rejected
EVT010514,APP05584,REQ0126,S1,2024-01-23,20240123,2024-01-24,1,Advanced
EVT010515,APP05584,REQ0126,S2,2024-01-24,20240124,2024-01-26,2,Advanced
EVT010516,APP05584,REQ0126,S3,2024-01-26,20240126,2024-01-31,5,Rejected
EVT010517,APP05585,REQ0126,S1,2024-05-12,20240512,2024-05-15,3,Rejected
EVT010518,APP05586,REQ0126,S1,2024-04-01,20240401,2024-04-02,1,Rejected
EVT010519,APP05587,REQ0126,S1,2024-04-13,20240413,2024-04-16,3,Rejected
EVT010520,APP05588,REQ0126,S1,2024-04-24,20240424,2024-04-25,1,Rejected
EVT010521,APP05589,REQ0126,S1,2024-04-03,20240403,2024-04-04,1,Advanced
EVT010522,APP05589,REQ0126,S2,2024-04-04,20240404,2024-04-08,4,Advanced
EVT010523,APP05589,REQ0126,S3,2024-04-08,20240408,2024-04-12,4,Advanced
EVT010524,APP05589,REQ0126,S4,2024-04-12,20240412,2024-04-17,5,Advanced
EVT010525,APP05589,REQ0126,S5,2024-04-17,20240417,2024-04-21,4,Rejected
EVT010526,APP05590,REQ0126,S1,2024-02-22,20240222,2024-02-23,1,Advanced
EVT010527,APP05590,REQ0126,S2,2024-02-23,20240223,2024-02-26,3,Advanced
EVT010528,APP05590,REQ0126,S3,2024-02-26,20240226,2024-03-06,9,Advanced
EVT010529,APP05590,REQ0126,S4,2024-03-06,20240306,2024-03-09,3,Rejected
EVT010530,APP05591,REQ0126,S1,2024-02-25,20240225,2024-02-26,1,Rejected
EVT010531,APP05592,REQ0126,S1,2024-02-10,20240210,2024-02-11,1,Rejected
EVT010532,APP05593,REQ0126,S1,2024-04-30,20240430,2024-05-01,1,Rejected
EVT010533,APP05594,REQ0126,S1,2024-01-26,20240126,2024-01-27,1,Advanced
EVT010534,APP05594,REQ0126,S2,2024-01-27,20240127,2024-01-29,2,Rejected
EVT010535,APP05595,REQ0126,S1,2024-02-21,20240221,2024-02-22,1,Rejected
EVT010536,APP05596,REQ0126,S1,2024-04-27,20240427,2024-04-30,3,Advanced
EVT010537,APP05596,REQ0126,S2,2024-04-30,20240430,2024-05-06,6,Rejected
EVT010538,APP05597,REQ0126,S1,2024-03-09,20240309,2024-03-12,3,Rejected
EVT010539,APP05598,REQ0126,S1,2024-02-13,20240213,2024-02-15,2,Advanced
EVT010540,APP05598,REQ0126,S2,2024-02-15,20240215,2024-02-19,4,Rejected
EVT010541,APP05599,REQ0126,S1,2024-03-09,20240309,2024-03-10,1,Rejected
EVT010542,APP05600,REQ0126,S1,2024-03-07,20240307,2024-03-09,2,Rejected
EVT010543,APP05601,REQ0126,S1,2024-05-09,20240509,2024-05-10,1,Advanced
EVT010544,APP05601,REQ0126,S2,2024-05-10,20240510,2024-05-15,5,Advanced
EVT010545,APP05601,REQ0126,S3,2024-05-15,20240515,2024-05-26,11,Rejected
EVT010546,APP05602,REQ0126,S1,2024-03-14,20240314,2024-03-16,2,Rejected
EVT010547,APP05603,REQ0126,S1,2024-01-29,20240129,2024-01-30,1,Rejected
EVT010548,APP05604,REQ0126,S1,2024-04-12,20240412,2024-04-14,2,Rejected
EVT010549,APP05605,REQ0126,S1,2024-04-19,20240419,2024-04-20,1,Rejected
EVT010550,APP05606,REQ0126,S1,2024-03-15,20240315,2024-03-18,3,Advanced
EVT010551,APP05606,REQ0126,S2,2024-03-18,20240318,2024-03-20,2,Rejected
EVT010552,APP05607,REQ0126,S1,2024-02-24,20240224,2024-02-25,1,Advanced
EVT010553,APP05607,REQ0126,S2,2024-02-25,20240225,2024-02-29,4,Advanced
EVT010554,APP05607,REQ0126,S3,2024-02-29,20240229,2024-03-05,5,Advanced
EVT010555,APP05607,REQ0126,S4,2024-03-05,20240305,2024-03-10,5,Advanced
EVT010556,APP05607,REQ0126,S5,2024-03-10,20240310,2024-03-15,5,Advanced
EVT010557,APP05607,REQ0126,S6,2024-03-15,20240315,2024-03-22,7,Rejected
EVT010558,APP05608,REQ0126,S1,2024-05-09,20240509,2024-05-11,2,Rejected
EVT010559,APP05609,REQ0126,S1,2024-05-02,20240502,2024-05-05,3,Rejected
EVT010560,APP05610,REQ0126,S1,2024-04-12,20240412,2024-04-14,2,Advanced
EVT010561,APP05610,REQ0126,S2,2024-04-14,20240414,2024-04-16,2,Advanced
EVT010562,APP05610,REQ0126,S3,2024-04-16,20240416,2024-04-22,6,Rejected
EVT010563,APP05611,REQ0126,S1,2024-03-05,20240305,2024-03-08,3,Advanced
EVT010564,APP05611,REQ0126,S2,2024-03-08,20240308,2024-03-10,2,Advanced
EVT010565,APP05611,REQ0126,S3,2024-03-10,20240310,2024-03-14,4,Rejected
EVT010566,APP05612,REQ0126,S1,2024-04-10,20240410,2024-04-12,2,Advanced
EVT010567,APP05612,REQ0126,S2,2024-04-12,20240412,2024-04-15,3,Advanced
EVT010568,APP05612,REQ0126,S3,2024-04-15,20240415,2024-04-23,8,Rejected
EVT010569,APP05613,REQ0126,S1,2024-02-26,20240226,2024-02-28,2,Rejected
EVT010570,APP05614,REQ0126,S1,2024-03-24,20240324,2024-03-25,1,Advanced
EVT010571,APP05614,REQ0126,S2,2024-03-25,20240325,2024-03-27,2,Advanced
EVT010572,APP05614,REQ0126,S3,2024-03-27,20240327,2024-03-31,4,Rejected
EVT010573,APP05615,REQ0126,S1,2024-04-13,20240413,2024-04-16,3,Rejected
EVT010574,APP05616,REQ0126,S1,2024-04-21,20240421,2024-04-23,2,Advanced
EVT010575,APP05616,REQ0126,S2,2024-04-23,20240423,2024-04-24,1,Rejected
EVT010576,APP05617,REQ0126,S1,2024-03-14,20240314,2024-03-17,3,Rejected
EVT010577,APP05618,REQ0126,S1,2024-04-17,20240417,2024-04-18,1,Rejected
EVT010578,APP05619,REQ0126,S1,2024-04-10,20240410,2024-04-11,1,Advanced
EVT010579,APP05619,REQ0126,S2,2024-04-11,20240411,2024-04-14,3,Advanced
EVT010580,APP05619,REQ0126,S3,2024-04-14,20240414,2024-04-21,7,Advanced
EVT010581,APP05619,REQ0126,S4,2024-04-21,20240421,2024-04-28,7,Advanced
EVT010582,APP05619,REQ0126,S5,2024-04-28,20240428,2024-05-05,7,Rejected
EVT010583,APP05620,REQ0126,S1,2024-02-11,20240211,2024-02-12,1,Rejected
EVT010584,APP05621,REQ0126,S1,2024-05-05,20240505,2024-05-08,3,Rejected
EVT010585,APP05622,REQ0126,S1,2024-03-13,20240313,2024-03-14,1,Advanced
EVT010586,APP05622,REQ0126,S2,2024-03-14,20240314,2024-03-18,4,Advanced
EVT010587,APP05622,REQ0126,S3,2024-03-18,20240318,2024-03-29,11,Advanced
EVT010588,APP05622,REQ0126,S4,2024-03-29,20240329,2024-04-02,4,Advanced
EVT010589,APP05622,REQ0126,S5,2024-04-02,20240402,2024-04-13,11,Advanced
EVT010590,APP05622,REQ0126,S6,2024-04-13,20240413,2024-04-16,3,Advanced
EVT010591,APP05622,REQ0126,S7,2024-04-16,20240416,2024-04-22,6,Advanced
EVT010592,APP05622,REQ0126,S8,2024-04-22,20240422,2024-04-22,0,Hired
EVT010593,APP05623,REQ0126,S1,2024-04-22,20240422,2024-04-23,1,Rejected
EVT010594,APP05624,REQ0126,S1,2024-04-30,20240430,2024-05-02,2,Advanced
EVT010595,APP05624,REQ0126,S2,2024-05-02,20240502,2024-05-07,5,Advanced
EVT010596,APP05624,REQ0126,S3,2024-05-07,20240507,2024-05-15,8,Advanced
EVT010597,APP05624,REQ0126,S4,2024-05-15,20240515,2024-05-20,5,Advanced
EVT010598,APP05624,REQ0126,S5,2024-05-20,20240520,2024-05-30,10,Advanced
EVT010599,APP05624,REQ0126,S6,2024-05-30,20240530,2024-06-07,8,Advanced
EVT010600,APP05624,REQ0126,S7,2024-06-07,20240607,2024-06-18,11,Advanced
EVT010601,APP05624,REQ0126,S8,2024-06-18,20240618,2024-06-18,0,Hired
EVT010602,APP05625,REQ0126,S1,2024-02-29,20240229,2024-03-01,1,Advanced
EVT010603,APP05625,REQ0126,S2,2024-03-01,20240301,2024-03-06,5,Advanced
EVT010604,APP05625,REQ0126,S3,2024-03-06,20240306,2024-03-16,10,Advanced
EVT010605,APP05625,REQ0126,S4,2024-03-16,20240316,2024-03-24,8,Advanced
EVT010606,APP05625,REQ0126,S5,2024-03-24,20240324,2024-04-01,8,Rejected
EVT010607,APP05626,REQ0126,S1,2024-03-07,20240307,2024-03-09,2,Rejected
EVT010608,APP05627,REQ0126,S1,2024-04-17,20240417,2024-04-18,1,Advanced
EVT010609,APP05627,REQ0126,S2,2024-04-18,20240418,2024-04-20,2,Advanced
EVT010610,APP05627,REQ0126,S3,2024-04-20,20240420,2024-04-29,9,Rejected
EVT010611,APP05628,REQ0126,S1,2024-03-18,20240318,2024-03-19,1,Rejected
EVT010612,APP05629,REQ0126,S1,2024-02-27,20240227,2024-02-28,1,Rejected
EVT010613,APP05630,REQ0126,S1,2024-01-23,20240123,2024-01-24,1,Advanced
EVT010614,APP05630,REQ0126,S2,2024-01-24,20240124,2024-01-28,4,Rejected
EVT010615,APP05631,REQ0126,S1,2024-03-18,20240318,2024-03-19,1,Rejected
EVT010616,APP05632,REQ0126,S1,2024-04-01,20240401,2024-04-02,1,Rejected
EVT010617,APP05633,REQ0126,S1,2024-01-22,20240122,2024-01-23,1,Rejected
EVT010618,APP05634,REQ0126,S1,2024-02-26,20240226,2024-02-27,1,Rejected
EVT010619,APP05635,REQ0126,S1,2024-04-19,20240419,2024-04-21,2,Rejected
EVT010620,APP05636,REQ0127,S1,2025-09-14,20250914,2025-09-16,2,Rejected
EVT010621,APP05637,REQ0127,S1,2025-11-14,20251114,2025-11-16,2,Advanced
EVT010622,APP05637,REQ0127,S2,2025-11-16,20251116,2025-11-20,4,Rejected
EVT010623,APP05638,REQ0127,S1,2025-10-21,20251021,2025-10-22,1,Advanced
EVT010624,APP05638,REQ0127,S2,2025-10-22,20251022,2025-10-23,1,Rejected
EVT010625,APP05639,REQ0127,S1,2025-10-29,20251029,2025-10-30,1,Advanced
EVT010626,APP05639,REQ0127,S2,2025-10-30,20251030,2025-11-04,5,Rejected
EVT010627,APP05640,REQ0127,S1,2025-11-18,20251118,2025-11-19,1,Rejected
EVT010628,APP05641,REQ0127,S1,2025-10-03,20251003,2025-10-06,3,Advanced
EVT010629,APP05641,REQ0127,S2,2025-10-06,20251006,2025-10-12,6,Advanced
EVT010630,APP05641,REQ0127,S3,2025-10-12,20251012,2025-10-20,8,Rejected
EVT010631,APP05642,REQ0127,S1,2025-09-11,20250911,2025-09-12,1,Advanced
EVT010632,APP05642,REQ0127,S2,2025-09-12,20250912,2025-09-14,2,Advanced
EVT010633,APP05642,REQ0127,S3,2025-09-14,20250914,2025-09-17,3,Rejected
EVT010634,APP05643,REQ0127,S1,2025-09-23,20250923,2025-09-24,1,Rejected
EVT010635,APP05644,REQ0127,S1,2025-10-04,20251004,2025-10-05,1,Advanced
EVT010636,APP05644,REQ0127,S2,2025-10-05,20251005,2025-10-07,2,Advanced
EVT010637,APP05644,REQ0127,S3,2025-10-07,20251007,2025-10-09,2,Rejected
EVT010638,APP05645,REQ0127,S1,2025-10-21,20251021,2025-10-22,1,Rejected
EVT010639,APP05646,REQ0127,S1,2025-10-29,20251029,2025-10-31,2,Rejected
EVT010640,APP05647,REQ0127,S1,2025-10-22,20251022,2025-10-24,2,Advanced
EVT010641,APP05647,REQ0127,S2,2025-10-24,20251024,2025-10-30,6,Rejected
EVT010642,APP05648,REQ0127,S1,2025-10-20,20251020,2025-10-21,1,Rejected
EVT010643,APP05649,REQ0127,S1,2025-10-12,20251012,2025-10-14,2,Advanced
EVT010644,APP05649,REQ0127,S2,2025-10-14,20251014,2025-10-16,2,Advanced
EVT010645,APP05649,REQ0127,S3,2025-10-16,20251016,2025-10-18,2,Advanced
EVT010646,APP05649,REQ0127,S4,2025-10-18,20251018,2025-10-26,8,Advanced
EVT010647,APP05649,REQ0127,S5,2025-10-26,20251026,2025-11-02,7,Advanced
EVT010648,APP05649,REQ0127,S6,2025-11-02,20251102,2025-11-06,4,Rejected
EVT010649,APP05650,REQ0127,S1,2025-10-30,20251030,2025-11-02,3,Advanced
EVT010650,APP05650,REQ0127,S2,2025-11-02,20251102,2025-11-07,5,Advanced
EVT010651,APP05650,REQ0127,S3,2025-11-07,20251107,2025-11-19,12,Rejected
EVT010652,APP05651,REQ0127,S1,2025-10-12,20251012,2025-10-15,3,Rejected
EVT010653,APP05652,REQ0127,S1,2025-09-15,20250915,2025-09-16,1,Rejected
EVT010654,APP05653,REQ0127,S1,2025-11-05,20251105,2025-11-07,2,Rejected
EVT010655,APP05654,REQ0127,S1,2025-11-07,20251107,2025-11-08,1,Advanced
EVT010656,APP05654,REQ0127,S2,2025-11-08,20251108,2025-11-14,6,Advanced
EVT010657,APP05654,REQ0127,S3,2025-11-14,20251114,2025-11-24,10,Advanced
EVT010658,APP05654,REQ0127,S4,2025-11-24,20251124,2025-12-01,7,Advanced
EVT010659,APP05654,REQ0127,S5,2025-12-01,20251201,2025-12-08,7,Advanced
EVT010660,APP05654,REQ0127,S6,2025-12-08,20251208,2025-12-17,9,Rejected
EVT010661,APP05655,REQ0127,S1,2025-10-31,20251031,2025-11-02,2,Rejected
EVT010662,APP05656,REQ0127,S1,2025-10-15,20251015,2025-10-16,1,Rejected
EVT010663,APP05657,REQ0127,S1,2025-11-01,20251101,2025-11-04,3,Rejected
EVT010664,APP05658,REQ0127,S1,2025-11-02,20251102,2025-11-03,1,Advanced
EVT010665,APP05658,REQ0127,S2,2025-11-03,20251103,2025-11-09,6,Advanced
EVT010666,APP05658,REQ0127,S3,2025-11-09,20251109,2025-11-13,4,Rejected
EVT010667,APP05659,REQ0127,S1,2025-11-07,20251107,2025-11-08,1,Advanced
EVT010668,APP05659,REQ0127,S2,2025-11-08,20251108,2025-11-11,3,Advanced
EVT010669,APP05659,REQ0127,S3,2025-11-11,20251111,2025-11-21,10,Advanced
EVT010670,APP05659,REQ0127,S4,2025-11-21,20251121,2025-11-26,5,Advanced
EVT010671,APP05659,REQ0127,S5,2025-11-26,20251126,2025-11-30,4,Advanced
EVT010672,APP05659,REQ0127,S6,2025-11-30,20251130,2025-12-03,3,Rejected
EVT010673,APP05660,REQ0127,S1,2025-11-05,20251105,2025-11-08,3,Rejected
EVT010674,APP05661,REQ0127,S1,2025-10-11,20251011,2025-10-12,1,Advanced
EVT010675,APP05661,REQ0127,S2,2025-10-12,20251012,2025-10-16,4,Advanced
EVT010676,APP05661,REQ0127,S3,2025-10-16,20251016,2025-10-21,5,Rejected
EVT010677,APP05662,REQ0127,S1,2025-10-05,20251005,2025-10-08,3,Advanced
EVT010678,APP05662,REQ0127,S2,2025-10-08,20251008,2025-10-10,2,Advanced
EVT010679,APP05662,REQ0127,S3,2025-10-10,20251010,2025-10-23,13,Rejected
EVT010680,APP05663,REQ0127,S1,2025-09-22,20250922,2025-09-23,1,Rejected
EVT010681,APP05664,REQ0127,S1,2025-09-23,20250923,2025-09-25,2,Rejected
EVT010682,APP05665,REQ0127,S1,2025-11-19,20251119,2025-11-22,3,Rejected
EVT010683,APP05666,REQ0127,S1,2025-10-11,20251011,2025-10-12,1,Rejected
EVT010684,APP05667,REQ0127,S1,2025-09-22,20250922,2025-09-24,2,Advanced
EVT010685,APP05667,REQ0127,S2,2025-09-24,20250924,2025-09-27,3,Rejected
EVT010686,APP05668,REQ0127,S1,2025-09-09,20250909,2025-09-12,3,Advanced
EVT010687,APP05668,REQ0127,S2,2025-09-12,20250912,2025-09-14,2,Advanced
EVT010688,APP05668,REQ0127,S3,2025-09-14,20250914,2025-09-27,13,Rejected
EVT010689,APP05669,REQ0127,S1,2025-10-28,20251028,2025-10-30,2,Advanced
EVT010690,APP05669,REQ0127,S2,2025-10-30,20251030,2025-11-05,6,Advanced
EVT010691,APP05669,REQ0127,S3,2025-11-05,20251105,2025-11-18,13,Advanced
EVT010692,APP05669,REQ0127,S4,2025-11-18,20251118,2025-11-24,6,Rejected
EVT010693,APP05670,REQ0127,S1,2025-10-05,20251005,2025-10-06,1,Advanced
EVT010694,APP05670,REQ0127,S2,2025-10-06,20251006,2025-10-08,2,Advanced
EVT010695,APP05670,REQ0127,S3,2025-10-08,20251008,2025-10-16,8,Rejected
EVT010696,APP05671,REQ0127,S1,2025-10-20,20251020,2025-10-22,2,Rejected
EVT010697,APP05672,REQ0127,S1,2025-11-17,20251117,2025-11-18,1,Rejected
EVT010698,APP05673,REQ0127,S1,2025-10-03,20251003,2025-10-04,1,Rejected
EVT010699,APP05674,REQ0127,S1,2025-11-24,20251124,2025-11-26,2,Rejected
EVT010700,APP05675,REQ0127,S1,2025-11-04,20251104,2025-11-06,2,Rejected
EVT010701,APP05676,REQ0127,S1,2025-11-10,20251110,2025-11-11,1,Advanced
EVT010702,APP05676,REQ0127,S2,2025-11-11,20251111,2025-11-13,2,Advanced
EVT010703,APP05676,REQ0127,S3,2025-11-13,20251113,2025-11-20,7,Rejected
EVT010704,APP05677,REQ0127,S1,2025-11-04,20251104,2025-11-07,3,Advanced
EVT010705,APP05677,REQ0127,S2,2025-11-07,20251107,2025-11-13,6,Advanced
EVT010706,APP05677,REQ0127,S3,2025-11-13,20251113,2025-11-23,10,Rejected
EVT010707,APP05678,REQ0127,S1,2025-09-28,20250928,2025-09-30,2,Rejected
EVT010708,APP05679,REQ0127,S1,2025-10-24,20251024,2025-10-25,1,Rejected
EVT010709,APP05680,REQ0127,S1,2025-11-11,20251111,2025-11-12,1,Advanced
EVT010710,APP05680,REQ0127,S2,2025-11-12,20251112,2025-11-14,2,Advanced
EVT010711,APP05680,REQ0127,S3,2025-11-14,20251114,2025-11-16,2,Advanced
EVT010712,APP05680,REQ0127,S4,2025-11-16,20251116,2025-11-23,7,Advanced
EVT010713,APP05680,REQ0127,S5,2025-11-23,20251123,2025-12-04,11,Advanced
EVT010714,APP05680,REQ0127,S6,2025-12-04,20251204,2025-12-07,3,Rejected
EVT010715,APP05681,REQ0127,S1,2025-09-08,20250908,2025-09-11,3,Rejected
EVT010716,APP05682,REQ0127,S1,2025-09-26,20250926,2025-09-27,1,Advanced
EVT010717,APP05682,REQ0127,S2,2025-09-27,20250927,2025-09-29,2,Rejected
EVT010718,APP05683,REQ0127,S1,2025-10-03,20251003,2025-10-05,2,Rejected
EVT010719,APP05684,REQ0127,S1,2025-09-24,20250924,2025-09-26,2,Rejected
EVT010720,APP05685,REQ0127,S1,2025-11-06,20251106,2025-11-08,2,Rejected
EVT010721,APP05686,REQ0127,S1,2025-11-16,20251116,2025-11-18,2,Advanced
EVT010722,APP05686,REQ0127,S2,2025-11-18,20251118,2025-11-24,6,Rejected
EVT010723,APP05687,REQ0127,S1,2025-10-02,20251002,2025-10-04,2,Advanced
EVT010724,APP05687,REQ0127,S2,2025-10-04,20251004,2025-10-08,4,Advanced
EVT010725,APP05687,REQ0127,S3,2025-10-08,20251008,2025-10-17,9,Rejected
EVT010726,APP05688,REQ0127,S1,2025-09-25,20250925,2025-09-27,2,Rejected
EVT010727,APP05689,REQ0127,S1,2025-10-07,20251007,2025-10-08,1,Advanced
EVT010728,APP05689,REQ0127,S2,2025-10-08,20251008,2025-10-11,3,Rejected
EVT010729,APP05690,REQ0127,S1,2025-11-04,20251104,2025-11-05,1,Advanced
EVT010730,APP05690,REQ0127,S2,2025-11-05,20251105,2025-11-07,2,Rejected
EVT010731,APP05691,REQ0127,S1,2025-09-23,20250923,2025-09-24,1,Rejected
EVT010732,APP05692,REQ0128,S1,2025-02-28,20250228,2025-03-02,2,Advanced
EVT010733,APP05692,REQ0128,S2,2025-03-02,20250302,2025-03-04,2,Rejected
EVT010734,APP05693,REQ0128,S1,2025-01-23,20250123,2025-01-24,1,Advanced
EVT010735,APP05693,REQ0128,S2,2025-01-24,20250124,2025-01-27,3,Advanced
EVT010736,APP05693,REQ0128,S3,2025-01-27,20250127,2025-01-31,4,Advanced
EVT010737,APP05693,REQ0128,S4,2025-01-31,20250131,2025-02-06,6,Advanced
EVT010738,APP05693,REQ0128,S5,2025-02-06,20250206,2025-02-11,5,Advanced
EVT010739,APP05693,REQ0128,S6,2025-02-11,20250211,2025-02-17,6,Rejected
EVT010740,APP05694,REQ0128,S1,2025-04-01,20250401,2025-04-03,2,Advanced
EVT010741,APP05694,REQ0128,S2,2025-04-03,20250403,2025-04-06,3,Rejected
EVT010742,APP05695,REQ0128,S1,2025-04-07,20250407,2025-04-08,1,Rejected
EVT010743,APP05696,REQ0128,S1,2025-02-15,20250215,2025-02-17,2,Rejected
EVT010744,APP05697,REQ0128,S1,2025-02-06,20250206,2025-02-08,2,Rejected
EVT010745,APP05698,REQ0128,S1,2025-03-02,20250302,2025-03-03,1,Rejected
EVT010746,APP05699,REQ0128,S1,2025-03-11,20250311,2025-03-12,1,Rejected
EVT010747,APP05700,REQ0128,S1,2025-02-27,20250227,2025-02-28,1,Advanced
EVT010748,APP05700,REQ0128,S2,2025-02-28,20250228,2025-03-02,2,Rejected
EVT010749,APP05701,REQ0128,S1,2025-03-15,20250315,2025-03-17,2,Advanced
EVT010750,APP05701,REQ0128,S2,2025-03-17,20250317,2025-03-19,2,Rejected
EVT010751,APP05702,REQ0128,S1,2025-01-31,20250131,2025-02-03,3,Rejected
EVT010752,APP05703,REQ0128,S1,2025-03-30,20250330,2025-04-01,2,Rejected
EVT010753,APP05704,REQ0128,S1,2025-03-27,20250327,2025-03-29,2,Rejected
EVT010754,APP05705,REQ0128,S1,2025-03-19,20250319,2025-03-20,1,Rejected
EVT010755,APP05706,REQ0128,S1,2025-02-15,20250215,2025-02-17,2,Advanced
EVT010756,APP05706,REQ0128,S2,2025-02-17,20250217,2025-02-19,2,Rejected
EVT010757,APP05707,REQ0128,S1,2025-01-28,20250128,2025-01-29,1,Rejected
EVT010758,APP05708,REQ0128,S1,2025-01-27,20250127,2025-01-28,1,Advanced
EVT010759,APP05708,REQ0128,S2,2025-01-28,20250128,2025-01-30,2,Rejected
EVT010760,APP05709,REQ0128,S1,2025-02-08,20250208,2025-02-10,2,Rejected
EVT010761,APP05710,REQ0128,S1,2025-02-26,20250226,2025-02-28,2,Rejected
EVT010762,APP05711,REQ0128,S1,2025-04-07,20250407,2025-04-08,1,Advanced
EVT010763,APP05711,REQ0128,S2,2025-04-08,20250408,2025-04-13,5,Advanced
EVT010764,APP05711,REQ0128,S3,2025-04-13,20250413,2025-04-20,7,Rejected
EVT010765,APP05712,REQ0128,S1,2025-01-24,20250124,2025-01-26,2,Advanced
EVT010766,APP05712,REQ0128,S2,2025-01-26,20250126,2025-01-29,3,Advanced
EVT010767,APP05712,REQ0128,S3,2025-01-29,20250129,2025-02-12,14,Advanced
EVT010768,APP05712,REQ0128,S4,2025-02-12,20250212,2025-02-16,4,Advanced
EVT010769,APP05712,REQ0128,S5,2025-02-16,20250216,2025-02-23,7,Rejected
EVT010770,APP05713,REQ0128,S1,2025-02-19,20250219,2025-02-20,1,Rejected
EVT010771,APP05714,REQ0128,S1,2025-01-24,20250124,2025-01-27,3,Rejected
EVT010772,APP05715,REQ0128,S1,2025-03-13,20250313,2025-03-15,2,Advanced
EVT010773,APP05715,REQ0128,S2,2025-03-15,20250315,2025-03-20,5,Advanced
EVT010774,APP05715,REQ0128,S3,2025-03-20,20250320,2025-04-02,13,Advanced
EVT010775,APP05715,REQ0128,S4,2025-04-02,20250402,2025-04-10,8,Advanced
EVT010776,APP05715,REQ0128,S5,2025-04-10,20250410,2025-04-17,7,Rejected
EVT010777,APP05716,REQ0128,S1,2025-02-01,20250201,2025-02-03,2,Rejected
EVT010778,APP05717,REQ0128,S1,2025-03-27,20250327,2025-03-29,2,Advanced
EVT010779,APP05717,REQ0128,S2,2025-03-29,20250329,2025-04-04,6,Advanced
EVT010780,APP05717,REQ0128,S3,2025-04-04,20250404,2025-04-16,12,Advanced
EVT010781,APP05717,REQ0128,S4,2025-04-16,20250416,2025-04-19,3,Rejected
EVT010782,APP05718,REQ0128,S1,2025-01-20,20250120,2025-01-21,1,Rejected
EVT010783,APP05719,REQ0128,S1,2025-02-13,20250213,2025-02-15,2,Advanced
EVT010784,APP05719,REQ0128,S2,2025-02-15,20250215,2025-02-19,4,Advanced
EVT010785,APP05719,REQ0128,S3,2025-02-19,20250219,2025-02-28,9,Advanced
EVT010786,APP05719,REQ0128,S4,2025-02-28,20250228,2025-03-05,5,Advanced
EVT010787,APP05719,REQ0128,S5,2025-03-05,20250305,2025-03-11,6,Advanced
EVT010788,APP05719,REQ0128,S6,2025-03-11,20250311,2025-03-18,7,Advanced
EVT010789,APP05719,REQ0128,S7,2025-03-18,20250318,2025-03-24,6,Advanced
EVT010790,APP05719,REQ0128,S8,2025-03-24,20250324,2025-03-24,0,Hired
EVT010791,APP05720,REQ0128,S1,2025-03-10,20250310,2025-03-12,2,Advanced
EVT010792,APP05720,REQ0128,S2,2025-03-12,20250312,2025-03-16,4,Rejected
EVT010793,APP05721,REQ0128,S1,2025-03-15,20250315,2025-03-17,2,Advanced
EVT010794,APP05721,REQ0128,S2,2025-03-17,20250317,2025-03-19,2,Rejected
EVT010795,APP05722,REQ0128,S1,2025-02-13,20250213,2025-02-14,1,Advanced
EVT010796,APP05722,REQ0128,S2,2025-02-14,20250214,2025-02-17,3,Rejected
EVT010797,APP05723,REQ0128,S1,2025-03-26,20250326,2025-03-27,1,Rejected
EVT010798,APP05724,REQ0128,S1,2025-03-26,20250326,2025-03-27,1,Rejected
EVT010799,APP05725,REQ0128,S1,2025-02-11,20250211,2025-02-12,1,Advanced
EVT010800,APP05725,REQ0128,S2,2025-02-12,20250212,2025-02-17,5,Advanced
EVT010801,APP05725,REQ0128,S3,2025-02-17,20250217,2025-02-28,11,Rejected
EVT010802,APP05726,REQ0128,S1,2025-03-02,20250302,2025-03-04,2,Rejected
EVT010803,APP05727,REQ0128,S1,2025-02-24,20250224,2025-02-25,1,Advanced
EVT010804,APP05727,REQ0128,S2,2025-02-25,20250225,2025-02-26,1,Rejected
EVT010805,APP05728,REQ0128,S1,2025-02-25,20250225,2025-02-26,1,Advanced
EVT010806,APP05728,REQ0128,S2,2025-02-26,20250226,2025-02-27,1,Rejected
EVT010807,APP05729,REQ0128,S1,2025-03-08,20250308,2025-03-09,1,Rejected
EVT010808,APP05730,REQ0128,S1,2025-01-24,20250124,2025-01-25,1,Advanced
EVT010809,APP05730,REQ0128,S2,2025-01-25,20250125,2025-01-29,4,Rejected
EVT010810,APP05731,REQ0128,S1,2025-02-03,20250203,2025-02-06,3,Advanced
EVT010811,APP05731,REQ0128,S2,2025-02-06,20250206,2025-02-10,4,Advanced
EVT010812,APP05731,REQ0128,S3,2025-02-10,20250210,2025-02-22,12,Advanced
EVT010813,APP05731,REQ0128,S4,2025-02-22,20250222,2025-03-01,7,Advanced
EVT010814,APP05731,REQ0128,S5,2025-03-01,20250301,2025-03-11,10,Rejected
EVT010815,APP05732,REQ0128,S1,2025-02-03,20250203,2025-02-06,3,Rejected
EVT010816,APP05733,REQ0128,S1,2025-02-04,20250204,2025-02-07,3,Advanced
EVT010817,APP05733,REQ0128,S2,2025-02-07,20250207,2025-02-10,3,Advanced
EVT010818,APP05733,REQ0128,S3,2025-02-10,20250210,2025-02-24,14,Advanced
EVT010819,APP05733,REQ0128,S4,2025-02-24,20250224,2025-02-27,3,Advanced
EVT010820,APP05733,REQ0128,S5,2025-02-27,20250227,2025-03-08,9,Rejected
EVT010821,APP05734,REQ0128,S1,2025-04-03,20250403,2025-04-04,1,Advanced
EVT010822,APP05734,REQ0128,S2,2025-04-04,20250404,2025-04-09,5,Rejected
EVT010823,APP05735,REQ0128,S1,2025-03-01,20250301,2025-03-02,1,Advanced
EVT010824,APP05735,REQ0128,S2,2025-03-02,20250302,2025-03-06,4,Advanced
EVT010825,APP05735,REQ0128,S3,2025-03-06,20250306,2025-03-16,10,Rejected
EVT010826,APP05736,REQ0128,S1,2025-01-30,20250130,2025-01-31,1,Advanced
EVT010827,APP05736,REQ0128,S2,2025-01-31,20250131,2025-02-03,3,Advanced
EVT010828,APP05736,REQ0128,S3,2025-02-03,20250203,2025-02-12,9,Advanced
EVT010829,APP05736,REQ0128,S4,2025-02-12,20250212,2025-02-20,8,Advanced
EVT010830,APP05736,REQ0128,S5,2025-02-20,20250220,2025-02-26,6,Rejected
EVT010831,APP05737,REQ0128,S1,2025-02-13,20250213,2025-02-15,2,Rejected
EVT010832,APP05738,REQ0128,S1,2025-01-25,20250125,2025-01-27,2,Advanced
EVT010833,APP05738,REQ0128,S2,2025-01-27,20250127,2025-02-01,5,Advanced
EVT010834,APP05738,REQ0128,S3,2025-02-01,20250201,2025-02-06,5,Rejected
EVT010835,APP05739,REQ0128,S1,2025-02-27,20250227,2025-02-28,1,Advanced
EVT010836,APP05739,REQ0128,S2,2025-02-28,20250228,2025-03-03,3,Advanced
EVT010837,APP05739,REQ0128,S3,2025-03-03,20250303,2025-03-08,5,Advanced
EVT010838,APP05739,REQ0128,S4,2025-03-08,20250308,2025-03-12,4,Rejected
EVT010839,APP05740,REQ0128,S1,2025-02-27,20250227,2025-03-01,2,Advanced
EVT010840,APP05740,REQ0128,S2,2025-03-01,20250301,2025-03-07,6,Rejected
EVT010841,APP05741,REQ0128,S1,2025-03-27,20250327,2025-03-28,1,Advanced
EVT010842,APP05741,REQ0128,S2,2025-03-28,20250328,2025-03-29,1,Rejected
EVT010843,APP05742,REQ0128,S1,2025-02-14,20250214,2025-02-17,3,Advanced
EVT010844,APP05742,REQ0128,S2,2025-02-17,20250217,2025-02-19,2,Rejected
EVT010845,APP05743,REQ0128,S1,2025-03-02,20250302,2025-03-05,3,Rejected
EVT010846,APP05744,REQ0128,S1,2025-02-02,20250202,2025-02-05,3,Advanced
EVT010847,APP05744,REQ0128,S2,2025-02-05,20250205,2025-02-09,4,Advanced
EVT010848,APP05744,REQ0128,S3,2025-02-09,20250209,2025-02-19,10,Rejected
EVT010849,APP05745,REQ0128,S1,2025-03-01,20250301,2025-03-02,1,Rejected
EVT010850,APP05746,REQ0128,S1,2025-03-02,20250302,2025-03-03,1,Rejected
EVT010851,APP05747,REQ0128,S1,2025-03-24,20250324,2025-03-26,2,Rejected
EVT010852,APP05748,REQ0128,S1,2025-02-08,20250208,2025-02-09,1,Advanced
EVT010853,APP05748,REQ0128,S2,2025-02-09,20250209,2025-02-15,6,Advanced
EVT010854,APP05748,REQ0128,S3,2025-02-15,20250215,2025-02-28,13,Advanced
EVT010855,APP05748,REQ0128,S4,2025-02-28,20250228,2025-03-04,4,Rejected
EVT010856,APP05749,REQ0128,S1,2025-03-20,20250320,2025-03-21,1,Advanced
EVT010857,APP05749,REQ0128,S2,2025-03-21,20250321,2025-03-24,3,Advanced
EVT010858,APP05749,REQ0128,S3,2025-03-24,20250324,2025-03-28,4,Advanced
EVT010859,APP05749,REQ0128,S4,2025-03-28,20250328,2025-03-31,3,Advanced
EVT010860,APP05749,REQ0128,S5,2025-03-31,20250331,2025-04-11,11,Advanced
EVT010861,APP05749,REQ0128,S6,2025-04-11,20250411,2025-04-19,8,Advanced
EVT010862,APP05749,REQ0128,S7,2025-04-19,20250419,2025-05-01,12,Advanced
EVT010863,APP05749,REQ0128,S8,2025-05-01,20250501,2025-05-01,0,Hired
EVT010864,APP05750,REQ0128,S1,2025-04-01,20250401,2025-04-04,3,Advanced
EVT010865,APP05750,REQ0128,S2,2025-04-04,20250404,2025-04-10,6,Rejected
EVT010866,APP05751,REQ0128,S1,2025-02-14,20250214,2025-02-15,1,Rejected
EVT010867,APP05752,REQ0128,S1,2025-01-31,20250131,2025-02-01,1,Rejected
EVT010868,APP05753,REQ0128,S1,2025-02-19,20250219,2025-02-20,1,Rejected
EVT010869,APP05754,REQ0128,S1,2025-01-21,20250121,2025-01-22,1,Advanced
EVT010870,APP05754,REQ0128,S2,2025-01-22,20250122,2025-01-24,2,Advanced
EVT010871,APP05754,REQ0128,S3,2025-01-24,20250124,2025-01-31,7,Advanced
EVT010872,APP05754,REQ0128,S4,2025-01-31,20250131,2025-02-05,5,Rejected
EVT010873,APP05755,REQ0128,S1,2025-01-26,20250126,2025-01-28,2,Advanced
EVT010874,APP05755,REQ0128,S2,2025-01-28,20250128,2025-01-30,2,Advanced
EVT010875,APP05755,REQ0128,S3,2025-01-30,20250130,2025-02-06,7,Rejected
EVT010876,APP05756,REQ0128,S1,2025-03-17,20250317,2025-03-20,3,Rejected
EVT010877,APP05757,REQ0129,S1,2024-10-07,20241007,2024-10-09,2,Rejected
EVT010878,APP05758,REQ0129,S1,2024-10-09,20241009,2024-10-11,2,Rejected
EVT010879,APP05759,REQ0129,S1,2024-10-18,20241018,2024-10-21,3,Advanced
EVT010880,APP05759,REQ0129,S2,2024-10-21,20241021,2024-10-23,2,Advanced
EVT010881,APP05759,REQ0129,S3,2024-10-23,20241023,2024-11-01,9,Rejected
EVT010882,APP05760,REQ0129,S1,2024-10-31,20241031,2024-11-01,1,Rejected
EVT010883,APP05761,REQ0129,S1,2024-11-01,20241101,2024-11-03,2,Rejected
EVT010884,APP05762,REQ0129,S1,2024-10-21,20241021,2024-10-24,3,Rejected
EVT010885,APP05763,REQ0129,S1,2024-10-21,20241021,2024-10-24,3,Advanced
EVT010886,APP05763,REQ0129,S2,2024-10-24,20241024,2024-10-30,6,Advanced
EVT010887,APP05763,REQ0129,S3,2024-10-30,20241030,2024-11-08,9,Rejected
EVT010888,APP05764,REQ0129,S1,2024-11-20,20241120,2024-11-21,1,Rejected
EVT010889,APP05765,REQ0129,S1,2024-10-31,20241031,2024-11-01,1,Rejected
EVT010890,APP05766,REQ0129,S1,2024-10-03,20241003,2024-10-05,2,Rejected
EVT010891,APP05767,REQ0129,S1,2024-12-01,20241201,2024-12-02,1,Advanced
EVT010892,APP05767,REQ0129,S2,2024-12-02,20241202,2024-12-04,2,Advanced
EVT010893,APP05767,REQ0129,S3,2024-12-04,20241204,2024-12-13,9,Rejected
EVT010894,APP05768,REQ0129,S1,2024-11-15,20241115,2024-11-17,2,Rejected
EVT010895,APP05769,REQ0129,S1,2024-11-10,20241110,2024-11-11,1,Advanced
EVT010896,APP05769,REQ0129,S2,2024-11-11,20241111,2024-11-17,6,Advanced
EVT010897,APP05769,REQ0129,S3,2024-11-17,20241117,2024-11-27,10,Rejected
EVT010898,APP05770,REQ0129,S1,2024-10-25,20241025,2024-10-26,1,Advanced
EVT010899,APP05770,REQ0129,S2,2024-10-26,20241026,2024-10-29,3,Advanced
EVT010900,APP05770,REQ0129,S3,2024-10-29,20241029,2024-11-02,4,Advanced
EVT010901,APP05770,REQ0129,S4,2024-11-02,20241102,2024-11-06,4,Advanced
EVT010902,APP05770,REQ0129,S5,2024-11-06,20241106,2024-11-13,7,Advanced
EVT010903,APP05770,REQ0129,S6,2024-11-13,20241113,2024-11-16,3,Advanced
EVT010904,APP05770,REQ0129,S7,2024-11-16,20241116,2024-11-23,7,Advanced
EVT010905,APP05770,REQ0129,S8,2024-11-23,20241123,2024-11-23,0,Hired
EVT010906,APP05771,REQ0129,S1,2024-11-01,20241101,2024-11-03,2,Advanced
EVT010907,APP05771,REQ0129,S2,2024-11-03,20241103,2024-11-06,3,Advanced
EVT010908,APP05771,REQ0129,S3,2024-11-06,20241106,2024-11-13,7,Rejected
EVT010909,APP05772,REQ0129,S1,2024-10-08,20241008,2024-10-09,1,Rejected
EVT010910,APP05773,REQ0129,S1,2024-11-17,20241117,2024-11-18,1,Rejected
EVT010911,APP05774,REQ0129,S1,2024-11-29,20241129,2024-11-30,1,Rejected
EVT010912,APP05775,REQ0129,S1,2024-11-26,20241126,2024-11-27,1,Rejected
EVT010913,APP05776,REQ0129,S1,2024-11-12,20241112,2024-11-14,2,Rejected
EVT010914,APP05777,REQ0129,S1,2024-10-30,20241030,2024-11-01,2,Rejected
EVT010915,APP05778,REQ0129,S1,2024-12-01,20241201,2024-12-02,1,Rejected
EVT010916,APP05779,REQ0129,S1,2024-11-02,20241102,2024-11-03,1,Rejected
EVT010917,APP05780,REQ0129,S1,2024-11-02,20241102,2024-11-03,1,Rejected
EVT010918,APP05781,REQ0129,S1,2024-11-13,20241113,2024-11-16,3,Rejected
EVT010919,APP05782,REQ0129,S1,2024-11-13,20241113,2024-11-15,2,Advanced
EVT010920,APP05782,REQ0129,S2,2024-11-15,20241115,2024-11-17,2,Advanced
EVT010921,APP05782,REQ0129,S3,2024-11-17,20241117,2024-11-25,8,Advanced
EVT010922,APP05782,REQ0129,S4,2024-11-25,20241125,2024-12-01,6,Advanced
EVT010923,APP05782,REQ0129,S5,2024-12-01,20241201,2024-12-10,9,Advanced
EVT010924,APP05782,REQ0129,S6,2024-12-10,20241210,2024-12-13,3,Rejected
EVT010925,APP05783,REQ0129,S1,2024-11-15,20241115,2024-11-16,1,Rejected
EVT010926,APP05784,REQ0129,S1,2024-11-01,20241101,2024-11-02,1,Rejected
EVT010927,APP05785,REQ0129,S1,2024-11-01,20241101,2024-11-02,1,Advanced
EVT010928,APP05785,REQ0129,S2,2024-11-02,20241102,2024-11-06,4,Rejected
EVT010929,APP05786,REQ0129,S1,2024-11-28,20241128,2024-11-30,2,Rejected
EVT010930,APP05787,REQ0129,S1,2024-11-19,20241119,2024-11-20,1,Advanced
EVT010931,APP05787,REQ0129,S2,2024-11-20,20241120,2024-11-24,4,Advanced
EVT010932,APP05787,REQ0129,S3,2024-11-24,20241124,2024-11-29,5,Rejected
EVT010933,APP05788,REQ0129,S1,2024-11-03,20241103,2024-11-06,3,Rejected
EVT010934,APP05789,REQ0129,S1,2024-10-30,20241030,2024-10-31,1,Rejected
EVT010935,APP05790,REQ0129,S1,2024-11-19,20241119,2024-11-21,2,Advanced
EVT010936,APP05790,REQ0129,S2,2024-11-21,20241121,2024-11-24,3,Advanced
EVT010937,APP05790,REQ0129,S3,2024-11-24,20241124,2024-12-01,7,Rejected
EVT010938,APP05791,REQ0129,S1,2024-10-18,20241018,2024-10-19,1,Rejected
EVT010939,APP05792,REQ0130,S1,2026-01-19,20260119,2026-01-21,2,Rejected
EVT010940,APP05793,REQ0130,S1,2026-01-02,20260102,2026-01-04,2,Advanced
EVT010941,APP05793,REQ0130,S2,2026-01-04,20260104,2026-01-09,5,Advanced
EVT010942,APP05793,REQ0130,S3,2026-01-09,20260109,2026-01-23,14,Rejected
EVT010943,APP05794,REQ0130,S1,2026-01-14,20260114,2026-01-15,1,Advanced
EVT010944,APP05794,REQ0130,S2,2026-01-15,20260115,2026-01-19,4,Advanced
EVT010945,APP05794,REQ0130,S3,2026-01-19,20260119,2026-02-02,14,Advanced
EVT010946,APP05794,REQ0130,S4,2026-02-02,20260202,2026-02-05,3,Advanced
EVT010947,APP05794,REQ0130,S5,2026-02-05,20260205,2026-02-14,9,Advanced
EVT010948,APP05794,REQ0130,S6,2026-02-14,20260214,2026-02-18,4,Advanced
EVT010949,APP05794,REQ0130,S7,2026-02-18,20260218,2026-02-28,10,Advanced
EVT010950,APP05794,REQ0130,S8,2026-02-28,20260228,2026-02-28,0,Hired
EVT010951,APP05795,REQ0130,S1,2025-12-29,20251229,2025-12-31,2,Advanced
EVT010952,APP05795,REQ0130,S2,2025-12-31,20251231,2026-01-03,3,Rejected
EVT010953,APP05796,REQ0130,S1,2026-01-01,20260101,2026-01-02,1,Advanced
EVT010954,APP05796,REQ0130,S2,2026-01-02,20260102,2026-01-05,3,Advanced
EVT010955,APP05796,REQ0130,S3,2026-01-05,20260105,2026-01-13,8,Rejected
EVT010956,APP05797,REQ0130,S1,2025-12-22,20251222,2025-12-25,3,Advanced
EVT010957,APP05797,REQ0130,S2,2025-12-25,20251225,2025-12-27,2,Rejected
EVT010958,APP05798,REQ0130,S1,2026-01-14,20260114,2026-01-17,3,Advanced
EVT010959,APP05798,REQ0130,S2,2026-01-17,20260117,2026-01-23,6,Rejected
EVT010960,APP05799,REQ0130,S1,2026-01-06,20260106,2026-01-09,3,Rejected
EVT010961,APP05800,REQ0130,S1,2025-12-14,20251214,2025-12-17,3,Rejected
EVT010962,APP05801,REQ0130,S1,2026-01-09,20260109,2026-01-10,1,Advanced
EVT010963,APP05801,REQ0130,S2,2026-01-10,20260110,2026-01-15,5,Rejected
EVT010964,APP05802,REQ0130,S1,2026-01-18,20260118,2026-01-19,1,Rejected
EVT010965,APP05803,REQ0130,S1,2026-01-07,20260107,2026-01-09,2,Advanced
EVT010966,APP05803,REQ0130,S2,2026-01-09,20260109,2026-01-12,3,Advanced
EVT010967,APP05803,REQ0130,S3,2026-01-12,20260112,2026-01-24,12,Advanced
EVT010968,APP05803,REQ0130,S4,2026-01-24,20260124,2026-01-31,7,Rejected
EVT010969,APP05804,REQ0130,S1,2026-01-03,20260103,2026-01-04,1,Advanced
EVT010970,APP05804,REQ0130,S2,2026-01-04,20260104,2026-01-08,4,Advanced
EVT010971,APP05804,REQ0130,S3,2026-01-08,20260108,2026-01-14,6,Rejected
EVT010972,APP05805,REQ0130,S1,2026-01-15,20260115,2026-01-16,1,Advanced
EVT010973,APP05805,REQ0130,S2,2026-01-16,20260116,2026-01-18,2,Advanced
EVT010974,APP05805,REQ0130,S3,2026-01-18,20260118,2026-01-23,5,Advanced
EVT010975,APP05805,REQ0130,S4,2026-01-23,20260123,2026-01-29,6,Advanced
EVT010976,APP05805,REQ0130,S5,2026-01-29,20260129,2026-02-03,5,Advanced
EVT010977,APP05805,REQ0130,S6,2026-02-03,20260203,2026-02-07,4,Advanced
EVT010978,APP05805,REQ0130,S7,2026-02-07,20260207,2026-02-18,11,Advanced
EVT010979,APP05805,REQ0130,S8,2026-02-18,20260218,2026-02-18,0,Hired
EVT010980,APP05806,REQ0130,S1,2025-12-29,20251229,2025-12-30,1,Advanced
EVT010981,APP05806,REQ0130,S2,2025-12-30,20251230,2026-01-02,3,Advanced
EVT010982,APP05806,REQ0130,S3,2026-01-02,20260102,2026-01-12,10,Advanced
EVT010983,APP05806,REQ0130,S4,2026-01-12,20260112,2026-01-18,6,Rejected
EVT010984,APP05807,REQ0130,S1,2025-12-24,20251224,2025-12-27,3,Rejected
EVT010985,APP05808,REQ0130,S1,2026-01-05,20260105,2026-01-07,2,Advanced
EVT010986,APP05808,REQ0130,S2,2026-01-07,20260107,2026-01-09,2,Rejected
EVT010987,APP05809,REQ0130,S1,2025-12-17,20251217,2025-12-19,2,Rejected
EVT010988,APP05810,REQ0130,S1,2025-12-26,20251226,2025-12-28,2,Advanced
EVT010989,APP05810,REQ0130,S2,2025-12-28,20251228,2025-12-30,2,Advanced
EVT010990,APP05810,REQ0130,S3,2025-12-30,20251230,2026-01-01,2,Advanced
EVT010991,APP05810,REQ0130,S4,2026-01-01,20260101,2026-01-04,3,Advanced
EVT010992,APP05810,REQ0130,S5,2026-01-04,20260104,2026-01-13,9,Advanced
EVT010993,APP05810,REQ0130,S6,2026-01-13,20260113,2026-01-19,6,Rejected
EVT010994,APP05811,REQ0130,S1,2025-12-17,20251217,2025-12-20,3,Advanced
EVT010995,APP05811,REQ0130,S2,2025-12-20,20251220,2025-12-22,2,Rejected
EVT010996,APP05812,REQ0130,S1,2026-01-11,20260111,2026-01-13,2,Rejected
EVT010997,APP05813,REQ0130,S1,2026-01-12,20260112,2026-01-13,1,Rejected
EVT010998,APP05814,REQ0130,S1,2026-01-17,20260117,2026-01-20,3,Rejected
EVT010999,APP05815,REQ0130,S1,2026-01-20,20260120,2026-01-23,3,Rejected
EVT011000,APP05816,REQ0130,S1,2026-01-13,20260113,2026-01-14,1,Advanced
EVT011001,APP05816,REQ0130,S2,2026-01-14,20260114,2026-01-20,6,Advanced
EVT011002,APP05816,REQ0130,S3,2026-01-20,20260120,2026-01-29,9,Rejected
EVT011003,APP05817,REQ0130,S1,2026-01-24,20260124,2026-01-27,3,Rejected
EVT011004,APP05818,REQ0130,S1,2025-12-30,20251230,2025-12-31,1,Rejected
EVT011005,APP05819,REQ0130,S1,2025-12-25,20251225,2025-12-26,1,Rejected
EVT011006,APP05820,REQ0130,S1,2026-01-11,20260111,2026-01-12,1,Advanced
EVT011007,APP05820,REQ0130,S2,2026-01-12,20260112,2026-01-14,2,Advanced
EVT011008,APP05820,REQ0130,S3,2026-01-14,20260114,2026-01-19,5,Rejected
EVT011009,APP05821,REQ0130,S1,2025-12-19,20251219,2025-12-20,1,Rejected
EVT011010,APP05822,REQ0130,S1,2025-12-16,20251216,2025-12-17,1,Advanced
EVT011011,APP05822,REQ0130,S2,2025-12-17,20251217,2025-12-19,2,Advanced
EVT011012,APP05822,REQ0130,S3,2025-12-19,20251219,2025-12-26,7,Rejected
EVT011013,APP05823,REQ0130,S1,2026-01-12,20260112,2026-01-13,1,Rejected
EVT011014,APP05824,REQ0130,S1,2026-01-13,20260113,2026-01-14,1,Advanced
EVT011015,APP05824,REQ0130,S2,2026-01-14,20260114,2026-01-18,4,Advanced
EVT011016,APP05824,REQ0130,S3,2026-01-18,20260118,2026-01-25,7,Advanced
EVT011017,APP05824,REQ0130,S4,2026-01-25,20260125,2026-01-30,5,Advanced
EVT011018,APP05824,REQ0130,S5,2026-01-30,20260130,2026-02-03,4,Rejected
EVT011019,APP05825,REQ0130,S1,2025-12-24,20251224,2025-12-25,1,Advanced
EVT011020,APP05825,REQ0130,S2,2025-12-25,20251225,2025-12-29,4,Rejected
EVT011021,APP05826,REQ0130,S1,2025-12-23,20251223,2025-12-25,2,Rejected
EVT011022,APP05827,REQ0130,S1,2025-12-15,20251215,2025-12-17,2,Rejected
EVT011023,APP05828,REQ0130,S1,2026-01-09,20260109,2026-01-10,1,Advanced
EVT011024,APP05828,REQ0130,S2,2026-01-10,20260110,2026-01-11,1,Rejected
EVT011025,APP05829,REQ0130,S1,2026-01-17,20260117,2026-01-18,1,Rejected
EVT011026,APP05830,REQ0130,S1,2025-12-30,20251230,2025-12-31,1,Rejected
EVT011027,APP05831,REQ0130,S1,2026-01-08,20260108,2026-01-09,1,Advanced
EVT011028,APP05831,REQ0130,S2,2026-01-09,20260109,2026-01-10,1,Rejected
EVT011029,APP05832,REQ0130,S1,2025-12-17,20251217,2025-12-18,1,Advanced
EVT011030,APP05832,REQ0130,S2,2025-12-18,20251218,2025-12-22,4,Advanced
EVT011031,APP05832,REQ0130,S3,2025-12-22,20251222,2025-12-26,4,Advanced
EVT011032,APP05832,REQ0130,S4,2025-12-26,20251226,2025-12-31,5,Advanced
EVT011033,APP05832,REQ0130,S5,2025-12-31,20251231,2026-01-08,8,Rejected
EVT011034,APP05833,REQ0130,S1,2025-12-25,20251225,2025-12-27,2,Rejected
EVT011035,APP05834,REQ0130,S1,2025-12-24,20251224,2025-12-26,2,Advanced
EVT011036,APP05834,REQ0130,S2,2025-12-26,20251226,2025-12-29,3,Advanced
EVT011037,APP05834,REQ0130,S3,2025-12-29,20251229,2026-01-05,7,Rejected
EVT011038,APP05835,REQ0130,S1,2025-12-16,20251216,2025-12-19,3,Rejected
EVT011039,APP05836,REQ0130,S1,2025-12-25,20251225,2025-12-26,1,Advanced
EVT011040,APP05836,REQ0130,S2,2025-12-26,20251226,2025-12-27,1,Rejected
EVT011041,APP05837,REQ0130,S1,2026-01-27,20260127,2026-01-28,1,Rejected
EVT011042,APP05838,REQ0130,S1,2026-01-24,20260124,2026-01-25,1,Advanced
EVT011043,APP05838,REQ0130,S2,2026-01-25,20260125,2026-01-29,4,Advanced
EVT011044,APP05838,REQ0130,S3,2026-01-29,20260129,2026-02-01,3,Advanced
EVT011045,APP05838,REQ0130,S4,2026-02-01,20260201,2026-02-09,8,Advanced
EVT011046,APP05838,REQ0130,S5,2026-02-09,20260209,2026-02-18,9,Advanced
EVT011047,APP05838,REQ0130,S6,2026-02-18,20260218,2026-02-21,3,Advanced
EVT011048,APP05838,REQ0130,S7,2026-02-21,20260221,2026-03-02,9,Rejected
EVT011049,APP05839,REQ0130,S1,2026-01-10,20260110,2026-01-12,2,Advanced
EVT011050,APP05839,REQ0130,S2,2026-01-12,20260112,2026-01-17,5,Advanced
EVT011051,APP05839,REQ0130,S3,2026-01-17,20260117,2026-01-27,10,Rejected
EVT011052,APP05840,REQ0130,S1,2026-01-03,20260103,2026-01-04,1,Advanced
EVT011053,APP05840,REQ0130,S2,2026-01-04,20260104,2026-01-06,2,Rejected
EVT011054,APP05841,REQ0131,S1,2025-03-21,20250321,2025-03-22,1,Rejected
EVT011055,APP05842,REQ0131,S1,2025-03-25,20250325,2025-03-27,2,Rejected
EVT011056,APP05843,REQ0131,S1,2025-04-25,20250425,2025-04-26,1,Advanced
EVT011057,APP05843,REQ0131,S2,2025-04-26,20250426,2025-05-02,6,Advanced
EVT011058,APP05843,REQ0131,S3,2025-05-02,20250502,2025-05-10,8,Rejected
EVT011059,APP05844,REQ0131,S1,2025-04-07,20250407,2025-04-10,3,Rejected
EVT011060,APP05845,REQ0131,S1,2025-03-21,20250321,2025-03-24,3,Advanced
EVT011061,APP05845,REQ0131,S2,2025-03-24,20250324,2025-03-30,6,Advanced
EVT011062,APP05845,REQ0131,S3,2025-03-30,20250330,2025-04-06,7,Rejected
EVT011063,APP05846,REQ0131,S1,2025-04-15,20250415,2025-04-16,1,Rejected
EVT011064,APP05847,REQ0131,S1,2025-03-23,20250323,2025-03-24,1,Rejected
EVT011065,APP05848,REQ0131,S1,2025-04-10,20250410,2025-04-11,1,Rejected
EVT011066,APP05849,REQ0131,S1,2025-04-02,20250402,2025-04-04,2,Advanced
EVT011067,APP05849,REQ0131,S2,2025-04-04,20250404,2025-04-10,6,Advanced
EVT011068,APP05849,REQ0131,S3,2025-04-10,20250410,2025-04-18,8,Advanced
EVT011069,APP05849,REQ0131,S4,2025-04-18,20250418,2025-04-24,6,Advanced
EVT011070,APP05849,REQ0131,S5,2025-04-24,20250424,2025-05-04,10,Advanced
EVT011071,APP05849,REQ0131,S6,2025-05-04,20250504,2025-05-11,7,Advanced
EVT011072,APP05849,REQ0131,S7,2025-05-11,20250511,2025-05-19,8,Rejected
EVT011073,APP05850,REQ0131,S1,2025-04-08,20250408,2025-04-09,1,Advanced
EVT011074,APP05850,REQ0131,S2,2025-04-09,20250409,2025-04-12,3,Rejected
EVT011075,APP05851,REQ0131,S1,2025-03-31,20250331,2025-04-03,3,Advanced
EVT011076,APP05851,REQ0131,S2,2025-04-03,20250403,2025-04-05,2,Advanced
EVT011077,APP05851,REQ0131,S3,2025-04-05,20250405,2025-04-09,4,Rejected
EVT011078,APP05852,REQ0131,S1,2025-04-05,20250405,2025-04-08,3,Advanced
EVT011079,APP05852,REQ0131,S2,2025-04-08,20250408,2025-04-14,6,Advanced
EVT011080,APP05852,REQ0131,S3,2025-04-14,20250414,2025-04-20,6,Advanced
EVT011081,APP05852,REQ0131,S4,2025-04-20,20250420,2025-04-28,8,Rejected
EVT011082,APP05853,REQ0131,S1,2025-04-10,20250410,2025-04-11,1,Rejected
EVT011083,APP05854,REQ0131,S1,2025-03-17,20250317,2025-03-18,1,Rejected
EVT011084,APP05855,REQ0131,S1,2025-03-31,20250331,2025-04-01,1,Advanced
EVT011085,APP05855,REQ0131,S2,2025-04-01,20250401,2025-04-05,4,Advanced
EVT011086,APP05855,REQ0131,S3,2025-04-05,20250405,2025-04-12,7,Advanced
EVT011087,APP05855,REQ0131,S4,2025-04-12,20250412,2025-04-20,8,Advanced
EVT011088,APP05855,REQ0131,S5,2025-04-20,20250420,2025-04-26,6,Advanced
EVT011089,APP05855,REQ0131,S6,2025-04-26,20250426,2025-05-01,5,Rejected
EVT011090,APP05856,REQ0131,S1,2025-03-18,20250318,2025-03-21,3,Rejected
EVT011091,APP05857,REQ0131,S1,2025-03-24,20250324,2025-03-25,1,Rejected
EVT011092,APP05858,REQ0131,S1,2025-03-28,20250328,2025-03-29,1,Rejected
EVT011093,APP05859,REQ0131,S1,2025-04-09,20250409,2025-04-10,1,Advanced
EVT011094,APP05859,REQ0131,S2,2025-04-10,20250410,2025-04-13,3,Rejected
EVT011095,APP05860,REQ0131,S1,2025-04-06,20250406,2025-04-07,1,Advanced
EVT011096,APP05860,REQ0131,S2,2025-04-07,20250407,2025-04-09,2,Advanced
EVT011097,APP05860,REQ0131,S3,2025-04-09,20250409,2025-04-13,4,Rejected
EVT011098,APP05861,REQ0131,S1,2025-03-17,20250317,2025-03-18,1,Rejected
EVT011099,APP05862,REQ0131,S1,2025-04-08,20250408,2025-04-09,1,Advanced
EVT011100,APP05862,REQ0131,S2,2025-04-09,20250409,2025-04-11,2,Advanced
EVT011101,APP05862,REQ0131,S3,2025-04-11,20250411,2025-04-14,3,Rejected
EVT011102,APP05863,REQ0131,S1,2025-03-27,20250327,2025-03-30,3,Rejected
EVT011103,APP05864,REQ0131,S1,2025-03-27,20250327,2025-03-30,3,Rejected
EVT011104,APP05865,REQ0131,S1,2025-04-22,20250422,2025-04-24,2,Advanced
EVT011105,APP05865,REQ0131,S2,2025-04-24,20250424,2025-04-26,2,Rejected
EVT011106,APP05866,REQ0131,S1,2025-03-28,20250328,2025-03-29,1,Rejected
EVT011107,APP05867,REQ0131,S1,2025-03-31,20250331,2025-04-02,2,Rejected
EVT011108,APP05868,REQ0131,S1,2025-03-23,20250323,2025-03-25,2,Advanced
EVT011109,APP05868,REQ0131,S2,2025-03-25,20250325,2025-03-31,6,Advanced
EVT011110,APP05868,REQ0131,S3,2025-03-31,20250331,2025-04-06,6,Advanced
EVT011111,APP05868,REQ0131,S4,2025-04-06,20250406,2025-04-11,5,Rejected
EVT011112,APP05869,REQ0131,S1,2025-04-20,20250420,2025-04-23,3,Rejected
EVT011113,APP05870,REQ0132,S1,2024-11-13,20241113,2024-11-15,2,Advanced
EVT011114,APP05870,REQ0132,S2,2024-11-15,20241115,2024-11-18,3,Advanced
EVT011115,APP05870,REQ0132,S3,2024-11-18,20241118,2024-11-25,7,Advanced
EVT011116,APP05870,REQ0132,S4,2024-11-25,20241125,2024-11-28,3,Rejected
EVT011117,APP05871,REQ0132,S1,2024-11-08,20241108,2024-11-11,3,Rejected
EVT011118,APP05872,REQ0132,S1,2024-11-13,20241113,2024-11-14,1,Rejected
EVT011119,APP05873,REQ0132,S1,2024-10-09,20241009,2024-10-12,3,Rejected
EVT011120,APP05874,REQ0132,S1,2024-10-27,20241027,2024-10-28,1,Advanced
EVT011121,APP05874,REQ0132,S2,2024-10-28,20241028,2024-11-03,6,Rejected
EVT011122,APP05875,REQ0132,S1,2024-11-12,20241112,2024-11-13,1,Rejected
EVT011123,APP05876,REQ0132,S1,2024-11-07,20241107,2024-11-08,1,Rejected
EVT011124,APP05877,REQ0132,S1,2024-10-18,20241018,2024-10-21,3,Advanced
EVT011125,APP05877,REQ0132,S2,2024-10-21,20241021,2024-10-25,4,Advanced
EVT011126,APP05877,REQ0132,S3,2024-10-25,20241025,2024-10-29,4,Rejected
EVT011127,APP05878,REQ0132,S1,2024-10-24,20241024,2024-10-26,2,Advanced
EVT011128,APP05878,REQ0132,S2,2024-10-26,20241026,2024-10-29,3,Advanced
EVT011129,APP05878,REQ0132,S3,2024-10-29,20241029,2024-11-05,7,Advanced
EVT011130,APP05878,REQ0132,S4,2024-11-05,20241105,2024-11-11,6,Advanced
EVT011131,APP05878,REQ0132,S5,2024-11-11,20241111,2024-11-16,5,Advanced
EVT011132,APP05878,REQ0132,S6,2024-11-16,20241116,2024-11-22,6,Rejected
EVT011133,APP05879,REQ0132,S1,2024-10-28,20241028,2024-10-29,1,Rejected
EVT011134,APP05880,REQ0132,S1,2024-10-04,20241004,2024-10-05,1,Advanced
EVT011135,APP05880,REQ0132,S2,2024-10-05,20241005,2024-10-06,1,Advanced
EVT011136,APP05880,REQ0132,S3,2024-10-06,20241006,2024-10-13,7,Advanced
EVT011137,APP05880,REQ0132,S4,2024-10-13,20241013,2024-10-16,3,Advanced
EVT011138,APP05880,REQ0132,S5,2024-10-16,20241016,2024-10-20,4,Advanced
EVT011139,APP05880,REQ0132,S6,2024-10-20,20241020,2024-10-29,9,Advanced
EVT011140,APP05880,REQ0132,S7,2024-10-29,20241029,2024-11-06,8,Advanced
EVT011141,APP05880,REQ0132,S8,2024-11-06,20241106,2024-11-06,0,Hired
EVT011142,APP05881,REQ0132,S1,2024-11-08,20241108,2024-11-10,2,Rejected
EVT011143,APP05882,REQ0132,S1,2024-10-08,20241008,2024-10-10,2,Advanced
EVT011144,APP05882,REQ0132,S2,2024-10-10,20241010,2024-10-13,3,Advanced
EVT011145,APP05882,REQ0132,S3,2024-10-13,20241013,2024-10-22,9,Rejected
EVT011146,APP05883,REQ0132,S1,2024-11-01,20241101,2024-11-03,2,Rejected
EVT011147,APP05884,REQ0132,S1,2024-10-24,20241024,2024-10-27,3,Rejected
EVT011148,APP05885,REQ0132,S1,2024-10-21,20241021,2024-10-24,3,Rejected
EVT011149,APP05886,REQ0132,S1,2024-11-02,20241102,2024-11-03,1,Rejected
EVT011150,APP05887,REQ0132,S1,2024-10-28,20241028,2024-10-30,2,Rejected
EVT011151,APP05888,REQ0132,S1,2024-10-06,20241006,2024-10-08,2,Rejected
EVT011152,APP05889,REQ0132,S1,2024-10-15,20241015,2024-10-17,2,Rejected
EVT011153,APP05890,REQ0132,S1,2024-11-04,20241104,2024-11-05,1,Rejected
EVT011154,APP05891,REQ0132,S1,2024-10-18,20241018,2024-10-19,1,Rejected
EVT011155,APP05892,REQ0132,S1,2024-10-25,20241025,2024-10-27,2,Advanced
EVT011156,APP05892,REQ0132,S2,2024-10-27,20241027,2024-10-29,2,Advanced
EVT011157,APP05892,REQ0132,S3,2024-10-29,20241029,2024-11-12,14,Rejected
EVT011158,APP05893,REQ0132,S1,2024-10-09,20241009,2024-10-10,1,Rejected
EVT011159,APP05894,REQ0132,S1,2024-10-18,20241018,2024-10-20,2,Advanced
EVT011160,APP05894,REQ0132,S2,2024-10-20,20241020,2024-10-22,2,Rejected
EVT011161,APP05895,REQ0132,S1,2024-11-01,20241101,2024-11-03,2,Advanced
EVT011162,APP05895,REQ0132,S2,2024-11-03,20241103,2024-11-09,6,Rejected
EVT011163,APP05896,REQ0132,S1,2024-10-10,20241010,2024-10-11,1,Rejected
EVT011164,APP05897,REQ0132,S1,2024-11-01,20241101,2024-11-02,1,Rejected
EVT011165,APP05898,REQ0132,S1,2024-11-08,20241108,2024-11-10,2,Advanced
EVT011166,APP05898,REQ0132,S2,2024-11-10,20241110,2024-11-11,1,Rejected
EVT011167,APP05899,REQ0132,S1,2024-10-21,20241021,2024-10-22,1,Rejected
EVT011168,APP05900,REQ0132,S1,2024-10-18,20241018,2024-10-20,2,Rejected
EVT011169,APP05901,REQ0132,S1,2024-10-02,20241002,2024-10-04,2,Rejected
EVT011170,APP05902,REQ0132,S1,2024-10-04,20241004,2024-10-06,2,Rejected
EVT011171,APP05903,REQ0132,S1,2024-11-08,20241108,2024-11-10,2,Advanced
EVT011172,APP05903,REQ0132,S2,2024-11-10,20241110,2024-11-14,4,Advanced
EVT011173,APP05903,REQ0132,S3,2024-11-14,20241114,2024-11-21,7,Rejected
EVT011174,APP05904,REQ0133,S1,2025-11-16,20251116,2025-11-19,3,Rejected
EVT011175,APP05905,REQ0133,S1,2025-10-26,20251026,2025-10-27,1,Advanced
EVT011176,APP05905,REQ0133,S2,2025-10-27,20251027,2025-11-01,5,Advanced
EVT011177,APP05905,REQ0133,S3,2025-11-01,20251101,2025-11-15,14,Advanced
EVT011178,APP05905,REQ0133,S4,2025-11-15,20251115,2025-11-22,7,Advanced
EVT011179,APP05905,REQ0133,S5,2025-11-22,20251122,2025-11-26,4,Advanced
EVT011180,APP05905,REQ0133,S6,2025-11-26,20251126,2025-11-30,4,Advanced
EVT011181,APP05905,REQ0133,S7,2025-11-30,20251130,2025-12-12,12,Rejected
EVT011182,APP05906,REQ0133,S1,2025-11-15,20251115,2025-11-16,1,Advanced
EVT011183,APP05906,REQ0133,S2,2025-11-16,20251116,2025-11-22,6,Advanced
EVT011184,APP05906,REQ0133,S3,2025-11-22,20251122,2025-12-01,9,Rejected
EVT011185,APP05907,REQ0133,S1,2025-11-03,20251103,2025-11-04,1,Rejected
EVT011186,APP05908,REQ0133,S1,2025-11-11,20251111,2025-11-13,2,Rejected
EVT011187,APP05909,REQ0133,S1,2025-11-18,20251118,2025-11-21,3,Advanced
EVT011188,APP05909,REQ0133,S2,2025-11-21,20251121,2025-11-26,5,Rejected
EVT011189,APP05910,REQ0133,S1,2025-11-19,20251119,2025-11-22,3,Rejected
EVT011190,APP05911,REQ0133,S1,2025-10-30,20251030,2025-11-02,3,Rejected
EVT011191,APP05912,REQ0133,S1,2025-11-11,20251111,2025-11-12,1,Advanced
EVT011192,APP05912,REQ0133,S2,2025-11-12,20251112,2025-11-15,3,Advanced
EVT011193,APP05912,REQ0133,S3,2025-11-15,20251115,2025-11-23,8,Rejected
EVT011194,APP05913,REQ0133,S1,2025-11-04,20251104,2025-11-07,3,Advanced
EVT011195,APP05913,REQ0133,S2,2025-11-07,20251107,2025-11-09,2,Rejected
EVT011196,APP05914,REQ0133,S1,2025-11-16,20251116,2025-11-17,1,Advanced
EVT011197,APP05914,REQ0133,S2,2025-11-17,20251117,2025-11-20,3,Advanced
EVT011198,APP05914,REQ0133,S3,2025-11-20,20251120,2025-11-28,8,Advanced
EVT011199,APP05914,REQ0133,S4,2025-11-28,20251128,2025-12-01,3,Advanced
EVT011200,APP05914,REQ0133,S5,2025-12-01,20251201,2025-12-12,11,Advanced
EVT011201,APP05914,REQ0133,S6,2025-12-12,20251212,2025-12-16,4,Rejected
EVT011202,APP05915,REQ0133,S1,2025-11-05,20251105,2025-11-07,2,Rejected
EVT011203,APP05916,REQ0133,S1,2025-11-14,20251114,2025-11-16,2,Advanced
EVT011204,APP05916,REQ0133,S2,2025-11-16,20251116,2025-11-18,2,Rejected
EVT011205,APP05917,REQ0133,S1,2025-11-13,20251113,2025-11-16,3,Advanced
EVT011206,APP05917,REQ0133,S2,2025-11-16,20251116,2025-11-22,6,Rejected
EVT011207,APP05918,REQ0133,S1,2025-11-09,20251109,2025-11-10,1,Rejected
EVT011208,APP05919,REQ0133,S1,2025-11-18,20251118,2025-11-20,2,Advanced
EVT011209,APP05919,REQ0133,S2,2025-11-20,20251120,2025-11-23,3,Rejected
EVT011210,APP05920,REQ0133,S1,2025-11-16,20251116,2025-11-18,2,Rejected
EVT011211,APP05921,REQ0133,S1,2025-10-26,20251026,2025-10-28,2,Advanced
EVT011212,APP05921,REQ0133,S2,2025-10-28,20251028,2025-11-03,6,Rejected
EVT011213,APP05922,REQ0133,S1,2025-11-11,20251111,2025-11-12,1,Advanced
EVT011214,APP05922,REQ0133,S2,2025-11-12,20251112,2025-11-15,3,Rejected
EVT011215,APP05923,REQ0133,S1,2025-11-01,20251101,2025-11-02,1,Advanced
EVT011216,APP05923,REQ0133,S2,2025-11-02,20251102,2025-11-04,2,Rejected
EVT011217,APP05924,REQ0133,S1,2025-11-08,20251108,2025-11-11,3,Rejected
EVT011218,APP05925,REQ0133,S1,2025-11-16,20251116,2025-11-19,3,Advanced
EVT011219,APP05925,REQ0133,S2,2025-11-19,20251119,2025-11-24,5,Advanced
EVT011220,APP05925,REQ0133,S3,2025-11-24,20251124,2025-12-04,10,Advanced
EVT011221,APP05925,REQ0133,S4,2025-12-04,20251204,2025-12-08,4,Advanced
EVT011222,APP05925,REQ0133,S5,2025-12-08,20251208,2025-12-16,8,Advanced
EVT011223,APP05925,REQ0133,S6,2025-12-16,20251216,2025-12-24,8,Advanced
EVT011224,APP05925,REQ0133,S7,2025-12-24,20251224,2025-12-28,4,Advanced
EVT011225,APP05925,REQ0133,S8,2025-12-28,20251228,2025-12-28,0,Hired
EVT011226,APP05926,REQ0133,S1,2025-10-26,20251026,2025-10-27,1,Rejected
EVT011227,APP05927,REQ0133,S1,2025-11-04,20251104,2025-11-05,1,Rejected
EVT011228,APP05928,REQ0133,S1,2025-11-08,20251108,2025-11-10,2,Rejected
EVT011229,APP05929,REQ0133,S1,2025-10-20,20251020,2025-10-22,2,Advanced
EVT011230,APP05929,REQ0133,S2,2025-10-22,20251022,2025-10-25,3,Advanced
EVT011231,APP05929,REQ0133,S3,2025-10-25,20251025,2025-11-03,9,Rejected
EVT011232,APP05930,REQ0133,S1,2025-11-17,20251117,2025-11-20,3,Rejected
EVT011233,APP05931,REQ0133,S1,2025-11-04,20251104,2025-11-05,1,Advanced
EVT011234,APP05931,REQ0133,S2,2025-11-05,20251105,2025-11-09,4,Advanced
EVT011235,APP05931,REQ0133,S3,2025-11-09,20251109,2025-11-18,9,Advanced
EVT011236,APP05931,REQ0133,S4,2025-11-18,20251118,2025-11-24,6,Advanced
EVT011237,APP05931,REQ0133,S5,2025-11-24,20251124,2025-12-03,9,Rejected
EVT011238,APP05932,REQ0133,S1,2025-11-16,20251116,2025-11-18,2,Rejected
EVT011239,APP05933,REQ0133,S1,2025-11-07,20251107,2025-11-08,1,Rejected
EVT011240,APP05934,REQ0133,S1,2025-11-09,20251109,2025-11-10,1,Rejected
EVT011241,APP05935,REQ0133,S1,2025-11-05,20251105,2025-11-06,1,Advanced
EVT011242,APP05935,REQ0133,S2,2025-11-06,20251106,2025-11-07,1,Rejected
EVT011243,APP05936,REQ0133,S1,2025-11-05,20251105,2025-11-06,1,Advanced
EVT011244,APP05936,REQ0133,S2,2025-11-06,20251106,2025-11-10,4,Rejected
EVT011245,APP05937,REQ0133,S1,2025-10-27,20251027,2025-10-28,1,Rejected
EVT011246,APP05938,REQ0133,S1,2025-11-15,20251115,2025-11-18,3,Rejected
EVT011247,APP05939,REQ0133,S1,2025-10-23,20251023,2025-10-24,1,Rejected
EVT011248,APP05940,REQ0133,S1,2025-10-29,20251029,2025-10-31,2,Rejected
EVT011249,APP05941,REQ0133,S1,2025-11-05,20251105,2025-11-06,1,Advanced
EVT011250,APP05941,REQ0133,S2,2025-11-06,20251106,2025-11-12,6,Rejected
EVT011251,APP05942,REQ0133,S1,2025-11-02,20251102,2025-11-03,1,Rejected
EVT011252,APP05943,REQ0133,S1,2025-10-21,20251021,2025-10-23,2,Advanced
EVT011253,APP05943,REQ0133,S2,2025-10-23,20251023,2025-10-27,4,Rejected
EVT011254,APP05944,REQ0133,S1,2025-11-08,20251108,2025-11-11,3,Advanced
EVT011255,APP05944,REQ0133,S2,2025-11-11,20251111,2025-11-17,6,Rejected
EVT011256,APP05945,REQ0133,S1,2025-11-11,20251111,2025-11-12,1,Rejected
EVT011257,APP05946,REQ0133,S1,2025-10-23,20251023,2025-10-26,3,Advanced
EVT011258,APP05946,REQ0133,S2,2025-10-26,20251026,2025-10-30,4,Rejected
EVT011259,APP05947,REQ0133,S1,2025-10-29,20251029,2025-10-30,1,Rejected
EVT011260,APP05948,REQ0133,S1,2025-10-24,20251024,2025-10-27,3,Advanced
EVT011261,APP05948,REQ0133,S2,2025-10-27,20251027,2025-10-30,3,Advanced
EVT011262,APP05948,REQ0133,S3,2025-10-30,20251030,2025-11-13,14,Advanced
EVT011263,APP05948,REQ0133,S4,2025-11-13,20251113,2025-11-17,4,Advanced
EVT011264,APP05948,REQ0133,S5,2025-11-17,20251117,2025-11-27,10,Advanced
EVT011265,APP05948,REQ0133,S6,2025-11-27,20251127,2025-12-06,9,Advanced
EVT011266,APP05948,REQ0133,S7,2025-12-06,20251206,2025-12-14,8,Rejected
EVT011267,APP05949,REQ0133,S1,2025-10-31,20251031,2025-11-01,1,Rejected
EVT011268,APP05950,REQ0133,S1,2025-10-31,20251031,2025-11-03,3,Advanced
EVT011269,APP05950,REQ0133,S2,2025-11-03,20251103,2025-11-07,4,Advanced
EVT011270,APP05950,REQ0133,S3,2025-11-07,20251107,2025-11-21,14,Advanced
EVT011271,APP05950,REQ0133,S4,2025-11-21,20251121,2025-11-24,3,Advanced
EVT011272,APP05950,REQ0133,S5,2025-11-24,20251124,2025-12-03,9,Advanced
EVT011273,APP05950,REQ0133,S6,2025-12-03,20251203,2025-12-10,7,Advanced
EVT011274,APP05950,REQ0133,S7,2025-12-10,20251210,2025-12-18,8,Advanced
EVT011275,APP05950,REQ0133,S8,2025-12-18,20251218,2025-12-18,0,Hired
EVT011276,APP05951,REQ0133,S1,2025-10-27,20251027,2025-10-30,3,Advanced
EVT011277,APP05951,REQ0133,S2,2025-10-30,20251030,2025-11-05,6,Rejected
EVT011278,APP05952,REQ0133,S1,2025-11-20,20251120,2025-11-22,2,Rejected
EVT011279,APP05953,REQ0133,S1,2025-11-11,20251111,2025-11-14,3,Advanced
EVT011280,APP05953,REQ0133,S2,2025-11-14,20251114,2025-11-17,3,Rejected
EVT011281,APP05954,REQ0133,S1,2025-10-24,20251024,2025-10-25,1,Rejected
EVT011282,APP05955,REQ0133,S1,2025-11-20,20251120,2025-11-23,3,Rejected
EVT011283,APP05956,REQ0133,S1,2025-11-03,20251103,2025-11-04,1,Advanced
EVT011284,APP05956,REQ0133,S2,2025-11-04,20251104,2025-11-06,2,Advanced
EVT011285,APP05956,REQ0133,S3,2025-11-06,20251106,2025-11-08,2,Advanced
EVT011286,APP05956,REQ0133,S4,2025-11-08,20251108,2025-11-15,7,Rejected
EVT011287,APP05957,REQ0134,S1,2025-09-11,20250911,2025-09-13,2,Advanced
EVT011288,APP05957,REQ0134,S2,2025-09-13,20250913,2025-09-15,2,Advanced
EVT011289,APP05957,REQ0134,S3,2025-09-15,20250915,2025-09-19,4,Advanced
EVT011290,APP05957,REQ0134,S4,2025-09-19,20250919,2025-09-22,3,Rejected
EVT011291,APP05958,REQ0134,S1,2025-09-05,20250905,2025-09-07,2,Advanced
EVT011292,APP05958,REQ0134,S2,2025-09-07,20250907,2025-09-11,4,Advanced
EVT011293,APP05958,REQ0134,S3,2025-09-11,20250911,2025-09-14,3,Advanced
EVT011294,APP05958,REQ0134,S4,2025-09-14,20250914,2025-09-22,8,Advanced
EVT011295,APP05958,REQ0134,S5,2025-09-22,20250922,2025-09-29,7,Rejected
EVT011296,APP05959,REQ0134,S1,2025-09-10,20250910,2025-09-11,1,Advanced
EVT011297,APP05959,REQ0134,S2,2025-09-11,20250911,2025-09-14,3,Rejected
EVT011298,APP05960,REQ0134,S1,2025-09-08,20250908,2025-09-10,2,Advanced
EVT011299,APP05960,REQ0134,S2,2025-09-10,20250910,2025-09-14,4,Rejected
EVT011300,APP05961,REQ0134,S1,2025-09-11,20250911,2025-09-13,2,Advanced
EVT011301,APP05961,REQ0134,S2,2025-09-13,20250913,2025-09-14,1,Rejected
EVT011302,APP05962,REQ0134,S1,2025-09-02,20250902,2025-09-03,1,Rejected
EVT011303,APP05963,REQ0134,S1,2025-09-06,20250906,2025-09-07,1,Rejected
EVT011304,APP05964,REQ0134,S1,2025-09-09,20250909,2025-09-11,2,Rejected
EVT011305,APP05965,REQ0134,S1,2025-09-08,20250908,2025-09-10,2,Rejected
EVT011306,APP05966,REQ0134,S1,2025-09-08,20250908,2025-09-09,1,Rejected
EVT011307,APP05967,REQ0134,S1,2025-09-11,20250911,2025-09-14,3,Advanced
EVT011308,APP05967,REQ0134,S2,2025-09-14,20250914,2025-09-18,4,Advanced
EVT011309,APP05967,REQ0134,S3,2025-09-18,20250918,2025-10-02,14,Rejected
EVT011310,APP05968,REQ0134,S1,2025-09-14,20250914,2025-09-15,1,Rejected
EVT011311,APP05969,REQ0134,S1,2025-09-06,20250906,2025-09-07,1,Rejected
EVT011312,APP05970,REQ0134,S1,2025-09-12,20250912,2025-09-14,2,Advanced
EVT011313,APP05970,REQ0134,S2,2025-09-14,20250914,2025-09-16,2,Rejected
EVT011314,APP05971,REQ0134,S1,2025-09-05,20250905,2025-09-08,3,Rejected
EVT011315,APP05972,REQ0134,S1,2025-09-06,20250906,2025-09-07,1,Advanced
EVT011316,APP05972,REQ0134,S2,2025-09-07,20250907,2025-09-10,3,Rejected
EVT011317,APP05973,REQ0134,S1,2025-09-05,20250905,2025-09-06,1,Advanced
EVT011318,APP05973,REQ0134,S2,2025-09-06,20250906,2025-09-08,2,Advanced
EVT011319,APP05973,REQ0134,S3,2025-09-08,20250908,2025-09-15,7,Rejected
EVT011320,APP05974,REQ0134,S1,2025-09-05,20250905,2025-09-08,3,Rejected
EVT011321,APP05975,REQ0134,S1,2025-09-02,20250902,2025-09-03,1,Advanced
EVT011322,APP05975,REQ0134,S2,2025-09-03,20250903,2025-09-06,3,Advanced
EVT011323,APP05975,REQ0134,S3,2025-09-06,20250906,2025-09-17,11,Advanced
EVT011324,APP05975,REQ0134,S4,2025-09-17,20250917,2025-09-23,6,Advanced
EVT011325,APP05975,REQ0134,S5,2025-09-23,20250923,2025-10-03,10,Rejected
EVT011326,APP05976,REQ0134,S1,2025-09-10,20250910,2025-09-11,1,Advanced
EVT011327,APP05976,REQ0134,S2,2025-09-11,20250911,2025-09-15,4,Rejected
EVT011328,APP05977,REQ0134,S1,2025-09-02,20250902,2025-09-03,1,Advanced
EVT011329,APP05977,REQ0134,S2,2025-09-03,20250903,2025-09-05,2,Advanced
EVT011330,APP05977,REQ0134,S3,2025-09-05,20250905,2025-09-07,2,Rejected
EVT011331,APP05978,REQ0134,S1,2025-09-06,20250906,2025-09-07,1,Rejected
EVT011332,APP05979,REQ0134,S1,2025-09-12,20250912,2025-09-14,2,Rejected
EVT011333,APP05980,REQ0134,S1,2025-09-07,20250907,2025-09-08,1,Rejected
EVT011334,APP05981,REQ0134,S1,2025-09-06,20250906,2025-09-09,3,Advanced
EVT011335,APP05981,REQ0134,S2,2025-09-09,20250909,2025-09-13,4,Advanced
EVT011336,APP05981,REQ0134,S3,2025-09-13,20250913,2025-09-18,5,Advanced
EVT011337,APP05981,REQ0134,S4,2025-09-18,20250918,2025-09-21,3,Advanced
EVT011338,APP05981,REQ0134,S5,2025-09-21,20250921,2025-09-30,9,Advanced
EVT011339,APP05981,REQ0134,S6,2025-09-30,20250930,2025-10-03,3,Advanced
EVT011340,APP05981,REQ0134,S7,2025-10-03,20251003,2025-10-10,7,Advanced
EVT011341,APP05981,REQ0134,S8,2025-10-10,20251010,2025-10-10,0,Hired
EVT011342,APP05982,REQ0134,S1,2025-09-14,20250914,2025-09-15,1,Rejected
EVT011343,APP05983,REQ0134,S1,2025-09-03,20250903,2025-09-05,2,Rejected
EVT011344,APP05984,REQ0134,S1,2025-09-03,20250903,2025-09-04,1,Rejected
EVT011345,APP05985,REQ0134,S1,2025-09-11,20250911,2025-09-12,1,Rejected
EVT011346,APP05986,REQ0134,S1,2025-09-06,20250906,2025-09-09,3,Rejected
EVT011347,APP05987,REQ0134,S1,2025-09-05,20250905,2025-09-06,1,Rejected
EVT011348,APP05988,REQ0134,S1,2025-09-11,20250911,2025-09-13,2,Rejected
EVT011349,APP05989,REQ0134,S1,2025-09-09,20250909,2025-09-10,1,Rejected
EVT011350,APP05990,REQ0134,S1,2025-09-11,20250911,2025-09-13,2,Rejected
EVT011351,APP05991,REQ0135,S1,2025-02-17,20250217,2025-02-18,1,Rejected
EVT011352,APP05992,REQ0135,S1,2025-02-13,20250213,2025-02-14,1,Rejected
EVT011353,APP05993,REQ0135,S1,2025-02-17,20250217,2025-02-18,1,Rejected
EVT011354,APP05994,REQ0135,S1,2025-03-04,20250304,2025-03-06,2,Rejected
EVT011355,APP05995,REQ0135,S1,2025-02-25,20250225,2025-02-27,2,Rejected
EVT011356,APP05996,REQ0135,S1,2025-03-01,20250301,2025-03-04,3,Rejected
EVT011357,APP05997,REQ0135,S1,2025-03-07,20250307,2025-03-08,1,Rejected
EVT011358,APP05998,REQ0135,S1,2025-03-05,20250305,2025-03-06,1,Advanced
EVT011359,APP05998,REQ0135,S2,2025-03-06,20250306,2025-03-08,2,Rejected
EVT011360,APP05999,REQ0135,S1,2025-02-22,20250222,2025-02-23,1,Rejected
EVT011361,APP06000,REQ0135,S1,2025-02-28,20250228,2025-03-02,2,Rejected
EVT011362,APP06001,REQ0135,S1,2025-03-07,20250307,2025-03-10,3,Advanced
EVT011363,APP06001,REQ0135,S2,2025-03-10,20250310,2025-03-12,2,Advanced
EVT011364,APP06001,REQ0135,S3,2025-03-12,20250312,2025-03-23,11,Advanced
EVT011365,APP06001,REQ0135,S4,2025-03-23,20250323,2025-03-29,6,Advanced
EVT011366,APP06001,REQ0135,S5,2025-03-29,20250329,2025-04-02,4,Advanced
EVT011367,APP06001,REQ0135,S6,2025-04-02,20250402,2025-04-10,8,Advanced
EVT011368,APP06001,REQ0135,S7,2025-04-10,20250410,2025-04-21,11,Advanced
EVT011369,APP06001,REQ0135,S8,2025-04-21,20250421,2025-04-21,0,Hired
EVT011370,APP06002,REQ0135,S1,2025-02-19,20250219,2025-02-21,2,Rejected
EVT011371,APP06003,REQ0135,S1,2025-02-16,20250216,2025-02-17,1,Rejected
EVT011372,APP06004,REQ0135,S1,2025-02-23,20250223,2025-02-25,2,Advanced
EVT011373,APP06004,REQ0135,S2,2025-02-25,20250225,2025-02-27,2,Rejected
EVT011374,APP06005,REQ0135,S1,2025-02-18,20250218,2025-02-20,2,Rejected
EVT011375,APP06006,REQ0135,S1,2025-02-06,20250206,2025-02-09,3,Advanced
EVT011376,APP06006,REQ0135,S2,2025-02-09,20250209,2025-02-15,6,Advanced
EVT011377,APP06006,REQ0135,S3,2025-02-15,20250215,2025-02-23,8,Advanced
EVT011378,APP06006,REQ0135,S4,2025-02-23,20250223,2025-02-26,3,Advanced
EVT011379,APP06006,REQ0135,S5,2025-02-26,20250226,2025-03-02,4,Rejected
EVT011380,APP06007,REQ0135,S1,2025-03-10,20250310,2025-03-13,3,Rejected
EVT011381,APP06008,REQ0135,S1,2025-02-06,20250206,2025-02-07,1,Rejected
EVT011382,APP06009,REQ0135,S1,2025-02-17,20250217,2025-02-19,2,Rejected
EVT011383,APP06010,REQ0135,S1,2025-03-10,20250310,2025-03-11,1,Advanced
EVT011384,APP06010,REQ0135,S2,2025-03-11,20250311,2025-03-14,3,Advanced
EVT011385,APP06010,REQ0135,S3,2025-03-14,20250314,2025-03-20,6,Rejected
EVT011386,APP06011,REQ0135,S1,2025-02-18,20250218,2025-02-20,2,Rejected
EVT011387,APP06012,REQ0135,S1,2025-02-13,20250213,2025-02-16,3,Rejected
EVT011388,APP06013,REQ0135,S1,2025-02-15,20250215,2025-02-17,2,Rejected
EVT011389,APP06014,REQ0135,S1,2025-03-04,20250304,2025-03-06,2,Advanced
EVT011390,APP06014,REQ0135,S2,2025-03-06,20250306,2025-03-11,5,Rejected
EVT011391,APP06015,REQ0135,S1,2025-02-07,20250207,2025-02-09,2,Rejected
EVT011392,APP06016,REQ0135,S1,2025-03-09,20250309,2025-03-12,3,Advanced
EVT011393,APP06016,REQ0135,S2,2025-03-12,20250312,2025-03-16,4,Rejected
EVT011394,APP06017,REQ0135,S1,2025-02-08,20250208,2025-02-11,3,Advanced
EVT011395,APP06017,REQ0135,S2,2025-02-11,20250211,2025-02-17,6,Rejected
EVT011396,APP06018,REQ0135,S1,2025-02-06,20250206,2025-02-07,1,Rejected
EVT011397,APP06019,REQ0135,S1,2025-02-14,20250214,2025-02-15,1,Rejected
EVT011398,APP06020,REQ0135,S1,2025-02-27,20250227,2025-02-28,1,Rejected
EVT011399,APP06021,REQ0135,S1,2025-02-11,20250211,2025-02-12,1,Rejected
EVT011400,APP06022,REQ0135,S1,2025-02-26,20250226,2025-02-27,1,Advanced
EVT011401,APP06022,REQ0135,S2,2025-02-27,20250227,2025-03-05,6,Rejected
EVT011402,APP06023,REQ0135,S1,2025-02-17,20250217,2025-02-19,2,Rejected
EVT011403,APP06024,REQ0135,S1,2025-03-08,20250308,2025-03-10,2,Rejected
EVT011404,APP06025,REQ0136,S1,2026-06-13,20260613,2026-06-15,2,Rejected
EVT011405,APP06026,REQ0136,S1,2026-06-14,20260614,2026-06-15,1,Rejected
EVT011406,APP06027,REQ0136,S1,2026-06-26,20260626,2026-06-29,3,Rejected
EVT011407,APP06028,REQ0136,S1,2026-06-10,20260610,2026-06-13,3,Rejected
EVT011408,APP06029,REQ0136,S1,2026-06-24,20260624,2026-06-27,3,Advanced
EVT011409,APP06029,REQ0136,S2,2026-06-27,20260627,2026-06-29,2,Advanced
EVT011410,APP06029,REQ0136,S3,2026-06-29,20260629,,1,In Process
EVT011411,APP06030,REQ0136,S1,2026-05-17,20260517,2026-05-18,1,Rejected
EVT011412,APP06031,REQ0136,S1,2026-06-14,20260614,2026-06-16,2,Advanced
EVT011413,APP06031,REQ0136,S2,2026-06-16,20260616,2026-06-20,4,Rejected
EVT011414,APP06032,REQ0136,S1,2026-06-06,20260606,2026-06-07,1,Rejected
EVT011415,APP06033,REQ0136,S1,2026-06-05,20260605,2026-06-07,2,Advanced
EVT011416,APP06033,REQ0136,S2,2026-06-07,20260607,2026-06-13,6,Rejected
EVT011417,APP06034,REQ0136,S1,2026-05-30,20260530,2026-06-02,3,Rejected
EVT011418,APP06035,REQ0136,S1,2026-06-19,20260619,2026-06-20,1,Rejected
EVT011419,APP06036,REQ0136,S1,2026-06-02,20260602,2026-06-05,3,Advanced
EVT011420,APP06036,REQ0136,S2,2026-06-05,20260605,2026-06-09,4,Rejected
EVT011421,APP06037,REQ0136,S1,2026-05-31,20260531,2026-06-01,1,Advanced
EVT011422,APP06037,REQ0136,S2,2026-06-01,20260601,2026-06-05,4,Rejected
EVT011423,APP06038,REQ0136,S1,2026-06-24,20260624,2026-06-25,1,Advanced
EVT011424,APP06038,REQ0136,S2,2026-06-25,20260625,2026-06-27,2,Advanced
EVT011425,APP06038,REQ0136,S3,2026-06-27,20260627,,3,In Process
EVT011426,APP06039,REQ0136,S1,2026-06-23,20260623,2026-06-25,2,Rejected
EVT011427,APP06040,REQ0136,S1,2026-06-03,20260603,2026-06-06,3,Rejected
EVT011428,APP06041,REQ0136,S1,2026-06-15,20260615,2026-06-18,3,Rejected
EVT011429,APP06042,REQ0136,S1,2026-05-31,20260531,2026-06-03,3,Rejected
EVT011430,APP06043,REQ0136,S1,2026-05-14,20260514,2026-05-15,1,Rejected
EVT011431,APP06044,REQ0136,S1,2026-06-12,20260612,2026-06-15,3,Rejected
EVT011432,APP06045,REQ0137,S1,2024-04-30,20240430,2024-05-02,2,Rejected
EVT011433,APP06046,REQ0137,S1,2024-04-20,20240420,2024-04-23,3,Advanced
EVT011434,APP06046,REQ0137,S2,2024-04-23,20240423,2024-04-26,3,Advanced
EVT011435,APP06046,REQ0137,S3,2024-04-26,20240426,2024-05-02,6,Advanced
EVT011436,APP06046,REQ0137,S4,2024-05-02,20240502,2024-05-06,4,Advanced
EVT011437,APP06046,REQ0137,S5,2024-05-06,20240506,2024-05-13,7,Advanced
EVT011438,APP06046,REQ0137,S6,2024-05-13,20240513,2024-05-18,5,Rejected
EVT011439,APP06047,REQ0137,S1,2024-04-26,20240426,2024-04-29,3,Rejected
EVT011440,APP06048,REQ0137,S1,2024-04-27,20240427,2024-04-28,1,Rejected
EVT011441,APP06049,REQ0137,S1,2024-04-25,20240425,2024-04-27,2,Rejected
EVT011442,APP06050,REQ0137,S1,2024-04-22,20240422,2024-04-24,2,Rejected
EVT011443,APP06051,REQ0137,S1,2024-05-01,20240501,2024-05-03,2,Rejected
EVT011444,APP06052,REQ0137,S1,2024-05-05,20240505,2024-05-07,2,Rejected
EVT011445,APP06053,REQ0137,S1,2024-04-25,20240425,2024-04-27,2,Rejected
EVT011446,APP06054,REQ0137,S1,2024-04-28,20240428,2024-04-30,2,Rejected
EVT011447,APP06055,REQ0137,S1,2024-04-21,20240421,2024-04-23,2,Rejected
EVT011448,APP06056,REQ0137,S1,2024-05-03,20240503,2024-05-05,2,Rejected
EVT011449,APP06057,REQ0137,S1,2024-04-28,20240428,2024-04-30,2,Advanced
EVT011450,APP06057,REQ0137,S2,2024-04-30,20240430,2024-05-03,3,Advanced
EVT011451,APP06057,REQ0137,S3,2024-05-03,20240503,2024-05-09,6,Rejected
EVT011452,APP06058,REQ0137,S1,2024-05-04,20240504,2024-05-05,1,Rejected
EVT011453,APP06059,REQ0137,S1,2024-05-05,20240505,2024-05-06,1,Rejected
EVT011454,APP06060,REQ0137,S1,2024-05-02,20240502,2024-05-03,1,Rejected
EVT011455,APP06061,REQ0137,S1,2024-04-28,20240428,2024-04-29,1,Rejected
EVT011456,APP06062,REQ0137,S1,2024-04-30,20240430,2024-05-01,1,Rejected
EVT011457,APP06063,REQ0137,S1,2024-04-23,20240423,2024-04-26,3,Advanced
EVT011458,APP06063,REQ0137,S2,2024-04-26,20240426,2024-04-29,3,Advanced
EVT011459,APP06063,REQ0137,S3,2024-04-29,20240429,2024-05-13,14,Rejected
EVT011460,APP06064,REQ0137,S1,2024-04-29,20240429,2024-04-30,1,Advanced
EVT011461,APP06064,REQ0137,S2,2024-04-30,20240430,2024-05-03,3,Advanced
EVT011462,APP06064,REQ0137,S3,2024-05-03,20240503,2024-05-07,4,Advanced
EVT011463,APP06064,REQ0137,S4,2024-05-07,20240507,2024-05-12,5,Advanced
EVT011464,APP06064,REQ0137,S5,2024-05-12,20240512,2024-05-17,5,Rejected
EVT011465,APP06065,REQ0137,S1,2024-05-04,20240504,2024-05-06,2,Rejected
EVT011466,APP06066,REQ0137,S1,2024-05-04,20240504,2024-05-06,2,Rejected
EVT011467,APP06067,REQ0137,S1,2024-04-25,20240425,2024-04-26,1,Advanced
EVT011468,APP06067,REQ0137,S2,2024-04-26,20240426,2024-04-29,3,Advanced
EVT011469,APP06067,REQ0137,S3,2024-04-29,20240429,2024-05-05,6,Advanced
EVT011470,APP06067,REQ0137,S4,2024-05-05,20240505,2024-05-10,5,Rejected
EVT011471,APP06068,REQ0137,S1,2024-05-01,20240501,2024-05-03,2,Rejected
EVT011472,APP06069,REQ0137,S1,2024-05-03,20240503,2024-05-05,2,Rejected
EVT011473,APP06070,REQ0137,S1,2024-05-03,20240503,2024-05-04,1,Rejected
EVT011474,APP06071,REQ0137,S1,2024-04-30,20240430,2024-05-01,1,Rejected
EVT011475,APP06072,REQ0137,S1,2024-04-30,20240430,2024-05-03,3,Rejected
EVT011476,APP06073,REQ0137,S1,2024-04-27,20240427,2024-04-29,2,Rejected
EVT011477,APP06074,REQ0137,S1,2024-04-23,20240423,2024-04-26,3,Rejected
EVT011478,APP06075,REQ0137,S1,2024-04-20,20240420,2024-04-22,2,Advanced
EVT011479,APP06075,REQ0137,S2,2024-04-22,20240422,2024-04-25,3,Advanced
EVT011480,APP06075,REQ0137,S3,2024-04-25,20240425,2024-05-04,9,Advanced
EVT011481,APP06075,REQ0137,S4,2024-05-04,20240504,2024-05-08,4,Rejected
EVT011482,APP06076,REQ0137,S1,2024-04-21,20240421,2024-04-22,1,Rejected
EVT011483,APP06077,REQ0137,S1,2024-04-26,20240426,2024-04-28,2,Advanced
EVT011484,APP06077,REQ0137,S2,2024-04-28,20240428,2024-04-30,2,Rejected
EVT011485,APP06078,REQ0137,S1,2024-04-28,20240428,2024-04-29,1,Rejected
EVT011486,APP06079,REQ0137,S1,2024-04-29,20240429,2024-04-30,1,Rejected
EVT011487,APP06080,REQ0137,S1,2024-04-27,20240427,2024-04-28,1,Advanced
EVT011488,APP06080,REQ0137,S2,2024-04-28,20240428,2024-04-30,2,Advanced
EVT011489,APP06080,REQ0137,S3,2024-04-30,20240430,2024-05-08,8,Rejected
EVT011490,APP06081,REQ0137,S1,2024-04-21,20240421,2024-04-24,3,Advanced
EVT011491,APP06081,REQ0137,S2,2024-04-24,20240424,2024-04-28,4,Advanced
EVT011492,APP06081,REQ0137,S3,2024-04-28,20240428,2024-05-06,8,Rejected
EVT011493,APP06082,REQ0137,S1,2024-05-03,20240503,2024-05-06,3,Rejected
EVT011494,APP06083,REQ0138,S1,2025-06-01,20250601,2025-06-02,1,Rejected
EVT011495,APP06084,REQ0138,S1,2025-06-24,20250624,2025-06-25,1,Rejected
EVT011496,APP06085,REQ0138,S1,2025-05-07,20250507,2025-05-09,2,Rejected
EVT011497,APP06086,REQ0138,S1,2025-04-15,20250415,2025-04-16,1,Advanced
EVT011498,APP06086,REQ0138,S2,2025-04-16,20250416,2025-04-18,2,Rejected
EVT011499,APP06087,REQ0138,S1,2025-06-11,20250611,2025-06-13,2,Advanced
EVT011500,APP06087,REQ0138,S2,2025-06-13,20250613,2025-06-16,3,Rejected
EVT011501,APP06088,REQ0138,S1,2025-05-12,20250512,2025-05-13,1,Advanced
EVT011502,APP06088,REQ0138,S2,2025-05-13,20250513,2025-05-15,2,Advanced
EVT011503,APP06088,REQ0138,S3,2025-05-15,20250515,2025-05-29,14,Rejected
EVT011504,APP06089,REQ0138,S1,2025-05-25,20250525,2025-05-26,1,Rejected
EVT011505,APP06090,REQ0138,S1,2025-05-02,20250502,2025-05-04,2,Advanced
EVT011506,APP06090,REQ0138,S2,2025-05-04,20250504,2025-05-07,3,Rejected
EVT011507,APP06091,REQ0138,S1,2025-06-17,20250617,2025-06-20,3,Rejected
EVT011508,APP06092,REQ0138,S1,2025-04-15,20250415,2025-04-16,1,Rejected
EVT011509,APP06093,REQ0138,S1,2025-06-17,20250617,2025-06-19,2,Advanced
EVT011510,APP06093,REQ0138,S2,2025-06-19,20250619,2025-06-23,4,Rejected
EVT011511,APP06094,REQ0138,S1,2025-06-15,20250615,2025-06-18,3,Rejected
EVT011512,APP06095,REQ0138,S1,2025-05-15,20250515,2025-05-17,2,Rejected
EVT011513,APP06096,REQ0138,S1,2025-06-23,20250623,2025-06-24,1,Advanced
EVT011514,APP06096,REQ0138,S2,2025-06-24,20250624,2025-06-30,6,Advanced
EVT011515,APP06096,REQ0138,S3,2025-06-30,20250630,2025-07-11,11,Rejected
EVT011516,APP06097,REQ0138,S1,2025-06-14,20250614,2025-06-15,1,Rejected
EVT011517,APP06098,REQ0138,S1,2025-04-14,20250414,2025-04-16,2,Rejected
EVT011518,APP06099,REQ0138,S1,2025-06-22,20250622,2025-06-25,3,Rejected
EVT011519,APP06100,REQ0138,S1,2025-06-11,20250611,2025-06-12,1,Rejected
EVT011520,APP06101,REQ0138,S1,2025-06-19,20250619,2025-06-20,1,Rejected
EVT011521,APP06102,REQ0138,S1,2025-06-13,20250613,2025-06-14,1,Advanced
EVT011522,APP06102,REQ0138,S2,2025-06-14,20250614,2025-06-16,2,Advanced
EVT011523,APP06102,REQ0138,S3,2025-06-16,20250616,2025-06-29,13,Rejected
EVT011524,APP06103,REQ0138,S1,2025-04-17,20250417,2025-04-18,1,Advanced
EVT011525,APP06103,REQ0138,S2,2025-04-18,20250418,2025-04-21,3,Rejected
EVT011526,APP06104,REQ0138,S1,2025-05-23,20250523,2025-05-26,3,Rejected
EVT011527,APP06105,REQ0138,S1,2025-06-14,20250614,2025-06-17,3,Rejected
EVT011528,APP06106,REQ0138,S1,2025-05-14,20250514,2025-05-17,3,Advanced
EVT011529,APP06106,REQ0138,S2,2025-05-17,20250517,2025-05-21,4,Rejected
EVT011530,APP06107,REQ0138,S1,2025-05-14,20250514,2025-05-15,1,Advanced
EVT011531,APP06107,REQ0138,S2,2025-05-15,20250515,2025-05-19,4,Advanced
EVT011532,APP06107,REQ0138,S3,2025-05-19,20250519,2025-05-28,9,Rejected
EVT011533,APP06108,REQ0138,S1,2025-05-10,20250510,2025-05-11,1,Advanced
EVT011534,APP06108,REQ0138,S2,2025-05-11,20250511,2025-05-14,3,Advanced
EVT011535,APP06108,REQ0138,S3,2025-05-14,20250514,2025-05-18,4,Rejected
EVT011536,APP06109,REQ0138,S1,2025-05-18,20250518,2025-05-19,1,Rejected
EVT011537,APP06110,REQ0138,S1,2025-04-29,20250429,2025-04-30,1,Advanced
EVT011538,APP06110,REQ0138,S2,2025-04-30,20250430,2025-05-04,4,Advanced
EVT011539,APP06110,REQ0138,S3,2025-05-04,20250504,2025-05-08,4,Advanced
EVT011540,APP06110,REQ0138,S4,2025-05-08,20250508,2025-05-14,6,Advanced
EVT011541,APP06110,REQ0138,S5,2025-05-14,20250514,2025-05-20,6,Advanced
EVT011542,APP06110,REQ0138,S6,2025-05-20,20250520,2025-05-28,8,Rejected
EVT011543,APP06111,REQ0138,S1,2025-06-24,20250624,2025-06-25,1,Advanced
EVT011544,APP06111,REQ0138,S2,2025-06-25,20250625,2025-06-30,5,Rejected
EVT011545,APP06112,REQ0139,S1,2026-05-13,20260513,2026-05-15,2,Advanced
EVT011546,APP06112,REQ0139,S2,2026-05-15,20260515,2026-05-17,2,Rejected
EVT011547,APP06113,REQ0139,S1,2026-05-17,20260517,2026-05-19,2,Advanced
EVT011548,APP06113,REQ0139,S2,2026-05-19,20260519,2026-05-22,3,Advanced
EVT011549,APP06113,REQ0139,S3,2026-05-22,20260522,2026-05-28,6,Rejected
EVT011550,APP06114,REQ0139,S1,2026-05-12,20260512,2026-05-13,1,Rejected
EVT011551,APP06115,REQ0139,S1,2026-05-17,20260517,2026-05-19,2,Advanced
EVT011552,APP06115,REQ0139,S2,2026-05-19,20260519,2026-05-22,3,Advanced
EVT011553,APP06115,REQ0139,S3,2026-05-22,20260522,2026-05-31,9,Rejected
EVT011554,APP06116,REQ0139,S1,2026-05-12,20260512,2026-05-14,2,Rejected
EVT011555,APP06117,REQ0139,S1,2026-05-06,20260506,2026-05-08,2,Advanced
EVT011556,APP06117,REQ0139,S2,2026-05-08,20260508,2026-05-10,2,Advanced
EVT011557,APP06117,REQ0139,S3,2026-05-10,20260510,2026-05-19,9,Rejected
EVT011558,APP06118,REQ0139,S1,2026-05-08,20260508,2026-05-10,2,Rejected
EVT011559,APP06119,REQ0139,S1,2026-05-10,20260510,2026-05-11,1,Advanced
EVT011560,APP06119,REQ0139,S2,2026-05-11,20260511,2026-05-15,4,Rejected
EVT011561,APP06120,REQ0139,S1,2026-05-11,20260511,2026-05-12,1,Advanced
EVT011562,APP06120,REQ0139,S2,2026-05-12,20260512,2026-05-17,5,Rejected
EVT011563,APP06121,REQ0139,S1,2026-05-01,20260501,2026-05-03,2,Advanced
EVT011564,APP06121,REQ0139,S2,2026-05-03,20260503,2026-05-05,2,Rejected
EVT011565,APP06122,REQ0139,S1,2026-05-03,20260503,2026-05-05,2,Advanced
EVT011566,APP06122,REQ0139,S2,2026-05-05,20260505,2026-05-09,4,Rejected
EVT011567,APP06123,REQ0139,S1,2026-04-28,20260428,2026-04-30,2,Advanced
EVT011568,APP06123,REQ0139,S2,2026-04-30,20260430,2026-05-01,1,Rejected
EVT011569,APP06124,REQ0139,S1,2026-05-10,20260510,2026-05-11,1,Advanced
EVT011570,APP06124,REQ0139,S2,2026-05-11,20260511,2026-05-16,5,Rejected
EVT011571,APP06125,REQ0139,S1,2026-04-29,20260429,2026-05-02,3,Rejected
EVT011572,APP06126,REQ0139,S1,2026-05-18,20260518,2026-05-19,1,Advanced
EVT011573,APP06126,REQ0139,S2,2026-05-19,20260519,2026-05-20,1,Rejected
EVT011574,APP06127,REQ0139,S1,2026-05-07,20260507,2026-05-09,2,Rejected
EVT011575,APP06128,REQ0139,S1,2026-05-16,20260516,2026-05-19,3,Rejected
EVT011576,APP06129,REQ0139,S1,2026-05-17,20260517,2026-05-18,1,Rejected
EVT011577,APP06130,REQ0139,S1,2026-05-08,20260508,2026-05-10,2,Rejected
EVT011578,APP06131,REQ0139,S1,2026-05-09,20260509,2026-05-10,1,Advanced
EVT011579,APP06131,REQ0139,S2,2026-05-10,20260510,2026-05-13,3,Advanced
EVT011580,APP06131,REQ0139,S3,2026-05-13,20260513,2026-05-20,7,Advanced
EVT011581,APP06131,REQ0139,S4,2026-05-20,20260520,2026-05-23,3,Advanced
EVT011582,APP06131,REQ0139,S5,2026-05-23,20260523,2026-06-03,11,Rejected
EVT011583,APP06132,REQ0139,S1,2026-05-17,20260517,2026-05-18,1,Rejected
EVT011584,APP06133,REQ0139,S1,2026-05-06,20260506,2026-05-07,1,Advanced
EVT011585,APP06133,REQ0139,S2,2026-05-07,20260507,2026-05-11,4,Rejected
EVT011586,APP06134,REQ0139,S1,2026-05-10,20260510,2026-05-11,1,Rejected
EVT011587,APP06135,REQ0139,S1,2026-05-13,20260513,2026-05-15,2,Rejected
EVT011588,APP06136,REQ0139,S1,2026-05-18,20260518,2026-05-20,2,Rejected
EVT011589,APP06137,REQ0139,S1,2026-05-08,20260508,2026-05-09,1,Advanced
EVT011590,APP06137,REQ0139,S2,2026-05-09,20260509,2026-05-13,4,Advanced
EVT011591,APP06137,REQ0139,S3,2026-05-13,20260513,2026-05-20,7,Rejected
EVT011592,APP06138,REQ0139,S1,2026-05-08,20260508,2026-05-10,2,Rejected
EVT011593,APP06139,REQ0139,S1,2026-05-03,20260503,2026-05-05,2,Advanced
EVT011594,APP06139,REQ0139,S2,2026-05-05,20260505,2026-05-06,1,Rejected
EVT011595,APP06140,REQ0139,S1,2026-05-03,20260503,2026-05-04,1,Rejected
EVT011596,APP06141,REQ0139,S1,2026-04-30,20260430,2026-05-03,3,Rejected
EVT011597,APP06142,REQ0139,S1,2026-05-15,20260515,2026-05-16,1,Advanced
EVT011598,APP06142,REQ0139,S2,2026-05-16,20260516,2026-05-17,1,Advanced
EVT011599,APP06142,REQ0139,S3,2026-05-17,20260517,2026-05-25,8,Advanced
EVT011600,APP06142,REQ0139,S4,2026-05-25,20260525,2026-05-28,3,Advanced
EVT011601,APP06142,REQ0139,S5,2026-05-28,20260528,2026-06-06,9,Rejected
EVT011602,APP06143,REQ0139,S1,2026-05-13,20260513,2026-05-14,1,Rejected
EVT011603,APP06144,REQ0139,S1,2026-05-09,20260509,2026-05-10,1,Advanced
EVT011604,APP06144,REQ0139,S2,2026-05-10,20260510,2026-05-13,3,Advanced
EVT011605,APP06144,REQ0139,S3,2026-05-13,20260513,2026-05-17,4,Advanced
EVT011606,APP06144,REQ0139,S4,2026-05-17,20260517,2026-05-21,4,Advanced
EVT011607,APP06144,REQ0139,S5,2026-05-21,20260521,2026-05-26,5,Advanced
EVT011608,APP06144,REQ0139,S6,2026-05-26,20260526,2026-05-31,5,Rejected
EVT011609,APP06145,REQ0139,S1,2026-05-12,20260512,2026-05-13,1,Rejected
EVT011610,APP06146,REQ0139,S1,2026-04-30,20260430,2026-05-01,1,Advanced
EVT011611,APP06146,REQ0139,S2,2026-05-01,20260501,2026-05-05,4,Advanced
EVT011612,APP06146,REQ0139,S3,2026-05-05,20260505,2026-05-10,5,Rejected
EVT011613,APP06147,REQ0139,S1,2026-05-02,20260502,2026-05-03,1,Rejected
EVT011614,APP06148,REQ0139,S1,2026-04-28,20260428,2026-04-29,1,Advanced
EVT011615,APP06148,REQ0139,S2,2026-04-29,20260429,2026-05-02,3,Rejected
EVT011616,APP06149,REQ0139,S1,2026-05-14,20260514,2026-05-17,3,Rejected
EVT011617,APP06150,REQ0139,S1,2026-05-14,20260514,2026-05-15,1,Rejected
EVT011618,APP06151,REQ0139,S1,2026-05-13,20260513,2026-05-14,1,Advanced
EVT011619,APP06151,REQ0139,S2,2026-05-14,20260514,2026-05-20,6,Advanced
EVT011620,APP06151,REQ0139,S3,2026-05-20,20260520,2026-05-25,5,Advanced
EVT011621,APP06151,REQ0139,S4,2026-05-25,20260525,2026-06-02,8,Advanced
EVT011622,APP06151,REQ0139,S5,2026-06-02,20260602,2026-06-10,8,Advanced
EVT011623,APP06151,REQ0139,S6,2026-06-10,20260610,2026-06-17,7,Advanced
EVT011624,APP06151,REQ0139,S7,2026-06-17,20260617,2026-06-25,8,Advanced
EVT011625,APP06151,REQ0139,S8,2026-06-25,20260625,2026-06-25,0,Hired
EVT011626,APP06152,REQ0139,S1,2026-05-02,20260502,2026-05-05,3,Rejected
EVT011627,APP06153,REQ0139,S1,2026-05-15,20260515,2026-05-17,2,Rejected
EVT011628,APP06154,REQ0139,S1,2026-05-11,20260511,2026-05-14,3,Advanced
EVT011629,APP06154,REQ0139,S2,2026-05-14,20260514,2026-05-20,6,Advanced
EVT011630,APP06154,REQ0139,S3,2026-05-20,20260520,2026-05-28,8,Rejected
EVT011631,APP06155,REQ0139,S1,2026-05-16,20260516,2026-05-17,1,Advanced
EVT011632,APP06155,REQ0139,S2,2026-05-17,20260517,2026-05-19,2,Advanced
EVT011633,APP06155,REQ0139,S3,2026-05-19,20260519,2026-05-23,4,Rejected
EVT011634,APP06156,REQ0139,S1,2026-05-14,20260514,2026-05-17,3,Rejected
EVT011635,APP06157,REQ0139,S1,2026-05-04,20260504,2026-05-06,2,Advanced
EVT011636,APP06157,REQ0139,S2,2026-05-06,20260506,2026-05-08,2,Rejected
EVT011637,APP06158,REQ0139,S1,2026-05-15,20260515,2026-05-18,3,Rejected
EVT011638,APP06159,REQ0139,S1,2026-05-14,20260514,2026-05-15,1,Advanced
EVT011639,APP06159,REQ0139,S2,2026-05-15,20260515,2026-05-17,2,Rejected
EVT011640,APP06160,REQ0139,S1,2026-05-06,20260506,2026-05-08,2,Advanced
EVT011641,APP06160,REQ0139,S2,2026-05-08,20260508,2026-05-12,4,Advanced
EVT011642,APP06160,REQ0139,S3,2026-05-12,20260512,2026-05-17,5,Rejected
EVT011643,APP06161,REQ0139,S1,2026-05-06,20260506,2026-05-09,3,Rejected
EVT011644,APP06162,REQ0139,S1,2026-05-11,20260511,2026-05-14,3,Rejected
EVT011645,APP06163,REQ0139,S1,2026-05-18,20260518,2026-05-19,1,Rejected
EVT011646,APP06164,REQ0139,S1,2026-05-02,20260502,2026-05-03,1,Rejected
EVT011647,APP06165,REQ0139,S1,2026-05-16,20260516,2026-05-17,1,Rejected
EVT011648,APP06166,REQ0139,S1,2026-05-09,20260509,2026-05-12,3,Rejected
EVT011649,APP06167,REQ0140,S1,2024-07-05,20240705,2024-07-06,1,Rejected
EVT011650,APP06168,REQ0140,S1,2024-07-01,20240701,2024-07-04,3,Advanced
EVT011651,APP06168,REQ0140,S2,2024-07-04,20240704,2024-07-08,4,Rejected
EVT011652,APP06169,REQ0140,S1,2024-06-29,20240629,2024-07-01,2,Rejected
EVT011653,APP06170,REQ0140,S1,2024-06-27,20240627,2024-06-29,2,Rejected
EVT011654,APP06171,REQ0140,S1,2024-06-28,20240628,2024-06-29,1,Advanced
EVT011655,APP06171,REQ0140,S2,2024-06-29,20240629,2024-06-30,1,Advanced
EVT011656,APP06171,REQ0140,S3,2024-06-30,20240630,2024-07-04,4,Rejected
EVT011657,APP06172,REQ0140,S1,2024-07-04,20240704,2024-07-07,3,Advanced
EVT011658,APP06172,REQ0140,S2,2024-07-07,20240707,2024-07-13,6,Advanced
EVT011659,APP06172,REQ0140,S3,2024-07-13,20240713,2024-07-17,4,Advanced
EVT011660,APP06172,REQ0140,S4,2024-07-17,20240717,2024-07-23,6,Advanced
EVT011661,APP06172,REQ0140,S5,2024-07-23,20240723,2024-07-27,4,Rejected
EVT011662,APP06173,REQ0140,S1,2024-06-28,20240628,2024-06-29,1,Advanced
EVT011663,APP06173,REQ0140,S2,2024-06-29,20240629,2024-07-01,2,Rejected
EVT011664,APP06174,REQ0140,S1,2024-06-23,20240623,2024-06-25,2,Advanced
EVT011665,APP06174,REQ0140,S2,2024-06-25,20240625,2024-06-27,2,Advanced
EVT011666,APP06174,REQ0140,S3,2024-06-27,20240627,2024-07-01,4,Rejected
EVT011667,APP06175,REQ0140,S1,2024-06-23,20240623,2024-06-24,1,Rejected
EVT011668,APP06176,REQ0140,S1,2024-07-05,20240705,2024-07-08,3,Rejected
EVT011669,APP06177,REQ0140,S1,2024-06-29,20240629,2024-07-01,2,Rejected
EVT011670,APP06178,REQ0140,S1,2024-06-25,20240625,2024-06-28,3,Rejected
EVT011671,APP06179,REQ0140,S1,2024-06-24,20240624,2024-06-25,1,Rejected
EVT011672,APP06180,REQ0140,S1,2024-07-01,20240701,2024-07-02,1,Rejected
EVT011673,APP06181,REQ0140,S1,2024-06-25,20240625,2024-06-26,1,Rejected
EVT011674,APP06182,REQ0140,S1,2024-07-03,20240703,2024-07-05,2,Advanced
EVT011675,APP06182,REQ0140,S2,2024-07-05,20240705,2024-07-06,1,Advanced
EVT011676,APP06182,REQ0140,S3,2024-07-06,20240706,2024-07-08,2,Rejected
EVT011677,APP06183,REQ0140,S1,2024-07-01,20240701,2024-07-03,2,Rejected
EVT011678,APP06184,REQ0140,S1,2024-06-27,20240627,2024-06-28,1,Rejected
EVT011679,APP06185,REQ0140,S1,2024-07-05,20240705,2024-07-07,2,Advanced
EVT011680,APP06185,REQ0140,S2,2024-07-07,20240707,2024-07-09,2,Rejected
EVT011681,APP06186,REQ0140,S1,2024-06-24,20240624,2024-06-26,2,Advanced
EVT011682,APP06186,REQ0140,S2,2024-06-26,20240626,2024-07-01,5,Advanced
EVT011683,APP06186,REQ0140,S3,2024-07-01,20240701,2024-07-05,4,Rejected
EVT011684,APP06187,REQ0140,S1,2024-06-23,20240623,2024-06-25,2,Rejected
EVT011685,APP06188,REQ0140,S1,2024-06-26,20240626,2024-06-29,3,Rejected
EVT011686,APP06189,REQ0140,S1,2024-06-26,20240626,2024-06-27,1,Rejected
EVT011687,APP06190,REQ0140,S1,2024-06-24,20240624,2024-06-26,2,Rejected
EVT011688,APP06191,REQ0140,S1,2024-07-04,20240704,2024-07-07,3,Rejected
EVT011689,APP06192,REQ0140,S1,2024-07-03,20240703,2024-07-06,3,Rejected
EVT011690,APP06193,REQ0140,S1,2024-07-01,20240701,2024-07-02,1,Advanced
EVT011691,APP06193,REQ0140,S2,2024-07-02,20240702,2024-07-04,2,Advanced
EVT011692,APP06193,REQ0140,S3,2024-07-04,20240704,2024-07-11,7,Rejected
EVT011693,APP06194,REQ0140,S1,2024-06-25,20240625,2024-06-28,3,Rejected
EVT011694,APP06195,REQ0140,S1,2024-06-25,20240625,2024-06-26,1,Rejected
EVT011695,APP06196,REQ0140,S1,2024-06-28,20240628,2024-06-29,1,Advanced
EVT011696,APP06196,REQ0140,S2,2024-06-29,20240629,2024-07-03,4,Rejected
EVT011697,APP06197,REQ0140,S1,2024-06-29,20240629,2024-07-02,3,Advanced
EVT011698,APP06197,REQ0140,S2,2024-07-02,20240702,2024-07-08,6,Advanced
EVT011699,APP06197,REQ0140,S3,2024-07-08,20240708,2024-07-14,6,Rejected
EVT011700,APP06198,REQ0140,S1,2024-07-03,20240703,2024-07-04,1,Rejected
EVT011701,APP06199,REQ0140,S1,2024-07-03,20240703,2024-07-04,1,Advanced
EVT011702,APP06199,REQ0140,S2,2024-07-04,20240704,2024-07-05,1,Advanced
EVT011703,APP06199,REQ0140,S3,2024-07-05,20240705,2024-07-09,4,Advanced
EVT011704,APP06199,REQ0140,S4,2024-07-09,20240709,2024-07-12,3,Rejected
EVT011705,APP06200,REQ0140,S1,2024-06-26,20240626,2024-06-27,1,Advanced
EVT011706,APP06200,REQ0140,S2,2024-06-27,20240627,2024-07-03,6,Advanced
EVT011707,APP06200,REQ0140,S3,2024-07-03,20240703,2024-07-10,7,Advanced
EVT011708,APP06200,REQ0140,S4,2024-07-10,20240710,2024-07-16,6,Rejected
EVT011709,APP06201,REQ0140,S1,2024-06-26,20240626,2024-06-27,1,Rejected
EVT011710,APP06202,REQ0140,S1,2024-06-26,20240626,2024-06-28,2,Rejected
EVT011711,APP06203,REQ0140,S1,2024-06-23,20240623,2024-06-25,2,Rejected
EVT011712,APP06204,REQ0140,S1,2024-07-03,20240703,2024-07-05,2,Rejected
EVT011713,APP06205,REQ0140,S1,2024-07-02,20240702,2024-07-03,1,Advanced
EVT011714,APP06205,REQ0140,S2,2024-07-03,20240703,2024-07-05,2,Rejected
EVT011715,APP06206,REQ0140,S1,2024-06-30,20240630,2024-07-01,1,Rejected
EVT011716,APP06207,REQ0140,S1,2024-07-05,20240705,2024-07-06,1,Rejected
EVT011717,APP06208,REQ0140,S1,2024-06-27,20240627,2024-06-29,2,Advanced
EVT011718,APP06208,REQ0140,S2,2024-06-29,20240629,2024-07-02,3,Advanced
EVT011719,APP06208,REQ0140,S3,2024-07-02,20240702,2024-07-09,7,Advanced
EVT011720,APP06208,REQ0140,S4,2024-07-09,20240709,2024-07-14,5,Advanced
EVT011721,APP06208,REQ0140,S5,2024-07-14,20240714,2024-07-22,8,Advanced
EVT011722,APP06208,REQ0140,S6,2024-07-22,20240722,2024-07-29,7,Advanced
EVT011723,APP06208,REQ0140,S7,2024-07-29,20240729,2024-08-07,9,Advanced
EVT011724,APP06208,REQ0140,S8,2024-08-07,20240807,2024-08-07,0,Hired
EVT011725,APP06209,REQ0140,S1,2024-06-30,20240630,2024-07-02,2,Rejected
EVT011726,APP06210,REQ0140,S1,2024-06-26,20240626,2024-06-28,2,Rejected
EVT011727,APP06211,REQ0140,S1,2024-06-28,20240628,2024-06-30,2,Rejected
EVT011728,APP06212,REQ0140,S1,2024-07-02,20240702,2024-07-04,2,Rejected
EVT011729,APP06213,REQ0140,S1,2024-06-27,20240627,2024-06-29,2,Advanced
EVT011730,APP06213,REQ0140,S2,2024-06-29,20240629,2024-07-02,3,Rejected
EVT011731,APP06214,REQ0140,S1,2024-06-26,20240626,2024-06-27,1,Advanced
EVT011732,APP06214,REQ0140,S2,2024-06-27,20240627,2024-06-28,1,Advanced
EVT011733,APP06214,REQ0140,S3,2024-06-28,20240628,2024-06-30,2,Advanced
EVT011734,APP06214,REQ0140,S4,2024-06-30,20240630,2024-07-06,6,Advanced
EVT011735,APP06214,REQ0140,S5,2024-07-06,20240706,2024-07-17,11,Advanced
EVT011736,APP06214,REQ0140,S6,2024-07-17,20240717,2024-07-21,4,Advanced
EVT011737,APP06214,REQ0140,S7,2024-07-21,20240721,2024-07-31,10,Advanced
EVT011738,APP06214,REQ0140,S8,2024-07-31,20240731,2024-07-31,0,Hired
EVT011739,APP06215,REQ0140,S1,2024-06-29,20240629,2024-06-30,1,Rejected
EVT011740,APP06216,REQ0140,S1,2024-07-03,20240703,2024-07-04,1,Rejected
EVT011741,APP06217,REQ0140,S1,2024-07-04,20240704,2024-07-05,1,Rejected
EVT011742,APP06218,REQ0140,S1,2024-06-25,20240625,2024-06-27,2,Advanced
EVT011743,APP06218,REQ0140,S2,2024-06-27,20240627,2024-06-29,2,Advanced
EVT011744,APP06218,REQ0140,S3,2024-06-29,20240629,2024-07-06,7,Advanced
EVT011745,APP06218,REQ0140,S4,2024-07-06,20240706,2024-07-11,5,Advanced
EVT011746,APP06218,REQ0140,S5,2024-07-11,20240711,2024-07-21,10,Rejected
EVT011747,APP06219,REQ0140,S1,2024-06-26,20240626,2024-06-27,1,Rejected
EVT011748,APP06220,REQ0140,S1,2024-06-28,20240628,2024-06-30,2,Advanced
EVT011749,APP06220,REQ0140,S2,2024-06-30,20240630,2024-07-02,2,Rejected
EVT011750,APP06221,REQ0140,S1,2024-07-01,20240701,2024-07-03,2,Rejected
EVT011751,APP06222,REQ0140,S1,2024-06-29,20240629,2024-07-02,3,Advanced
EVT011752,APP06222,REQ0140,S2,2024-07-02,20240702,2024-07-08,6,Rejected
EVT011753,APP06223,REQ0140,S1,2024-06-27,20240627,2024-06-28,1,Rejected
EVT011754,APP06224,REQ0140,S1,2024-06-30,20240630,2024-07-02,2,Advanced
EVT011755,APP06224,REQ0140,S2,2024-07-02,20240702,2024-07-08,6,Advanced
EVT011756,APP06224,REQ0140,S3,2024-07-08,20240708,2024-07-18,10,Advanced
EVT011757,APP06224,REQ0140,S4,2024-07-18,20240718,2024-07-24,6,Advanced
EVT011758,APP06224,REQ0140,S5,2024-07-24,20240724,2024-08-01,8,Advanced
EVT011759,APP06224,REQ0140,S6,2024-08-01,20240801,2024-08-05,4,Rejected
EVT011760,APP06225,REQ0140,S1,2024-07-02,20240702,2024-07-03,1,Rejected
EVT011761,APP06226,REQ0140,S1,2024-06-29,20240629,2024-06-30,1,Rejected
EVT011762,APP06227,REQ0140,S1,2024-06-28,20240628,2024-07-01,3,Rejected
EVT011763,APP06228,REQ0140,S1,2024-07-02,20240702,2024-07-03,1,Rejected
EVT011764,APP06229,REQ0140,S1,2024-06-30,20240630,2024-07-03,3,Advanced
EVT011765,APP06229,REQ0140,S2,2024-07-03,20240703,2024-07-09,6,Advanced
EVT011766,APP06229,REQ0140,S3,2024-07-09,20240709,2024-07-23,14,Rejected
EVT011767,APP06230,REQ0140,S1,2024-06-23,20240623,2024-06-25,2,Rejected
EVT011768,APP06231,REQ0140,S1,2024-07-01,20240701,2024-07-03,2,Rejected
EVT011769,APP06232,REQ0140,S1,2024-06-23,20240623,2024-06-25,2,Rejected
EVT011770,APP06233,REQ0140,S1,2024-06-29,20240629,2024-06-30,1,Rejected
EVT011771,APP06234,REQ0141,S1,2025-07-22,20250722,2025-07-24,2,Advanced
EVT011772,APP06234,REQ0141,S2,2025-07-24,20250724,2025-07-27,3,Rejected
EVT011773,APP06235,REQ0141,S1,2025-06-22,20250622,2025-06-25,3,Rejected
EVT011774,APP06236,REQ0141,S1,2025-05-09,20250509,2025-05-10,1,Rejected
EVT011775,APP06237,REQ0141,S1,2025-06-03,20250603,2025-06-05,2,Rejected
EVT011776,APP06238,REQ0141,S1,2025-07-09,20250709,2025-07-10,1,Advanced
EVT011777,APP06238,REQ0141,S2,2025-07-10,20250710,2025-07-13,3,Advanced
EVT011778,APP06238,REQ0141,S3,2025-07-13,20250713,2025-07-22,9,Rejected
EVT011779,APP06239,REQ0141,S1,2025-05-13,20250513,2025-05-16,3,Rejected
EVT011780,APP06240,REQ0141,S1,2025-07-20,20250720,2025-07-23,3,Advanced
EVT011781,APP06240,REQ0141,S2,2025-07-23,20250723,2025-07-28,5,Rejected
EVT011782,APP06241,REQ0141,S1,2025-07-02,20250702,2025-07-04,2,Rejected
EVT011783,APP06242,REQ0141,S1,2025-05-31,20250531,2025-06-01,1,Advanced
EVT011784,APP06242,REQ0141,S2,2025-06-01,20250601,2025-06-02,1,Rejected
EVT011785,APP06243,REQ0141,S1,2025-07-03,20250703,2025-07-06,3,Rejected
EVT011786,APP06244,REQ0141,S1,2025-07-18,20250718,2025-07-21,3,Advanced
EVT011787,APP06244,REQ0141,S2,2025-07-21,20250721,2025-07-23,2,Advanced
EVT011788,APP06244,REQ0141,S3,2025-07-23,20250723,2025-07-30,7,Rejected
EVT011789,APP06245,REQ0141,S1,2025-06-17,20250617,2025-06-20,3,Rejected
EVT011790,APP06246,REQ0141,S1,2025-05-25,20250525,2025-05-26,1,Rejected
EVT011791,APP06247,REQ0141,S1,2025-05-28,20250528,2025-05-29,1,Rejected
EVT011792,APP06248,REQ0141,S1,2025-07-05,20250705,2025-07-08,3,Rejected
EVT011793,APP06249,REQ0141,S1,2025-07-23,20250723,2025-07-25,2,Rejected
EVT011794,APP06250,REQ0141,S1,2025-05-09,20250509,2025-05-12,3,Rejected
EVT011795,APP06251,REQ0141,S1,2025-05-11,20250511,2025-05-12,1,Rejected
EVT011796,APP06252,REQ0141,S1,2025-05-19,20250519,2025-05-21,2,Advanced
EVT011797,APP06252,REQ0141,S2,2025-05-21,20250521,2025-05-23,2,Rejected
EVT011798,APP06253,REQ0141,S1,2025-05-11,20250511,2025-05-13,2,Rejected
EVT011799,APP06254,REQ0141,S1,2025-07-17,20250717,2025-07-20,3,Advanced
EVT011800,APP06254,REQ0141,S2,2025-07-20,20250720,2025-07-25,5,Advanced
EVT011801,APP06254,REQ0141,S3,2025-07-25,20250725,2025-08-05,11,Advanced
EVT011802,APP06254,REQ0141,S4,2025-08-05,20250805,2025-08-11,6,Advanced
EVT011803,APP06254,REQ0141,S5,2025-08-11,20250811,2025-08-20,9,Rejected
EVT011804,APP06255,REQ0141,S1,2025-05-29,20250529,2025-05-31,2,Advanced
EVT011805,APP06255,REQ0141,S2,2025-05-31,20250531,2025-06-05,5,Rejected
EVT011806,APP06256,REQ0141,S1,2025-06-29,20250629,2025-06-30,1,Rejected
EVT011807,APP06257,REQ0141,S1,2025-05-27,20250527,2025-05-28,1,Advanced
EVT011808,APP06257,REQ0141,S2,2025-05-28,20250528,2025-05-31,3,Rejected
EVT011809,APP06258,REQ0141,S1,2025-06-18,20250618,2025-06-21,3,Rejected
EVT011810,APP06259,REQ0141,S1,2025-07-12,20250712,2025-07-14,2,Rejected
EVT011811,APP06260,REQ0141,S1,2025-07-07,20250707,2025-07-09,2,Rejected
EVT011812,APP06261,REQ0141,S1,2025-06-13,20250613,2025-06-16,3,Advanced
EVT011813,APP06261,REQ0141,S2,2025-06-16,20250616,2025-06-22,6,Advanced
EVT011814,APP06261,REQ0141,S3,2025-06-22,20250622,2025-07-03,11,Advanced
EVT011815,APP06261,REQ0141,S4,2025-07-03,20250703,2025-07-08,5,Advanced
EVT011816,APP06261,REQ0141,S5,2025-07-08,20250708,2025-07-16,8,Advanced
EVT011817,APP06261,REQ0141,S6,2025-07-16,20250716,2025-07-19,3,Rejected
EVT011818,APP06262,REQ0141,S1,2025-06-12,20250612,2025-06-15,3,Rejected
EVT011819,APP06263,REQ0141,S1,2025-05-16,20250516,2025-05-17,1,Rejected
EVT011820,APP06264,REQ0141,S1,2025-06-17,20250617,2025-06-19,2,Rejected
EVT011821,APP06265,REQ0141,S1,2025-07-08,20250708,2025-07-11,3,Rejected
EVT011822,APP06266,REQ0141,S1,2025-07-19,20250719,2025-07-21,2,Rejected
EVT011823,APP06267,REQ0141,S1,2025-06-06,20250606,2025-06-07,1,Rejected
EVT011824,APP06268,REQ0141,S1,2025-06-24,20250624,2025-06-25,1,Rejected
EVT011825,APP06269,REQ0141,S1,2025-06-13,20250613,2025-06-14,1,Advanced
EVT011826,APP06269,REQ0141,S2,2025-06-14,20250614,2025-06-16,2,Advanced
EVT011827,APP06269,REQ0141,S3,2025-06-16,20250616,2025-06-20,4,Rejected
EVT011828,APP06270,REQ0141,S1,2025-06-26,20250626,2025-06-27,1,Advanced
EVT011829,APP06270,REQ0141,S2,2025-06-27,20250627,2025-06-29,2,Advanced
EVT011830,APP06270,REQ0141,S3,2025-06-29,20250629,2025-07-08,9,Rejected
EVT011831,APP06271,REQ0141,S1,2025-05-10,20250510,2025-05-12,2,Rejected
EVT011832,APP06272,REQ0141,S1,2025-07-13,20250713,2025-07-16,3,Rejected
EVT011833,APP06273,REQ0141,S1,2025-07-23,20250723,2025-07-25,2,Advanced
EVT011834,APP06273,REQ0141,S2,2025-07-25,20250725,2025-07-29,4,Advanced
EVT011835,APP06273,REQ0141,S3,2025-07-29,20250729,2025-08-06,8,Advanced
EVT011836,APP06273,REQ0141,S4,2025-08-06,20250806,2025-08-12,6,Rejected
EVT011837,APP06274,REQ0141,S1,2025-06-11,20250611,2025-06-14,3,Rejected
EVT011838,APP06275,REQ0141,S1,2025-06-05,20250605,2025-06-06,1,Rejected
EVT011839,APP06276,REQ0141,S1,2025-07-05,20250705,2025-07-06,1,Rejected
EVT011840,APP06277,REQ0141,S1,2025-06-16,20250616,2025-06-17,1,Rejected
EVT011841,APP06278,REQ0141,S1,2025-05-28,20250528,2025-05-30,2,Advanced
EVT011842,APP06278,REQ0141,S2,2025-05-30,20250530,2025-06-05,6,Rejected
EVT011843,APP06279,REQ0141,S1,2025-07-09,20250709,2025-07-10,1,Advanced
EVT011844,APP06279,REQ0141,S2,2025-07-10,20250710,2025-07-12,2,Advanced
EVT011845,APP06279,REQ0141,S3,2025-07-12,20250712,2025-07-17,5,Rejected
EVT011846,APP06280,REQ0141,S1,2025-07-09,20250709,2025-07-12,3,Advanced
EVT011847,APP06280,REQ0141,S2,2025-07-12,20250712,2025-07-14,2,Rejected
EVT011848,APP06281,REQ0141,S1,2025-07-01,20250701,2025-07-03,2,Advanced
EVT011849,APP06281,REQ0141,S2,2025-07-03,20250703,2025-07-07,4,Advanced
EVT011850,APP06281,REQ0141,S3,2025-07-07,20250707,2025-07-18,11,Advanced
EVT011851,APP06281,REQ0141,S4,2025-07-18,20250718,2025-07-21,3,Advanced
EVT011852,APP06281,REQ0141,S5,2025-07-21,20250721,2025-07-28,7,Advanced
EVT011853,APP06281,REQ0141,S6,2025-07-28,20250728,2025-08-04,7,Advanced
EVT011854,APP06281,REQ0141,S7,2025-08-04,20250804,2025-08-14,10,Advanced
EVT011855,APP06281,REQ0141,S8,2025-08-14,20250814,2025-08-14,0,Hired
EVT011856,APP06282,REQ0142,S1,2026-01-08,20260108,2026-01-10,2,Rejected
EVT011857,APP06283,REQ0142,S1,2025-12-09,20251209,2025-12-11,2,Advanced
EVT011858,APP06283,REQ0142,S2,2025-12-11,20251211,2025-12-13,2,Advanced
EVT011859,APP06283,REQ0142,S3,2025-12-13,20251213,2025-12-15,2,Advanced
EVT011860,APP06283,REQ0142,S4,2025-12-15,20251215,2025-12-21,6,Advanced
EVT011861,APP06283,REQ0142,S5,2025-12-21,20251221,2025-12-28,7,Rejected
EVT011862,APP06284,REQ0142,S1,2026-01-04,20260104,2026-01-06,2,Rejected
EVT011863,APP06285,REQ0142,S1,2025-12-27,20251227,2025-12-29,2,Rejected
EVT011864,APP06286,REQ0142,S1,2025-12-24,20251224,2025-12-25,1,Rejected
EVT011865,APP06287,REQ0142,S1,2025-12-05,20251205,2025-12-07,2,Rejected
EVT011866,APP06288,REQ0142,S1,2025-12-13,20251213,2025-12-15,2,Rejected
EVT011867,APP06289,REQ0142,S1,2025-12-05,20251205,2025-12-06,1,Rejected
EVT011868,APP06290,REQ0142,S1,2025-12-25,20251225,2025-12-27,2,Advanced
EVT011869,APP06290,REQ0142,S2,2025-12-27,20251227,2025-12-30,3,Advanced
EVT011870,APP06290,REQ0142,S3,2025-12-30,20251230,2026-01-08,9,Rejected
EVT011871,APP06291,REQ0142,S1,2025-12-09,20251209,2025-12-11,2,Advanced
EVT011872,APP06291,REQ0142,S2,2025-12-11,20251211,2025-12-12,1,Rejected
EVT011873,APP06292,REQ0142,S1,2025-12-27,20251227,2025-12-28,1,Advanced
EVT011874,APP06292,REQ0142,S2,2025-12-28,20251228,2025-12-30,2,Advanced
EVT011875,APP06292,REQ0142,S3,2025-12-30,20251230,2026-01-03,4,Rejected
EVT011876,APP06293,REQ0142,S1,2025-12-03,20251203,2025-12-06,3,Rejected
EVT011877,APP06294,REQ0142,S1,2025-12-01,20251201,2025-12-02,1,Advanced
EVT011878,APP06294,REQ0142,S2,2025-12-02,20251202,2025-12-07,5,Advanced
EVT011879,APP06294,REQ0142,S3,2025-12-07,20251207,2025-12-19,12,Rejected
EVT011880,APP06295,REQ0142,S1,2025-12-06,20251206,2025-12-07,1,Advanced
EVT011881,APP06295,REQ0142,S2,2025-12-07,20251207,2025-12-11,4,Advanced
EVT011882,APP06295,REQ0142,S3,2025-12-11,20251211,2025-12-15,4,Rejected
EVT011883,APP06296,REQ0142,S1,2025-12-03,20251203,2025-12-05,2,Advanced
EVT011884,APP06296,REQ0142,S2,2025-12-05,20251205,2025-12-08,3,Advanced
EVT011885,APP06296,REQ0142,S3,2025-12-08,20251208,2025-12-17,9,Advanced
EVT011886,APP06296,REQ0142,S4,2025-12-17,20251217,2025-12-22,5,Advanced
EVT011887,APP06296,REQ0142,S5,2025-12-22,20251222,2025-12-28,6,Rejected
EVT011888,APP06297,REQ0142,S1,2025-12-29,20251229,2025-12-31,2,Advanced
EVT011889,APP06297,REQ0142,S2,2025-12-31,20251231,2026-01-02,2,Advanced
EVT011890,APP06297,REQ0142,S3,2026-01-02,20260102,2026-01-09,7,Advanced
EVT011891,APP06297,REQ0142,S4,2026-01-09,20260109,2026-01-14,5,Advanced
EVT011892,APP06297,REQ0142,S5,2026-01-14,20260114,2026-01-18,4,Rejected
EVT011893,APP06298,REQ0142,S1,2025-11-30,20251130,2025-12-03,3,Advanced
EVT011894,APP06298,REQ0142,S2,2025-12-03,20251203,2025-12-06,3,Advanced
EVT011895,APP06298,REQ0142,S3,2025-12-06,20251206,2025-12-19,13,Advanced
EVT011896,APP06298,REQ0142,S4,2025-12-19,20251219,2025-12-22,3,Advanced
EVT011897,APP06298,REQ0142,S5,2025-12-22,20251222,2025-12-28,6,Advanced
EVT011898,APP06298,REQ0142,S6,2025-12-28,20251228,2026-01-03,6,Advanced
EVT011899,APP06298,REQ0142,S7,2026-01-03,20260103,2026-01-09,6,Advanced
EVT011900,APP06298,REQ0142,S8,2026-01-09,20260109,2026-01-09,0,Hired
EVT011901,APP06299,REQ0142,S1,2025-12-08,20251208,2025-12-09,1,Rejected
EVT011902,APP06300,REQ0142,S1,2025-12-24,20251224,2025-12-26,2,Rejected
EVT011903,APP06301,REQ0142,S1,2025-12-01,20251201,2025-12-02,1,Advanced
EVT011904,APP06301,REQ0142,S2,2025-12-02,20251202,2025-12-05,3,Advanced
EVT011905,APP06301,REQ0142,S3,2025-12-05,20251205,2025-12-11,6,Rejected
EVT011906,APP06302,REQ0142,S1,2025-12-24,20251224,2025-12-25,1,Advanced
EVT011907,APP06302,REQ0142,S2,2025-12-25,20251225,2025-12-31,6,Rejected
EVT011908,APP06303,REQ0142,S1,2025-12-17,20251217,2025-12-18,1,Advanced
EVT011909,APP06303,REQ0142,S2,2025-12-18,20251218,2025-12-20,2,Rejected
EVT011910,APP06304,REQ0142,S1,2025-12-05,20251205,2025-12-07,2,Rejected
EVT011911,APP06305,REQ0142,S1,2026-01-02,20260102,2026-01-04,2,Advanced
EVT011912,APP06305,REQ0142,S2,2026-01-04,20260104,2026-01-06,2,Advanced
EVT011913,APP06305,REQ0142,S3,2026-01-06,20260106,2026-01-10,4,Rejected
EVT011914,APP06306,REQ0142,S1,2025-12-19,20251219,2025-12-20,1,Rejected
EVT011915,APP06307,REQ0142,S1,2025-12-15,20251215,2025-12-18,3,Advanced
EVT011916,APP06307,REQ0142,S2,2025-12-18,20251218,2025-12-20,2,Advanced
EVT011917,APP06307,REQ0142,S3,2025-12-20,20251220,2025-12-31,11,Advanced
EVT011918,APP06307,REQ0142,S4,2025-12-31,20251231,2026-01-05,5,Rejected
EVT011919,APP06308,REQ0142,S1,2025-12-10,20251210,2025-12-12,2,Rejected
EVT011920,APP06309,REQ0143,S1,2024-04-18,20240418,2024-04-19,1,Advanced
EVT011921,APP06309,REQ0143,S2,2024-04-19,20240419,2024-04-22,3,Advanced
EVT011922,APP06309,REQ0143,S3,2024-04-22,20240422,2024-04-24,2,Rejected
EVT011923,APP06310,REQ0143,S1,2024-05-02,20240502,2024-05-04,2,Advanced
EVT011924,APP06310,REQ0143,S2,2024-05-04,20240504,2024-05-09,5,Rejected
EVT011925,APP06311,REQ0143,S1,2024-04-19,20240419,2024-04-20,1,Rejected
EVT011926,APP06312,REQ0143,S1,2024-05-14,20240514,2024-05-17,3,Advanced
EVT011927,APP06312,REQ0143,S2,2024-05-17,20240517,2024-05-19,2,Advanced
EVT011928,APP06312,REQ0143,S3,2024-05-19,20240519,2024-05-31,12,Advanced
EVT011929,APP06312,REQ0143,S4,2024-05-31,20240531,2024-06-04,4,Advanced
EVT011930,APP06312,REQ0143,S5,2024-06-04,20240604,2024-06-09,5,Rejected
EVT011931,APP06313,REQ0143,S1,2024-04-22,20240422,2024-04-23,1,Advanced
EVT011932,APP06313,REQ0143,S2,2024-04-23,20240423,2024-04-26,3,Advanced
EVT011933,APP06313,REQ0143,S3,2024-04-26,20240426,2024-05-03,7,Advanced
EVT011934,APP06313,REQ0143,S4,2024-05-03,20240503,2024-05-07,4,Advanced
EVT011935,APP06313,REQ0143,S5,2024-05-07,20240507,2024-05-12,5,Advanced
EVT011936,APP06313,REQ0143,S6,2024-05-12,20240512,2024-05-15,3,Rejected
EVT011937,APP06314,REQ0143,S1,2024-05-08,20240508,2024-05-09,1,Advanced
EVT011938,APP06314,REQ0143,S2,2024-05-09,20240509,2024-05-10,1,Advanced
EVT011939,APP06314,REQ0143,S3,2024-05-10,20240510,2024-05-18,8,Advanced
EVT011940,APP06314,REQ0143,S4,2024-05-18,20240518,2024-05-25,7,Rejected
EVT011941,APP06315,REQ0143,S1,2024-05-06,20240506,2024-05-07,1,Rejected
EVT011942,APP06316,REQ0143,S1,2024-05-13,20240513,2024-05-16,3,Advanced
EVT011943,APP06316,REQ0143,S2,2024-05-16,20240516,2024-05-18,2,Advanced
EVT011944,APP06316,REQ0143,S3,2024-05-18,20240518,2024-05-23,5,Rejected
EVT011945,APP06317,REQ0143,S1,2024-04-25,20240425,2024-04-27,2,Rejected
EVT011946,APP06318,REQ0143,S1,2024-04-21,20240421,2024-04-22,1,Advanced
EVT011947,APP06318,REQ0143,S2,2024-04-22,20240422,2024-04-26,4,Advanced
EVT011948,APP06318,REQ0143,S3,2024-04-26,20240426,2024-05-05,9,Rejected
EVT011949,APP06319,REQ0143,S1,2024-05-07,20240507,2024-05-09,2,Advanced
EVT011950,APP06319,REQ0143,S2,2024-05-09,20240509,2024-05-12,3,Advanced
EVT011951,APP06319,REQ0143,S3,2024-05-12,20240512,2024-05-23,11,Advanced
EVT011952,APP06319,REQ0143,S4,2024-05-23,20240523,2024-05-26,3,Advanced
EVT011953,APP06319,REQ0143,S5,2024-05-26,20240526,2024-06-04,9,Rejected
EVT011954,APP06320,REQ0143,S1,2024-04-24,20240424,2024-04-25,1,Advanced
EVT011955,APP06320,REQ0143,S2,2024-04-25,20240425,2024-04-27,2,Advanced
EVT011956,APP06320,REQ0143,S3,2024-04-27,20240427,2024-05-05,8,Rejected
EVT011957,APP06321,REQ0143,S1,2024-04-23,20240423,2024-04-24,1,Advanced
EVT011958,APP06321,REQ0143,S2,2024-04-24,20240424,2024-04-29,5,Advanced
EVT011959,APP06321,REQ0143,S3,2024-04-29,20240429,2024-05-05,6,Rejected
EVT011960,APP06322,REQ0143,S1,2024-04-26,20240426,2024-04-29,3,Rejected
EVT011961,APP06323,REQ0143,S1,2024-05-01,20240501,2024-05-03,2,Rejected
EVT011962,APP06324,REQ0143,S1,2024-05-15,20240515,2024-05-16,1,Advanced
EVT011963,APP06324,REQ0143,S2,2024-05-16,20240516,2024-05-19,3,Rejected
EVT011964,APP06325,REQ0143,S1,2024-05-07,20240507,2024-05-09,2,Advanced
EVT011965,APP06325,REQ0143,S2,2024-05-09,20240509,2024-05-11,2,Advanced
EVT011966,APP06325,REQ0143,S3,2024-05-11,20240511,2024-05-15,4,Rejected
EVT011967,APP06326,REQ0143,S1,2024-04-15,20240415,2024-04-18,3,Advanced
EVT011968,APP06326,REQ0143,S2,2024-04-18,20240418,2024-04-24,6,Rejected
EVT011969,APP06327,REQ0143,S1,2024-05-17,20240517,2024-05-18,1,Advanced
EVT011970,APP06327,REQ0143,S2,2024-05-18,20240518,2024-05-21,3,Rejected
EVT011971,APP06328,REQ0143,S1,2024-05-09,20240509,2024-05-11,2,Advanced
EVT011972,APP06328,REQ0143,S2,2024-05-11,20240511,2024-05-17,6,Advanced
EVT011973,APP06328,REQ0143,S3,2024-05-17,20240517,2024-05-21,4,Advanced
EVT011974,APP06328,REQ0143,S4,2024-05-21,20240521,2024-05-28,7,Advanced
EVT011975,APP06328,REQ0143,S5,2024-05-28,20240528,2024-06-02,5,Rejected
EVT011976,APP06329,REQ0143,S1,2024-05-08,20240508,2024-05-10,2,Rejected
EVT011977,APP06330,REQ0143,S1,2024-04-29,20240429,2024-05-02,3,Rejected
EVT011978,APP06331,REQ0143,S1,2024-05-19,20240519,2024-05-22,3,Rejected
EVT011979,APP06332,REQ0143,S1,2024-05-03,20240503,2024-05-05,2,Advanced
EVT011980,APP06332,REQ0143,S2,2024-05-05,20240505,2024-05-11,6,Advanced
EVT011981,APP06332,REQ0143,S3,2024-05-11,20240511,2024-05-20,9,Rejected
EVT011982,APP06333,REQ0143,S1,2024-05-18,20240518,2024-05-19,1,Advanced
EVT011983,APP06333,REQ0143,S2,2024-05-19,20240519,2024-05-22,3,Rejected
EVT011984,APP06334,REQ0143,S1,2024-05-12,20240512,2024-05-15,3,Rejected
EVT011985,APP06335,REQ0143,S1,2024-04-27,20240427,2024-04-28,1,Advanced
EVT011986,APP06335,REQ0143,S2,2024-04-28,20240428,2024-04-29,1,Advanced
EVT011987,APP06335,REQ0143,S3,2024-04-29,20240429,2024-05-06,7,Rejected
EVT011988,APP06336,REQ0143,S1,2024-04-17,20240417,2024-04-20,3,Rejected
EVT011989,APP06337,REQ0143,S1,2024-05-18,20240518,2024-05-21,3,Rejected
EVT011990,APP06338,REQ0143,S1,2024-04-18,20240418,2024-04-20,2,Advanced
EVT011991,APP06338,REQ0143,S2,2024-04-20,20240420,2024-04-22,2,Advanced
EVT011992,APP06338,REQ0143,S3,2024-04-22,20240422,2024-04-29,7,Rejected
EVT011993,APP06339,REQ0143,S1,2024-04-16,20240416,2024-04-18,2,Rejected
EVT011994,APP06340,REQ0143,S1,2024-04-30,20240430,2024-05-02,2,Rejected
EVT011995,APP06341,REQ0143,S1,2024-05-20,20240520,2024-05-21,1,Advanced
EVT011996,APP06341,REQ0143,S2,2024-05-21,20240521,2024-05-23,2,Advanced
EVT011997,APP06341,REQ0143,S3,2024-05-23,20240523,2024-06-01,9,Rejected
EVT011998,APP06342,REQ0143,S1,2024-05-16,20240516,2024-05-17,1,Advanced
EVT011999,APP06342,REQ0143,S2,2024-05-17,20240517,2024-05-21,4,Rejected
EVT012000,APP06343,REQ0143,S1,2024-05-16,20240516,2024-05-19,3,Rejected
EVT012001,APP06344,REQ0143,S1,2024-04-27,20240427,2024-04-28,1,Rejected
EVT012002,APP06345,REQ0143,S1,2024-04-16,20240416,2024-04-17,1,Rejected
EVT012003,APP06346,REQ0143,S1,2024-05-20,20240520,2024-05-22,2,Advanced
EVT012004,APP06346,REQ0143,S2,2024-05-22,20240522,2024-05-28,6,Advanced
EVT012005,APP06346,REQ0143,S3,2024-05-28,20240528,2024-06-05,8,Rejected
EVT012006,APP06347,REQ0143,S1,2024-05-12,20240512,2024-05-14,2,Rejected
EVT012007,APP06348,REQ0143,S1,2024-04-26,20240426,2024-04-27,1,Rejected
EVT012008,APP06349,REQ0143,S1,2024-04-17,20240417,2024-04-18,1,Advanced
EVT012009,APP06349,REQ0143,S2,2024-04-18,20240418,2024-04-22,4,Advanced
EVT012010,APP06349,REQ0143,S3,2024-04-22,20240422,2024-05-02,10,Rejected
EVT012011,APP06350,REQ0143,S1,2024-04-23,20240423,2024-04-24,1,Advanced
EVT012012,APP06350,REQ0143,S2,2024-04-24,20240424,2024-04-29,5,Rejected
EVT012013,APP06351,REQ0144,S1,2024-03-12,20240312,2024-03-13,1,Advanced
EVT012014,APP06351,REQ0144,S2,2024-03-13,20240313,2024-03-19,6,Rejected
EVT012015,APP06352,REQ0144,S1,2024-03-25,20240325,2024-03-27,2,Rejected
EVT012016,APP06353,REQ0144,S1,2024-03-13,20240313,2024-03-14,1,Rejected
EVT012017,APP06354,REQ0144,S1,2024-03-12,20240312,2024-03-13,1,Rejected
EVT012018,APP06355,REQ0144,S1,2024-04-04,20240404,2024-04-07,3,Rejected
EVT012019,APP06356,REQ0144,S1,2024-03-12,20240312,2024-03-14,2,Advanced
EVT012020,APP06356,REQ0144,S2,2024-03-14,20240314,2024-03-20,6,Advanced
EVT012021,APP06356,REQ0144,S3,2024-03-20,20240320,2024-03-24,4,Advanced
EVT012022,APP06356,REQ0144,S4,2024-03-24,20240324,2024-03-27,3,Advanced
EVT012023,APP06356,REQ0144,S5,2024-03-27,20240327,2024-04-01,5,Rejected
EVT012024,APP06357,REQ0144,S1,2024-03-05,20240305,2024-03-06,1,Rejected
EVT012025,APP06358,REQ0144,S1,2024-04-01,20240401,2024-04-02,1,Advanced
EVT012026,APP06358,REQ0144,S2,2024-04-02,20240402,2024-04-05,3,Advanced
EVT012027,APP06358,REQ0144,S3,2024-04-05,20240405,2024-04-14,9,Rejected
EVT012028,APP06359,REQ0144,S1,2024-03-29,20240329,2024-04-01,3,Rejected
EVT012029,APP06360,REQ0144,S1,2024-03-17,20240317,2024-03-18,1,Rejected
EVT012030,APP06361,REQ0144,S1,2024-03-22,20240322,2024-03-24,2,Rejected
EVT012031,APP06362,REQ0144,S1,2024-03-07,20240307,2024-03-09,2,Rejected
EVT012032,APP06363,REQ0144,S1,2024-03-11,20240311,2024-03-12,1,Advanced
EVT012033,APP06363,REQ0144,S2,2024-03-12,20240312,2024-03-14,2,Advanced
EVT012034,APP06363,REQ0144,S3,2024-03-14,20240314,2024-03-21,7,Rejected
EVT012035,APP06364,REQ0144,S1,2024-03-06,20240306,2024-03-09,3,Rejected
EVT012036,APP06365,REQ0144,S1,2024-03-20,20240320,2024-03-23,3,Rejected
EVT012037,APP06366,REQ0144,S1,2024-03-30,20240330,2024-04-02,3,Rejected
EVT012038,APP06367,REQ0144,S1,2024-03-17,20240317,2024-03-19,2,Advanced
EVT012039,APP06367,REQ0144,S2,2024-03-19,20240319,2024-03-23,4,Rejected
EVT012040,APP06368,REQ0144,S1,2024-03-09,20240309,2024-03-12,3,Advanced
EVT012041,APP06368,REQ0144,S2,2024-03-12,20240312,2024-03-18,6,Advanced
EVT012042,APP06368,REQ0144,S3,2024-03-18,20240318,2024-03-26,8,Rejected
EVT012043,APP06369,REQ0145,S1,2024-05-07,20240507,2024-05-08,1,Rejected
EVT012044,APP06370,REQ0145,S1,2024-04-21,20240421,2024-04-24,3,Advanced
EVT012045,APP06370,REQ0145,S2,2024-04-24,20240424,2024-04-27,3,Rejected
EVT012046,APP06371,REQ0145,S1,2024-04-18,20240418,2024-04-19,1,Advanced
EVT012047,APP06371,REQ0145,S2,2024-04-19,20240419,2024-04-21,2,Rejected
EVT012048,APP06372,REQ0145,S1,2024-04-22,20240422,2024-04-23,1,Rejected
EVT012049,APP06373,REQ0145,S1,2024-04-18,20240418,2024-04-21,3,Advanced
EVT012050,APP06373,REQ0145,S2,2024-04-21,20240421,2024-04-24,3,Rejected
EVT012051,APP06374,REQ0145,S1,2024-04-18,20240418,2024-04-20,2,Advanced
EVT012052,APP06374,REQ0145,S2,2024-04-20,20240420,2024-04-22,2,Advanced
EVT012053,APP06374,REQ0145,S3,2024-04-22,20240422,2024-05-05,13,Advanced
EVT012054,APP06374,REQ0145,S4,2024-05-05,20240505,2024-05-10,5,Rejected
EVT012055,APP06375,REQ0145,S1,2024-04-25,20240425,2024-04-26,1,Rejected
EVT012056,APP06376,REQ0145,S1,2024-04-28,20240428,2024-04-29,1,Rejected
EVT012057,APP06377,REQ0145,S1,2024-05-03,20240503,2024-05-05,2,Rejected
EVT012058,APP06378,REQ0145,S1,2024-05-04,20240504,2024-05-06,2,Advanced
EVT012059,APP06378,REQ0145,S2,2024-05-06,20240506,2024-05-12,6,Rejected
EVT012060,APP06379,REQ0145,S1,2024-04-22,20240422,2024-04-24,2,Rejected
EVT012061,APP06380,REQ0145,S1,2024-04-20,20240420,2024-04-21,1,Rejected
EVT012062,APP06381,REQ0145,S1,2024-04-27,20240427,2024-04-28,1,Rejected
EVT012063,APP06382,REQ0145,S1,2024-04-19,20240419,2024-04-22,3,Advanced
EVT012064,APP06382,REQ0145,S2,2024-04-22,20240422,2024-04-28,6,Advanced
EVT012065,APP06382,REQ0145,S3,2024-04-28,20240428,2024-05-02,4,Advanced
EVT012066,APP06382,REQ0145,S4,2024-05-02,20240502,2024-05-08,6,Rejected
EVT012067,APP06383,REQ0145,S1,2024-05-09,20240509,2024-05-11,2,Rejected
EVT012068,APP06384,REQ0145,S1,2024-05-05,20240505,2024-05-06,1,Rejected
EVT012069,APP06385,REQ0145,S1,2024-04-28,20240428,2024-05-01,3,Advanced
EVT012070,APP06385,REQ0145,S2,2024-05-01,20240501,2024-05-04,3,Rejected
EVT012071,APP06386,REQ0145,S1,2024-05-03,20240503,2024-05-04,1,Rejected
EVT012072,APP06387,REQ0145,S1,2024-05-09,20240509,2024-05-10,1,Advanced
EVT012073,APP06387,REQ0145,S2,2024-05-10,20240510,2024-05-16,6,Rejected
EVT012074,APP06388,REQ0145,S1,2024-04-23,20240423,2024-04-24,1,Advanced
EVT012075,APP06388,REQ0145,S2,2024-04-24,20240424,2024-04-30,6,Rejected
EVT012076,APP06389,REQ0145,S1,2024-04-25,20240425,2024-04-26,1,Rejected
EVT012077,APP06390,REQ0145,S1,2024-05-03,20240503,2024-05-04,1,Advanced
EVT012078,APP06390,REQ0145,S2,2024-05-04,20240504,2024-05-10,6,Advanced
EVT012079,APP06390,REQ0145,S3,2024-05-10,20240510,2024-05-18,8,Advanced
EVT012080,APP06390,REQ0145,S4,2024-05-18,20240518,2024-05-24,6,Advanced
EVT012081,APP06390,REQ0145,S5,2024-05-24,20240524,2024-05-31,7,Rejected
EVT012082,APP06391,REQ0145,S1,2024-04-30,20240430,2024-05-01,1,Advanced
EVT012083,APP06391,REQ0145,S2,2024-05-01,20240501,2024-05-04,3,Advanced
EVT012084,APP06391,REQ0145,S3,2024-05-04,20240504,2024-05-13,9,Rejected
EVT012085,APP06392,REQ0146,S1,2025-04-13,20250413,2025-04-16,3,Rejected
EVT012086,APP06393,REQ0146,S1,2025-04-05,20250405,2025-04-06,1,Rejected
EVT012087,APP06394,REQ0146,S1,2025-04-02,20250402,2025-04-03,1,Rejected
EVT012088,APP06395,REQ0146,S1,2025-04-09,20250409,2025-04-12,3,Rejected
EVT012089,APP06396,REQ0146,S1,2025-04-18,20250418,2025-04-20,2,Rejected
EVT012090,APP06397,REQ0146,S1,2025-04-10,20250410,2025-04-12,2,Rejected
EVT012091,APP06398,REQ0146,S1,2025-04-09,20250409,2025-04-10,1,Rejected
EVT012092,APP06399,REQ0146,S1,2025-04-16,20250416,2025-04-19,3,Rejected
EVT012093,APP06400,REQ0146,S1,2025-04-02,20250402,2025-04-05,3,Rejected
EVT012094,APP06401,REQ0146,S1,2025-04-10,20250410,2025-04-12,2,Advanced
EVT012095,APP06401,REQ0146,S2,2025-04-12,20250412,2025-04-18,6,Rejected
EVT012096,APP06402,REQ0146,S1,2025-04-10,20250410,2025-04-12,2,Rejected
EVT012097,APP06403,REQ0146,S1,2025-03-29,20250329,2025-03-31,2,Advanced
EVT012098,APP06403,REQ0146,S2,2025-03-31,20250331,2025-04-03,3,Rejected
EVT012099,APP06404,REQ0146,S1,2025-04-15,20250415,2025-04-17,2,Rejected
EVT012100,APP06405,REQ0146,S1,2025-04-15,20250415,2025-04-18,3,Advanced
EVT012101,APP06405,REQ0146,S2,2025-04-18,20250418,2025-04-24,6,Advanced
EVT012102,APP06405,REQ0146,S3,2025-04-24,20250424,2025-05-05,11,Rejected
EVT012103,APP06406,REQ0146,S1,2025-04-13,20250413,2025-04-16,3,Rejected
EVT012104,APP06407,REQ0146,S1,2025-04-04,20250404,2025-04-07,3,Rejected
EVT012105,APP06408,REQ0146,S1,2025-04-05,20250405,2025-04-06,1,Advanced
EVT012106,APP06408,REQ0146,S2,2025-04-06,20250406,2025-04-08,2,Advanced
EVT012107,APP06408,REQ0146,S3,2025-04-08,20250408,2025-04-12,4,Advanced
EVT012108,APP06408,REQ0146,S4,2025-04-12,20250412,2025-04-17,5,Advanced
EVT012109,APP06408,REQ0146,S5,2025-04-17,20250417,2025-04-26,9,Advanced
EVT012110,APP06408,REQ0146,S6,2025-04-26,20250426,2025-05-02,6,Advanced
EVT012111,APP06408,REQ0146,S7,2025-05-02,20250502,2025-05-10,8,Advanced
EVT012112,APP06408,REQ0146,S8,2025-05-10,20250510,2025-05-10,0,Hired
EVT012113,APP06409,REQ0146,S1,2025-04-19,20250419,2025-04-21,2,Rejected
EVT012114,APP06410,REQ0146,S1,2025-03-31,20250331,2025-04-02,2,Advanced
EVT012115,APP06410,REQ0146,S2,2025-04-02,20250402,2025-04-06,4,Rejected
EVT012116,APP06411,REQ0146,S1,2025-04-18,20250418,2025-04-20,2,Advanced
EVT012117,APP06411,REQ0146,S2,2025-04-20,20250420,2025-04-22,2,Advanced
EVT012118,APP06411,REQ0146,S3,2025-04-22,20250422,2025-05-05,13,Advanced
EVT012119,APP06411,REQ0146,S4,2025-05-05,20250505,2025-05-09,4,Advanced
EVT012120,APP06411,REQ0146,S5,2025-05-09,20250509,2025-05-17,8,Rejected
EVT012121,APP06412,REQ0146,S1,2025-03-31,20250331,2025-04-01,1,Advanced
EVT012122,APP06412,REQ0146,S2,2025-04-01,20250401,2025-04-02,1,Rejected
EVT012123,APP06413,REQ0146,S1,2025-04-02,20250402,2025-04-03,1,Rejected
EVT012124,APP06414,REQ0146,S1,2025-03-31,20250331,2025-04-03,3,Rejected
EVT012125,APP06415,REQ0146,S1,2025-04-10,20250410,2025-04-11,1,Rejected
EVT012126,APP06416,REQ0146,S1,2025-04-10,20250410,2025-04-11,1,Advanced
EVT012127,APP06416,REQ0146,S2,2025-04-11,20250411,2025-04-17,6,Rejected
EVT012128,APP06417,REQ0146,S1,2025-04-10,20250410,2025-04-12,2,Advanced
EVT012129,APP06417,REQ0146,S2,2025-04-12,20250412,2025-04-13,1,Advanced
EVT012130,APP06417,REQ0146,S3,2025-04-13,20250413,2025-04-17,4,Advanced
EVT012131,APP06417,REQ0146,S4,2025-04-17,20250417,2025-04-24,7,Advanced
EVT012132,APP06417,REQ0146,S5,2025-04-24,20250424,2025-05-02,8,Advanced
EVT012133,APP06417,REQ0146,S6,2025-05-02,20250502,2025-05-08,6,Rejected
EVT012134,APP06418,REQ0147,S1,2026-05-21,20260521,2026-05-22,1,Rejected
EVT012135,APP06419,REQ0147,S1,2026-05-02,20260502,2026-05-04,2,Rejected
EVT012136,APP06420,REQ0147,S1,2026-05-01,20260501,2026-05-03,2,Advanced
EVT012137,APP06420,REQ0147,S2,2026-05-03,20260503,2026-05-04,1,Rejected
EVT012138,APP06421,REQ0147,S1,2026-06-02,20260602,2026-06-03,1,Rejected
EVT012139,APP06422,REQ0147,S1,2026-05-19,20260519,2026-05-21,2,Advanced
EVT012140,APP06422,REQ0147,S2,2026-05-21,20260521,2026-05-26,5,Advanced
EVT012141,APP06422,REQ0147,S3,2026-05-26,20260526,2026-06-05,10,Advanced
EVT012142,APP06422,REQ0147,S4,2026-06-05,20260605,2026-06-08,3,Advanced
EVT012143,APP06422,REQ0147,S5,2026-06-08,20260608,2026-06-17,9,Advanced
EVT012144,APP06422,REQ0147,S6,2026-06-17,20260617,2026-06-23,6,Rejected
EVT012145,APP06423,REQ0147,S1,2026-05-03,20260503,2026-05-05,2,Rejected
EVT012146,APP06424,REQ0147,S1,2026-05-23,20260523,2026-05-25,2,Advanced
EVT012147,APP06424,REQ0147,S2,2026-05-25,20260525,2026-05-26,1,Rejected
EVT012148,APP06425,REQ0147,S1,2026-05-08,20260508,2026-05-10,2,Advanced
EVT012149,APP06425,REQ0147,S2,2026-05-10,20260510,2026-05-14,4,Rejected
EVT012150,APP06426,REQ0147,S1,2026-06-05,20260605,2026-06-08,3,Rejected
EVT012151,APP06427,REQ0147,S1,2026-05-10,20260510,2026-05-12,2,Advanced
EVT012152,APP06427,REQ0147,S2,2026-05-12,20260512,2026-05-15,3,Advanced
EVT012153,APP06427,REQ0147,S3,2026-05-15,20260515,2026-05-21,6,Rejected
EVT012154,APP06428,REQ0147,S1,2026-05-05,20260505,2026-05-08,3,Advanced
EVT012155,APP06428,REQ0147,S2,2026-05-08,20260508,2026-05-12,4,Advanced
EVT012156,APP06428,REQ0147,S3,2026-05-12,20260512,2026-05-21,9,Rejected
EVT012157,APP06429,REQ0147,S1,2026-05-12,20260512,2026-05-13,1,Advanced
EVT012158,APP06429,REQ0147,S2,2026-05-13,20260513,2026-05-17,4,Advanced
EVT012159,APP06429,REQ0147,S3,2026-05-17,20260517,2026-05-24,7,Rejected
EVT012160,APP06430,REQ0147,S1,2026-05-16,20260516,2026-05-17,1,Rejected
EVT012161,APP06431,REQ0147,S1,2026-05-05,20260505,2026-05-07,2,Advanced
EVT012162,APP06431,REQ0147,S2,2026-05-07,20260507,2026-05-09,2,Rejected
EVT012163,APP06432,REQ0147,S1,2026-05-25,20260525,2026-05-26,1,Rejected
EVT012164,APP06433,REQ0147,S1,2026-06-07,20260607,2026-06-09,2,Advanced
EVT012165,APP06433,REQ0147,S2,2026-06-09,20260609,2026-06-14,5,Rejected
EVT012166,APP06434,REQ0147,S1,2026-05-27,20260527,2026-05-30,3,Rejected
EVT012167,APP06435,REQ0147,S1,2026-05-27,20260527,2026-05-28,1,Rejected
EVT012168,APP06436,REQ0147,S1,2026-05-22,20260522,2026-05-24,2,Advanced
EVT012169,APP06436,REQ0147,S2,2026-05-24,20260524,2026-05-26,2,Rejected
EVT012170,APP06437,REQ0147,S1,2026-04-28,20260428,2026-04-30,2,Advanced
EVT012171,APP06437,REQ0147,S2,2026-04-30,20260430,2026-05-02,2,Advanced
EVT012172,APP06437,REQ0147,S3,2026-05-02,20260502,2026-05-11,9,Rejected
EVT012173,APP06438,REQ0147,S1,2026-06-13,20260613,2026-06-14,1,Rejected
EVT012174,APP06439,REQ0147,S1,2026-05-26,20260526,2026-05-28,2,Advanced
EVT012175,APP06439,REQ0147,S2,2026-05-28,20260528,2026-06-01,4,Rejected
EVT012176,APP06440,REQ0147,S1,2026-06-19,20260619,2026-06-21,2,Advanced
EVT012177,APP06440,REQ0147,S2,2026-06-21,20260621,2026-06-25,4,Advanced
EVT012178,APP06440,REQ0147,S3,2026-06-25,20260625,,5,In Process
EVT012179,APP06441,REQ0147,S1,2026-05-08,20260508,2026-05-10,2,Rejected
EVT012180,APP06442,REQ0147,S1,2026-06-13,20260613,2026-06-14,1,Advanced
EVT012181,APP06442,REQ0147,S2,2026-06-14,20260614,2026-06-15,1,Advanced
EVT012182,APP06442,REQ0147,S3,2026-06-15,20260615,2026-06-19,4,Advanced
EVT012183,APP06442,REQ0147,S4,2026-06-19,20260619,2026-06-23,4,Advanced
EVT012184,APP06442,REQ0147,S5,2026-06-23,20260623,2026-06-28,5,Advanced
EVT012185,APP06442,REQ0147,S6,2026-06-28,20260628,,2,In Process
EVT012186,APP06443,REQ0147,S1,2026-06-10,20260610,2026-06-11,1,Rejected
EVT012187,APP06444,REQ0147,S1,2026-06-15,20260615,2026-06-18,3,Advanced
EVT012188,APP06444,REQ0147,S2,2026-06-18,20260618,2026-06-21,3,Advanced
EVT012189,APP06444,REQ0147,S3,2026-06-21,20260621,,9,In Process
EVT012190,APP06445,REQ0147,S1,2026-05-05,20260505,2026-05-06,1,Rejected
EVT012191,APP06446,REQ0147,S1,2026-05-16,20260516,2026-05-18,2,Rejected
EVT012192,APP06447,REQ0147,S1,2026-05-28,20260528,2026-05-29,1,Rejected
EVT012193,APP06448,REQ0147,S1,2026-05-26,20260526,2026-05-27,1,Rejected
EVT012194,APP06449,REQ0147,S1,2026-06-03,20260603,2026-06-04,1,Advanced
EVT012195,APP06449,REQ0147,S2,2026-06-04,20260604,2026-06-07,3,Advanced
EVT012196,APP06449,REQ0147,S3,2026-06-07,20260607,2026-06-19,12,Rejected
EVT012197,APP06450,REQ0147,S1,2026-05-08,20260508,2026-05-09,1,Advanced
EVT012198,APP06450,REQ0147,S2,2026-05-09,20260509,2026-05-14,5,Advanced
EVT012199,APP06450,REQ0147,S3,2026-05-14,20260514,2026-05-23,9,Rejected
EVT012200,APP06451,REQ0147,S1,2026-05-11,20260511,2026-05-12,1,Rejected
EVT012201,APP06452,REQ0147,S1,2026-06-14,20260614,2026-06-16,2,Advanced
EVT012202,APP06452,REQ0147,S2,2026-06-16,20260616,2026-06-19,3,Advanced
EVT012203,APP06452,REQ0147,S3,2026-06-19,20260619,2026-06-29,10,Advanced
EVT012204,APP06452,REQ0147,S4,2026-06-29,20260629,,1,In Process
EVT012205,APP06453,REQ0147,S1,2026-05-10,20260510,2026-05-13,3,Advanced
EVT012206,APP06453,REQ0147,S2,2026-05-13,20260513,2026-05-15,2,Rejected
EVT012207,APP06454,REQ0147,S1,2026-06-07,20260607,2026-06-08,1,Rejected
EVT012208,APP06455,REQ0147,S1,2026-05-22,20260522,2026-05-23,1,Advanced
EVT012209,APP06455,REQ0147,S2,2026-05-23,20260523,2026-05-26,3,Advanced
EVT012210,APP06455,REQ0147,S3,2026-05-26,20260526,2026-06-01,6,Advanced
EVT012211,APP06455,REQ0147,S4,2026-06-01,20260601,2026-06-09,8,Rejected
EVT012212,APP06456,REQ0147,S1,2026-06-20,20260620,2026-06-22,2,Rejected
EVT012213,APP06457,REQ0147,S1,2026-05-23,20260523,2026-05-25,2,Rejected
EVT012214,APP06458,REQ0147,S1,2026-05-07,20260507,2026-05-10,3,Advanced
EVT012215,APP06458,REQ0147,S2,2026-05-10,20260510,2026-05-15,5,Advanced
EVT012216,APP06458,REQ0147,S3,2026-05-15,20260515,2026-05-24,9,Rejected
EVT012217,APP06459,REQ0147,S1,2026-05-29,20260529,2026-05-31,2,Advanced
EVT012218,APP06459,REQ0147,S2,2026-05-31,20260531,2026-06-06,6,Rejected
EVT012219,APP06460,REQ0147,S1,2026-05-12,20260512,2026-05-13,1,Rejected
EVT012220,APP06461,REQ0147,S1,2026-05-30,20260530,2026-06-02,3,Rejected
EVT012221,APP06462,REQ0147,S1,2026-06-05,20260605,2026-06-06,1,Rejected
EVT012222,APP06463,REQ0148,S1,2024-11-26,20241126,2024-11-29,3,Advanced
EVT012223,APP06463,REQ0148,S2,2024-11-29,20241129,2024-12-03,4,Rejected
EVT012224,APP06464,REQ0148,S1,2024-10-28,20241028,2024-10-30,2,Advanced
EVT012225,APP06464,REQ0148,S2,2024-10-30,20241030,2024-11-02,3,Rejected
EVT012226,APP06465,REQ0148,S1,2024-11-02,20241102,2024-11-03,1,Rejected
EVT012227,APP06466,REQ0148,S1,2024-10-22,20241022,2024-10-24,2,Advanced
EVT012228,APP06466,REQ0148,S2,2024-10-24,20241024,2024-10-25,1,Advanced
EVT012229,APP06466,REQ0148,S3,2024-10-25,20241025,2024-10-29,4,Rejected
EVT012230,APP06467,REQ0148,S1,2024-10-21,20241021,2024-10-23,2,Rejected
EVT012231,APP06468,REQ0148,S1,2024-10-14,20241014,2024-10-15,1,Advanced
EVT012232,APP06468,REQ0148,S2,2024-10-15,20241015,2024-10-18,3,Rejected
EVT012233,APP06469,REQ0148,S1,2024-11-27,20241127,2024-11-28,1,Advanced
EVT012234,APP06469,REQ0148,S2,2024-11-28,20241128,2024-12-04,6,Advanced
EVT012235,APP06469,REQ0148,S3,2024-12-04,20241204,2024-12-18,14,Advanced
EVT012236,APP06469,REQ0148,S4,2024-12-18,20241218,2024-12-26,8,Rejected
EVT012237,APP06470,REQ0148,S1,2024-11-27,20241127,2024-11-29,2,Rejected
EVT012238,APP06471,REQ0148,S1,2024-10-25,20241025,2024-10-27,2,Rejected
EVT012239,APP06472,REQ0148,S1,2024-10-19,20241019,2024-10-20,1,Rejected
EVT012240,APP06473,REQ0148,S1,2024-10-18,20241018,2024-10-19,1,Rejected
EVT012241,APP06474,REQ0148,S1,2024-10-22,20241022,2024-10-23,1,Advanced
EVT012242,APP06474,REQ0148,S2,2024-10-23,20241023,2024-10-27,4,Rejected
EVT012243,APP06475,REQ0148,S1,2024-11-26,20241126,2024-11-27,1,Rejected
EVT012244,APP06476,REQ0148,S1,2024-11-23,20241123,2024-11-25,2,Rejected
EVT012245,APP06477,REQ0148,S1,2024-10-16,20241016,2024-10-17,1,Advanced
EVT012246,APP06477,REQ0148,S2,2024-10-17,20241017,2024-10-21,4,Advanced
EVT012247,APP06477,REQ0148,S3,2024-10-21,20241021,2024-10-27,6,Rejected
EVT012248,APP06478,REQ0148,S1,2024-11-03,20241103,2024-11-04,1,Advanced
EVT012249,APP06478,REQ0148,S2,2024-11-04,20241104,2024-11-08,4,Advanced
EVT012250,APP06478,REQ0148,S3,2024-11-08,20241108,2024-11-15,7,Rejected
EVT012251,APP06479,REQ0148,S1,2024-10-20,20241020,2024-10-21,1,Advanced
EVT012252,APP06479,REQ0148,S2,2024-10-21,20241021,2024-10-26,5,Rejected
EVT012253,APP06480,REQ0148,S1,2024-11-18,20241118,2024-11-20,2,Advanced
EVT012254,APP06480,REQ0148,S2,2024-11-20,20241120,2024-11-22,2,Rejected
EVT012255,APP06481,REQ0148,S1,2024-10-28,20241028,2024-10-29,1,Advanced
EVT012256,APP06481,REQ0148,S2,2024-10-29,20241029,2024-11-02,4,Advanced
EVT012257,APP06481,REQ0148,S3,2024-11-02,20241102,2024-11-07,5,Rejected
EVT012258,APP06482,REQ0148,S1,2024-11-02,20241102,2024-11-03,1,Advanced
EVT012259,APP06482,REQ0148,S2,2024-11-03,20241103,2024-11-04,1,Advanced
EVT012260,APP06482,REQ0148,S3,2024-11-04,20241104,2024-11-11,7,Rejected
EVT012261,APP06483,REQ0148,S1,2024-10-31,20241031,2024-11-02,2,Rejected
EVT012262,APP06484,REQ0148,S1,2024-11-21,20241121,2024-11-23,2,Advanced
EVT012263,APP06484,REQ0148,S2,2024-11-23,20241123,2024-11-26,3,Rejected
EVT012264,APP06485,REQ0149,S1,2025-04-27,20250427,2025-04-29,2,Rejected
EVT012265,APP06486,REQ0149,S1,2025-05-24,20250524,2025-05-27,3,Rejected
EVT012266,APP06487,REQ0149,S1,2025-03-24,20250324,2025-03-27,3,Advanced
EVT012267,APP06487,REQ0149,S2,2025-03-27,20250327,2025-04-02,6,Advanced
EVT012268,APP06487,REQ0149,S3,2025-04-02,20250402,2025-04-08,6,Rejected
EVT012269,APP06488,REQ0149,S1,2025-04-15,20250415,2025-04-17,2,Rejected
EVT012270,APP06489,REQ0149,S1,2025-04-12,20250412,2025-04-14,2,Rejected
EVT012271,APP06490,REQ0149,S1,2025-05-01,20250501,2025-05-03,2,Advanced
EVT012272,APP06490,REQ0149,S2,2025-05-03,20250503,2025-05-05,2,Rejected
EVT012273,APP06491,REQ0149,S1,2025-05-19,20250519,2025-05-20,1,Rejected
EVT012274,APP06492,REQ0149,S1,2025-05-24,20250524,2025-05-25,1,Rejected
EVT012275,APP06493,REQ0149,S1,2025-03-28,20250328,2025-03-31,3,Rejected
EVT012276,APP06494,REQ0149,S1,2025-03-23,20250323,2025-03-24,1,Rejected
EVT012277,APP06495,REQ0149,S1,2025-06-05,20250605,2025-06-07,2,Rejected
EVT012278,APP06496,REQ0149,S1,2025-05-22,20250522,2025-05-24,2,Rejected
EVT012279,APP06497,REQ0149,S1,2025-03-25,20250325,2025-03-28,3,Advanced
EVT012280,APP06497,REQ0149,S2,2025-03-28,20250328,2025-04-03,6,Rejected
EVT012281,APP06498,REQ0149,S1,2025-05-23,20250523,2025-05-24,1,Advanced
EVT012282,APP06498,REQ0149,S2,2025-05-24,20250524,2025-05-26,2,Rejected
EVT012283,APP06499,REQ0149,S1,2025-03-24,20250324,2025-03-27,3,Rejected
EVT012284,APP06500,REQ0149,S1,2025-05-28,20250528,2025-05-29,1,Advanced
EVT012285,APP06500,REQ0149,S2,2025-05-29,20250529,2025-06-01,3,Rejected
EVT012286,APP06501,REQ0149,S1,2025-03-24,20250324,2025-03-27,3,Rejected
EVT012287,APP06502,REQ0149,S1,2025-05-04,20250504,2025-05-06,2,Rejected
EVT012288,APP06503,REQ0149,S1,2025-03-23,20250323,2025-03-25,2,Rejected
EVT012289,APP06504,REQ0149,S1,2025-04-28,20250428,2025-04-29,1,Rejected
EVT012290,APP06505,REQ0149,S1,2025-05-21,20250521,2025-05-23,2,Rejected
EVT012291,APP06506,REQ0149,S1,2025-05-11,20250511,2025-05-12,1,Rejected
EVT012292,APP06507,REQ0149,S1,2025-04-30,20250430,2025-05-02,2,Rejected
EVT012293,APP06508,REQ0149,S1,2025-06-02,20250602,2025-06-05,3,Rejected
EVT012294,APP06509,REQ0149,S1,2025-05-31,20250531,2025-06-02,2,Rejected
EVT012295,APP06510,REQ0149,S1,2025-04-14,20250414,2025-04-15,1,Advanced
EVT012296,APP06510,REQ0149,S2,2025-04-15,20250415,2025-04-19,4,Rejected
EVT012297,APP06511,REQ0149,S1,2025-04-20,20250420,2025-04-22,2,Rejected
EVT012298,APP06512,REQ0149,S1,2025-03-25,20250325,2025-03-26,1,Rejected
EVT012299,APP06513,REQ0149,S1,2025-04-18,20250418,2025-04-20,2,Advanced
EVT012300,APP06513,REQ0149,S2,2025-04-20,20250420,2025-04-24,4,Advanced
EVT012301,APP06513,REQ0149,S3,2025-04-24,20250424,2025-05-07,13,Rejected
EVT012302,APP06514,REQ0149,S1,2025-04-13,20250413,2025-04-15,2,Rejected
EVT012303,APP06515,REQ0149,S1,2025-06-06,20250606,2025-06-08,2,Rejected
EVT012304,APP06516,REQ0149,S1,2025-04-24,20250424,2025-04-25,1,Rejected
EVT012305,APP06517,REQ0149,S1,2025-05-29,20250529,2025-05-31,2,Advanced
EVT012306,APP06517,REQ0149,S2,2025-05-31,20250531,2025-06-03,3,Advanced
EVT012307,APP06517,REQ0149,S3,2025-06-03,20250603,2025-06-09,6,Advanced
EVT012308,APP06517,REQ0149,S4,2025-06-09,20250609,2025-06-12,3,Advanced
EVT012309,APP06517,REQ0149,S5,2025-06-12,20250612,2025-06-19,7,Rejected
EVT012310,APP06518,REQ0149,S1,2025-05-11,20250511,2025-05-13,2,Rejected
EVT012311,APP06519,REQ0149,S1,2025-04-16,20250416,2025-04-18,2,Rejected
EVT012312,APP06520,REQ0149,S1,2025-05-10,20250510,2025-05-12,2,Advanced
EVT012313,APP06520,REQ0149,S2,2025-05-12,20250512,2025-05-13,1,Advanced
EVT012314,APP06520,REQ0149,S3,2025-05-13,20250513,2025-05-19,6,Rejected
EVT012315,APP06521,REQ0149,S1,2025-04-28,20250428,2025-04-30,2,Rejected
EVT012316,APP06522,REQ0149,S1,2025-04-20,20250420,2025-04-23,3,Rejected
EVT012317,APP06523,REQ0149,S1,2025-05-07,20250507,2025-05-09,2,Rejected
EVT012318,APP06524,REQ0149,S1,2025-05-21,20250521,2025-05-23,2,Advanced
EVT012319,APP06524,REQ0149,S2,2025-05-23,20250523,2025-05-25,2,Rejected
EVT012320,APP06525,REQ0149,S1,2025-03-29,20250329,2025-03-30,1,Rejected
EVT012321,APP06526,REQ0149,S1,2025-06-06,20250606,2025-06-07,1,Rejected
EVT012322,APP06527,REQ0149,S1,2025-03-27,20250327,2025-03-29,2,Advanced
EVT012323,APP06527,REQ0149,S2,2025-03-29,20250329,2025-03-31,2,Advanced
EVT012324,APP06527,REQ0149,S3,2025-03-31,20250331,2025-04-03,3,Advanced
EVT012325,APP06527,REQ0149,S4,2025-04-03,20250403,2025-04-07,4,Advanced
EVT012326,APP06527,REQ0149,S5,2025-04-07,20250407,2025-04-11,4,Advanced
EVT012327,APP06527,REQ0149,S6,2025-04-11,20250411,2025-04-14,3,Rejected
EVT012328,APP06528,REQ0149,S1,2025-04-16,20250416,2025-04-17,1,Advanced
EVT012329,APP06528,REQ0149,S2,2025-04-17,20250417,2025-04-22,5,Advanced
EVT012330,APP06528,REQ0149,S3,2025-04-22,20250422,2025-04-27,5,Advanced
EVT012331,APP06528,REQ0149,S4,2025-04-27,20250427,2025-05-05,8,Advanced
EVT012332,APP06528,REQ0149,S5,2025-05-05,20250505,2025-05-09,4,Rejected
EVT012333,APP06529,REQ0149,S1,2025-03-27,20250327,2025-03-29,2,Rejected
EVT012334,APP06530,REQ0149,S1,2025-05-09,20250509,2025-05-10,1,Rejected
EVT012335,APP06531,REQ0149,S1,2025-04-14,20250414,2025-04-15,1,Advanced
EVT012336,APP06531,REQ0149,S2,2025-04-15,20250415,2025-04-21,6,Advanced
EVT012337,APP06531,REQ0149,S3,2025-04-21,20250421,2025-05-02,11,Rejected
EVT012338,APP06532,REQ0149,S1,2025-04-04,20250404,2025-04-05,1,Advanced
EVT012339,APP06532,REQ0149,S2,2025-04-05,20250405,2025-04-07,2,Rejected
EVT012340,APP06533,REQ0149,S1,2025-05-13,20250513,2025-05-15,2,Advanced
EVT012341,APP06533,REQ0149,S2,2025-05-15,20250515,2025-05-19,4,Rejected
EVT012342,APP06534,REQ0149,S1,2025-04-17,20250417,2025-04-18,1,Rejected
EVT012343,APP06535,REQ0149,S1,2025-04-14,20250414,2025-04-15,1,Rejected
EVT012344,APP06536,REQ0149,S1,2025-04-29,20250429,2025-05-01,2,Rejected
EVT012345,APP06537,REQ0149,S1,2025-05-25,20250525,2025-05-26,1,Advanced
EVT012346,APP06537,REQ0149,S2,2025-05-26,20250526,2025-05-29,3,Advanced
EVT012347,APP06537,REQ0149,S3,2025-05-29,20250529,2025-06-02,4,Rejected
EVT012348,APP06538,REQ0149,S1,2025-03-28,20250328,2025-03-29,1,Rejected
EVT012349,APP06539,REQ0150,S1,2024-11-25,20241125,2024-11-27,2,Rejected
EVT012350,APP06540,REQ0150,S1,2025-01-01,20250101,2025-01-02,1,Rejected
EVT012351,APP06541,REQ0150,S1,2024-12-21,20241221,2024-12-23,2,Rejected
EVT012352,APP06542,REQ0150,S1,2024-12-23,20241223,2024-12-24,1,Advanced
EVT012353,APP06542,REQ0150,S2,2024-12-24,20241224,2024-12-28,4,Rejected
EVT012354,APP06543,REQ0150,S1,2024-12-25,20241225,2024-12-26,1,Rejected
EVT012355,APP06544,REQ0150,S1,2024-12-11,20241211,2024-12-12,1,Rejected
EVT012356,APP06545,REQ0150,S1,2024-12-21,20241221,2024-12-24,3,Advanced
EVT012357,APP06545,REQ0150,S2,2024-12-24,20241224,2024-12-28,4,Advanced
EVT012358,APP06545,REQ0150,S3,2024-12-28,20241228,2025-01-03,6,Advanced
EVT012359,APP06545,REQ0150,S4,2025-01-03,20250103,2025-01-11,8,Advanced
EVT012360,APP06545,REQ0150,S5,2025-01-11,20250111,2025-01-18,7,Advanced
EVT012361,APP06545,REQ0150,S6,2025-01-18,20250118,2025-01-22,4,Advanced
EVT012362,APP06545,REQ0150,S7,2025-01-22,20250122,2025-02-02,11,Advanced
EVT012363,APP06545,REQ0150,S8,2025-02-02,20250202,2025-02-02,0,Hired
EVT012364,APP06546,REQ0150,S1,2024-12-05,20241205,2024-12-07,2,Advanced
EVT012365,APP06546,REQ0150,S2,2024-12-07,20241207,2024-12-10,3,Rejected
EVT012366,APP06547,REQ0150,S1,2025-01-01,20250101,2025-01-04,3,Rejected
EVT012367,APP06548,REQ0150,S1,2024-12-28,20241228,2024-12-30,2,Rejected
EVT012368,APP06549,REQ0150,S1,2024-12-28,20241228,2024-12-29,1,Rejected
EVT012369,APP06550,REQ0150,S1,2025-01-05,20250105,2025-01-06,1,Advanced
EVT012370,APP06550,REQ0150,S2,2025-01-06,20250106,2025-01-10,4,Advanced
EVT012371,APP06550,REQ0150,S3,2025-01-10,20250110,2025-01-19,9,Rejected
EVT012372,APP06551,REQ0150,S1,2025-01-04,20250104,2025-01-05,1,Advanced
EVT012373,APP06551,REQ0150,S2,2025-01-05,20250105,2025-01-07,2,Rejected
EVT012374,APP06552,REQ0150,S1,2024-12-06,20241206,2024-12-08,2,Rejected
EVT012375,APP06553,REQ0150,S1,2024-12-27,20241227,2024-12-28,1,Advanced
EVT012376,APP06553,REQ0150,S2,2024-12-28,20241228,2024-12-30,2,Advanced
EVT012377,APP06553,REQ0150,S3,2024-12-30,20241230,2025-01-08,9,Rejected
EVT012378,APP06554,REQ0150,S1,2024-12-06,20241206,2024-12-08,2,Rejected
EVT012379,APP06555,REQ0150,S1,2025-01-03,20250103,2025-01-04,1,Advanced
EVT012380,APP06555,REQ0150,S2,2025-01-04,20250104,2025-01-06,2,Rejected
EVT012381,APP06556,REQ0150,S1,2024-12-26,20241226,2024-12-29,3,Rejected
EVT012382,APP06557,REQ0150,S1,2024-11-27,20241127,2024-11-30,3,Advanced
EVT012383,APP06557,REQ0150,S2,2024-11-30,20241130,2024-12-03,3,Advanced
EVT012384,APP06557,REQ0150,S3,2024-12-03,20241203,2024-12-14,11,Advanced
EVT012385,APP06557,REQ0150,S4,2024-12-14,20241214,2024-12-19,5,Advanced
EVT012386,APP06557,REQ0150,S5,2024-12-19,20241219,2024-12-26,7,Advanced
EVT012387,APP06557,REQ0150,S6,2024-12-26,20241226,2024-12-31,5,Advanced
EVT012388,APP06557,REQ0150,S7,2024-12-31,20241231,2025-01-10,10,Advanced
EVT012389,APP06557,REQ0150,S8,2025-01-10,20250110,2025-01-10,0,Hired
EVT012390,APP06558,REQ0150,S1,2025-01-01,20250101,2025-01-02,1,Rejected
EVT012391,APP06559,REQ0150,S1,2024-11-24,20241124,2024-11-27,3,Rejected
EVT012392,APP06560,REQ0150,S1,2024-12-24,20241224,2024-12-26,2,Rejected
EVT012393,APP06561,REQ0150,S1,2024-11-23,20241123,2024-11-25,2,Rejected
EVT012394,APP06562,REQ0150,S1,2024-11-16,20241116,2024-11-18,2,Rejected
EVT012395,APP06563,REQ0150,S1,2024-12-26,20241226,2024-12-27,1,Rejected
EVT012396,APP06564,REQ0150,S1,2025-01-08,20250108,2025-01-11,3,Rejected
EVT012397,APP06565,REQ0150,S1,2024-12-04,20241204,2024-12-06,2,Advanced
EVT012398,APP06565,REQ0150,S2,2024-12-06,20241206,2024-12-10,4,Rejected
EVT012399,APP06566,REQ0150,S1,2024-11-22,20241122,2024-11-23,1,Advanced
EVT012400,APP06566,REQ0150,S2,2024-11-23,20241123,2024-11-29,6,Rejected
EVT012401,APP06567,REQ0150,S1,2025-01-04,20250104,2025-01-05,1,Advanced
EVT012402,APP06567,REQ0150,S2,2025-01-05,20250105,2025-01-07,2,Advanced
EVT012403,APP06567,REQ0150,S3,2025-01-07,20250107,2025-01-13,6,Advanced
EVT012404,APP06567,REQ0150,S4,2025-01-13,20250113,2025-01-16,3,Advanced
EVT012405,APP06567,REQ0150,S5,2025-01-16,20250116,2025-01-20,4,Rejected
EVT012406,APP06568,REQ0150,S1,2024-12-02,20241202,2024-12-03,1,Rejected
EVT012407,APP06569,REQ0150,S1,2025-01-04,20250104,2025-01-05,1,Advanced
EVT012408,APP06569,REQ0150,S2,2025-01-05,20250105,2025-01-06,1,Advanced
EVT012409,APP06569,REQ0150,S3,2025-01-06,20250106,2025-01-11,5,Rejected
EVT012410,APP06570,REQ0150,S1,2024-12-19,20241219,2024-12-21,2,Rejected
EVT012411,APP06571,REQ0150,S1,2024-12-28,20241228,2024-12-30,2,Rejected
EVT012412,APP06572,REQ0150,S1,2024-12-08,20241208,2024-12-09,1,Rejected
EVT012413,APP06573,REQ0150,S1,2024-12-26,20241226,2024-12-27,1,Rejected
EVT012414,APP06574,REQ0150,S1,2025-01-03,20250103,2025-01-04,1,Rejected
EVT012415,APP06575,REQ0150,S1,2024-12-15,20241215,2024-12-17,2,Advanced
EVT012416,APP06575,REQ0150,S2,2024-12-17,20241217,2024-12-21,4,Advanced
EVT012417,APP06575,REQ0150,S3,2024-12-21,20241221,2024-12-28,7,Advanced
EVT012418,APP06575,REQ0150,S4,2024-12-28,20241228,2025-01-05,8,Rejected
EVT012419,APP06576,REQ0150,S1,2024-12-12,20241212,2024-12-13,1,Advanced
EVT012420,APP06576,REQ0150,S2,2024-12-13,20241213,2024-12-17,4,Advanced
EVT012421,APP06576,REQ0150,S3,2024-12-17,20241217,2024-12-26,9,Advanced
EVT012422,APP06576,REQ0150,S4,2024-12-26,20241226,2024-12-29,3,Advanced
EVT012423,APP06576,REQ0150,S5,2024-12-29,20241229,2025-01-07,9,Rejected
EVT012424,APP06577,REQ0150,S1,2024-11-21,20241121,2024-11-23,2,Rejected
EVT012425,APP06578,REQ0150,S1,2024-11-28,20241128,2024-11-29,1,Rejected
EVT012426,APP06579,REQ0150,S1,2024-12-02,20241202,2024-12-04,2,Rejected
EVT012427,APP06580,REQ0150,S1,2024-12-21,20241221,2024-12-22,1,Advanced
EVT012428,APP06580,REQ0150,S2,2024-12-22,20241222,2024-12-26,4,Rejected
EVT012429,APP06581,REQ0150,S1,2024-11-30,20241130,2024-12-01,1,Rejected
EVT012430,APP06582,REQ0150,S1,2024-12-10,20241210,2024-12-11,1,Advanced
EVT012431,APP06582,REQ0150,S2,2024-12-11,20241211,2024-12-14,3,Rejected
EVT012432,APP06583,REQ0150,S1,2024-11-18,20241118,2024-11-19,1,Rejected
EVT012433,APP06584,REQ0150,S1,2024-12-01,20241201,2024-12-02,1,Advanced
EVT012434,APP06584,REQ0150,S2,2024-12-02,20241202,2024-12-03,1,Advanced
EVT012435,APP06584,REQ0150,S3,2024-12-03,20241203,2024-12-07,4,Advanced
EVT012436,APP06584,REQ0150,S4,2024-12-07,20241207,2024-12-12,5,Advanced
EVT012437,APP06584,REQ0150,S5,2024-12-12,20241212,2024-12-18,6,Advanced
EVT012438,APP06584,REQ0150,S6,2024-12-18,20241218,2024-12-24,6,Rejected
EVT012439,APP06585,REQ0150,S1,2024-12-26,20241226,2024-12-28,2,Advanced
EVT012440,APP06585,REQ0150,S2,2024-12-28,20241228,2024-12-30,2,Advanced
EVT012441,APP06585,REQ0150,S3,2024-12-30,20241230,2025-01-02,3,Advanced
EVT012442,APP06585,REQ0150,S4,2025-01-02,20250102,2025-01-09,7,Advanced
EVT012443,APP06585,REQ0150,S5,2025-01-09,20250109,2025-01-17,8,Advanced
EVT012444,APP06585,REQ0150,S6,2025-01-17,20250117,2025-01-26,9,Advanced
EVT012445,APP06585,REQ0150,S7,2025-01-26,20250126,2025-01-31,5,Rejected
EVT012446,APP06586,REQ0150,S1,2025-01-11,20250111,2025-01-12,1,Advanced
EVT012447,APP06586,REQ0150,S2,2025-01-12,20250112,2025-01-15,3,Advanced
EVT012448,APP06586,REQ0150,S3,2025-01-15,20250115,2025-01-28,13,Rejected
EVT012449,APP06587,REQ0150,S1,2024-12-10,20241210,2024-12-12,2,Rejected
EVT012450,APP06588,REQ0150,S1,2024-12-11,20241211,2024-12-12,1,Rejected
EVT012451,APP06589,REQ0150,S1,2024-11-20,20241120,2024-11-22,2,Rejected
EVT012452,APP06590,REQ0150,S1,2024-12-12,20241212,2024-12-13,1,Advanced
EVT012453,APP06590,REQ0150,S2,2024-12-13,20241213,2024-12-18,5,Rejected
EVT012454,APP06591,REQ0150,S1,2024-12-30,20241230,2024-12-31,1,Rejected
EVT012455,APP06592,REQ0150,S1,2024-12-11,20241211,2024-12-12,1,Rejected
EVT012456,APP06593,REQ0150,S1,2024-12-23,20241223,2024-12-24,1,Rejected
EVT012457,APP06594,REQ0150,S1,2024-12-23,20241223,2024-12-24,1,Rejected
EVT012458,APP06595,REQ0150,S1,2024-12-05,20241205,2024-12-07,2,Rejected
EVT012459,APP06596,REQ0151,S1,2026-02-27,20260227,2026-03-01,2,Rejected
EVT012460,APP06597,REQ0151,S1,2026-02-14,20260214,2026-02-15,1,Rejected
EVT012461,APP06598,REQ0151,S1,2026-02-19,20260219,2026-02-20,1,Advanced
EVT012462,APP06598,REQ0151,S2,2026-02-20,20260220,2026-02-22,2,Advanced
EVT012463,APP06598,REQ0151,S3,2026-02-22,20260222,2026-03-01,7,Rejected
EVT012464,APP06599,REQ0151,S1,2026-03-18,20260318,2026-03-20,2,Rejected
EVT012465,APP06600,REQ0151,S1,2026-03-23,20260323,2026-03-25,2,Advanced
EVT012466,APP06600,REQ0151,S2,2026-03-25,20260325,2026-03-28,3,Advanced
EVT012467,APP06600,REQ0151,S3,2026-03-28,20260328,2026-04-11,14,Advanced
EVT012468,APP06600,REQ0151,S4,2026-04-11,20260411,2026-04-14,3,Advanced
EVT012469,APP06600,REQ0151,S5,2026-04-14,20260414,2026-04-23,9,Advanced
EVT012470,APP06600,REQ0151,S6,2026-04-23,20260423,2026-04-30,7,Advanced
EVT012471,APP06600,REQ0151,S7,2026-04-30,20260430,2026-05-04,4,Rejected
EVT012472,APP06601,REQ0151,S1,2026-04-04,20260404,2026-04-06,2,Advanced
EVT012473,APP06601,REQ0151,S2,2026-04-06,20260406,2026-04-10,4,Rejected
EVT012474,APP06602,REQ0151,S1,2026-02-26,20260226,2026-02-28,2,Rejected
EVT012475,APP06603,REQ0151,S1,2026-03-05,20260305,2026-03-08,3,Rejected
EVT012476,APP06604,REQ0151,S1,2026-03-24,20260324,2026-03-25,1,Rejected
EVT012477,APP06605,REQ0151,S1,2026-02-20,20260220,2026-02-21,1,Rejected
EVT012478,APP06606,REQ0151,S1,2026-01-29,20260129,2026-01-31,2,Advanced
EVT012479,APP06606,REQ0151,S2,2026-01-31,20260131,2026-02-05,5,Rejected
EVT012480,APP06607,REQ0151,S1,2026-02-01,20260201,2026-02-02,1,Advanced
EVT012481,APP06607,REQ0151,S2,2026-02-02,20260202,2026-02-04,2,Rejected
EVT012482,APP06608,REQ0151,S1,2026-03-16,20260316,2026-03-18,2,Rejected
EVT012483,APP06609,REQ0151,S1,2026-02-17,20260217,2026-02-18,1,Rejected
EVT012484,APP06610,REQ0151,S1,2026-04-07,20260407,2026-04-08,1,Rejected
EVT012485,APP06611,REQ0151,S1,2026-03-17,20260317,2026-03-18,1,Rejected
EVT012486,APP06612,REQ0151,S1,2026-02-06,20260206,2026-02-07,1,Rejected
EVT012487,APP06613,REQ0151,S1,2026-04-01,20260401,2026-04-03,2,Advanced
EVT012488,APP06613,REQ0151,S2,2026-04-03,20260403,2026-04-06,3,Advanced
EVT012489,APP06613,REQ0151,S3,2026-04-06,20260406,2026-04-13,7,Advanced
EVT012490,APP06613,REQ0151,S4,2026-04-13,20260413,2026-04-17,4,Rejected
EVT012491,APP06614,REQ0151,S1,2026-02-08,20260208,2026-02-09,1,Rejected
EVT012492,APP06615,REQ0151,S1,2026-02-10,20260210,2026-02-13,3,Rejected
EVT012493,APP06616,REQ0151,S1,2026-02-09,20260209,2026-02-10,1,Advanced
EVT012494,APP06616,REQ0151,S2,2026-02-10,20260210,2026-02-15,5,Advanced
EVT012495,APP06616,REQ0151,S3,2026-02-15,20260215,2026-02-19,4,Advanced
EVT012496,APP06616,REQ0151,S4,2026-02-19,20260219,2026-02-23,4,Rejected
EVT012497,APP06617,REQ0151,S1,2026-03-14,20260314,2026-03-17,3,Advanced
EVT012498,APP06617,REQ0151,S2,2026-03-17,20260317,2026-03-22,5,Advanced
EVT012499,APP06617,REQ0151,S3,2026-03-22,20260322,2026-03-29,7,Rejected
EVT012500,APP06618,REQ0151,S1,2026-03-20,20260320,2026-03-22,2,Rejected
EVT012501,APP06619,REQ0151,S1,2026-03-10,20260310,2026-03-11,1,Rejected
EVT012502,APP06620,REQ0151,S1,2026-03-31,20260331,2026-04-01,1,Advanced
EVT012503,APP06620,REQ0151,S2,2026-04-01,20260401,2026-04-03,2,Advanced
EVT012504,APP06620,REQ0151,S3,2026-04-03,20260403,2026-04-05,2,Advanced
EVT012505,APP06620,REQ0151,S4,2026-04-05,20260405,2026-04-12,7,Rejected
EVT012506,APP06621,REQ0151,S1,2026-03-12,20260312,2026-03-13,1,Rejected
EVT012507,APP06622,REQ0151,S1,2026-02-25,20260225,2026-02-26,1,Rejected
EVT012508,APP06623,REQ0151,S1,2026-02-10,20260210,2026-02-13,3,Rejected
EVT012509,APP06624,REQ0151,S1,2026-02-09,20260209,2026-02-12,3,Advanced
EVT012510,APP06624,REQ0151,S2,2026-02-12,20260212,2026-02-18,6,Rejected
EVT012511,APP06625,REQ0151,S1,2026-01-30,20260130,2026-01-31,1,Rejected
EVT012512,APP06626,REQ0151,S1,2026-03-29,20260329,2026-03-30,1,Advanced
EVT012513,APP06626,REQ0151,S2,2026-03-30,20260330,2026-04-05,6,Rejected
EVT012514,APP06627,REQ0151,S1,2026-03-11,20260311,2026-03-13,2,Rejected
EVT012515,APP06628,REQ0151,S1,2026-03-11,20260311,2026-03-13,2,Advanced
EVT012516,APP06628,REQ0151,S2,2026-03-13,20260313,2026-03-18,5,Rejected
EVT012517,APP06629,REQ0151,S1,2026-02-22,20260222,2026-02-23,1,Advanced
EVT012518,APP06629,REQ0151,S2,2026-02-23,20260223,2026-02-27,4,Advanced
EVT012519,APP06629,REQ0151,S3,2026-02-27,20260227,2026-03-06,7,Rejected
EVT012520,APP06630,REQ0151,S1,2026-02-21,20260221,2026-02-22,1,Rejected
EVT012521,APP06631,REQ0151,S1,2026-03-24,20260324,2026-03-25,1,Advanced
EVT012522,APP06631,REQ0151,S2,2026-03-25,20260325,2026-03-30,5,Advanced
EVT012523,APP06631,REQ0151,S3,2026-03-30,20260330,2026-04-03,4,Advanced
EVT012524,APP06631,REQ0151,S4,2026-04-03,20260403,2026-04-08,5,Advanced
EVT012525,APP06631,REQ0151,S5,2026-04-08,20260408,2026-04-18,10,Rejected
EVT012526,APP06632,REQ0151,S1,2026-03-31,20260331,2026-04-02,2,Advanced
EVT012527,APP06632,REQ0151,S2,2026-04-02,20260402,2026-04-07,5,Rejected
EVT012528,APP06633,REQ0151,S1,2026-02-04,20260204,2026-02-07,3,Rejected
EVT012529,APP06634,REQ0151,S1,2026-03-06,20260306,2026-03-08,2,Rejected
EVT012530,APP06635,REQ0151,S1,2026-03-17,20260317,2026-03-18,1,Rejected
EVT012531,APP06636,REQ0151,S1,2026-02-24,20260224,2026-02-26,2,Advanced
EVT012532,APP06636,REQ0151,S2,2026-02-26,20260226,2026-03-04,6,Advanced
EVT012533,APP06636,REQ0151,S3,2026-03-04,20260304,2026-03-11,7,Advanced
EVT012534,APP06636,REQ0151,S4,2026-03-11,20260311,2026-03-15,4,Advanced
EVT012535,APP06636,REQ0151,S5,2026-03-15,20260315,2026-03-20,5,Rejected
EVT012536,APP06637,REQ0151,S1,2026-02-15,20260215,2026-02-16,1,Advanced
EVT012537,APP06637,REQ0151,S2,2026-02-16,20260216,2026-02-20,4,Advanced
EVT012538,APP06637,REQ0151,S3,2026-02-20,20260220,2026-02-26,6,Advanced
EVT012539,APP06637,REQ0151,S4,2026-02-26,20260226,2026-03-05,7,Rejected
EVT012540,APP06638,REQ0151,S1,2026-02-04,20260204,2026-02-07,3,Rejected
EVT012541,APP06639,REQ0151,S1,2026-04-02,20260402,2026-04-04,2,Advanced
EVT012542,APP06639,REQ0151,S2,2026-04-04,20260404,2026-04-09,5,Advanced
EVT012543,APP06639,REQ0151,S3,2026-04-09,20260409,2026-04-20,11,Advanced
EVT012544,APP06639,REQ0151,S4,2026-04-20,20260420,2026-04-28,8,Advanced
EVT012545,APP06639,REQ0151,S5,2026-04-28,20260428,2026-05-03,5,Advanced
EVT012546,APP06639,REQ0151,S6,2026-05-03,20260503,2026-05-06,3,Rejected
EVT012547,APP06640,REQ0151,S1,2026-02-12,20260212,2026-02-13,1,Rejected
EVT012548,APP06641,REQ0151,S1,2026-04-02,20260402,2026-04-03,1,Advanced
EVT012549,APP06641,REQ0151,S2,2026-04-03,20260403,2026-04-06,3,Rejected
EVT012550,APP06642,REQ0151,S1,2026-02-19,20260219,2026-02-21,2,Advanced
EVT012551,APP06642,REQ0151,S2,2026-02-21,20260221,2026-02-22,1,Rejected
EVT012552,APP06643,REQ0151,S1,2026-02-23,20260223,2026-02-24,1,Advanced
EVT012553,APP06643,REQ0151,S2,2026-02-24,20260224,2026-02-28,4,Rejected
EVT012554,APP06644,REQ0151,S1,2026-02-07,20260207,2026-02-08,1,Rejected
EVT012555,APP06645,REQ0151,S1,2026-04-06,20260406,2026-04-08,2,Rejected
EVT012556,APP06646,REQ0151,S1,2026-03-08,20260308,2026-03-11,3,Advanced
EVT012557,APP06646,REQ0151,S2,2026-03-11,20260311,2026-03-13,2,Rejected
EVT012558,APP06647,REQ0151,S1,2026-03-24,20260324,2026-03-25,1,Advanced
EVT012559,APP06647,REQ0151,S2,2026-03-25,20260325,2026-03-30,5,Rejected
EVT012560,APP06648,REQ0151,S1,2026-02-02,20260202,2026-02-03,1,Rejected
EVT012561,APP06649,REQ0151,S1,2026-04-03,20260403,2026-04-04,1,Advanced
EVT012562,APP06649,REQ0151,S2,2026-04-04,20260404,2026-04-06,2,Advanced
EVT012563,APP06649,REQ0151,S3,2026-04-06,20260406,2026-04-12,6,Advanced
EVT012564,APP06649,REQ0151,S4,2026-04-12,20260412,2026-04-19,7,Advanced
EVT012565,APP06649,REQ0151,S5,2026-04-19,20260419,2026-04-24,5,Advanced
EVT012566,APP06649,REQ0151,S6,2026-04-24,20260424,2026-05-01,7,Advanced
EVT012567,APP06649,REQ0151,S7,2026-05-01,20260501,2026-05-06,5,Advanced
EVT012568,APP06649,REQ0151,S8,2026-05-06,20260506,2026-05-06,0,Hired
EVT012569,APP06650,REQ0151,S1,2026-02-02,20260202,2026-02-03,1,Advanced
EVT012570,APP06650,REQ0151,S2,2026-02-03,20260203,2026-02-05,2,Advanced
EVT012571,APP06650,REQ0151,S3,2026-02-05,20260205,2026-02-09,4,Advanced
EVT012572,APP06650,REQ0151,S4,2026-02-09,20260209,2026-02-14,5,Rejected
EVT012573,APP06651,REQ0151,S1,2026-02-02,20260202,2026-02-04,2,Rejected
EVT012574,APP06652,REQ0151,S1,2026-03-30,20260330,2026-04-02,3,Rejected
EVT012575,APP06653,REQ0151,S1,2026-03-17,20260317,2026-03-19,2,Advanced
EVT012576,APP06653,REQ0151,S2,2026-03-19,20260319,2026-03-21,2,Rejected
EVT012577,APP06654,REQ0151,S1,2026-02-10,20260210,2026-02-11,1,Rejected
EVT012578,APP06655,REQ0151,S1,2026-02-12,20260212,2026-02-13,1,Rejected
EVT012579,APP06656,REQ0151,S1,2026-02-28,20260228,2026-03-02,2,Rejected
EVT012580,APP06657,REQ0151,S1,2026-04-04,20260404,2026-04-05,1,Rejected
EVT012581,APP06658,REQ0151,S1,2026-03-06,20260306,2026-03-07,1,Advanced
EVT012582,APP06658,REQ0151,S2,2026-03-07,20260307,2026-03-13,6,Advanced
EVT012583,APP06658,REQ0151,S3,2026-03-13,20260313,2026-03-18,5,Advanced
EVT012584,APP06658,REQ0151,S4,2026-03-18,20260318,2026-03-24,6,Advanced
EVT012585,APP06658,REQ0151,S5,2026-03-24,20260324,2026-04-02,9,Advanced
EVT012586,APP06658,REQ0151,S6,2026-04-02,20260402,2026-04-08,6,Advanced
EVT012587,APP06658,REQ0151,S7,2026-04-08,20260408,2026-04-14,6,Advanced
EVT012588,APP06658,REQ0151,S8,2026-04-14,20260414,2026-04-14,0,Hired
EVT012589,APP06659,REQ0151,S1,2026-01-29,20260129,2026-01-30,1,Advanced
EVT012590,APP06659,REQ0151,S2,2026-01-30,20260130,2026-02-01,2,Advanced
EVT012591,APP06659,REQ0151,S3,2026-02-01,20260201,2026-02-06,5,Rejected
EVT012592,APP06660,REQ0152,S1,2025-07-07,20250707,2025-07-08,1,Rejected
EVT012593,APP06661,REQ0152,S1,2025-07-09,20250709,2025-07-10,1,Advanced
EVT012594,APP06661,REQ0152,S2,2025-07-10,20250710,2025-07-15,5,Rejected
EVT012595,APP06662,REQ0152,S1,2025-05-09,20250509,2025-05-10,1,Advanced
EVT012596,APP06662,REQ0152,S2,2025-05-10,20250510,2025-05-14,4,Advanced
EVT012597,APP06662,REQ0152,S3,2025-05-14,20250514,2025-05-19,5,Advanced
EVT012598,APP06662,REQ0152,S4,2025-05-19,20250519,2025-05-26,7,Rejected
EVT012599,APP06663,REQ0152,S1,2025-06-12,20250612,2025-06-13,1,Rejected
EVT012600,APP06664,REQ0152,S1,2025-07-02,20250702,2025-07-03,1,Rejected
EVT012601,APP06665,REQ0152,S1,2025-05-11,20250511,2025-05-12,1,Advanced
EVT012602,APP06665,REQ0152,S2,2025-05-12,20250512,2025-05-18,6,Rejected
EVT012603,APP06666,REQ0152,S1,2025-06-14,20250614,2025-06-15,1,Advanced
EVT012604,APP06666,REQ0152,S2,2025-06-15,20250615,2025-06-19,4,Advanced
EVT012605,APP06666,REQ0152,S3,2025-06-19,20250619,2025-07-02,13,Rejected
EVT012606,APP06667,REQ0152,S1,2025-06-01,20250601,2025-06-03,2,Rejected
EVT012607,APP06668,REQ0152,S1,2025-06-09,20250609,2025-06-12,3,Advanced
EVT012608,APP06668,REQ0152,S2,2025-06-12,20250612,2025-06-15,3,Advanced
EVT012609,APP06668,REQ0152,S3,2025-06-15,20250615,2025-06-21,6,Advanced
EVT012610,APP06668,REQ0152,S4,2025-06-21,20250621,2025-06-29,8,Advanced
EVT012611,APP06668,REQ0152,S5,2025-06-29,20250629,2025-07-03,4,Advanced
EVT012612,APP06668,REQ0152,S6,2025-07-03,20250703,2025-07-07,4,Advanced
EVT012613,APP06668,REQ0152,S7,2025-07-07,20250707,2025-07-14,7,Advanced
EVT012614,APP06668,REQ0152,S8,2025-07-14,20250714,2025-07-14,0,Hired
EVT012615,APP06669,REQ0152,S1,2025-06-09,20250609,2025-06-11,2,Rejected
EVT012616,APP06670,REQ0152,S1,2025-07-04,20250704,2025-07-05,1,Rejected
EVT012617,APP06671,REQ0152,S1,2025-07-10,20250710,2025-07-12,2,Rejected
EVT012618,APP06672,REQ0152,S1,2025-05-11,20250511,2025-05-13,2,Rejected
EVT012619,APP06673,REQ0152,S1,2025-07-13,20250713,2025-07-14,1,Rejected
EVT012620,APP06674,REQ0152,S1,2025-06-29,20250629,2025-07-01,2,Rejected
EVT012621,APP06675,REQ0152,S1,2025-05-15,20250515,2025-05-16,1,Advanced
EVT012622,APP06675,REQ0152,S2,2025-05-16,20250516,2025-05-22,6,Advanced
EVT012623,APP06675,REQ0152,S3,2025-05-22,20250522,2025-05-27,5,Advanced
EVT012624,APP06675,REQ0152,S4,2025-05-27,20250527,2025-06-04,8,Advanced
EVT012625,APP06675,REQ0152,S5,2025-06-04,20250604,2025-06-13,9,Advanced
EVT012626,APP06675,REQ0152,S6,2025-06-13,20250613,2025-06-18,5,Rejected
EVT012627,APP06676,REQ0152,S1,2025-05-28,20250528,2025-05-29,1,Rejected
EVT012628,APP06677,REQ0152,S1,2025-06-25,20250625,2025-06-27,2,Rejected
EVT012629,APP06678,REQ0152,S1,2025-07-14,20250714,2025-07-17,3,Advanced
EVT012630,APP06678,REQ0152,S2,2025-07-17,20250717,2025-07-19,2,Rejected
EVT012631,APP06679,REQ0152,S1,2025-06-04,20250604,2025-06-05,1,Rejected
EVT012632,APP06680,REQ0152,S1,2025-06-23,20250623,2025-06-25,2,Advanced
EVT012633,APP06680,REQ0152,S2,2025-06-25,20250625,2025-06-26,1,Rejected
EVT012634,APP06681,REQ0152,S1,2025-06-18,20250618,2025-06-19,1,Rejected
EVT012635,APP06682,REQ0152,S1,2025-07-14,20250714,2025-07-15,1,Rejected
EVT012636,APP06683,REQ0152,S1,2025-05-22,20250522,2025-05-25,3,Advanced
EVT012637,APP06683,REQ0152,S2,2025-05-25,20250525,2025-05-27,2,Advanced
EVT012638,APP06683,REQ0152,S3,2025-05-27,20250527,2025-06-04,8,Rejected
EVT012639,APP06684,REQ0152,S1,2025-05-25,20250525,2025-05-26,1,Advanced
EVT012640,APP06684,REQ0152,S2,2025-05-26,20250526,2025-06-01,6,Advanced
EVT012641,APP06684,REQ0152,S3,2025-06-01,20250601,2025-06-06,5,Rejected
EVT012642,APP06685,REQ0152,S1,2025-06-03,20250603,2025-06-06,3,Rejected
EVT012643,APP06686,REQ0152,S1,2025-06-10,20250610,2025-06-12,2,Rejected
EVT012644,APP06687,REQ0152,S1,2025-07-10,20250710,2025-07-12,2,Rejected
EVT012645,APP06688,REQ0152,S1,2025-05-22,20250522,2025-05-24,2,Rejected
EVT012646,APP06689,REQ0152,S1,2025-06-09,20250609,2025-06-12,3,Advanced
EVT012647,APP06689,REQ0152,S2,2025-06-12,20250612,2025-06-15,3,Rejected
EVT012648,APP06690,REQ0152,S1,2025-07-10,20250710,2025-07-11,1,Advanced
EVT012649,APP06690,REQ0152,S2,2025-07-11,20250711,2025-07-13,2,Rejected
EVT012650,APP06691,REQ0152,S1,2025-05-28,20250528,2025-05-29,1,Rejected
EVT012651,APP06692,REQ0152,S1,2025-06-18,20250618,2025-06-20,2,Rejected
EVT012652,APP06693,REQ0152,S1,2025-07-01,20250701,2025-07-02,1,Rejected
EVT012653,APP06694,REQ0152,S1,2025-05-12,20250512,2025-05-13,1,Rejected
EVT012654,APP06695,REQ0152,S1,2025-06-15,20250615,2025-06-16,1,Rejected
EVT012655,APP06696,REQ0152,S1,2025-05-15,20250515,2025-05-16,1,Rejected
EVT012656,APP06697,REQ0152,S1,2025-06-21,20250621,2025-06-22,1,Advanced
EVT012657,APP06697,REQ0152,S2,2025-06-22,20250622,2025-06-25,3,Rejected
EVT012658,APP06698,REQ0152,S1,2025-06-24,20250624,2025-06-25,1,Rejected
EVT012659,APP06699,REQ0152,S1,2025-06-30,20250630,2025-07-03,3,Advanced
EVT012660,APP06699,REQ0152,S2,2025-07-03,20250703,2025-07-05,2,Rejected
EVT012661,APP06700,REQ0152,S1,2025-06-09,20250609,2025-06-10,1,Rejected
EVT012662,APP06701,REQ0152,S1,2025-05-13,20250513,2025-05-15,2,Advanced
EVT012663,APP06701,REQ0152,S2,2025-05-15,20250515,2025-05-20,5,Advanced
EVT012664,APP06701,REQ0152,S3,2025-05-20,20250520,2025-05-25,5,Rejected
EVT012665,APP06702,REQ0152,S1,2025-06-20,20250620,2025-06-21,1,Rejected
EVT012666,APP06703,REQ0152,S1,2025-05-22,20250522,2025-05-23,1,Rejected
EVT012667,APP06704,REQ0152,S1,2025-07-09,20250709,2025-07-10,1,Advanced
EVT012668,APP06704,REQ0152,S2,2025-07-10,20250710,2025-07-16,6,Rejected
EVT012669,APP06705,REQ0152,S1,2025-05-15,20250515,2025-05-17,2,Rejected
EVT012670,APP06706,REQ0152,S1,2025-06-01,20250601,2025-06-02,1,Advanced
EVT012671,APP06706,REQ0152,S2,2025-06-02,20250602,2025-06-05,3,Advanced
EVT012672,APP06706,REQ0152,S3,2025-06-05,20250605,2025-06-15,10,Rejected
EVT012673,APP06707,REQ0152,S1,2025-06-14,20250614,2025-06-16,2,Rejected
EVT012674,APP06708,REQ0152,S1,2025-06-29,20250629,2025-07-02,3,Rejected
EVT012675,APP06709,REQ0153,S1,2026-06-03,20260603,2026-06-05,2,Rejected
EVT012676,APP06710,REQ0153,S1,2026-06-21,20260621,2026-06-23,2,Rejected
EVT012677,APP06711,REQ0153,S1,2026-06-03,20260603,2026-06-05,2,Rejected
EVT012678,APP06712,REQ0153,S1,2026-05-08,20260508,2026-05-11,3,Advanced
EVT012679,APP06712,REQ0153,S2,2026-05-11,20260511,2026-05-15,4,Rejected
EVT012680,APP06713,REQ0153,S1,2026-04-30,20260430,2026-05-01,1,Advanced
EVT012681,APP06713,REQ0153,S2,2026-05-01,20260501,2026-05-05,4,Rejected
EVT012682,APP06714,REQ0153,S1,2026-05-14,20260514,2026-05-15,1,Rejected
EVT012683,APP06715,REQ0153,S1,2026-05-22,20260522,2026-05-25,3,Rejected
EVT012684,APP06716,REQ0153,S1,2026-05-05,20260505,2026-05-08,3,Rejected
EVT012685,APP06717,REQ0153,S1,2026-05-29,20260529,2026-05-30,1,Rejected
EVT012686,APP06718,REQ0153,S1,2026-05-18,20260518,2026-05-19,1,Rejected
EVT012687,APP06719,REQ0153,S1,2026-05-23,20260523,2026-05-26,3,Rejected
EVT012688,APP06720,REQ0153,S1,2026-05-13,20260513,2026-05-15,2,Rejected
EVT012689,APP06721,REQ0153,S1,2026-06-21,20260621,2026-06-24,3,Rejected
EVT012690,APP06722,REQ0153,S1,2026-05-23,20260523,2026-05-26,3,Advanced
EVT012691,APP06722,REQ0153,S2,2026-05-26,20260526,2026-06-01,6,Advanced
EVT012692,APP06722,REQ0153,S3,2026-06-01,20260601,2026-06-10,9,Rejected
EVT012693,APP06723,REQ0153,S1,2026-06-05,20260605,2026-06-08,3,Advanced
EVT012694,APP06723,REQ0153,S2,2026-06-08,20260608,2026-06-11,3,Rejected
EVT012695,APP06724,REQ0153,S1,2026-06-06,20260606,2026-06-07,1,Rejected
EVT012696,APP06725,REQ0153,S1,2026-05-25,20260525,2026-05-27,2,Advanced
EVT012697,APP06725,REQ0153,S2,2026-05-27,20260527,2026-05-31,4,Rejected
EVT012698,APP06726,REQ0153,S1,2026-05-09,20260509,2026-05-10,1,Rejected
EVT012699,APP06727,REQ0153,S1,2026-06-01,20260601,2026-06-03,2,Advanced
EVT012700,APP06727,REQ0153,S2,2026-06-03,20260603,2026-06-05,2,Rejected
EVT012701,APP06728,REQ0153,S1,2026-05-25,20260525,2026-05-28,3,Rejected
EVT012702,APP06729,REQ0153,S1,2026-05-25,20260525,2026-05-26,1,Advanced
EVT012703,APP06729,REQ0153,S2,2026-05-26,20260526,2026-05-29,3,Advanced
EVT012704,APP06729,REQ0153,S3,2026-05-29,20260529,2026-06-01,3,Rejected
EVT012705,APP06730,REQ0153,S1,2026-05-19,20260519,2026-05-21,2,Advanced
EVT012706,APP06730,REQ0153,S2,2026-05-21,20260521,2026-05-24,3,Rejected
EVT012707,APP06731,REQ0153,S1,2026-06-08,20260608,2026-06-10,2,Rejected
EVT012708,APP06732,REQ0153,S1,2026-04-30,20260430,2026-05-01,1,Rejected
EVT012709,APP06733,REQ0153,S1,2026-06-01,20260601,2026-06-03,2,Advanced
EVT012710,APP06733,REQ0153,S2,2026-06-03,20260603,2026-06-05,2,Advanced
EVT012711,APP06733,REQ0153,S3,2026-06-05,20260605,2026-06-11,6,Rejected
EVT012712,APP06734,REQ0153,S1,2026-06-14,20260614,2026-06-15,1,Rejected
EVT012713,APP06735,REQ0153,S1,2026-06-16,20260616,2026-06-17,1,Rejected
EVT012714,APP06736,REQ0153,S1,2026-05-25,20260525,2026-05-26,1,Rejected
EVT012715,APP06737,REQ0153,S1,2026-05-23,20260523,2026-05-24,1,Rejected
EVT012716,APP06738,REQ0153,S1,2026-05-06,20260506,2026-05-07,1,Rejected
EVT012717,APP06739,REQ0153,S1,2026-06-01,20260601,2026-06-03,2,Rejected
EVT012718,APP06740,REQ0153,S1,2026-06-18,20260618,2026-06-21,3,Rejected
EVT012719,APP06741,REQ0153,S1,2026-05-14,20260514,2026-05-16,2,Rejected
EVT012720,APP06742,REQ0153,S1,2026-05-06,20260506,2026-05-08,2,Advanced
EVT012721,APP06742,REQ0153,S2,2026-05-08,20260508,2026-05-11,3,Advanced
EVT012722,APP06742,REQ0153,S3,2026-05-11,20260511,2026-05-19,8,Rejected
EVT012723,APP06743,REQ0153,S1,2026-06-23,20260623,2026-06-25,2,Rejected
EVT012724,APP06744,REQ0153,S1,2026-05-24,20260524,2026-05-26,2,Rejected
EVT012725,APP06745,REQ0153,S1,2026-05-04,20260504,2026-05-05,1,Advanced
EVT012726,APP06745,REQ0153,S2,2026-05-05,20260505,2026-05-07,2,Advanced
EVT012727,APP06745,REQ0153,S3,2026-05-07,20260507,2026-05-14,7,Rejected
EVT012728,APP06746,REQ0153,S1,2026-06-07,20260607,2026-06-09,2,Rejected
EVT012729,APP06747,REQ0153,S1,2026-06-06,20260606,2026-06-08,2,Rejected
EVT012730,APP06748,REQ0154,S1,2024-09-09,20240909,2024-09-12,3,Rejected
EVT012731,APP06749,REQ0154,S1,2024-09-10,20240910,2024-09-11,1,Rejected
EVT012732,APP06750,REQ0154,S1,2024-08-26,20240826,2024-08-29,3,Rejected
EVT012733,APP06751,REQ0154,S1,2024-08-17,20240817,2024-08-20,3,Advanced
EVT012734,APP06751,REQ0154,S2,2024-08-20,20240820,2024-08-25,5,Advanced
EVT012735,APP06751,REQ0154,S3,2024-08-25,20240825,2024-08-29,4,Advanced
EVT012736,APP06751,REQ0154,S4,2024-08-29,20240829,2024-09-02,4,Rejected
EVT012737,APP06752,REQ0154,S1,2024-08-20,20240820,2024-08-22,2,Rejected
EVT012738,APP06753,REQ0154,S1,2024-09-09,20240909,2024-09-10,1,Rejected
EVT012739,APP06754,REQ0154,S1,2024-08-19,20240819,2024-08-20,1,Advanced
EVT012740,APP06754,REQ0154,S2,2024-08-20,20240820,2024-08-23,3,Advanced
EVT012741,APP06754,REQ0154,S3,2024-08-23,20240823,2024-08-26,3,Rejected
EVT012742,APP06755,REQ0154,S1,2024-08-26,20240826,2024-08-29,3,Rejected
EVT012743,APP06756,REQ0154,S1,2024-08-25,20240825,2024-08-26,1,Advanced
EVT012744,APP06756,REQ0154,S2,2024-08-26,20240826,2024-08-30,4,Rejected
EVT012745,APP06757,REQ0154,S1,2024-08-31,20240831,2024-09-03,3,Advanced
EVT012746,APP06757,REQ0154,S2,2024-09-03,20240903,2024-09-05,2,Rejected
EVT012747,APP06758,REQ0154,S1,2024-08-16,20240816,2024-08-17,1,Rejected
EVT012748,APP06759,REQ0154,S1,2024-08-20,20240820,2024-08-22,2,Rejected
EVT012749,APP06760,REQ0154,S1,2024-08-31,20240831,2024-09-01,1,Rejected
EVT012750,APP06761,REQ0154,S1,2024-08-12,20240812,2024-08-14,2,Rejected
EVT012751,APP06762,REQ0154,S1,2024-08-27,20240827,2024-08-29,2,Advanced
EVT012752,APP06762,REQ0154,S2,2024-08-29,20240829,2024-09-01,3,Advanced
EVT012753,APP06762,REQ0154,S3,2024-09-01,20240901,2024-09-09,8,Advanced
EVT012754,APP06762,REQ0154,S4,2024-09-09,20240909,2024-09-14,5,Advanced
EVT012755,APP06762,REQ0154,S5,2024-09-14,20240914,2024-09-20,6,Advanced
EVT012756,APP06762,REQ0154,S6,2024-09-20,20240920,2024-09-25,5,Advanced
EVT012757,APP06762,REQ0154,S7,2024-09-25,20240925,2024-10-04,9,Rejected
EVT012758,APP06763,REQ0154,S1,2024-09-01,20240901,2024-09-03,2,Advanced
EVT012759,APP06763,REQ0154,S2,2024-09-03,20240903,2024-09-07,4,Advanced
EVT012760,APP06763,REQ0154,S3,2024-09-07,20240907,2024-09-16,9,Advanced
EVT012761,APP06763,REQ0154,S4,2024-09-16,20240916,2024-09-22,6,Rejected
EVT012762,APP06764,REQ0154,S1,2024-08-23,20240823,2024-08-26,3,Advanced
EVT012763,APP06764,REQ0154,S2,2024-08-26,20240826,2024-08-31,5,Rejected
EVT012764,APP06765,REQ0154,S1,2024-08-30,20240830,2024-09-01,2,Advanced
EVT012765,APP06765,REQ0154,S2,2024-09-01,20240901,2024-09-03,2,Rejected
EVT012766,APP06766,REQ0154,S1,2024-09-07,20240907,2024-09-09,2,Rejected
EVT012767,APP06767,REQ0154,S1,2024-09-07,20240907,2024-09-08,1,Rejected
EVT012768,APP06768,REQ0154,S1,2024-09-09,20240909,2024-09-10,1,Rejected
EVT012769,APP06769,REQ0154,S1,2024-08-24,20240824,2024-08-25,1,Rejected
EVT012770,APP06770,REQ0154,S1,2024-08-24,20240824,2024-08-25,1,Advanced
EVT012771,APP06770,REQ0154,S2,2024-08-25,20240825,2024-08-28,3,Advanced
EVT012772,APP06770,REQ0154,S3,2024-08-28,20240828,2024-09-05,8,Rejected
EVT012773,APP06771,REQ0154,S1,2024-08-16,20240816,2024-08-19,3,Rejected
EVT012774,APP06772,REQ0154,S1,2024-08-28,20240828,2024-08-31,3,Advanced
EVT012775,APP06772,REQ0154,S2,2024-08-31,20240831,2024-09-03,3,Advanced
EVT012776,APP06772,REQ0154,S3,2024-09-03,20240903,2024-09-08,5,Rejected
EVT012777,APP06773,REQ0154,S1,2024-08-31,20240831,2024-09-02,2,Rejected
EVT012778,APP06774,REQ0154,S1,2024-08-12,20240812,2024-08-15,3,Rejected
EVT012779,APP06775,REQ0154,S1,2024-09-09,20240909,2024-09-12,3,Rejected
EVT012780,APP06776,REQ0154,S1,2024-09-10,20240910,2024-09-11,1,Rejected
EVT012781,APP06777,REQ0154,S1,2024-09-06,20240906,2024-09-08,2,Advanced
EVT012782,APP06777,REQ0154,S2,2024-09-08,20240908,2024-09-14,6,Rejected
EVT012783,APP06778,REQ0154,S1,2024-09-05,20240905,2024-09-06,1,Advanced
EVT012784,APP06778,REQ0154,S2,2024-09-06,20240906,2024-09-11,5,Rejected
EVT012785,APP06779,REQ0154,S1,2024-08-14,20240814,2024-08-15,1,Advanced
EVT012786,APP06779,REQ0154,S2,2024-08-15,20240815,2024-08-16,1,Advanced
EVT012787,APP06779,REQ0154,S3,2024-08-16,20240816,2024-08-21,5,Rejected
EVT012788,APP06780,REQ0154,S1,2024-09-03,20240903,2024-09-05,2,Rejected
EVT012789,APP06781,REQ0154,S1,2024-08-30,20240830,2024-09-01,2,Rejected
EVT012790,APP06782,REQ0154,S1,2024-09-04,20240904,2024-09-05,1,Rejected
EVT012791,APP06783,REQ0154,S1,2024-08-23,20240823,2024-08-24,1,Advanced
EVT012792,APP06783,REQ0154,S2,2024-08-24,20240824,2024-08-27,3,Rejected
EVT012793,APP06784,REQ0154,S1,2024-08-13,20240813,2024-08-14,1,Rejected
EVT012794,APP06785,REQ0154,S1,2024-08-28,20240828,2024-08-29,1,Rejected
EVT012795,APP06786,REQ0154,S1,2024-09-06,20240906,2024-09-07,1,Rejected
EVT012796,APP06787,REQ0154,S1,2024-08-23,20240823,2024-08-24,1,Rejected
EVT012797,APP06788,REQ0154,S1,2024-09-03,20240903,2024-09-06,3,Rejected
EVT012798,APP06789,REQ0154,S1,2024-09-03,20240903,2024-09-04,1,Advanced
EVT012799,APP06789,REQ0154,S2,2024-09-04,20240904,2024-09-06,2,Advanced
EVT012800,APP06789,REQ0154,S3,2024-09-06,20240906,2024-09-10,4,Rejected
EVT012801,APP06790,REQ0154,S1,2024-09-01,20240901,2024-09-02,1,Rejected
EVT012802,APP06791,REQ0154,S1,2024-09-05,20240905,2024-09-06,1,Advanced
EVT012803,APP06791,REQ0154,S2,2024-09-06,20240906,2024-09-09,3,Advanced
EVT012804,APP06791,REQ0154,S3,2024-09-09,20240909,2024-09-18,9,Rejected
EVT012805,APP06792,REQ0154,S1,2024-09-01,20240901,2024-09-02,1,Advanced
EVT012806,APP06792,REQ0154,S2,2024-09-02,20240902,2024-09-04,2,Rejected
EVT012807,APP06793,REQ0154,S1,2024-08-19,20240819,2024-08-20,1,Advanced
EVT012808,APP06793,REQ0154,S2,2024-08-20,20240820,2024-08-22,2,Rejected
EVT012809,APP06794,REQ0154,S1,2024-08-20,20240820,2024-08-23,3,Advanced
EVT012810,APP06794,REQ0154,S2,2024-08-23,20240823,2024-08-26,3,Advanced
EVT012811,APP06794,REQ0154,S3,2024-08-26,20240826,2024-09-08,13,Rejected
EVT012812,APP06795,REQ0154,S1,2024-08-25,20240825,2024-08-26,1,Rejected
EVT012813,APP06796,REQ0154,S1,2024-08-31,20240831,2024-09-01,1,Rejected
EVT012814,APP06797,REQ0154,S1,2024-08-24,20240824,2024-08-25,1,Advanced
EVT012815,APP06797,REQ0154,S2,2024-08-25,20240825,2024-08-27,2,Advanced
EVT012816,APP06797,REQ0154,S3,2024-08-27,20240827,2024-09-02,6,Advanced
EVT012817,APP06797,REQ0154,S4,2024-09-02,20240902,2024-09-09,7,Advanced
EVT012818,APP06797,REQ0154,S5,2024-09-09,20240909,2024-09-13,4,Advanced
EVT012819,APP06797,REQ0154,S6,2024-09-13,20240913,2024-09-18,5,Advanced
EVT012820,APP06797,REQ0154,S7,2024-09-18,20240918,2024-09-30,12,Advanced
EVT012821,APP06797,REQ0154,S8,2024-09-30,20240930,2024-09-30,0,Hired
EVT012822,APP06798,REQ0154,S1,2024-09-07,20240907,2024-09-08,1,Rejected
EVT012823,APP06799,REQ0154,S1,2024-08-27,20240827,2024-08-28,1,Rejected
EVT012824,APP06800,REQ0154,S1,2024-08-22,20240822,2024-08-23,1,Rejected
EVT012825,APP06801,REQ0154,S1,2024-08-22,20240822,2024-08-24,2,Rejected
EVT012826,APP06802,REQ0154,S1,2024-09-07,20240907,2024-09-09,2,Rejected
EVT012827,APP06803,REQ0154,S1,2024-08-16,20240816,2024-08-18,2,Rejected
EVT012828,APP06804,REQ0154,S1,2024-09-10,20240910,2024-09-13,3,Advanced
EVT012829,APP06804,REQ0154,S2,2024-09-13,20240913,2024-09-15,2,Advanced
EVT012830,APP06804,REQ0154,S3,2024-09-15,20240915,2024-09-23,8,Advanced
EVT012831,APP06804,REQ0154,S4,2024-09-23,20240923,2024-09-26,3,Advanced
EVT012832,APP06804,REQ0154,S5,2024-09-26,20240926,2024-09-30,4,Advanced
EVT012833,APP06804,REQ0154,S6,2024-09-30,20240930,2024-10-03,3,Advanced
EVT012834,APP06804,REQ0154,S7,2024-10-03,20241003,2024-10-08,5,Rejected
EVT012835,APP06805,REQ0155,S1,2025-06-05,20250605,2025-06-07,2,Rejected
EVT012836,APP06806,REQ0155,S1,2025-06-08,20250608,2025-06-11,3,Rejected
EVT012837,APP06807,REQ0155,S1,2025-06-01,20250601,2025-06-03,2,Advanced
EVT012838,APP06807,REQ0155,S2,2025-06-03,20250603,2025-06-05,2,Advanced
EVT012839,APP06807,REQ0155,S3,2025-06-05,20250605,2025-06-12,7,Advanced
EVT012840,APP06807,REQ0155,S4,2025-06-12,20250612,2025-06-17,5,Advanced
EVT012841,APP06807,REQ0155,S5,2025-06-17,20250617,2025-06-23,6,Advanced
EVT012842,APP06807,REQ0155,S6,2025-06-23,20250623,2025-07-01,8,Rejected
EVT012843,APP06808,REQ0155,S1,2025-05-28,20250528,2025-05-30,2,Rejected
EVT012844,APP06809,REQ0155,S1,2025-05-28,20250528,2025-05-29,1,Rejected
EVT012845,APP06810,REQ0155,S1,2025-06-03,20250603,2025-06-05,2,Rejected
EVT012846,APP06811,REQ0155,S1,2025-06-03,20250603,2025-06-06,3,Rejected
EVT012847,APP06812,REQ0155,S1,2025-05-29,20250529,2025-05-30,1,Rejected
EVT012848,APP06813,REQ0155,S1,2025-05-27,20250527,2025-05-28,1,Rejected
EVT012849,APP06814,REQ0155,S1,2025-06-08,20250608,2025-06-10,2,Rejected
EVT012850,APP06815,REQ0155,S1,2025-06-04,20250604,2025-06-06,2,Rejected
EVT012851,APP06816,REQ0155,S1,2025-05-27,20250527,2025-05-28,1,Advanced
EVT012852,APP06816,REQ0155,S2,2025-05-28,20250528,2025-05-30,2,Advanced
EVT012853,APP06816,REQ0155,S3,2025-05-30,20250530,2025-06-04,5,Advanced
EVT012854,APP06816,REQ0155,S4,2025-06-04,20250604,2025-06-12,8,Advanced
EVT012855,APP06816,REQ0155,S5,2025-06-12,20250612,2025-06-18,6,Advanced
EVT012856,APP06816,REQ0155,S6,2025-06-18,20250618,2025-06-27,9,Rejected
EVT012857,APP06817,REQ0155,S1,2025-06-02,20250602,2025-06-03,1,Advanced
EVT012858,APP06817,REQ0155,S2,2025-06-03,20250603,2025-06-09,6,Advanced
EVT012859,APP06817,REQ0155,S3,2025-06-09,20250609,2025-06-19,10,Rejected
EVT012860,APP06818,REQ0155,S1,2025-06-02,20250602,2025-06-05,3,Rejected
EVT012861,APP06819,REQ0155,S1,2025-06-04,20250604,2025-06-05,1,Rejected
EVT012862,APP06820,REQ0155,S1,2025-05-30,20250530,2025-05-31,1,Rejected
EVT012863,APP06821,REQ0155,S1,2025-06-06,20250606,2025-06-08,2,Rejected
EVT012864,APP06822,REQ0155,S1,2025-05-30,20250530,2025-05-31,1,Rejected
EVT012865,APP06823,REQ0155,S1,2025-06-01,20250601,2025-06-02,1,Advanced
EVT012866,APP06823,REQ0155,S2,2025-06-02,20250602,2025-06-04,2,Rejected
EVT012867,APP06824,REQ0155,S1,2025-05-30,20250530,2025-05-31,1,Rejected
EVT012868,APP06825,REQ0155,S1,2025-05-31,20250531,2025-06-01,1,Advanced
EVT012869,APP06825,REQ0155,S2,2025-06-01,20250601,2025-06-05,4,Advanced
EVT012870,APP06825,REQ0155,S3,2025-06-05,20250605,2025-06-13,8,Rejected
EVT012871,APP06826,REQ0155,S1,2025-06-08,20250608,2025-06-10,2,Advanced
EVT012872,APP06826,REQ0155,S2,2025-06-10,20250610,2025-06-15,5,Rejected
EVT012873,APP06827,REQ0155,S1,2025-06-02,20250602,2025-06-05,3,Advanced
EVT012874,APP06827,REQ0155,S2,2025-06-05,20250605,2025-06-09,4,Advanced
EVT012875,APP06827,REQ0155,S3,2025-06-09,20250609,2025-06-15,6,Rejected
EVT012876,APP06828,REQ0155,S1,2025-05-27,20250527,2025-05-29,2,Rejected
EVT012877,APP06829,REQ0155,S1,2025-06-02,20250602,2025-06-04,2,Advanced
EVT012878,APP06829,REQ0155,S2,2025-06-04,20250604,2025-06-09,5,Advanced
EVT012879,APP06829,REQ0155,S3,2025-06-09,20250609,2025-06-23,14,Rejected
EVT012880,APP06830,REQ0155,S1,2025-06-05,20250605,2025-06-06,1,Advanced
EVT012881,APP06830,REQ0155,S2,2025-06-06,20250606,2025-06-07,1,Advanced
EVT012882,APP06830,REQ0155,S3,2025-06-07,20250607,2025-06-11,4,Rejected
EVT012883,APP06831,REQ0155,S1,2025-06-01,20250601,2025-06-03,2,Advanced
EVT012884,APP06831,REQ0155,S2,2025-06-03,20250603,2025-06-08,5,Advanced
EVT012885,APP06831,REQ0155,S3,2025-06-08,20250608,2025-06-15,7,Rejected
EVT012886,APP06832,REQ0155,S1,2025-05-29,20250529,2025-06-01,3,Rejected
EVT012887,APP06833,REQ0155,S1,2025-06-05,20250605,2025-06-06,1,Rejected
EVT012888,APP06834,REQ0155,S1,2025-06-08,20250608,2025-06-10,2,Advanced
EVT012889,APP06834,REQ0155,S2,2025-06-10,20250610,2025-06-14,4,Rejected
EVT012890,APP06835,REQ0155,S1,2025-06-04,20250604,2025-06-05,1,Rejected
EVT012891,APP06836,REQ0155,S1,2025-06-08,20250608,2025-06-10,2,Advanced
EVT012892,APP06836,REQ0155,S2,2025-06-10,20250610,2025-06-12,2,Rejected
EVT012893,APP06837,REQ0155,S1,2025-06-04,20250604,2025-06-07,3,Rejected
EVT012894,APP06838,REQ0155,S1,2025-06-08,20250608,2025-06-09,1,Advanced
EVT012895,APP06838,REQ0155,S2,2025-06-09,20250609,2025-06-13,4,Rejected
EVT012896,APP06839,REQ0155,S1,2025-06-07,20250607,2025-06-09,2,Advanced
EVT012897,APP06839,REQ0155,S2,2025-06-09,20250609,2025-06-12,3,Advanced
EVT012898,APP06839,REQ0155,S3,2025-06-12,20250612,2025-06-25,13,Rejected
EVT012899,APP06840,REQ0155,S1,2025-05-28,20250528,2025-05-31,3,Advanced
EVT012900,APP06840,REQ0155,S2,2025-05-31,20250531,2025-06-05,5,Rejected
EVT012901,APP06841,REQ0155,S1,2025-05-28,20250528,2025-05-30,2,Advanced
EVT012902,APP06841,REQ0155,S2,2025-05-30,20250530,2025-06-01,2,Rejected
EVT012903,APP06842,REQ0155,S1,2025-05-29,20250529,2025-05-30,1,Rejected
EVT012904,APP06843,REQ0155,S1,2025-05-30,20250530,2025-05-31,1,Rejected
EVT012905,APP06844,REQ0155,S1,2025-05-29,20250529,2025-05-31,2,Advanced
EVT012906,APP06844,REQ0155,S2,2025-05-31,20250531,2025-06-01,1,Rejected
EVT012907,APP06845,REQ0155,S1,2025-06-09,20250609,2025-06-10,1,Advanced
EVT012908,APP06845,REQ0155,S2,2025-06-10,20250610,2025-06-14,4,Advanced
EVT012909,APP06845,REQ0155,S3,2025-06-14,20250614,2025-06-24,10,Advanced
EVT012910,APP06845,REQ0155,S4,2025-06-24,20250624,2025-06-30,6,Rejected
EVT012911,APP06846,REQ0155,S1,2025-05-29,20250529,2025-05-31,2,Rejected
EVT012912,APP06847,REQ0155,S1,2025-05-30,20250530,2025-05-31,1,Rejected
EVT012913,APP06848,REQ0155,S1,2025-06-04,20250604,2025-06-07,3,Rejected
EVT012914,APP06849,REQ0155,S1,2025-06-02,20250602,2025-06-03,1,Rejected
EVT012915,APP06850,REQ0155,S1,2025-06-03,20250603,2025-06-06,3,Advanced
EVT012916,APP06850,REQ0155,S2,2025-06-06,20250606,2025-06-09,3,Advanced
EVT012917,APP06850,REQ0155,S3,2025-06-09,20250609,2025-06-23,14,Advanced
EVT012918,APP06850,REQ0155,S4,2025-06-23,20250623,2025-06-28,5,Advanced
EVT012919,APP06850,REQ0155,S5,2025-06-28,20250628,2025-07-09,11,Advanced
EVT012920,APP06850,REQ0155,S6,2025-07-09,20250709,2025-07-13,4,Rejected
EVT012921,APP06851,REQ0155,S1,2025-06-03,20250603,2025-06-04,1,Advanced
EVT012922,APP06851,REQ0155,S2,2025-06-04,20250604,2025-06-05,1,Rejected
EVT012923,APP06852,REQ0155,S1,2025-05-29,20250529,2025-05-30,1,Rejected
EVT012924,APP06853,REQ0155,S1,2025-06-03,20250603,2025-06-05,2,Rejected
EVT012925,APP06854,REQ0155,S1,2025-05-30,20250530,2025-06-02,3,Rejected
EVT012926,APP06855,REQ0155,S1,2025-06-09,20250609,2025-06-10,1,Advanced
EVT012927,APP06855,REQ0155,S2,2025-06-10,20250610,2025-06-12,2,Advanced
EVT012928,APP06855,REQ0155,S3,2025-06-12,20250612,2025-06-18,6,Rejected
EVT012929,APP06856,REQ0155,S1,2025-05-28,20250528,2025-05-29,1,Rejected
EVT012930,APP06857,REQ0155,S1,2025-06-07,20250607,2025-06-10,3,Rejected
EVT012931,APP06858,REQ0155,S1,2025-06-01,20250601,2025-06-02,1,Advanced
EVT012932,APP06858,REQ0155,S2,2025-06-02,20250602,2025-06-04,2,Advanced
EVT012933,APP06858,REQ0155,S3,2025-06-04,20250604,2025-06-11,7,Rejected
EVT012934,APP06859,REQ0155,S1,2025-06-01,20250601,2025-06-04,3,Advanced
EVT012935,APP06859,REQ0155,S2,2025-06-04,20250604,2025-06-10,6,Rejected
EVT012936,APP06860,REQ0155,S1,2025-06-02,20250602,2025-06-04,2,Rejected
EVT012937,APP06861,REQ0155,S1,2025-06-04,20250604,2025-06-05,1,Advanced
EVT012938,APP06861,REQ0155,S2,2025-06-05,20250605,2025-06-11,6,Rejected
EVT012939,APP06862,REQ0155,S1,2025-05-28,20250528,2025-05-29,1,Advanced
EVT012940,APP06862,REQ0155,S2,2025-05-29,20250529,2025-05-31,2,Advanced
EVT012941,APP06862,REQ0155,S3,2025-05-31,20250531,2025-06-08,8,Advanced
EVT012942,APP06862,REQ0155,S4,2025-06-08,20250608,2025-06-13,5,Advanced
EVT012943,APP06862,REQ0155,S5,2025-06-13,20250613,2025-06-17,4,Advanced
EVT012944,APP06862,REQ0155,S6,2025-06-17,20250617,2025-06-26,9,Advanced
EVT012945,APP06862,REQ0155,S7,2025-06-26,20250626,2025-07-01,5,Rejected
EVT012946,APP06863,REQ0155,S1,2025-06-09,20250609,2025-06-12,3,Rejected
EVT012947,APP06864,REQ0155,S1,2025-06-04,20250604,2025-06-07,3,Rejected
EVT012948,APP06865,REQ0155,S1,2025-06-07,20250607,2025-06-08,1,Rejected
EVT012949,APP06866,REQ0155,S1,2025-06-05,20250605,2025-06-06,1,Rejected
EVT012950,APP06867,REQ0155,S1,2025-05-27,20250527,2025-05-28,1,Rejected
EVT012951,APP06868,REQ0155,S1,2025-06-05,20250605,2025-06-07,2,Rejected
EVT012952,APP06869,REQ0155,S1,2025-06-03,20250603,2025-06-05,2,Rejected
EVT012953,APP06870,REQ0155,S1,2025-05-27,20250527,2025-05-28,1,Advanced
EVT012954,APP06870,REQ0155,S2,2025-05-28,20250528,2025-06-01,4,Advanced
EVT012955,APP06870,REQ0155,S3,2025-06-01,20250601,2025-06-04,3,Advanced
EVT012956,APP06870,REQ0155,S4,2025-06-04,20250604,2025-06-08,4,Advanced
EVT012957,APP06870,REQ0155,S5,2025-06-08,20250608,2025-06-12,4,Advanced
EVT012958,APP06870,REQ0155,S6,2025-06-12,20250612,2025-06-17,5,Rejected
EVT012959,APP06871,REQ0155,S1,2025-06-09,20250609,2025-06-11,2,Advanced
EVT012960,APP06871,REQ0155,S2,2025-06-11,20250611,2025-06-13,2,Advanced
EVT012961,APP06871,REQ0155,S3,2025-06-13,20250613,2025-06-21,8,Rejected
EVT012962,APP06872,REQ0155,S1,2025-06-05,20250605,2025-06-06,1,Rejected
EVT012963,APP06873,REQ0155,S1,2025-05-29,20250529,2025-05-30,1,Advanced
EVT012964,APP06873,REQ0155,S2,2025-05-30,20250530,2025-06-01,2,Advanced
EVT012965,APP06873,REQ0155,S3,2025-06-01,20250601,2025-06-10,9,Advanced
EVT012966,APP06873,REQ0155,S4,2025-06-10,20250610,2025-06-14,4,Advanced
EVT012967,APP06873,REQ0155,S5,2025-06-14,20250614,2025-06-19,5,Rejected
EVT012968,APP06874,REQ0155,S1,2025-05-30,20250530,2025-05-31,1,Rejected
EVT012969,APP06875,REQ0156,S1,2025-12-29,20251229,2025-12-30,1,Rejected
EVT012970,APP06876,REQ0156,S1,2026-01-01,20260101,2026-01-03,2,Advanced
EVT012971,APP06876,REQ0156,S2,2026-01-03,20260103,2026-01-08,5,Rejected
EVT012972,APP06877,REQ0156,S1,2026-01-01,20260101,2026-01-03,2,Rejected
EVT012973,APP06878,REQ0156,S1,2026-01-07,20260107,2026-01-08,1,Rejected
EVT012974,APP06879,REQ0156,S1,2025-12-31,20251231,2026-01-03,3,Rejected
EVT012975,APP06880,REQ0156,S1,2025-12-27,20251227,2025-12-29,2,Rejected
EVT012976,APP06881,REQ0156,S1,2026-01-01,20260101,2026-01-02,1,Advanced
EVT012977,APP06881,REQ0156,S2,2026-01-02,20260102,2026-01-06,4,Rejected
EVT012978,APP06882,REQ0156,S1,2025-12-31,20251231,2026-01-01,1,Advanced
EVT012979,APP06882,REQ0156,S2,2026-01-01,20260101,2026-01-04,3,Advanced
EVT012980,APP06882,REQ0156,S3,2026-01-04,20260104,2026-01-13,9,Rejected
EVT012981,APP06883,REQ0156,S1,2026-01-07,20260107,2026-01-08,1,Rejected
EVT012982,APP06884,REQ0156,S1,2026-01-07,20260107,2026-01-10,3,Advanced
EVT012983,APP06884,REQ0156,S2,2026-01-10,20260110,2026-01-16,6,Advanced
EVT012984,APP06884,REQ0156,S3,2026-01-16,20260116,2026-01-23,7,Rejected
EVT012985,APP06885,REQ0156,S1,2026-01-08,20260108,2026-01-10,2,Rejected
EVT012986,APP06886,REQ0156,S1,2025-12-31,20251231,2026-01-01,1,Rejected
EVT012987,APP06887,REQ0156,S1,2025-12-26,20251226,2025-12-28,2,Advanced
EVT012988,APP06887,REQ0156,S2,2025-12-28,20251228,2026-01-02,5,Advanced
EVT012989,APP06887,REQ0156,S3,2026-01-02,20260102,2026-01-09,7,Rejected
EVT012990,APP06888,REQ0156,S1,2026-01-08,20260108,2026-01-11,3,Rejected
EVT012991,APP06889,REQ0156,S1,2026-01-07,20260107,2026-01-09,2,Rejected
EVT012992,APP06890,REQ0156,S1,2025-12-29,20251229,2025-12-30,1,Rejected
EVT012993,APP06891,REQ0156,S1,2026-01-08,20260108,2026-01-10,2,Rejected
EVT012994,APP06892,REQ0156,S1,2025-12-27,20251227,2025-12-28,1,Advanced
EVT012995,APP06892,REQ0156,S2,2025-12-28,20251228,2026-01-01,4,Rejected
EVT012996,APP06893,REQ0156,S1,2026-01-09,20260109,2026-01-11,2,Rejected
EVT012997,APP06894,REQ0156,S1,2026-01-10,20260110,2026-01-12,2,Advanced
EVT012998,APP06894,REQ0156,S2,2026-01-12,20260112,2026-01-13,1,Advanced
EVT012999,APP06894,REQ0156,S3,2026-01-13,20260113,2026-01-17,4,Advanced
EVT013000,APP06894,REQ0156,S4,2026-01-17,20260117,2026-01-21,4,Rejected
EVT013001,APP06895,REQ0156,S1,2025-12-29,20251229,2025-12-31,2,Advanced
EVT013002,APP06895,REQ0156,S2,2025-12-31,20251231,2026-01-02,2,Advanced
EVT013003,APP06895,REQ0156,S3,2026-01-02,20260102,2026-01-06,4,Advanced
EVT013004,APP06895,REQ0156,S4,2026-01-06,20260106,2026-01-10,4,Rejected
EVT013005,APP06896,REQ0156,S1,2026-01-07,20260107,2026-01-08,1,Rejected
EVT013006,APP06897,REQ0156,S1,2026-01-08,20260108,2026-01-10,2,Rejected
EVT013007,APP06898,REQ0156,S1,2026-01-02,20260102,2026-01-04,2,Advanced
EVT013008,APP06898,REQ0156,S2,2026-01-04,20260104,2026-01-06,2,Advanced
EVT013009,APP06898,REQ0156,S3,2026-01-06,20260106,2026-01-11,5,Rejected
EVT013010,APP06899,REQ0156,S1,2026-01-08,20260108,2026-01-09,1,Rejected
EVT013011,APP06900,REQ0156,S1,2025-12-29,20251229,2025-12-30,1,Advanced
EVT013012,APP06900,REQ0156,S2,2025-12-30,20251230,2026-01-01,2,Advanced
EVT013013,APP06900,REQ0156,S3,2026-01-01,20260101,2026-01-07,6,Rejected
EVT013014,APP06901,REQ0156,S1,2026-01-07,20260107,2026-01-08,1,Rejected
EVT013015,APP06902,REQ0157,S1,2025-07-31,20250731,2025-08-02,2,Advanced
EVT013016,APP06902,REQ0157,S2,2025-08-02,20250802,2025-08-04,2,Advanced
EVT013017,APP06902,REQ0157,S3,2025-08-04,20250804,2025-08-06,2,Advanced
EVT013018,APP06902,REQ0157,S4,2025-08-06,20250806,2025-08-11,5,Advanced
EVT013019,APP06902,REQ0157,S5,2025-08-11,20250811,2025-08-19,8,Rejected
EVT013020,APP06903,REQ0157,S1,2025-08-28,20250828,2025-08-29,1,Advanced
EVT013021,APP06903,REQ0157,S2,2025-08-29,20250829,2025-08-30,1,Rejected
EVT013022,APP06904,REQ0157,S1,2025-07-12,20250712,2025-07-15,3,Rejected
EVT013023,APP06905,REQ0157,S1,2025-08-19,20250819,2025-08-21,2,Advanced
EVT013024,APP06905,REQ0157,S2,2025-08-21,20250821,2025-08-23,2,Advanced
EVT013025,APP06905,REQ0157,S3,2025-08-23,20250823,2025-08-29,6,Rejected
EVT013026,APP06906,REQ0157,S1,2025-07-27,20250727,2025-07-29,2,Rejected
EVT013027,APP06907,REQ0157,S1,2025-08-26,20250826,2025-08-28,2,Rejected
EVT013028,APP06908,REQ0157,S1,2025-09-11,20250911,2025-09-13,2,Rejected
EVT013029,APP06909,REQ0157,S1,2025-09-04,20250904,2025-09-06,2,Rejected
EVT013030,APP06910,REQ0157,S1,2025-06-28,20250628,2025-07-01,3,Advanced
EVT013031,APP06910,REQ0157,S2,2025-07-01,20250701,2025-07-05,4,Advanced
EVT013032,APP06910,REQ0157,S3,2025-07-05,20250705,2025-07-18,13,Rejected
EVT013033,APP06911,REQ0157,S1,2025-08-28,20250828,2025-08-29,1,Rejected
EVT013034,APP06912,REQ0157,S1,2025-06-26,20250626,2025-06-27,1,Rejected
EVT013035,APP06913,REQ0157,S1,2025-09-11,20250911,2025-09-12,1,Rejected
EVT013036,APP06914,REQ0157,S1,2025-08-19,20250819,2025-08-21,2,Rejected
EVT013037,APP06915,REQ0157,S1,2025-07-21,20250721,2025-07-24,3,Advanced
EVT013038,APP06915,REQ0157,S2,2025-07-24,20250724,2025-07-26,2,Rejected
EVT013039,APP06916,REQ0157,S1,2025-09-14,20250914,2025-09-15,1,Advanced
EVT013040,APP06916,REQ0157,S2,2025-09-15,20250915,2025-09-16,1,Rejected
EVT013041,APP06917,REQ0157,S1,2025-08-20,20250820,2025-08-23,3,Advanced
EVT013042,APP06917,REQ0157,S2,2025-08-23,20250823,2025-08-25,2,Advanced
EVT013043,APP06917,REQ0157,S3,2025-08-25,20250825,2025-09-06,12,Rejected
EVT013044,APP06918,REQ0157,S1,2025-09-10,20250910,2025-09-13,3,Rejected
EVT013045,APP06919,REQ0157,S1,2025-09-07,20250907,2025-09-08,1,Rejected
EVT013046,APP06920,REQ0157,S1,2025-09-14,20250914,2025-09-15,1,Rejected
EVT013047,APP06921,REQ0157,S1,2025-07-19,20250719,2025-07-21,2,Rejected
EVT013048,APP06922,REQ0157,S1,2025-08-29,20250829,2025-08-30,1,Rejected
EVT013049,APP06923,REQ0157,S1,2025-09-15,20250915,2025-09-18,3,Rejected
EVT013050,APP06924,REQ0157,S1,2025-09-12,20250912,2025-09-13,1,Rejected
EVT013051,APP06925,REQ0157,S1,2025-07-02,20250702,2025-07-05,3,Rejected
EVT013052,APP06926,REQ0157,S1,2025-08-14,20250814,2025-08-15,1,Rejected
EVT013053,APP06927,REQ0157,S1,2025-08-09,20250809,2025-08-10,1,Rejected
EVT013054,APP06928,REQ0157,S1,2025-09-09,20250909,2025-09-10,1,Advanced
EVT013055,APP06928,REQ0157,S2,2025-09-10,20250910,2025-09-16,6,Rejected
EVT013056,APP06929,REQ0157,S1,2025-07-13,20250713,2025-07-14,1,Advanced
EVT013057,APP06929,REQ0157,S2,2025-07-14,20250714,2025-07-18,4,Advanced
EVT013058,APP06929,REQ0157,S3,2025-07-18,20250718,2025-07-26,8,Rejected
EVT013059,APP06930,REQ0157,S1,2025-08-23,20250823,2025-08-26,3,Advanced
EVT013060,APP06930,REQ0157,S2,2025-08-26,20250826,2025-09-01,6,Advanced
EVT013061,APP06930,REQ0157,S3,2025-09-01,20250901,2025-09-13,12,Rejected
EVT013062,APP06931,REQ0157,S1,2025-08-30,20250830,2025-08-31,1,Advanced
EVT013063,APP06931,REQ0157,S2,2025-08-31,20250831,2025-09-02,2,Advanced
EVT013064,APP06931,REQ0157,S3,2025-09-02,20250902,2025-09-13,11,Rejected
EVT013065,APP06932,REQ0157,S1,2025-07-03,20250703,2025-07-04,1,Advanced
EVT013066,APP06932,REQ0157,S2,2025-07-04,20250704,2025-07-09,5,Advanced
EVT013067,APP06932,REQ0157,S3,2025-07-09,20250709,2025-07-23,14,Rejected
EVT013068,APP06933,REQ0157,S1,2025-08-16,20250816,2025-08-19,3,Advanced
EVT013069,APP06933,REQ0157,S2,2025-08-19,20250819,2025-08-21,2,Rejected
EVT013070,APP06934,REQ0157,S1,2025-09-01,20250901,2025-09-03,2,Advanced
EVT013071,APP06934,REQ0157,S2,2025-09-03,20250903,2025-09-04,1,Advanced
EVT013072,APP06934,REQ0157,S3,2025-09-04,20250904,2025-09-08,4,Advanced
EVT013073,APP06934,REQ0157,S4,2025-09-08,20250908,2025-09-12,4,Rejected
EVT013074,APP06935,REQ0157,S1,2025-07-05,20250705,2025-07-08,3,Rejected
EVT013075,APP06936,REQ0157,S1,2025-07-15,20250715,2025-07-18,3,Advanced
EVT013076,APP06936,REQ0157,S2,2025-07-18,20250718,2025-07-23,5,Rejected
EVT013077,APP06937,REQ0157,S1,2025-07-09,20250709,2025-07-10,1,Rejected
EVT013078,APP06938,REQ0157,S1,2025-09-15,20250915,2025-09-18,3,Advanced
EVT013079,APP06938,REQ0157,S2,2025-09-18,20250918,2025-09-23,5,Advanced
EVT013080,APP06938,REQ0157,S3,2025-09-23,20250923,2025-10-06,13,Rejected
EVT013081,APP06939,REQ0157,S1,2025-06-30,20250630,2025-07-01,1,Rejected
EVT013082,APP06940,REQ0157,S1,2025-07-12,20250712,2025-07-14,2,Rejected
EVT013083,APP06941,REQ0157,S1,2025-07-10,20250710,2025-07-13,3,Advanced
EVT013084,APP06941,REQ0157,S2,2025-07-13,20250713,2025-07-17,4,Advanced
EVT013085,APP06941,REQ0157,S3,2025-07-17,20250717,2025-07-30,13,Rejected
EVT013086,APP06942,REQ0158,S1,2025-09-30,20250930,2025-10-01,1,Advanced
EVT013087,APP06942,REQ0158,S2,2025-10-01,20251001,2025-10-02,1,Advanced
EVT013088,APP06942,REQ0158,S3,2025-10-02,20251002,2025-10-08,6,Advanced
EVT013089,APP06942,REQ0158,S4,2025-10-08,20251008,2025-10-16,8,Rejected
EVT013090,APP06943,REQ0158,S1,2025-10-28,20251028,2025-10-29,1,Rejected
EVT013091,APP06944,REQ0158,S1,2025-09-16,20250916,2025-09-18,2,Rejected
EVT013092,APP06945,REQ0158,S1,2025-10-28,20251028,2025-10-29,1,Rejected
EVT013093,APP06946,REQ0158,S1,2025-10-29,20251029,2025-10-31,2,Advanced
EVT013094,APP06946,REQ0158,S2,2025-10-31,20251031,2025-11-02,2,Advanced
EVT013095,APP06946,REQ0158,S3,2025-11-02,20251102,2025-11-10,8,Advanced
EVT013096,APP06946,REQ0158,S4,2025-11-10,20251110,2025-11-14,4,Advanced
EVT013097,APP06946,REQ0158,S5,2025-11-14,20251114,2025-11-21,7,Advanced
EVT013098,APP06946,REQ0158,S6,2025-11-21,20251121,2025-11-29,8,Advanced
EVT013099,APP06946,REQ0158,S7,2025-11-29,20251129,2025-12-05,6,Advanced
EVT013100,APP06946,REQ0158,S8,2025-12-05,20251205,2025-12-05,0,Hired
EVT013101,APP06947,REQ0158,S1,2025-10-06,20251006,2025-10-07,1,Rejected
EVT013102,APP06948,REQ0158,S1,2025-09-12,20250912,2025-09-15,3,Advanced
EVT013103,APP06948,REQ0158,S2,2025-09-15,20250915,2025-09-18,3,Rejected
EVT013104,APP06949,REQ0158,S1,2025-09-10,20250910,2025-09-13,3,Advanced
EVT013105,APP06949,REQ0158,S2,2025-09-13,20250913,2025-09-18,5,Rejected
EVT013106,APP06950,REQ0158,S1,2025-09-19,20250919,2025-09-20,1,Rejected
EVT013107,APP06951,REQ0158,S1,2025-10-24,20251024,2025-10-26,2,Rejected
EVT013108,APP06952,REQ0158,S1,2025-09-19,20250919,2025-09-21,2,Advanced
EVT013109,APP06952,REQ0158,S2,2025-09-21,20250921,2025-09-27,6,Rejected
EVT013110,APP06953,REQ0158,S1,2025-09-27,20250927,2025-09-30,3,Rejected
EVT013111,APP06954,REQ0158,S1,2025-11-01,20251101,2025-11-02,1,Rejected
EVT013112,APP06955,REQ0158,S1,2025-10-15,20251015,2025-10-18,3,Rejected
EVT013113,APP06956,REQ0158,S1,2025-10-07,20251007,2025-10-08,1,Advanced
EVT013114,APP06956,REQ0158,S2,2025-10-08,20251008,2025-10-10,2,Rejected
EVT013115,APP06957,REQ0158,S1,2025-10-31,20251031,2025-11-01,1,Advanced
EVT013116,APP06957,REQ0158,S2,2025-11-01,20251101,2025-11-07,6,Rejected
EVT013117,APP06958,REQ0158,S1,2025-11-03,20251103,2025-11-06,3,Rejected
EVT013118,APP06959,REQ0158,S1,2025-09-28,20250928,2025-09-29,1,Rejected
EVT013119,APP06960,REQ0158,S1,2025-10-16,20251016,2025-10-19,3,Rejected
EVT013120,APP06961,REQ0158,S1,2025-10-27,20251027,2025-10-29,2,Rejected
EVT013121,APP06962,REQ0158,S1,2025-10-18,20251018,2025-10-21,3,Rejected
EVT013122,APP06963,REQ0158,S1,2025-11-03,20251103,2025-11-04,1,Rejected
EVT013123,APP06964,REQ0158,S1,2025-10-06,20251006,2025-10-08,2,Advanced
EVT013124,APP06964,REQ0158,S2,2025-10-08,20251008,2025-10-12,4,Advanced
EVT013125,APP06964,REQ0158,S3,2025-10-12,20251012,2025-10-26,14,Rejected
EVT013126,APP06965,REQ0158,S1,2025-09-21,20250921,2025-09-23,2,Rejected
EVT013127,APP06966,REQ0158,S1,2025-11-03,20251103,2025-11-04,1,Rejected
EVT013128,APP06967,REQ0158,S1,2025-11-04,20251104,2025-11-07,3,Rejected
EVT013129,APP06968,REQ0158,S1,2025-10-28,20251028,2025-10-30,2,Advanced
EVT013130,APP06968,REQ0158,S2,2025-10-30,20251030,2025-11-03,4,Rejected
EVT013131,APP06969,REQ0158,S1,2025-10-28,20251028,2025-10-31,3,Advanced
EVT013132,APP06969,REQ0158,S2,2025-10-31,20251031,2025-11-03,3,Rejected
EVT013133,APP06970,REQ0158,S1,2025-11-04,20251104,2025-11-05,1,Rejected
EVT013134,APP06971,REQ0158,S1,2025-10-26,20251026,2025-10-28,2,Advanced
EVT013135,APP06971,REQ0158,S2,2025-10-28,20251028,2025-10-30,2,Rejected
EVT013136,APP06972,REQ0158,S1,2025-09-12,20250912,2025-09-14,2,Rejected
EVT013137,APP06973,REQ0158,S1,2025-11-03,20251103,2025-11-04,1,Rejected
EVT013138,APP06974,REQ0158,S1,2025-10-30,20251030,2025-10-31,1,Rejected
EVT013139,APP06975,REQ0158,S1,2025-10-19,20251019,2025-10-20,1,Rejected
EVT013140,APP06976,REQ0158,S1,2025-09-16,20250916,2025-09-18,2,Advanced
EVT013141,APP06976,REQ0158,S2,2025-09-18,20250918,2025-09-20,2,Advanced
EVT013142,APP06976,REQ0158,S3,2025-09-20,20250920,2025-09-24,4,Rejected
EVT013143,APP06977,REQ0158,S1,2025-09-23,20250923,2025-09-24,1,Rejected
EVT013144,APP06978,REQ0158,S1,2025-09-11,20250911,2025-09-12,1,Advanced
EVT013145,APP06978,REQ0158,S2,2025-09-12,20250912,2025-09-15,3,Advanced
EVT013146,APP06978,REQ0158,S3,2025-09-15,20250915,2025-09-17,2,Rejected
EVT013147,APP06979,REQ0158,S1,2025-09-26,20250926,2025-09-27,1,Rejected
EVT013148,APP06980,REQ0158,S1,2025-10-01,20251001,2025-10-03,2,Rejected
EVT013149,APP06981,REQ0158,S1,2025-10-24,20251024,2025-10-26,2,Rejected
EVT013150,APP06982,REQ0158,S1,2025-11-01,20251101,2025-11-03,2,Rejected
EVT013151,APP06983,REQ0158,S1,2025-10-21,20251021,2025-10-22,1,Advanced
EVT013152,APP06983,REQ0158,S2,2025-10-22,20251022,2025-10-26,4,Rejected
EVT013153,APP06984,REQ0158,S1,2025-10-06,20251006,2025-10-07,1,Advanced
EVT013154,APP06984,REQ0158,S2,2025-10-07,20251007,2025-10-09,2,Rejected
EVT013155,APP06985,REQ0158,S1,2025-10-28,20251028,2025-10-31,3,Rejected
EVT013156,APP06986,REQ0158,S1,2025-09-18,20250918,2025-09-20,2,Rejected
EVT013157,APP06987,REQ0158,S1,2025-10-28,20251028,2025-10-29,1,Advanced
EVT013158,APP06987,REQ0158,S2,2025-10-29,20251029,2025-11-01,3,Advanced
EVT013159,APP06987,REQ0158,S3,2025-11-01,20251101,2025-11-08,7,Advanced
EVT013160,APP06987,REQ0158,S4,2025-11-08,20251108,2025-11-15,7,Rejected
EVT013161,APP06988,REQ0158,S1,2025-10-11,20251011,2025-10-12,1,Advanced
EVT013162,APP06988,REQ0158,S2,2025-10-12,20251012,2025-10-16,4,Advanced
EVT013163,APP06988,REQ0158,S3,2025-10-16,20251016,2025-10-27,11,Advanced
EVT013164,APP06988,REQ0158,S4,2025-10-27,20251027,2025-11-01,5,Advanced
EVT013165,APP06988,REQ0158,S5,2025-11-01,20251101,2025-11-05,4,Advanced
EVT013166,APP06988,REQ0158,S6,2025-11-05,20251105,2025-11-12,7,Advanced
EVT013167,APP06988,REQ0158,S7,2025-11-12,20251112,2025-11-17,5,Advanced
EVT013168,APP06988,REQ0158,S8,2025-11-17,20251117,2025-11-17,0,Hired
EVT013169,APP06989,REQ0158,S1,2025-11-03,20251103,2025-11-04,1,Advanced
EVT013170,APP06989,REQ0158,S2,2025-11-04,20251104,2025-11-07,3,Advanced
EVT013171,APP06989,REQ0158,S3,2025-11-07,20251107,2025-11-13,6,Rejected
EVT013172,APP06990,REQ0158,S1,2025-10-26,20251026,2025-10-27,1,Rejected
EVT013173,APP06991,REQ0158,S1,2025-10-07,20251007,2025-10-09,2,Rejected
EVT013174,APP06992,REQ0158,S1,2025-09-22,20250922,2025-09-25,3,Advanced
EVT013175,APP06992,REQ0158,S2,2025-09-25,20250925,2025-09-27,2,Advanced
EVT013176,APP06992,REQ0158,S3,2025-09-27,20250927,2025-10-02,5,Advanced
EVT013177,APP06992,REQ0158,S4,2025-10-02,20251002,2025-10-10,8,Advanced
EVT013178,APP06992,REQ0158,S5,2025-10-10,20251010,2025-10-16,6,Rejected
EVT013179,APP06993,REQ0158,S1,2025-10-09,20251009,2025-10-10,1,Rejected
EVT013180,APP06994,REQ0158,S1,2025-09-14,20250914,2025-09-15,1,Rejected
EVT013181,APP06995,REQ0158,S1,2025-10-30,20251030,2025-11-01,2,Rejected
EVT013182,APP06996,REQ0159,S1,2025-08-11,20250811,2025-08-12,1,Rejected
EVT013183,APP06997,REQ0159,S1,2025-09-17,20250917,2025-09-19,2,Advanced
EVT013184,APP06997,REQ0159,S2,2025-09-19,20250919,2025-09-23,4,Advanced
EVT013185,APP06997,REQ0159,S3,2025-09-23,20250923,2025-09-27,4,Advanced
EVT013186,APP06997,REQ0159,S4,2025-09-27,20250927,2025-10-01,4,Rejected
EVT013187,APP06998,REQ0159,S1,2025-09-18,20250918,2025-09-20,2,Rejected
EVT013188,APP06999,REQ0159,S1,2025-08-07,20250807,2025-08-08,1,Advanced
EVT013189,APP06999,REQ0159,S2,2025-08-08,20250808,2025-08-11,3,Advanced
EVT013190,APP06999,REQ0159,S3,2025-08-11,20250811,2025-08-19,8,Rejected
EVT013191,APP07000,REQ0159,S1,2025-08-29,20250829,2025-08-31,2,Rejected
EVT013192,APP07001,REQ0159,S1,2025-09-17,20250917,2025-09-18,1,Advanced
EVT013193,APP07001,REQ0159,S2,2025-09-18,20250918,2025-09-24,6,Rejected
EVT013194,APP07002,REQ0159,S1,2025-08-07,20250807,2025-08-08,1,Advanced
EVT013195,APP07002,REQ0159,S2,2025-08-08,20250808,2025-08-11,3,Advanced
EVT013196,APP07002,REQ0159,S3,2025-08-11,20250811,2025-08-15,4,Advanced
EVT013197,APP07002,REQ0159,S4,2025-08-15,20250815,2025-08-18,3,Advanced
EVT013198,APP07002,REQ0159,S5,2025-08-18,20250818,2025-08-29,11,Rejected
EVT013199,APP07003,REQ0159,S1,2025-08-29,20250829,2025-09-01,3,Advanced
EVT013200,APP07003,REQ0159,S2,2025-09-01,20250901,2025-09-04,3,Rejected
EVT013201,APP07004,REQ0159,S1,2025-08-24,20250824,2025-08-25,1,Advanced
EVT013202,APP07004,REQ0159,S2,2025-08-25,20250825,2025-08-27,2,Rejected
EVT013203,APP07005,REQ0159,S1,2025-08-02,20250802,2025-08-03,1,Advanced
EVT013204,APP07005,REQ0159,S2,2025-08-03,20250803,2025-08-05,2,Advanced
EVT013205,APP07005,REQ0159,S3,2025-08-05,20250805,2025-08-14,9,Rejected
EVT013206,APP07006,REQ0159,S1,2025-08-08,20250808,2025-08-09,1,Rejected
EVT013207,APP07007,REQ0159,S1,2025-08-08,20250808,2025-08-10,2,Advanced
EVT013208,APP07007,REQ0159,S2,2025-08-10,20250810,2025-08-16,6,Rejected
EVT013209,APP07008,REQ0159,S1,2025-08-20,20250820,2025-08-22,2,Advanced
EVT013210,APP07008,REQ0159,S2,2025-08-22,20250822,2025-08-23,1,Advanced
EVT013211,APP07008,REQ0159,S3,2025-08-23,20250823,2025-08-25,2,Rejected
EVT013212,APP07009,REQ0159,S1,2025-09-17,20250917,2025-09-19,2,Rejected
EVT013213,APP07010,REQ0159,S1,2025-07-30,20250730,2025-07-31,1,Rejected
EVT013214,APP07011,REQ0159,S1,2025-08-23,20250823,2025-08-24,1,Rejected
EVT013215,APP07012,REQ0159,S1,2025-08-25,20250825,2025-08-28,3,Rejected
EVT013216,APP07013,REQ0159,S1,2025-08-18,20250818,2025-08-20,2,Advanced
EVT013217,APP07013,REQ0159,S2,2025-08-20,20250820,2025-08-26,6,Advanced
EVT013218,APP07013,REQ0159,S3,2025-08-26,20250826,2025-09-01,6,Advanced
EVT013219,APP07013,REQ0159,S4,2025-09-01,20250901,2025-09-05,4,Rejected
EVT013220,APP07014,REQ0159,S1,2025-08-12,20250812,2025-08-15,3,Rejected
EVT013221,APP07015,REQ0159,S1,2025-08-16,20250816,2025-08-18,2,Rejected
EVT013222,APP07016,REQ0159,S1,2025-09-19,20250919,2025-09-20,1,Rejected
EVT013223,APP07017,REQ0159,S1,2025-08-01,20250801,2025-08-04,3,Advanced
EVT013224,APP07017,REQ0159,S2,2025-08-04,20250804,2025-08-07,3,Rejected
EVT013225,APP07018,REQ0159,S1,2025-09-07,20250907,2025-09-08,1,Advanced
EVT013226,APP07018,REQ0159,S2,2025-09-08,20250908,2025-09-11,3,Rejected
EVT013227,APP07019,REQ0159,S1,2025-09-01,20250901,2025-09-03,2,Rejected
EVT013228,APP07020,REQ0159,S1,2025-09-03,20250903,2025-09-05,2,Advanced
EVT013229,APP07020,REQ0159,S2,2025-09-05,20250905,2025-09-11,6,Advanced
EVT013230,APP07020,REQ0159,S3,2025-09-11,20250911,2025-09-24,13,Advanced
EVT013231,APP07020,REQ0159,S4,2025-09-24,20250924,2025-09-30,6,Rejected
EVT013232,APP07021,REQ0159,S1,2025-09-15,20250915,2025-09-16,1,Advanced
EVT013233,APP07021,REQ0159,S2,2025-09-16,20250916,2025-09-19,3,Advanced
EVT013234,APP07021,REQ0159,S3,2025-09-19,20250919,2025-09-30,11,Rejected
EVT013235,APP07022,REQ0159,S1,2025-08-05,20250805,2025-08-07,2,Advanced
EVT013236,APP07022,REQ0159,S2,2025-08-07,20250807,2025-08-11,4,Advanced
EVT013237,APP07022,REQ0159,S3,2025-08-11,20250811,2025-08-14,3,Rejected
EVT013238,APP07023,REQ0159,S1,2025-09-15,20250915,2025-09-16,1,Rejected
EVT013239,APP07024,REQ0159,S1,2025-08-14,20250814,2025-08-17,3,Rejected
EVT013240,APP07025,REQ0159,S1,2025-09-15,20250915,2025-09-18,3,Rejected
EVT013241,APP07026,REQ0159,S1,2025-08-05,20250805,2025-08-06,1,Advanced
EVT013242,APP07026,REQ0159,S2,2025-08-06,20250806,2025-08-08,2,Advanced
EVT013243,APP07026,REQ0159,S3,2025-08-08,20250808,2025-08-17,9,Advanced
EVT013244,APP07026,REQ0159,S4,2025-08-17,20250817,2025-08-24,7,Rejected
EVT013245,APP07027,REQ0159,S1,2025-09-14,20250914,2025-09-17,3,Rejected
EVT013246,APP07028,REQ0159,S1,2025-09-18,20250918,2025-09-20,2,Rejected
EVT013247,APP07029,REQ0159,S1,2025-08-19,20250819,2025-08-21,2,Advanced
EVT013248,APP07029,REQ0159,S2,2025-08-21,20250821,2025-08-23,2,Advanced
EVT013249,APP07029,REQ0159,S3,2025-08-23,20250823,2025-08-30,7,Rejected
EVT013250,APP07030,REQ0159,S1,2025-09-03,20250903,2025-09-05,2,Rejected
EVT013251,APP07031,REQ0159,S1,2025-09-18,20250918,2025-09-20,2,Advanced
EVT013252,APP07031,REQ0159,S2,2025-09-20,20250920,2025-09-26,6,Rejected
EVT013253,APP07032,REQ0159,S1,2025-09-02,20250902,2025-09-05,3,Advanced
EVT013254,APP07032,REQ0159,S2,2025-09-05,20250905,2025-09-11,6,Advanced
EVT013255,APP07032,REQ0159,S3,2025-09-11,20250911,2025-09-16,5,Advanced
EVT013256,APP07032,REQ0159,S4,2025-09-16,20250916,2025-09-22,6,Advanced
EVT013257,APP07032,REQ0159,S5,2025-09-22,20250922,2025-09-29,7,Advanced
EVT013258,APP07032,REQ0159,S6,2025-09-29,20250929,2025-10-08,9,Rejected
EVT013259,APP07033,REQ0159,S1,2025-09-02,20250902,2025-09-03,1,Rejected
EVT013260,APP07034,REQ0159,S1,2025-08-08,20250808,2025-08-09,1,Advanced
EVT013261,APP07034,REQ0159,S2,2025-08-09,20250809,2025-08-10,1,Rejected
EVT013262,APP07035,REQ0159,S1,2025-09-17,20250917,2025-09-18,1,Advanced
EVT013263,APP07035,REQ0159,S2,2025-09-18,20250918,2025-09-24,6,Rejected
EVT013264,APP07036,REQ0159,S1,2025-08-18,20250818,2025-08-19,1,Rejected
EVT013265,APP07037,REQ0159,S1,2025-09-18,20250918,2025-09-19,1,Advanced
EVT013266,APP07037,REQ0159,S2,2025-09-19,20250919,2025-09-21,2,Advanced
EVT013267,APP07037,REQ0159,S3,2025-09-21,20250921,2025-09-25,4,Rejected
EVT013268,APP07038,REQ0159,S1,2025-08-29,20250829,2025-08-31,2,Rejected
EVT013269,APP07039,REQ0159,S1,2025-08-14,20250814,2025-08-16,2,Rejected
EVT013270,APP07040,REQ0159,S1,2025-08-25,20250825,2025-08-27,2,Rejected
EVT013271,APP07041,REQ0159,S1,2025-08-19,20250819,2025-08-20,1,Advanced
EVT013272,APP07041,REQ0159,S2,2025-08-20,20250820,2025-08-26,6,Advanced
EVT013273,APP07041,REQ0159,S3,2025-08-26,20250826,2025-09-02,7,Rejected
EVT013274,APP07042,REQ0159,S1,2025-09-10,20250910,2025-09-13,3,Advanced
EVT013275,APP07042,REQ0159,S2,2025-09-13,20250913,2025-09-17,4,Rejected
EVT013276,APP07043,REQ0159,S1,2025-08-29,20250829,2025-09-01,3,Advanced
EVT013277,APP07043,REQ0159,S2,2025-09-01,20250901,2025-09-05,4,Rejected
EVT013278,APP07044,REQ0159,S1,2025-09-11,20250911,2025-09-12,1,Rejected
EVT013279,APP07045,REQ0159,S1,2025-09-21,20250921,2025-09-22,1,Rejected
EVT013280,APP07046,REQ0159,S1,2025-09-12,20250912,2025-09-13,1,Rejected
EVT013281,APP07047,REQ0159,S1,2025-09-18,20250918,2025-09-20,2,Rejected
EVT013282,APP07048,REQ0159,S1,2025-09-02,20250902,2025-09-03,1,Advanced
EVT013283,APP07048,REQ0159,S2,2025-09-03,20250903,2025-09-05,2,Rejected
EVT013284,APP07049,REQ0159,S1,2025-07-29,20250729,2025-07-30,1,Advanced
EVT013285,APP07049,REQ0159,S2,2025-07-30,20250730,2025-08-03,4,Advanced
EVT013286,APP07049,REQ0159,S3,2025-08-03,20250803,2025-08-10,7,Advanced
EVT013287,APP07049,REQ0159,S4,2025-08-10,20250810,2025-08-17,7,Advanced
EVT013288,APP07049,REQ0159,S5,2025-08-17,20250817,2025-08-25,8,Advanced
EVT013289,APP07049,REQ0159,S6,2025-08-25,20250825,2025-09-02,8,Advanced
EVT013290,APP07049,REQ0159,S7,2025-09-02,20250902,2025-09-09,7,Advanced
EVT013291,APP07049,REQ0159,S8,2025-09-09,20250909,2025-09-09,0,Hired
EVT013292,APP07050,REQ0159,S1,2025-08-09,20250809,2025-08-12,3,Rejected
EVT013293,APP07051,REQ0159,S1,2025-08-12,20250812,2025-08-15,3,Rejected
EVT013294,APP07052,REQ0159,S1,2025-09-11,20250911,2025-09-13,2,Rejected
EVT013295,APP07053,REQ0159,S1,2025-08-12,20250812,2025-08-13,1,Rejected
EVT013296,APP07054,REQ0159,S1,2025-09-16,20250916,2025-09-19,3,Advanced
EVT013297,APP07054,REQ0159,S2,2025-09-19,20250919,2025-09-25,6,Rejected
EVT013298,APP07055,REQ0159,S1,2025-07-31,20250731,2025-08-02,2,Rejected
EVT013299,APP07056,REQ0159,S1,2025-08-23,20250823,2025-08-25,2,Advanced
EVT013300,APP07056,REQ0159,S2,2025-08-25,20250825,2025-08-29,4,Rejected
EVT013301,APP07057,REQ0159,S1,2025-09-12,20250912,2025-09-14,2,Rejected
EVT013302,APP07058,REQ0159,S1,2025-08-23,20250823,2025-08-24,1,Advanced
EVT013303,APP07058,REQ0159,S2,2025-08-24,20250824,2025-08-25,1,Rejected
EVT013304,APP07059,REQ0159,S1,2025-09-18,20250918,2025-09-19,1,Advanced
EVT013305,APP07059,REQ0159,S2,2025-09-19,20250919,2025-09-20,1,Advanced
EVT013306,APP07059,REQ0159,S3,2025-09-20,20250920,2025-09-24,4,Advanced
EVT013307,APP07059,REQ0159,S4,2025-09-24,20250924,2025-09-27,3,Advanced
EVT013308,APP07059,REQ0159,S5,2025-09-27,20250927,2025-10-05,8,Rejected
EVT013309,APP07060,REQ0159,S1,2025-07-30,20250730,2025-08-01,2,Advanced
EVT013310,APP07060,REQ0159,S2,2025-08-01,20250801,2025-08-07,6,Rejected
EVT013311,APP07061,REQ0159,S1,2025-09-19,20250919,2025-09-20,1,Rejected
EVT013312,APP07062,REQ0160,S1,2024-07-13,20240713,2024-07-15,2,Advanced
EVT013313,APP07062,REQ0160,S2,2024-07-15,20240715,2024-07-17,2,Rejected
EVT013314,APP07063,REQ0160,S1,2024-07-08,20240708,2024-07-10,2,Rejected
EVT013315,APP07064,REQ0160,S1,2024-07-05,20240705,2024-07-06,1,Rejected
EVT013316,APP07065,REQ0160,S1,2024-07-16,20240716,2024-07-18,2,Advanced
EVT013317,APP07065,REQ0160,S2,2024-07-18,20240718,2024-07-20,2,Advanced
EVT013318,APP07065,REQ0160,S3,2024-07-20,20240720,2024-07-24,4,Rejected
EVT013319,APP07066,REQ0160,S1,2024-07-11,20240711,2024-07-12,1,Advanced
EVT013320,APP07066,REQ0160,S2,2024-07-12,20240712,2024-07-14,2,Advanced
EVT013321,APP07066,REQ0160,S3,2024-07-14,20240714,2024-07-26,12,Advanced
EVT013322,APP07066,REQ0160,S4,2024-07-26,20240726,2024-08-01,6,Rejected
EVT013323,APP07067,REQ0160,S1,2024-07-05,20240705,2024-07-08,3,Advanced
EVT013324,APP07067,REQ0160,S2,2024-07-08,20240708,2024-07-13,5,Rejected
EVT013325,APP07068,REQ0160,S1,2024-07-06,20240706,2024-07-08,2,Advanced
EVT013326,APP07068,REQ0160,S2,2024-07-08,20240708,2024-07-10,2,Rejected
EVT013327,APP07069,REQ0160,S1,2024-07-11,20240711,2024-07-12,1,Advanced
EVT013328,APP07069,REQ0160,S2,2024-07-12,20240712,2024-07-16,4,Advanced
EVT013329,APP07069,REQ0160,S3,2024-07-16,20240716,2024-07-21,5,Advanced
EVT013330,APP07069,REQ0160,S4,2024-07-21,20240721,2024-07-25,4,Advanced
EVT013331,APP07069,REQ0160,S5,2024-07-25,20240725,2024-08-02,8,Rejected
EVT013332,APP07070,REQ0160,S1,2024-07-07,20240707,2024-07-08,1,Rejected
EVT013333,APP07071,REQ0160,S1,2024-07-14,20240714,2024-07-15,1,Advanced
EVT013334,APP07071,REQ0160,S2,2024-07-15,20240715,2024-07-21,6,Advanced
EVT013335,APP07071,REQ0160,S3,2024-07-21,20240721,2024-07-29,8,Advanced
EVT013336,APP07071,REQ0160,S4,2024-07-29,20240729,2024-08-02,4,Advanced
EVT013337,APP07071,REQ0160,S5,2024-08-02,20240802,2024-08-13,11,Advanced
EVT013338,APP07071,REQ0160,S6,2024-08-13,20240813,2024-08-19,6,Advanced
EVT013339,APP07071,REQ0160,S7,2024-08-19,20240819,2024-08-31,12,Advanced
EVT013340,APP07071,REQ0160,S8,2024-08-31,20240831,2024-08-31,0,Hired
EVT013341,APP07072,REQ0160,S1,2024-07-14,20240714,2024-07-17,3,Advanced
EVT013342,APP07072,REQ0160,S2,2024-07-17,20240717,2024-07-22,5,Advanced
EVT013343,APP07072,REQ0160,S3,2024-07-22,20240722,2024-08-01,10,Advanced
EVT013344,APP07072,REQ0160,S4,2024-08-01,20240801,2024-08-04,3,Advanced
EVT013345,APP07072,REQ0160,S5,2024-08-04,20240804,2024-08-08,4,Advanced
EVT013346,APP07072,REQ0160,S6,2024-08-08,20240808,2024-08-17,9,Advanced
EVT013347,APP07072,REQ0160,S7,2024-08-17,20240817,2024-08-27,10,Rejected
EVT013348,APP07073,REQ0160,S1,2024-07-06,20240706,2024-07-07,1,Rejected
EVT013349,APP07074,REQ0160,S1,2024-07-06,20240706,2024-07-08,2,Advanced
EVT013350,APP07074,REQ0160,S2,2024-07-08,20240708,2024-07-12,4,Advanced
EVT013351,APP07074,REQ0160,S3,2024-07-12,20240712,2024-07-18,6,Rejected
EVT013352,APP07075,REQ0160,S1,2024-07-10,20240710,2024-07-11,1,Advanced
EVT013353,APP07075,REQ0160,S2,2024-07-11,20240711,2024-07-14,3,Advanced
EVT013354,APP07075,REQ0160,S3,2024-07-14,20240714,2024-07-27,13,Advanced
EVT013355,APP07075,REQ0160,S4,2024-07-27,20240727,2024-07-31,4,Rejected
EVT013356,APP07076,REQ0160,S1,2024-07-17,20240717,2024-07-18,1,Rejected
EVT013357,APP07077,REQ0160,S1,2024-07-08,20240708,2024-07-09,1,Advanced
EVT013358,APP07077,REQ0160,S2,2024-07-09,20240709,2024-07-13,4,Advanced
EVT013359,APP07077,REQ0160,S3,2024-07-13,20240713,2024-07-20,7,Advanced
EVT013360,APP07077,REQ0160,S4,2024-07-20,20240720,2024-07-26,6,Rejected
EVT013361,APP07078,REQ0160,S1,2024-07-15,20240715,2024-07-16,1,Advanced
EVT013362,APP07078,REQ0160,S2,2024-07-16,20240716,2024-07-22,6,Advanced
EVT013363,APP07078,REQ0160,S3,2024-07-22,20240722,2024-07-26,4,Rejected
EVT013364,APP07079,REQ0160,S1,2024-07-13,20240713,2024-07-16,3,Rejected
EVT013365,APP07080,REQ0160,S1,2024-07-11,20240711,2024-07-12,1,Rejected
EVT013366,APP07081,REQ0160,S1,2024-07-06,20240706,2024-07-09,3,Rejected
EVT013367,APP07082,REQ0160,S1,2024-07-06,20240706,2024-07-07,1,Advanced
EVT013368,APP07082,REQ0160,S2,2024-07-07,20240707,2024-07-11,4,Advanced
EVT013369,APP07082,REQ0160,S3,2024-07-11,20240711,2024-07-25,14,Advanced
EVT013370,APP07082,REQ0160,S4,2024-07-25,20240725,2024-08-02,8,Rejected
EVT013371,APP07083,REQ0160,S1,2024-07-16,20240716,2024-07-18,2,Rejected
EVT013372,APP07084,REQ0160,S1,2024-07-10,20240710,2024-07-12,2,Rejected
EVT013373,APP07085,REQ0160,S1,2024-07-09,20240709,2024-07-11,2,Rejected
EVT013374,APP07086,REQ0160,S1,2024-07-14,20240714,2024-07-16,2,Rejected
EVT013375,APP07087,REQ0160,S1,2024-07-09,20240709,2024-07-11,2,Advanced
EVT013376,APP07087,REQ0160,S2,2024-07-11,20240711,2024-07-15,4,Rejected
EVT013377,APP07088,REQ0160,S1,2024-07-16,20240716,2024-07-18,2,Rejected
EVT013378,APP07089,REQ0160,S1,2024-07-06,20240706,2024-07-08,2,Rejected
EVT013379,APP07090,REQ0160,S1,2024-07-09,20240709,2024-07-10,1,Advanced
EVT013380,APP07090,REQ0160,S2,2024-07-10,20240710,2024-07-14,4,Advanced
EVT013381,APP07090,REQ0160,S3,2024-07-14,20240714,2024-07-24,10,Rejected
EVT013382,APP07091,REQ0160,S1,2024-07-05,20240705,2024-07-08,3,Rejected
